"coder";"article_id";"title";"date";"url";"owner";"about_covid";"topic_a";"topic_b";"topic_c";"topic_d";"topic_e";"topic_f";"topic_g";"topic_h";"topic_i";"topic_j";"topic_k";"topic_l";"topic_m";"topic_n";"other_country_binary";"country_name";"actors_present";"reliability_article"
"main_coder";2321843;"Minister roept iedereen op: niet discrimineren om coronavirus";"2020-02-06";"https://nos.nl/artikel/2321843-minister-roept-iedereen-op-niet-discrimineren-om-coronavirus";"NOS";"1";"0";"1";"0";"0";"0";"0";"0";"0";"1";"0";"0";"0";"1";"0";"0";"";"1";"0"
"main_coder";2328614;"Hier haalt het kabinet zijn corona-informatie vandaan";"2020-03-28";"https://nos.nl/op3/artikel/2328614-hier-haalt-het-kabinet-zijn-corona-informatie-vandaan";"NOS";"1";"0";"1";"0";"0";"0";"0";"0";"0";"0";"0";"0";"0";"0";"0";"0";"";"0";"0"
"main_coder";2405920;"Twijfel bij Amerikaanse producent van elektrische auto's over productie bij Nedcar";"2021-11-16";"https://nos.nl/artikel/2405920-twijfel-bij-amerikaanse-producent-van-elektrische-auto-s-over-productie-bij-nedcar";"NOS";"0";"0";"0";"0";"0";"0";"0";"0";"0";"0";"0";"0";"0";"0";"0";"0";"";"0";"0"
"main_coder";2341446;"""Mensen die zich niet meer aan de adviezen houden, pak ze bij de kladden""";"2020-07-21";"https://nos.nl/nieuwsuur/artikel/2341446-mensen-die-zich-niet-meer-aan-de-adviezen-houden-pak-ze-bij-de-kladden.html";"NOS";"1";"1";"1";"0";"0";"0";"0";"0";"0";"0";"0";"0";"0";"1";"0";"0";"";"1";"0"
"main_coder";2326455;"Veel leraren Noord-Brabant thuis, ouders worstelen met kinderopvang";"2020-03-09";"https://nos.nl/artikel/2326455-veel-leraren-noord-brabant-thuis-ouders-worstelen-met-kinderopvang";"NOS";"1";"0";"0";"0";"0";"0";"0";"0";"0";"1";"0";"0";"0";"0";"0";"0";"";"1";"0"
"main_coder";2339047;"Minister: asociaal om nu op vakantie te gaan naar Turkije";"2020-06-30";"https://nos.nl/artikel/2339047-minister-asociaal-om-nu-op-vakantie-te-gaan-naar-turkije";"NOS";"1";"0";"1";"0";"0";"0";"0";"0";"0";"0";"0";"0";"0";"0";"0";"0";"";"1";"0"
"main_coder";2324064;"Aantal corona-besmettingen in Italië neemt toe, ook 2 doden";"2020-02-22";"https://nos.nl/artikel/2324064-aantal-corona-besmettingen-in-italie-neemt-toe-ook-2-doden";"NOS";"1";"1";"0";"0";"0";"0";"0";"0";"0";"0";"0";"0";"0";"0";"0";"1";"Italy";"1";"0"
"main_coder";2335085;"""Grootste sprinkhanenplaag in decennia"" teistert nu ook Noord-India";"2020-05-25";"https://nos.nl/artikel/2335085-grootste-sprinkhanenplaag-in-decennia-teistert-nu-ook-noord-india";"NOS";"0";"0";"0";"0";"0";"0";"0";"0";"0";"0";"0";"0";"0";"0";"0";"0";"";"0";"0"
"main_coder";2330601;"Kabinet volgt buurlanden niet met breed gebruik mondkapjes";"2020-04-15";"https://nos.nl/artikel/2330601-kabinet-volgt-buurlanden-niet-met-breed-gebruik-mondkapjes";"NOS";"1";"0";"1";"0";"0";"0";"0";"0";"0";"0";"0";"0";"0";"0";"0";"1";"Belgium, Germany";"1";"0"
"main_coder";2425483;"Paus roept op tot vrede in Oekraïne: ""Dit is een Pasen van oorlog""";"2022-04-17";"https://nos.nl/artikel/2425483-paus-roept-op-tot-vrede-in-oekraine-dit-is-een-pasen-van-oorlog";"NOS";"0";"0";"0";"0";"0";"0";"0";"0";"0";"0";"0";"0";"0";"0";"0";"0";"";"0";"0"
"main_coder";2324557;"Lichte verbetering transport uit China na terugval door coronavirus";"2020-02-25";"https://nos.nl/artikel/2324557-lichte-verbetering-transport-uit-china-na-terugval-door-coronavirus";"NOS";"1";"0";"0";"0";"0";"0";"0";"0";"1";"0";"0";"0";"0";"0";"0";"1";"China";"1";"0"
"main_coder";2379607;"Kamer wil geen eigen bijdrage van 7,50 euro voor toegangstest";"2021-05-06";"https://nos.nl/artikel/2379607-kamer-wil-geen-eigen-bijdrage-van-7-50-euro-voor-toegangstest";"NOS";"1";"0";"1";"0";"0";"0";"0";"0";"0";"0";"0";"0";"0";"0";"0";"0";"";"1";"1"
"main_coder";2445063;"Ziekenhuisbaas: help collega's met schulden door deel salaris af te staan";"2022-09-18";"https://nos.nl/artikel/2445063-ziekenhuisbaas-help-collega-s-met-schulden-door-deel-salaris-af-te-staan";"NOS";"0";"0";"0";"0";"0";"0";"0";"0";"0";"0";"0";"0";"0";"0";"0";"0";"";"0";"0"
"main_coder";2360263;"Gezinsman Hoekstra gaat alsnog CDA-kar trekken";"2020-12-11";"https://nos.nl/artikel/2360263-gezinsman-hoekstra-gaat-alsnog-cda-kar-trekken.html";"NOS";"0";"0";"0";"0";"0";"0";"0";"0";"0";"0";"0";"0";"0";"0";"0";"0";"";"0";"0"
"main_coder";2354947;"Kuipers: voor ziekenhuizen zijn extra maatregelen nu aantrekkelijk";"2020-11-02";"https://nos.nl/artikel/2354947-kuipers-voor-ziekenhuizen-zijn-extra-maatregelen-nu-aantrekkelijk.html";"NOS";"1";"1";"0";"0";"0";"0";"1";"0";"0";"0";"0";"0";"0";"0";"0";"0";"";"1";"0"
"main_coder";2432503;"Van Gerwens uitpuilende dartskalender: 108 duels in 10 landen en 134 dagen";"2022-06-13";"https://nos.nl/artikel/2432503-van-gerwens-uitpuilende-dartskalender-108-duels-in-10-landen-en-134-dagen";"NOS";"0";"0";"0";"0";"0";"0";"0";"0";"0";"0";"0";"0";"0";"0";"0";"0";"";"0";"0"
"main_coder";2387434;"IOC komt Wiegman deels tegemoet over uitbreiding selecties Spelen";"2021-06-30";"https://nos.nl/artikel/2387434-ioc-komt-wiegman-deels-tegemoet-over-uitbreiding-selecties-spelen";"NOS";"0";"0";"0";"0";"0";"0";"0";"0";"0";"0";"0";"0";"0";"0";"0";"0";"";"0";"0"
"main_coder";2345541;"Slechts 7200 passagiers getest op Schiphol sinds opening teststraat";"2020-08-26";"https://nos.nl/nieuwsuur/artikel/2345541-slechts-7200-passagiers-getest-op-schiphol-sinds-opening-teststraat.html";"NOS";"1";"0";"0";"1";"0";"0";"0";"0";"0";"0";"0";"0";"0";"0";"0";"0";"";"1";"0"
"main_coder";2403008;"The Great Resignation: revolutie op Amerikaanse arbeidsmarkt";"2021-10-24";"https://nos.nl/artikel/2403008-the-great-resignation-revolutie-op-amerikaanse-arbeidsmarkt";"NOS";"0";"0";"0";"0";"0";"0";"0";"0";"0";"0";"0";"0";"0";"0";"0";"0";"";"0";"0"
"main_coder";2333047;"Heb ik corona gehad? Veel thuistests zijn niet betrouwbaar genoeg";"2020-05-07";"https://nos.nl/artikel/2333047-heb-ik-corona-gehad-veel-thuistests-zijn-niet-betrouwbaar-genoeg.html";"NOS";"1";"0";"0";"1";"0";"0";"0";"0";"0";"0";"0";"0";"0";"0";"0";"0";"";"1";"0"
"main_coder";2329314;"Corona-aanpak in Zuidoost-Azië: van complete lockdown tot weinig maatregelen";"2020-04-03";"https://nos.nl/collectie/13841/artikel/2329314-corona-aanpak-in-zuidoost-azie-van-complete-lockdown-tot-weinig-maatregelen";"NOS";"1";"1";"0";"0";"0";"0";"0";"0";"0";"0";"0";"0";"0";"0";"0";"1";"Cambodia, Indonesia, Myanmar, Philippines, Singapore";"1";"0"
"main_coder";2374980;"Ollongren zei tijdens rit tegen chauffeur dat zij besmet was";"2021-04-01";"https://nos.nl/artikel/2374980-ollongren-zei-tijdens-rit-tegen-chauffeur-dat-zij-besmet-was";"NOS";"1";"0";"1";"0";"0";"0";"0";"0";"0";"0";"0";"0";"0";"0";"0";"0";"";"1";"0"
"main_coder";2331140;"""Nu de grootste coronapaniek weg is, neemt ook de saamhorigheid af""";"2020-04-20";"https://nos.nl/collectie/13839/artikel/2331140-nu-de-grootste-coronapaniek-weg-is-neemt-ook-de-saamhorigheid-af";"NOS";"1";"0";"1";"0";"0";"0";"0";"0";"0";"1";"0";"0";"0";"0";"0";"0";"";"1";"1"
"main_coder";2394288;"Van Dissel: moeilijk vast te stellen bij wie coronavaccinatie niet goed werkt";"2021-08-18";"https://nos.nl/artikel/2394288-van-dissel-moeilijk-vast-te-stellen-bij-wie-coronavaccinatie-niet-goed-werkt";"NOS";"1";"1";"0";"0";"1";"0";"0";"0";"0";"0";"0";"0";"0";"0";"0";"0";"";"1";"0"
"main_coder";2330319;"Yuval Harari: ""We betalen de prijs voor gebrek aan vertrouwen in wetenschap""";"2020-04-13";"https://nos.nl/nieuwsuur/artikel/2330319-yuval-harari-we-betalen-de-prijs-voor-gebrek-aan-vertrouwen-in-wetenschap";"NOS";"1";"0";"0";"0";"0";"0";"0";"0";"0";"0";"0";"0";"1";"0";"1";"0";"";"1";"0"
"main_coder";2373320;"""Oplossing voor bloedstolsels en tekort aan bloedplaatjes na prik met AstraZeneca""";"2021-03-19";"https://nos.nl/artikel/2373320-oplossing-voor-bloedstolsels-en-tekort-aan-bloedplaatjes-na-prik-met-astrazeneca";"NOS";"1";"0";"0";"0";"1";"0";"0";"0";"0";"0";"0";"0";"0";"0";"0";"0";"";"1";"0"
"main_coder";2369851;"Eurocommissaris Timmermans (PvdA) vindt verkiezingsdebat te veel gefocust op corona";"2021-02-22";"https://nos.nl/artikel/2369851-eurocommissaris-timmermans-pvda-vindt-verkiezingsdebat-te-veel-gefocust-op-corona.html";"NOS";"0";"0";"0";"0";"0";"0";"0";"0";"0";"0";"0";"0";"0";"0";"0";"0";"";"0";"0"
"main_coder";2421338;"Na afscheid van ervaren rotten winnen waterpolosters overtuigend van Griekenland";"2022-03-15";"https://nos.nl/artikel/2421338-na-afscheid-van-ervaren-rotten-winnen-waterpolosters-overtuigend-van-griekenland";"NOS";"0";"0";"0";"0";"0";"0";"0";"0";"0";"0";"0";"0";"0";"0";"0";"0";"";"0";"0"
"main_coder";2332841;"GGD'en niet klaar voor meer contactonderzoek als basisscholen heropenen";"2020-05-05";"https://nos.nl/artikel/2332841-ggd-en-niet-klaar-voor-meer-contactonderzoek-als-basisscholen-heropenen";"NOS";"1";"0";"1";"1";"0";"0";"0";"0";"0";"0";"0";"0";"0";"0";"0";"0";"";"1";"0"
"main_coder";2336767;"Topman CrossFit stapt op na rel over Floyd-uitspraken";"2020-06-10";"https://nos.nl/artikel/2336767-topman-crossfit-stapt-op-na-rel-over-floyd-uitspraken";"NOS";"0";"0";"0";"0";"0";"0";"0";"0";"0";"0";"0";"0";"0";"0";"0";"0";"";"0";"0"
"main_coder";2385111;"Nederlandse coach schrijft (bijna) historie met Afghanistan: ""Onmogelijke mogelijk""";"2021-06-15";"https://nos.nl/artikel/2385111-nederlandse-coach-schrijft-bijna-historie-met-afghanistan-onmogelijke-mogelijk";"NOS";"0";"0";"0";"0";"0";"0";"0";"0";"0";"0";"0";"0";"0";"0";"0";"0";"";"0";"1"
"main_coder";2458847;"Vanavond op tv: Advies gevraagd maatregelen China • Oproep: Steun demonstranten Iran • Herwaardering van het platteland";"2023-01-06";"https://nos.nl/nieuwsuur/artikel/2458847-vanavond-op-tv-advies-gevraagd-maatregelen-china-oproep-steun-demonstranten-iran-herwaardering-van-het-platteland";"NOS";"0";"0";"0";"0";"0";"0";"0";"0";"0";"0";"0";"0";"0";"0";"0";"0";"";"0";"1"
"main_coder";2410327;"Timmermans: ""Nederland moet over de brug komen voor miljarden uit coronaherstelfonds""";"2021-12-20";"https://nos.nl/artikel/2410327-timmermans-nederland-moet-over-de-brug-komen-voor-miljarden-uit-coronaherstelfonds";"NOS";"1";"0";"0";"0";"0";"0";"0";"0";"1";"0";"0";"0";"0";"0";"0";"0";"";"1";"0"
"main_coder";2461301;"Weer een rel rond Djokovic in Australië, dit keer door zijn vader en een Poetin-vlag";"2023-01-26";"https://nos.nl/artikel/2461301-weer-een-rel-rond-djokovic-in-australie-dit-keer-door-zijn-vader-en-een-poetin-vlag";"NOS";"0";"0";"0";"0";"0";"0";"0";"0";"0";"0";"0";"0";"0";"0";"0";"0";"";"0";"0"
"main_coder";2411858;"Opnieuw miljoenenstad in China in lockdown na coronabesmettingen";"2022-01-04";"https://nos.nl/artikel/2411858-opnieuw-miljoenenstad-in-china-in-lockdown-na-coronabesmettingen";"NOS";"1";"1";"0";"0";"0";"0";"0";"0";"0";"0";"0";"0";"0";"0";"0";"1";"China";"1";"0"
"main_coder";2454480;"Herman van der Zandt vervangt Matthijs van Nieuwkerk bij Top 2000 a gogo";"2022-11-29";"https://nos.nl/artikel/2454480-herman-van-der-zandt-vervangt-matthijs-van-nieuwkerk-bij-top-2000-a-gogo";"NOS";"0";"0";"0";"0";"0";"0";"0";"0";"0";"0";"0";"0";"0";"0";"0";"0";"";"0";"0"
"main_coder";2434376;"Bijna twee derde werknemers met long covid volledig afgekeurd";"2022-06-28";"https://nos.nl/artikel/2434376-bijna-twee-derde-werknemers-met-long-covid-volledig-afgekeurd";"NOS";"1";"0";"0";"0";"0";"1";"0";"0";"0";"0";"0";"0";"0";"0";"0";"0";"";"1";"0"
"main_coder";2355449;"Noodoproep WHO en Unicef: honderden miljoenen nodig tegen mazelen, polio";"2020-11-06";"https://nos.nl/artikel/2355449-noodoproep-who-en-unicef-honderden-miljoenen-nodig-tegen-mazelen-polio.html";"NOS";"0";"0";"0";"0";"0";"0";"0";"0";"0";"0";"0";"0";"0";"0";"0";"0";"";"0";"0"
"main_coder";2362385;"13.000 meer mensen overleden dan normaal, hoogste oversterfte sinds WO II";"2020-12-29";"https://nos.nl/artikel/2362385-13-000-meer-mensen-overleden-dan-normaal-hoogste-oversterfte-sinds-wo-ii.html";"NOS";"0";"0";"0";"0";"0";"0";"0";"0";"0";"0";"0";"0";"0";"0";"0";"0";"";"0";"0"
"main_coder";2378360;"Formule 1 introduceert sprintkwalificatie bij drie GP's";"2021-04-26";"https://nos.nl/artikel/2378360-formule-1-introduceert-sprintkwalificatie-bij-drie-gp-s";"NOS";"0";"0";"0";"0";"0";"0";"0";"0";"0";"0";"0";"0";"0";"0";"0";"0";"";"0";"0"
"main_coder";2394681;"Orkaan Henri gooit roet in eten van ""lockdown-uitzwaaiconcert"" New York";"2021-08-22";"https://nos.nl/artikel/2394681-orkaan-henri-gooit-roet-in-eten-van-lockdown-uitzwaaiconcert-new-york";"NOS";"0";"0";"0";"0";"0";"0";"0";"0";"0";"0";"0";"0";"0";"0";"0";"0";"";"0";"1"
"main_coder";2399247;"""Ik zal Merkel missen, ook al heeft ze misschien veel ellende veroorzaakt""";"2021-09-25";"https://nos.nl/nieuwsuur/artikel/2399247-ik-zal-merkel-missen-ook-al-heeft-ze-misschien-veel-ellende-veroorzaakt";"NOS";"0";"0";"0";"0";"0";"0";"0";"0";"0";"0";"0";"0";"0";"0";"0";"0";"";"0";"0"
"main_coder";2463028;"Teamsprinters superieur naar zesde EK-titel, ook twee keer brons voor Oranje";"2023-02-08";"https://nos.nl/artikel/2463028-teamsprinters-superieur-naar-zesde-ek-titel-ook-twee-keer-brons-voor-oranje";"NOS";"0";"0";"0";"0";"0";"0";"0";"0";"0";"0";"0";"0";"0";"0";"0";"0";"";"0";"1"
"main_coder";2427567;"Bevrijdingsvuur in Wageningen ontstoken, Bevrijdingsdag weer met festivals";"2022-05-05";"https://nos.nl/artikel/2427567-bevrijdingsvuur-in-wageningen-ontstoken-bevrijdingsdag-weer-met-festivals";"NOS";"0";"0";"0";"0";"0";"0";"0";"0";"0";"0";"0";"0";"0";"0";"0";"0";"";"0";"0"
"main_coder";2371245;"Haagse plannen op een rij: hoe gaan we wonen, eten en een volgende pandemie voorkomen?";"2021-03-04";"https://nos.nl/collectie/13860/artikel/2371245-haagse-plannen-op-een-rij-hoe-gaan-we-eten-reizen-en-een-volgende-pandemie-voorkomen";"NOS";"0";"0";"0";"0";"0";"0";"0";"0";"0";"0";"0";"0";"0";"0";"0";"0";"";"0";"0"
"main_coder";2467378;"Griekspoor legt het af tegen Alcaraz, die deze week weer nummer één kan worden";"2023-03-14";"https://nos.nl/artikel/2467378-griekspoor-legt-het-af-tegen-alcaraz-die-deze-week-weer-nummer-een-kan-worden";"NOS";"0";"0";"0";"0";"0";"0";"0";"0";"0";"0";"0";"0";"0";"0";"0";"0";"";"0";"0"
"main_coder";2423573;"Geen Van Aert, wat nu voor Jumbo-Visma in de Ronde? ""Denken in kansen, niet in problemen""";"2022-04-02";"https://nos.nl/artikel/2423573-geen-van-aert-wat-nu-voor-jumbo-visma-in-de-ronde-denken-in-kansen-niet-in-problemen";"NOS";"0";"0";"0";"0";"0";"0";"0";"0";"0";"0";"0";"0";"0";"0";"0";"0";"";"0";"0"
"main_coder";2326961;"Vanavond opnieuw NOS-uitzending over coronavirus met kijkersvragen";"2020-03-13";"https://nos.nl/artikel/2326961-vanavond-opnieuw-nos-uitzending-over-coronavirus-met-kijkersvragen";"NOS";"1";"0";"0";"0";"0";"0";"0";"0";"0";"0";"0";"0";"1";"0";"0";"0";"";"0";"0"
"main_coder";2353586;"Ziekenhuispersoneel wil helder beleid voor mondkapjes";"2020-10-24";"https://nos.nl/artikel/2353586-ziekenhuispersoneel-wil-helder-beleid-voor-mondkapjes.html";"NOS";"1";"0";"1";"0";"0";"0";"0";"0";"0";"0";"0";"0";"0";"0";"0";"0";"";"1";"0"
"main_coder";2369086;"Bij vaccins tegen nieuwe coronavarianten wil EU wél vooraan staan";"2021-02-17";"https://nos.nl/artikel/2369086-bij-vaccins-tegen-nieuwe-coronavarianten-wil-eu-wel-vooraan-staan.html";"NOS";"1";"0";"0";"0";"1";"0";"0";"0";"0";"0";"0";"0";"0";"0";"1";"0";"";"1";"0"
"main_coder";2391174;"Verdeeldheid in Tunesië: is de politieke onrust nou wel of geen goed teken?";"2021-07-27";"https://nos.nl/artikel/2391174-verdeeldheid-in-tunesie-is-de-politieke-onrust-nou-wel-of-geen-goed-teken";"NOS";"0";"0";"0";"0";"0";"0";"0";"0";"0";"0";"0";"0";"0";"0";"0";"0";"";"0";"0"
"main_coder";2375363;"Asgreen weerhoudt Van der Poel van tweede zege op rij in Ronde van Vlaanderen";"2021-04-04";"https://nos.nl/artikel/2375363-asgreen-weerhoudt-van-der-poel-van-tweede-zege-op-rij-in-ronde-van-vlaanderen";"NOS";"0";"0";"0";"0";"0";"0";"0";"0";"0";"0";"0";"0";"0";"0";"0";"0";"";"0";"0"
"main_coder";2375601;"In een uitverkocht stadion opent honkbalclub Texas Rangers het seizoen";"2021-04-06";"https://nos.nl/artikel/2375601-in-een-uitverkocht-stadion-opent-honkbalclub-texas-rangers-het-seizoen";"NOS";"1";"1";"0";"0";"0";"0";"0";"0";"0";"0";"0";"0";"0";"0";"0";"1";"US of America";"1";"0"
"main_coder";2441524;"Lowlands schrapt optreden Noord Nederlands Orkest op laatste moment";"2022-08-21";"https://nos.nl/artikel/2441524-lowlands-schrapt-optreden-noord-nederlands-orkest-op-laatste-moment";"NOS";"0";"0";"0";"0";"0";"0";"0";"0";"0";"0";"0";"0";"0";"0";"0";"0";"";"0";"1"
"main_coder";2479255;"Koning Charles deelt lintjes uit op eerste verjaardagsparade";"2023-06-17";"https://nos.nl/artikel/2479255-koning-charles-deelt-lintjes-uit-op-eerste-verjaardagsparade";"NOS";"0";"0";"0";"0";"0";"0";"0";"0";"0";"0";"0";"0";"0";"0";"0";"0";"";"0";"0"
"main_coder";2334206;"Kabinet zet corona-data in ""dashboard"" voor snellere aanpak";"2020-05-17";"https://nos.nl/artikel/2334206-kabinet-zet-corona-data-in-dashboard-voor-snellere-aanpak.html";"NOS";"1";"0";"1";"0";"0";"0";"0";"0";"0";"0";"0";"0";"0";"0";"0";"0";"";"1";"0"
"main_coder";2397471;"Menselijke fouten veroorzaakten mogelijk toestelcrash Air India";"2021-09-12";"https://nos.nl/artikel/2397471-menselijke-fouten-veroorzaakten-mogelijk-toestelcrash-air-india";"NOS";"0";"0";"0";"0";"0";"0";"0";"0";"0";"0";"0";"0";"0";"0";"0";"0";"";"0";"0"
"main_coder";2445697;"Strafzaak tegen vader en zoon rond fraude poppodium Waterfront komt ten einde";"2022-09-23";"https://nos.nl/artikel/2445697-strafzaak-tegen-vader-en-zoon-rond-fraude-poppodium-waterfront-komt-ten-einde";"NOS";"0";"0";"0";"0";"0";"0";"0";"0";"0";"0";"0";"0";"0";"0";"0";"0";"";"0";"0"
"main_coder";2417701;"Indonesiërs kijken anders naar koloniaal erfgoed: ""Nu van ons allemaal""";"2022-02-17";"https://nos.nl/artikel/2417701-indonesiers-kijken-anders-naar-koloniaal-erfgoed-nu-van-ons-allemaal";"NOS";"0";"0";"0";"0";"0";"0";"0";"0";"0";"0";"0";"0";"0";"0";"0";"0";"";"0";"0"
"main_coder";2326299;"Consternatie in Serie A, competitie bijna stilgelegd wegens coronavirus";"2020-03-08";"https://nos.nl/artikel/2326299-consternatie-in-serie-a-competitie-bijna-stilgelegd-wegens-coronavirus";"NOS";"1";"0";"0";"0";"0";"0";"0";"0";"0";"1";"0";"0";"0";"0";"0";"1";"Italy";"1";"0"
"main_coder";2331321;"Oud-Kamerlid SGP Van den Berg overleden aan corona";"2020-04-22";"https://nos.nl/artikel/2331321-oud-kamerlid-sgp-van-den-berg-overleden-aan-corona";"NOS";"0";"0";"0";"0";"0";"0";"0";"0";"0";"0";"0";"0";"0";"0";"0";"0";"";"0";"0"
"main_coder";2404300;"ING kampte met storing op ochtend van publicatie kwartaalcijfers";"2021-11-04";"https://nos.nl/artikel/2404300-ing-kampte-met-storing-op-ochtend-van-publicatie-kwartaalcijfers";"NOS";"0";"0";"0";"0";"0";"0";"0";"0";"0";"0";"0";"0";"0";"0";"0";"0";"";"0";"0"
"main_coder";2404116;"Kijk hier de persconferentie over de coronamaatregelen terug";"2021-11-02";"https://nos.nl/artikel/2404116-kijk-hier-de-persconferentie-over-de-coronamaatregelen-terug";"NOS";"1";"0";"1";"0";"0";"0";"0";"0";"0";"0";"0";"0";"0";"0";"0";"0";"";"1";"0"
"main_coder";2412997;"Opnieuw beschuldigingen van feestjes in ambtswoning premier Johnson";"2022-01-14";"https://nos.nl/artikel/2412997-opnieuw-beschuldigingen-van-feestjes-in-ambtswoning-premier-johnson";"NOS";"1";"0";"0";"0";"0";"0";"0";"0";"0";"1";"0";"0";"0";"0";"0";"1";"UK";"1";"0"
"main_coder";2367155;"IOC presenteert corona-handboek: oproep tot vaccinatie, maar geen verplichting";"2021-02-03";"https://nos.nl/artikel/2367155-ioc-presenteert-corona-handboek-oproep-tot-vaccinatie-maar-geen-verplichting";"NOS";"1";"0";"1";"0";"0";"0";"0";"0";"0";"1";"0";"0";"0";"0";"0";"1";"Japan";"1";"0"
"main_coder";2340035;"SCP: kwetsbare groepen op de arbeidsmarkt harder getroffen door corona";"2020-07-09";"https://nos.nl/artikel/2340035-scp-kwetsbare-groepen-op-de-arbeidsmarkt-harder-getroffen-door-corona.html";"NOS";"1";"0";"0";"0";"0";"0";"0";"0";"1";"0";"0";"0";"0";"0";"0";"0";"";"1";"0"
"main_coder";2397256;"Biden en Xi bellen voor het eerst in maanden, ""concurrentie mag geen conflict worden""";"2021-09-10";"https://nos.nl/artikel/2397256-biden-en-xi-bellen-voor-het-eerst-in-maanden-concurrentie-mag-geen-conflict-worden";"NOS";"0";"0";"0";"0";"0";"0";"0";"0";"0";"0";"0";"0";"0";"0";"0";"0";"";"0";"0"
"main_coder";2419322;"Spaarders kunnen nog niet rekenen op meer rente, blijft dat zo?";"2022-03-01";"https://nos.nl/artikel/2419322-spaarders-kunnen-nog-niet-rekenen-op-meer-rente-blijft-dat-zo";"NOS";"0";"0";"0";"0";"0";"0";"0";"0";"0";"0";"0";"0";"0";"0";"0";"0";"";"0";"0"
"main_coder";2357528;"Bordspelletjes razend populair in coronatijd, ""Netflix vaak al uitgespeeld""";"2020-11-21";"https://nos.nl/artikel/2357528-bordspelletjes-razend-populair-in-coronatijd-netflix-vaak-al-uitgespeeld.html";"NOS";"0";"0";"0";"0";"0";"0";"0";"0";"0";"0";"0";"0";"0";"0";"0";"0";"";"0";"0"
"main_coder";2440356;"Geen EU-toeristenvisa meer voor Russen? ""Het zal weinig effect hebben""";"2022-08-13";"https://nos.nl/artikel/2440356-geen-eu-toeristenvisa-meer-voor-russen-het-zal-weinig-effect-hebben";"NOS";"0";"0";"0";"0";"0";"0";"0";"0";"0";"0";"0";"0";"0";"0";"0";"0";"";"0";"0"
"main_coder";2412538;"VN-gezant blijft bij kritiek op Nederlandse politie, is ""oprecht bang voor geweldescalatie""";"2022-01-10";"https://nos.nl/artikel/2412538-vn-gezant-blijft-bij-kritiek-op-nederlandse-politie-is-oprecht-bang-voor-geweldescalatie";"NOS";"0";"0";"0";"0";"0";"0";"0";"0";"0";"0";"0";"0";"0";"0";"0";"0";"";"0";"0"
"main_coder";2363978;"Chinees vaccin is voor China ""kans om invloed in Afrika uit te breiden""";"2021-01-11";"https://nos.nl/artikel/2363978-chinees-vaccin-is-voor-china-kans-om-invloed-in-afrika-uit-te-breiden";"NOS";"1";"0";"0";"0";"1";"0";"0";"0";"0";"0";"0";"0";"0";"0";"1";"1";"China, South Africa, UAE";"1";"1"
"main_coder";2437085;"Roglic verlaat Tour om te herstellen van blessures, ook Cort en Clarke naar huis";"2022-07-17";"https://nos.nl/artikel/2437085-roglic-verlaat-tour-om-te-herstellen-van-blessures-ook-cort-en-clarke-naar-huis";"NOS";"0";"0";"0";"0";"0";"0";"0";"0";"0";"0";"0";"0";"0";"0";"0";"0";"";"0";"0"
"main_coder";2343005;"Kabinet wil introductieweken voor studenten schrappen";"2020-08-05";"https://nos.nl/artikel/2343005-kabinet-wil-introductieweken-voor-studenten-schrappen.html";"NOS";"1";"0";"1";"1";"0";"0";"0";"0";"0";"1";"0";"0";"0";"0";"0";"0";"";"1";"0"
"main_coder";2429961;"Vaccinatie kleine kinderen tegen rotavirus opnieuw niet vergoed, is te duur";"2022-05-23";"https://nos.nl/artikel/2429961-vaccinatie-kleine-kinderen-tegen-rotavirus-opnieuw-niet-vergoed-is-te-duur";"NOS";"0";"0";"0";"0";"0";"0";"0";"0";"0";"0";"0";"0";"0";"0";"0";"0";"";"0";"0"
"main_coder";2384030;"Kamer twijfelt of miljarden voor onderwijs wel goed terechtkomen";"2021-06-07";"https://nos.nl/artikel/2384030-kamer-twijfelt-of-miljarden-voor-onderwijs-wel-goed-terechtkomen";"NOS";"0";"0";"0";"0";"0";"0";"0";"0";"0";"0";"0";"0";"0";"0";"0";"0";"";"0";"0"
"main_coder";2365392;"7,6 miljard euro voor verruiming steunpakket voor ondernemers";"2021-01-21";"https://nos.nl/artikel/2365392-7-6-miljard-euro-voor-verruiming-steunpakket-voor-ondernemers";"NOS";"1";"0";"0";"0";"0";"0";"0";"0";"1";"0";"0";"0";"0";"0";"0";"0";"";"0";"1"
"main_coder";2392398;"Personeelstekort horeca zo groot, dat koks uit Spanje worden gehaald";"2021-08-03";"https://nos.nl/nieuwsuur/artikel/2392398-personeelstekort-horeca-zo-groot-dat-koks-uit-spanje-worden-gehaald";"NOS";"1";"0";"0";"0";"0";"0";"0";"0";"1";"0";"0";"0";"0";"0";"0";"0";"";"1";"0"
"main_coder";2361573;"Weinig zorgen over bijwerkingen van goedgekeurde vaccin: ""Deze hadden we verwacht""";"2020-12-21";"https://nos.nl/collectie/13850/artikel/2361573-weinig-zorgen-over-bijwerkingen-van-goedgekeurde-vaccin-deze-hadden-we-verwacht";"NOS";"1";"0";"0";"0";"1";"0";"0";"0";"0";"0";"0";"0";"0";"0";"0";"0";"";"1";"0"
"main_coder";2415645;"Leenstelselstudenten protesteren tegen misgelopen 14.000 euro";"2022-02-04";"https://nos.nl/nieuwsuur/artikel/2415645-leenstelselstudenten-protesteren-tegen-misgelopen-14-000-euro";"NOS";"0";"0";"0";"0";"0";"0";"0";"0";"0";"0";"0";"0";"0";"0";"0";"0";"";"0";"0"
"main_coder";2409342;"De Jonge wil boostercampagne versnellen vanwege omikronvariant";"2021-12-13";"https://nos.nl/artikel/2409342-de-jonge-wil-boostercampagne-versnellen-vanwege-omikronvariant";"NOS";"1";"0";"1";"0";"1";"0";"0";"1";"0";"1";"0";"0";"0";"0";"0";"0";"";"1";"0"
"main_coder";2408523;"Britse regering neemt snel besluit over boycot Winterspelen in China";"2021-12-07";"https://nos.nl/artikel/2408523-britse-regering-neemt-snel-besluit-over-boycot-winterspelen-in-china";"NOS";"0";"0";"0";"0";"0";"0";"0";"0";"0";"0";"0";"0";"0";"0";"0";"0";"";"0";"0"
"main_coder";2329500;"Zorgverzekeraars gaan tandartsen en fysiotherapeuten financieel compenseren";"2020-04-05";"https://nos.nl/artikel/2329500-zorgverzekeraars-gaan-tandartsen-en-fysiotherapeuten-financieel-compenseren";"NOS";"1";"0";"0";"0";"0";"0";"0";"0";"1";"0";"0";"0";"0";"0";"0";"0";"";"1";"0"
"main_coder";2353038;"Kort geding van Haagse horecazaak tegen de staat: ""Genoeg is genoeg""";"2020-10-20";"https://nos.nl/artikel/2353038-kort-geding-van-haagse-horecazaak-tegen-de-staat-genoeg-is-genoeg.html";"NOS";"1";"0";"1";"0";"0";"0";"0";"0";"1";"1";"0";"0";"0";"0";"0";"1";"Germany, Netherlands";"1";"0"
"main_coder";2382245;"OMT tegen eerder versoepelen, wel 28 procent daling besmettingen in week tijd";"2021-05-25";"https://nos.nl/artikel/2382245-omt-tegen-eerder-versoepelen-wel-28-procent-daling-besmettingen-in-week-tijd";"NOS";"1";"1";"1";"1";"1";"0";"0";"0";"0";"0";"0";"0";"0";"0";"0";"0";"";"1";"0"
"main_coder";2450655;"Aantal coronabesmettingen daalt voor derde week op rij";"2022-11-01";"https://nos.nl/artikel/2450655-aantal-coronabesmettingen-daalt-voor-derde-week-op-rij";"NOS";"1";"1";"0";"0";"0";"0";"0";"0";"0";"0";"0";"0";"0";"0";"0";"0";"";"1";"0"
"main_coder";2470244;"Vanavond op tv: Spannend stikstofdebat • VWS te weinig transparant • Afschaffing btw groente en fruit?";"2023-04-05";"https://nos.nl/nieuwsuur/artikel/2470244-vanavond-op-tv-spannend-stikstofdebat-vws-te-weinig-transparant-afschaffing-btw-groente-en-fruit";"NOS";"0";"0";"0";"0";"0";"0";"0";"0";"0";"0";"0";"0";"0";"0";"0";"0";"";"0";"0"
"main_coder";2337114;"Crisis of geen crisis, de BeNeLiga is weer serieus in het vizier";"2020-06-13";"https://nos.nl/artikel/2337114-crisis-of-geen-crisis-de-beneliga-is-weer-serieus-in-het-vizier";"NOS";"0";"0";"0";"0";"0";"0";"0";"0";"0";"0";"0";"0";"0";"0";"0";"0";"";"0";"0"
"main_coder";2448917;"Eredivisieclubs bereiken half miljoen mensen met maatschappelijke projecten";"2022-10-18";"https://nos.nl/artikel/2448917-eredivisieclubs-bereiken-half-miljoen-mensen-met-maatschappelijke-projecten";"NOS";"0";"0";"0";"0";"0";"0";"0";"0";"0";"0";"0";"0";"0";"0";"0";"0";"";"0";"0"
"main_coder";2344174;"Veiligheidsregio Zeeland verbiedt geluidsapparatuur voor illegale feesten";"2020-08-15";"https://nos.nl/artikel/2344174-veiligheidsregio-zeeland-verbiedt-geluidsapparatuur-voor-illegale-feesten.html";"NOS";"1";"0";"1";"0";"0";"0";"0";"0";"0";"1";"0";"0";"0";"0";"0";"0";"";"1";"1"
"main_coder";2407395;"De Jonge: nu geen extra reismaatregelen reizigers zuidelijk Afrika";"2021-11-28";"https://nos.nl/artikel/2407395-de-jonge-nu-geen-extra-reismaatregelen-reizigers-zuidelijk-afrika";"NOS";"1";"0";"1";"1";"0";"0";"0";"0";"0";"0";"0";"0";"0";"0";"0";"0";"";"1";"0"
"main_coder";2414055;"46.219 positieve tests, minder coronapatiënten in het ziekenhuis";"2022-01-22";"https://nos.nl/artikel/2414055-46-219-positieve-tests-minder-coronapatienten-in-het-ziekenhuis";"NOS";"1";"1";"0";"0";"0";"0";"0";"0";"0";"0";"0";"0";"0";"0";"0";"0";"";"0";"0"
"main_coder";2389518;"""230.000 werklozen en 5300 faillissementen voorkomen in crisis""";"2021-07-16";"https://nos.nl/artikel/2389518-230-000-werklozen-en-5300-faillissementen-voorkomen-in-crisis";"NOS";"1";"0";"0";"0";"0";"0";"0";"0";"1";"0";"0";"0";"0";"0";"0";"0";"";"1";"0"
"main_coder";2459155;"Blijdschap maar ook vrees in Hongkong: de grens met China is weer open";"2023-01-08";"https://nos.nl/artikel/2459155-blijdschap-maar-ook-vrees-in-hongkong-de-grens-met-china-is-weer-open";"NOS";"1";"0";"0";"1";"1";"0";"0";"0";"0";"0";"0";"0";"0";"0";"0";"1";"China, Hong Kong (S.A.R.)";"1";"0"
"main_coder";2411264;"Scholen open na vakantie nog niet zeker, ""zelfs als het meevalt met omikron""";"2021-12-29";"https://nos.nl/artikel/2411264-scholen-open-na-vakantie-nog-niet-zeker-zelfs-als-het-meevalt-met-omikron";"NOS";"1";"0";"1";"0";"0";"0";"0";"0";"0";"1";"0";"0";"0";"0";"0";"0";"";"1";"0"
"main_coder";2407105;"Nieuwe (Europese) adviezen over boosterprikken, wat zijn de gevolgen?";"2021-11-26";"https://nos.nl/artikel/2407105-nieuwe-europese-adviezen-over-boosterprikken-wat-zijn-de-gevolgen";"NOS";"1";"0";"0";"0";"1";"0";"0";"0";"0";"0";"0";"0";"0";"0";"0";"0";"";"1";"0"
"main_coder";2350260;"Lid OMT: mondkapjesplicht in verpleeghuizen in drie regio's onvoldoende";"2020-09-29";"https://nos.nl/artikel/2350260-lid-omt-mondkapjesplicht-in-verpleeghuizen-in-drie-regio-s-onvoldoende.html";"NOS";"1";"0";"1";"0";"0";"0";"0";"0";"0";"0";"0";"0";"0";"0";"0";"0";"";"1";"1"
"main_coder";2348848;"Coronamaatregelen voor zes westelijke regio's gaan zondagavond in";"2020-09-18";"https://nos.nl/artikel/2348848-coronamaatregelen-voor-zes-westelijke-regio-s-gaan-zondagavond-in.html";"NOS";"1";"0";"1";"0";"0";"0";"0";"0";"0";"0";"0";"0";"0";"0";"0";"0";"";"1";"0"
"main_coder";2342234;"Stapels formulieren en verplicht in hotel; in China ontkom je niet aan quarantaine";"2020-07-29";"https://nos.nl/collectie/13841/artikel/2342234-stapels-formulieren-en-verplicht-in-hotel-in-china-ontkom-je-niet-aan-quarantaine";"NOS";"1";"0";"0";"1";"0";"0";"0";"0";"0";"0";"0";"0";"0";"0";"0";"1";"China";"1";"0"
"main_coder";2377023;"Thuiswerken in het kleine Tucson: ""dit is vrijheid""";"2021-04-16";"https://nos.nl/artikel/2377023-thuiswerken-in-het-kleine-tucson-dit-is-vrijheid";"NOS";"0";"0";"0";"0";"0";"0";"0";"0";"0";"0";"0";"0";"0";"0";"0";"0";"";"0";"0"
"main_coder";2377375;"RIVM: 7187 nieuwe coronabesmettingen, minder dan gemiddeld";"2021-04-19";"https://nos.nl/artikel/2377375-rivm-7187-nieuwe-coronabesmettingen-minder-dan-gemiddeld";"NOS";"1";"1";"0";"0";"1";"0";"0";"0";"0";"0";"0";"0";"0";"0";"0";"0";"";"1";"0"
"main_coder";2406417;"Malen maakt eerste competitietreffer, Weghorst helpt Wolfsburg aan punt";"2021-11-20";"https://nos.nl/artikel/2406417-malen-maakt-eerste-competitietreffer-weghorst-helpt-wolfsburg-aan-punt";"NOS";"0";"0";"0";"0";"0";"0";"0";"0";"0";"0";"0";"0";"0";"0";"0";"0";"";"0";"0"
"main_coder";2400557;"Red Bull eert Honda in Turkije met witte Formule 1-bolides";"2021-10-06";"https://nos.nl/artikel/2400557-red-bull-eert-honda-in-turkije-met-witte-formule-1-bolides";"NOS";"0";"0";"0";"0";"0";"0";"0";"0";"0";"0";"0";"0";"0";"0";"0";"0";"";"0";"0"
"main_coder";2415811;"Vragen en antwoorden over de Winterspelen bij de NOS";"2022-02-05";"https://nos.nl/artikel/2415811-vragen-en-antwoorden-over-de-winterspelen-bij-de-nos";"NOS";"0";"0";"0";"0";"0";"0";"0";"0";"0";"0";"0";"0";"0";"0";"0";"0";"";"0";"0"
"main_coder";2414980;"RIVM loopt nu minstens 122.000 positieve tests achter";"2022-01-29";"https://nos.nl/artikel/2414980-rivm-loopt-nu-minstens-122-000-positieve-tests-achter";"NOS";"1";"1";"0";"1";"0";"0";"0";"0";"0";"0";"0";"0";"0";"0";"0";"0";"";"1";"0"
"main_coder";2396815;"UEFA staat weer uitfans toe bij Europese duels";"2021-09-06";"https://nos.nl/artikel/2396815-uefa-staat-weer-uitfans-toe-bij-europese-duels";"NOS";"1";"0";"0";"0";"0";"0";"0";"0";"0";"1";"0";"0";"0";"0";"0";"0";"";"0";"0"
"main_coder";2398885;"Kamerdebat over Prinsjesdagstukken levert nog weinig concreets op";"2021-09-23";"https://nos.nl/artikel/2398885-kamerdebat-over-prinsjesdagstukken-levert-nog-weinig-concreets-op";"NOS";"0";"0";"0";"0";"0";"0";"0";"0";"0";"0";"0";"0";"0";"0";"0";"0";"";"0";"1"
"main_coder";2406499;"FC Groningen maakt einde aan ongeslagen reeks Go Ahead Eagles";"2021-11-21";"https://nos.nl/artikel/2406499-fc-groningen-maakt-einde-aan-ongeslagen-reeks-go-ahead-eagles";"NOS";"0";"0";"0";"0";"0";"0";"0";"0";"0";"0";"0";"0";"0";"0";"0";"0";"";"0";"0"
"main_coder";2415061;"Skispringster Kramer zes dagen voor olympisch debuut positief getest op corona";"2022-01-30";"https://nos.nl/artikel/2415061-skispringster-kramer-zes-dagen-voor-olympisch-debuut-positief-getest-op-corona";"NOS";"1";"0";"0";"0";"0";"0";"0";"0";"0";"1";"0";"0";"0";"0";"0";"1";"China";"0";"1"
"main_coder";2414866;"Maarten Keulemans (de Volkskrant) is Journalist van het Jaar";"2022-01-28";"https://nos.nl/artikel/2414866-maarten-keulemans-de-volkskrant-is-journalist-van-het-jaar";"NOS";"0";"0";"0";"0";"0";"0";"0";"0";"0";"0";"0";"0";"0";"0";"0";"0";"";"0";"0"
"main_coder";2401599;"Bij een derde bezoeken aan restaurants en cafés geen check op coronapas";"2021-10-14";"https://nos.nl/artikel/2401599-bij-een-derde-bezoeken-aan-restaurants-en-cafes-geen-check-op-coronapas";"NOS";"1";"0";"0";"0";"1";"0";"0";"0";"0";"0";"0";"0";"0";"0";"0";"0";"";"1";"0"
"main_coder";2388447;"IOC-voorzitter Bach in Tokio op dag dat noodtoestand weer wordt uitgeroepen";"2021-07-08";"https://nos.nl/artikel/2388447-ioc-voorzitter-bach-in-tokio-op-dag-dat-noodtoestand-weer-wordt-uitgeroepen";"NOS";"1";"1";"0";"0";"0";"0";"0";"0";"0";"1";"0";"0";"0";"0";"0";"1";"Japan";"1";"0"
"main_coder";2388539;"Gemeenten zoeken middelen tegen online verspreiding complottheorieën";"2021-07-08";"https://nos.nl/nieuwsuur/artikel/2388539-gemeenten-zoeken-middelen-tegen-online-verspreiding-complottheorieen";"NOS";"0";"0";"0";"0";"0";"0";"0";"0";"0";"0";"0";"0";"0";"0";"0";"0";"";"0";"0"
"main_coder";2407322;"RIVM: vermoedelijk omikronvariant bij besmette reizigers Zuid-Afrika";"2021-11-27";"https://nos.nl/artikel/2407322-rivm-vermoedelijk-omikronvariant-bij-besmette-reizigers-zuid-afrika";"NOS";"1";"1";"0";"1";"0";"0";"0";"0";"0";"0";"0";"0";"0";"0";"0";"0";"";"1";"0"
"main_coder";2399596;"Inktspotprijs voor beste politieke tekening voor Kamagurka";"2021-09-28";"https://nos.nl/artikel/2399596-inktspotprijs-voor-beste-politieke-tekening-voor-kamagurka";"NOS";"0";"0";"0";"0";"0";"0";"0";"0";"0";"0";"0";"0";"0";"0";"0";"0";"";"0";"1"
"main_coder";2387927;"Wimbledon vanaf kwartfinales eindelijk weer voor uitverkochte tribunes";"2021-07-04";"https://nos.nl/artikel/2387927-wimbledon-vanaf-kwartfinales-eindelijk-weer-voor-uitverkochte-tribunes";"NOS";"1";"0";"0";"0";"0";"0";"0";"0";"0";"1";"0";"0";"0";"0";"0";"0";"";"0";"0"
"main_coder";2366230;"UEFA benadrukt nog maar eens: EK in twaalf landen, hopelijk met publiek";"2021-01-27";"https://nos.nl/artikel/2366230-uefa-benadrukt-nog-maar-eens-ek-in-twaalf-landen-hopelijk-met-publiek";"NOS";"1";"0";"0";"0";"0";"0";"0";"0";"0";"1";"0";"0";"0";"0";"0";"0";"";"1";"0"
"main_coder";2413771;"Oud-finaliste Muguruza al uitgeschakeld op Australian Open";"2022-01-20";"https://nos.nl/artikel/2413771-oud-finaliste-muguruza-al-uitgeschakeld-op-australian-open";"NOS";"0";"0";"0";"0";"0";"0";"0";"0";"0";"0";"0";"0";"0";"0";"0";"0";"";"0";"0"
"main_coder";2377067;"Acht Nederlanders in quarantaine op proefvakantie Rhodos, vier mogelijk besmet";"2021-04-17";"https://nos.nl/artikel/2377067-acht-nederlanders-in-quarantaine-op-proefvakantie-rhodos-vier-mogelijk-besmet";"NOS";"1";"0";"1";"0";"0";"0";"0";"0";"0";"0";"0";"0";"0";"0";"0";"0";"";"1";"0"
"main_coder";2389903;"Start-ups halen in halfjaar tijd recordbedrag op: 3 miljard euro";"2021-07-19";"https://nos.nl/artikel/2389903-start-ups-halen-in-halfjaar-tijd-recordbedrag-op-3-miljard-euro";"NOS";"0";"0";"0";"0";"0";"0";"0";"0";"0";"0";"0";"0";"0";"0";"0";"0";"";"0";"0"
"main_coder";2377529;"OMT wilde liever nog even wachten met versoepelingen";"2021-04-20";"https://nos.nl/artikel/2377529-omt-wilde-liever-nog-even-wachten-met-versoepelingen";"NOS";"1";"0";"1";"0";"0";"0";"0";"0";"0";"0";"0";"0";"0";"0";"0";"0";"";"1";"0"
"main_coder";2399020;"Fiscus gaat weer aanmaningen en dwangbevelen sturen, maar wil ook helpen";"2021-09-24";"https://nos.nl/artikel/2399020-fiscus-gaat-weer-aanmaningen-en-dwangbevelen-sturen-maar-wil-ook-helpen";"NOS";"0";"0";"0";"0";"0";"0";"0";"0";"0";"0";"0";"0";"0";"0";"0";"0";"";"0";"1"
"main_coder";2400413;"Bijna 5 miljoen Nederlanders geven toestemming voor orgaandonatie";"2021-10-05";"https://nos.nl/artikel/2400413-bijna-5-miljoen-nederlanders-geven-toestemming-voor-orgaandonatie";"NOS";"0";"0";"0";"0";"0";"0";"0";"0";"0";"0";"0";"0";"0";"0";"0";"0";"";"0";"0"
"main_coder";2399870;"Advies aan Hoge Raad: horeca heeft recht op huurkorting";"2021-09-30";"https://nos.nl/artikel/2399870-advies-aan-hoge-raad-horeca-heeft-recht-op-huurkorting";"NOS";"1";"0";"0";"0";"0";"0";"0";"0";"1";"0";"0";"0";"0";"0";"0";"0";"";"1";"0"
"main_coder";2401469;"Huisartsen bezorgd over hoge werkdruk, tekort aan medewerkers";"2021-10-13";"https://nos.nl/artikel/2401469-huisartsen-bezorgd-over-hoge-werkdruk-tekort-aan-medewerkers";"NOS";"0";"0";"0";"0";"0";"0";"0";"0";"0";"0";"0";"0";"0";"0";"0";"0";"";"0";"0"
"main_coder";2415492;"Kwart patiënten ""met"" corona opgenomen, wat betekent dat voor maatregelen?";"2022-02-02";"https://nos.nl/artikel/2415492-kwart-patienten-met-corona-opgenomen-wat-betekent-dat-voor-maatregelen";"NOS";"1";"1";"0";"0";"0";"0";"1";"0";"0";"0";"0";"0";"0";"0";"0";"0";"";"1";"0"
"main_coder";2415122;"Zweedse handballers na twintig jaar weer Europees kampioen";"2022-01-30";"https://nos.nl/artikel/2415122-zweedse-handballers-na-twintig-jaar-weer-europees-kampioen";"NOS";"0";"0";"0";"0";"0";"0";"0";"0";"0";"0";"0";"0";"0";"0";"0";"0";"";"0";"0"
"main_coder";2377488;"Na pijnlijke machtsstrijd is Armin Laschet lijsttrekker Duitse christendemocraten";"2021-04-20";"https://nos.nl/artikel/2377488-na-pijnlijke-machtsstrijd-is-armin-laschet-lijsttrekker-duitse-christendemocraten";"NOS";"0";"0";"0";"0";"0";"0";"0";"0";"0";"0";"0";"0";"0";"0";"0";"0";"";"0";"0"
"main_coder";2396862;"Huisartsen schreven vaker antidepressiva voor aan jongeren in tweede lockdown";"2021-09-07";"https://nos.nl/artikel/2396862-huisartsen-schreven-vaker-antidepressiva-voor-aan-jongeren-in-tweede-lockdown";"NOS";"1";"0";"0";"0";"0";"0";"0";"0";"0";"0";"1";"0";"0";"0";"0";"0";"";"1";"1"
"main_coder";2415378;"Spanningen in Oekraïne: dit is wat de Russische media berichten";"2022-02-02";"https://nos.nl/artikel/2415378-spanningen-in-oekraine-dit-is-wat-de-russische-media-berichten";"NOS";"0";"0";"0";"0";"0";"0";"0";"0";"0";"0";"0";"0";"0";"0";"0";"0";"";"0";"0"
"main_coder";2398564;"Noorwegen levert meer gas, maar krapte in Europa duurt nog jaren";"2021-09-20";"https://nos.nl/artikel/2398564-noorwegen-levert-meer-gas-maar-krapte-in-europa-duurt-nog-jaren";"NOS";"0";"0";"0";"0";"0";"0";"0";"0";"0";"0";"0";"0";"0";"0";"0";"0";"";"0";"0"
"main_coder";2407133;"Uitputtingsslag in ziekenhuizen: ""Angst voor wat nog komt""";"2021-11-26";"https://nos.nl/artikel/2407133-uitputtingsslag-in-ziekenhuizen-angst-voor-wat-nog-komt";"NOS";"1";"0";"0";"0";"0";"0";"1";"0";"0";"0";"0";"0";"0";"0";"0";"0";"";"1";"1"
"main_coder";2386425;"Meer meldingen van discriminatie in corona- en Black Lives Matter-jaar 2020";"2021-06-24";"https://nos.nl/artikel/2386425-meer-meldingen-van-discriminatie-in-corona-en-black-lives-matter-jaar-2020";"NOS";"0";"0";"0";"0";"0";"0";"0";"0";"0";"0";"0";"0";"0";"0";"0";"0";"";"0";"0"
"main_coder";2406352;"Grapperhaus: rellen weerzinwekkend, snelrecht voor daders";"2021-11-20";"https://nos.nl/artikel/2406352-grapperhaus-rellen-weerzinwekkend-snelrecht-voor-daders";"NOS";"0";"0";"0";"0";"0";"0";"0";"0";"0";"0";"0";"0";"0";"0";"0";"0";"";"0";"0"
"main_coder";2406515;"20.717 positieve coronatests, ziekenhuisbezetting neemt verder toe";"2021-11-21";"https://nos.nl/artikel/2406515-20-717-positieve-coronatests-ziekenhuisbezetting-neemt-verder-toe";"NOS";"1";"1";"0";"0";"1";"0";"0";"0";"0";"0";"0";"0";"0";"0";"0";"0";"";"1";"0"
"main_coder";2377851;"Deur naar Olympische Spelen staat nog open voor Dumoulin";"2021-04-23";"https://nos.nl/artikel/2377851-deur-naar-olympische-spelen-staat-nog-open-voor-dumoulin";"NOS";"0";"0";"0";"0";"0";"0";"0";"0";"0";"0";"0";"0";"0";"0";"0";"0";"";"0";"1"
"main_coder";2400706;"Nobelprijs voor Literatuur naar Tanzaniaanse schrijver Abdulrazak Gurnah";"2021-10-07";"https://nos.nl/artikel/2400706-nobelprijs-voor-literatuur-naar-tanzaniaanse-schrijver-abdulrazak-gurnah";"NOS";"0";"0";"0";"0";"0";"0";"0";"0";"0";"0";"0";"0";"0";"0";"0";"0";"";"0";"0"
"main_coder";2414590;"""Eindexamenleerlingen, streep niet zomaar een vak weg"", zegt minister";"2022-01-26";"https://nos.nl/artikel/2414590-eindexamenleerlingen-streep-niet-zomaar-een-vak-weg-zegt-minister";"NOS";"1";"0";"0";"0";"0";"0";"0";"0";"0";"1";"0";"0";"0";"0";"0";"0";"";"1";"0"
"main_coder";2400993;"2520 positieve tests, gemiddelde blijft stijgen";"2021-10-09";"https://nos.nl/artikel/2400993-2520-positieve-tests-gemiddelde-blijft-stijgen";"NOS";"1";"1";"0";"0";"0";"0";"0";"0";"0";"0";"0";"0";"0";"0";"0";"0";"";"1";"0"
"main_coder";2413605;"Aantal nieuwe boosters bijna gehalveerd, ministerie komt met posters en spotje";"2022-01-18";"https://nos.nl/artikel/2413605-aantal-nieuwe-boosters-bijna-gehalveerd-ministerie-komt-met-posters-en-spotje";"NOS";"1";"0";"0";"0";"1";"0";"0";"0";"0";"0";"0";"0";"0";"0";"0";"0";"";"1";"0"
"main_coder";2397757;"Hassan had soms nachtmerries na Tokio: ""Dan moest ik de 10.000 meter nog lopen""";"2021-09-14";"https://nos.nl/artikel/2397757-hassan-had-soms-nachtmerries-na-tokio-dan-moest-ik-de-10-000-meter-nog-lopen";"NOS";"0";"0";"0";"0";"0";"0";"0";"0";"0";"0";"0";"0";"0";"0";"0";"0";"";"0";"0"
"main_coder";2378249;"Kabinet stelt vanaf maandag 18.00 uur vliegverbod voor India in";"2021-04-25";"https://nos.nl/artikel/2378249-kabinet-stelt-vanaf-maandag-18-00-uur-vliegverbod-voor-india-in";"NOS";"1";"0";"1";"0";"0";"0";"0";"0";"0";"0";"0";"0";"0";"0";"0";"1";"India";"1";"0"
"main_coder";2402238;"Onverzoenlijke speech Poolse premier: ""EU mag Polen niet dwingen""";"2021-10-19";"https://nos.nl/artikel/2402238-onverzoenlijke-speech-poolse-premier-eu-mag-polen-niet-dwingen";"NOS";"0";"0";"0";"0";"0";"0";"0";"0";"0";"0";"0";"0";"0";"0";"0";"0";"";"0";"1"
"main_coder";2377647;"8530 nieuwe besmettingen; 6 procent meer IC-opnames dan week eerder";"2021-04-21";"https://nos.nl/artikel/2377647-8530-nieuwe-besmettingen-6-procent-meer-ic-opnames-dan-week-eerder";"NOS";"1";"1";"0";"1";"1";"0";"0";"0";"0";"0";"0";"0";"0";"0";"0";"0";"";"1";"0"
"main_coder";2390568;"""Russisch stel dat informatie gaf over MH17 moet terug naar Rusland""";"2021-07-24";"https://nos.nl/artikel/2390568-russisch-stel-dat-informatie-gaf-over-mh17-moet-terug-naar-rusland";"NOS";"0";"0";"0";"0";"0";"0";"0";"0";"0";"0";"0";"0";"0";"0";"0";"0";"";"0";"0"
"main_coder";2389220;"Snelle versoepelingen waren onverantwoord, vindt nu ruim helft Nederlanders";"2021-07-14";"https://nos.nl/artikel/2389220-snelle-versoepelingen-waren-onverantwoord-vindt-nu-ruim-helft-nederlanders";"NOS";"1";"0";"1";"0";"1";"0";"0";"0";"0";"0";"0";"0";"0";"0";"0";"0";"";"1";"0"
"main_coder";2387468;"""Ouders vaker betrokken bij seksuele uitbuiting van eigen kinderen""";"2021-07-01";"https://nos.nl/artikel/2387468-ouders-vaker-betrokken-bij-seksuele-uitbuiting-van-eigen-kinderen";"NOS";"0";"0";"0";"0";"0";"0";"0";"0";"0";"0";"0";"0";"0";"0";"0";"0";"";"0";"0"
"main_coder";2414895;"Clubs worstelen met beperkte bezetting: Ajax gaat loten, PSV laat keuze aan fans";"2022-01-28";"https://nos.nl/artikel/2414895-clubs-worstelen-met-beperkte-bezetting-ajax-gaat-loten-psv-laat-keuze-aan-fans";"NOS";"1";"0";"0";"0";"0";"0";"0";"0";"0";"1";"0";"0";"0";"0";"0";"0";"";"1";"0"
"main_coder";2413608;"Gemeente Amsterdam en Kapsalon Theater in conflict over ludieke protestactie";"2022-01-18";"https://nos.nl/artikel/2413608-gemeente-amsterdam-en-kapsalon-theater-in-conflict-over-ludieke-protestactie";"NOS";"1";"0";"1";"0";"0";"0";"0";"0";"0";"0";"0";"1";"0";"0";"0";"0";"";"1";"1"
"main_coder";2399180;"Boa-bonden onaangenaam verrast door uitspraken staatssecretaris Keijzer";"2021-09-25";"https://nos.nl/artikel/2399180-boa-bonden-onaangenaam-verrast-door-uitspraken-staatssecretaris-keijzer";"NOS";"1";"0";"0";"1";"1";"0";"0";"0";"0";"0";"0";"0";"0";"1";"0";"0";"";"1";"0"
"main_coder";2377986;"Cambuur officieel kampioen eerste divisie, honderden supporters onthalen ploeg";"2021-04-23";"https://nos.nl/artikel/2377986-cambuur-officieel-kampioen-eerste-divisie-honderden-supporters-onthalen-ploeg";"NOS";"0";"0";"0";"0";"0";"0";"0";"0";"0";"0";"0";"0";"0";"0";"0";"0";"";"0";"0"
"main_coder";2397937;"YouTube mocht filmpjes met toespraak Baudet over corona verwijderen";"2021-09-15";"https://nos.nl/artikel/2397937-youtube-mocht-filmpjes-met-toespraak-baudet-over-corona-verwijderen";"NOS";"1";"0";"0";"0";"0";"0";"0";"0";"0";"0";"0";"0";"1";"0";"0";"0";"";"1";"1"
"main_coder";2397430;"Van Dijk weet niet wat haar overkomt: ""Wilde er een harde training van maken""";"2021-09-11";"https://nos.nl/artikel/2397430-van-dijk-weet-niet-wat-haar-overkomt-wilde-er-een-harde-training-van-maken";"NOS";"0";"0";"0";"0";"0";"0";"0";"0";"0";"0";"0";"0";"0";"0";"0";"0";"";"0";"0"
"main_coder";2400733;"""Vaccin betekent niet het einde van malaria, maar stimulans om nu door te pakken""";"2021-10-07";"https://nos.nl/artikel/2400733-vaccin-betekent-niet-het-einde-van-malaria-maar-stimulans-om-nu-door-te-pakken";"NOS";"0";"0";"0";"0";"0";"0";"0";"0";"0";"0";"0";"0";"0";"0";"0";"0";"";"0";"0"
"main_coder";2386831;"Voor het eerst meer dan 2 euro voor een liter benzine";"2021-06-27";"https://nos.nl/artikel/2386831-voor-het-eerst-meer-dan-2-euro-voor-een-liter-benzine";"NOS";"0";"0";"0";"0";"0";"0";"0";"0";"0";"0";"0";"0";"0";"0";"0";"0";"";"0";"0"
"main_coder";2413918;"Volkswagen Golf ook in 2021 het vaakst gestolen";"2022-01-21";"https://nos.nl/artikel/2413918-volkswagen-golf-ook-in-2021-het-vaakst-gestolen";"NOS";"0";"0";"0";"0";"0";"0";"0";"0";"0";"0";"0";"0";"0";"0";"0";"0";"";"0";"0"
"main_coder";2387735;"Etappe 8: eerste Alpenrit biedt kansen voor aanvallers met lef en stuurmanskunst";"2021-07-03";"https://nos.nl/artikel/2387735-etappe-8-eerste-alpenrit-biedt-kansen-voor-aanvallers-met-lef-en-stuurmanskunst";"NOS";"0";"0";"0";"0";"0";"0";"0";"0";"0";"0";"0";"0";"0";"0";"0";"0";"";"0";"0"
"main_coder";2366215;"""Franse avondklok heeft geen duidelijk effect""";"2021-01-27";"https://nos.nl/artikel/2366215-franse-avondklok-heeft-geen-duidelijk-effect";"NOS";"1";"1";"0";"0";"0";"0";"0";"0";"0";"0";"0";"0";"0";"0";"0";"1";"France";"1";"0"
"main_coder";2397277;"Lachen om ""wappie"" bij Van Gaal, debuteren in Jong Oranje: Timbers droomweek";"2021-09-10";"https://nos.nl/artikel/2397277-lachen-om-wappie-bij-van-gaal-debuteren-in-jong-oranje-timbers-droomweek";"NOS";"0";"0";"0";"0";"0";"0";"0";"0";"0";"0";"0";"0";"0";"0";"0";"0";"";"0";"0"
"main_coder";2396742;"""Complete"" Van de Zandschulp heeft knop omgezet: ""Ik speel nu heel constant""";"2021-09-06";"https://nos.nl/artikel/2396742-complete-van-de-zandschulp-heeft-knop-omgezet-ik-speel-nu-heel-constant";"NOS";"0";"0";"0";"0";"0";"0";"0";"0";"0";"0";"0";"0";"0";"0";"0";"0";"";"0";"1"
"main_coder";2377465;"Real Madrid-voorzitter verdedigt Super League: ""We redden het voetbal""";"2021-04-20";"https://nos.nl/artikel/2377465-real-madrid-voorzitter-verdedigt-super-league-we-redden-het-voetbal";"NOS";"0";"0";"0";"0";"0";"0";"0";"0";"0";"0";"0";"0";"0";"0";"0";"0";"";"0";"0"
"main_coder";2399788;"Bryan Roy krijgt taakstraf om dreigtweet voor premier Rutte";"2021-09-30";"https://nos.nl/artikel/2399788-bryan-roy-krijgt-taakstraf-om-dreigtweet-voor-premier-rutte";"NOS";"0";"0";"0";"0";"0";"0";"0";"0";"0";"0";"0";"0";"0";"0";"0";"0";"";"0";"0"
"main_coder";2402187;"KNVB en clubs wijzen supportersgeweld af: ""Bespreken hoe tij te keren""";"2021-10-18";"https://nos.nl/artikel/2402187-knvb-en-clubs-wijzen-supportersgeweld-af-bespreken-hoe-tij-te-keren";"NOS";"0";"0";"0";"0";"0";"0";"0";"0";"0";"0";"0";"0";"0";"0";"0";"0";"";"0";"0"
"main_coder";2387000;"Grote steden: sluiting scholen door lerarentekort dreigt";"2021-06-28";"https://nos.nl/artikel/2387000-grote-steden-sluiting-scholen-door-lerarentekort-dreigt";"NOS";"0";"0";"0";"0";"0";"0";"0";"0";"0";"0";"0";"0";"0";"0";"0";"0";"";"0";"0"
"main_coder";2414907;"EK-avontuur zaalvoetballers al voorbij na nederlaag tegen Servië (2-3)";"2022-01-28";"https://nos.nl/artikel/2414907-ek-avontuur-zaalvoetballers-al-voorbij-na-nederlaag-tegen-servie-2-3";"NOS";"0";"0";"0";"0";"0";"0";"0";"0";"0";"0";"0";"0";"0";"0";"0";"0";"";"0";"0"
"main_coder";2399792;"Qatar vult laatste plek op in Formule 1-kalender dit seizoen";"2021-09-30";"https://nos.nl/artikel/2399792-qatar-vult-laatste-plek-op-in-formule-1-kalender-dit-seizoen";"NOS";"0";"0";"0";"0";"0";"0";"0";"0";"0";"0";"0";"0";"0";"0";"0";"0";"";"0";"0"
"main_coder";2414546;"Oversterfte in 2021 nog iets hoger dan in 2020";"2022-01-26";"https://nos.nl/artikel/2414546-oversterfte-in-2021-nog-iets-hoger-dan-in-2020";"NOS";"0";"0";"0";"0";"0";"0";"0";"0";"0";"0";"0";"0";"0";"0";"0";"0";"";"0";"0"
"main_coder";2401705;"Coronapas in Italië vanaf morgen verplicht op het werk";"2021-10-14";"https://nos.nl/artikel/2401705-coronapas-in-italie-vanaf-morgen-verplicht-op-het-werk";"NOS";"1";"0";"0";"1";"1";"0";"0";"0";"0";"0";"0";"0";"0";"0";"0";"1";"Italy";"1";"0"
"main_coder";2399023;"Een autorit van 20 minuten naar testlocatie? Niet overal kan dat";"2021-09-24";"https://nos.nl/op3/artikel/2399023-een-autorit-van-20-minuten-naar-testlocatie-niet-overal-kan-dat";"NOS";"1";"0";"0";"1";"0";"0";"0";"0";"0";"0";"0";"0";"0";"0";"0";"0";"";"1";"0"
"main_coder";2402143;"Amerikaanse oud-minister Colin Powell (84) overleden";"2021-10-18";"https://nos.nl/artikel/2402143-amerikaanse-oud-minister-colin-powell-84-overleden";"NOS";"0";"0";"0";"0";"0";"0";"0";"0";"0";"0";"0";"0";"0";"0";"0";"0";"";"0";"0"
"main_coder";2413981;"KLM maakt ondanks belofte geen einde aan ""onwenselijke"" belastingontwijking piloten";"2022-01-21";"https://nos.nl/nieuwsuur/artikel/2413981-klm-maakt-ondanks-belofte-geen-einde-aan-onwenselijke-belastingontwijking-piloten";"NOS";"0";"0";"0";"0";"0";"0";"0";"0";"0";"0";"0";"0";"0";"0";"0";"0";"";"0";"0"
"main_coder";2401764;"Koningin Elizabeth ""geïrriteerd"" door wereldleiders die niets doen tegen klimaatcrisis";"2021-10-15";"https://nos.nl/artikel/2401764-koningin-elizabeth-geirriteerd-door-wereldleiders-die-niets-doen-tegen-klimaatcrisis";"NOS";"0";"0";"0";"0";"0";"0";"0";"0";"0";"0";"0";"0";"0";"0";"0";"0";"";"0";"0"
"main_coder";2414039;"""Tientallen coronarelschoppers betalen schadevergoeding niet, deels fout Justitie""";"2022-01-22";"https://nos.nl/artikel/2414039-tientallen-coronarelschoppers-betalen-schadevergoeding-niet-deels-fout-justitie";"NOS";"1";"0";"0";"0";"0";"0";"0";"0";"0";"0";"0";"1";"0";"0";"0";"0";"";"1";"0"
"main_coder";2401606;"Expats keren terug, dus de huurprijs in de vrije sector stijgt weer";"2021-10-14";"https://nos.nl/artikel/2401606-expats-keren-terug-dus-de-huurprijs-in-de-vrije-sector-stijgt-weer";"NOS";"0";"0";"0";"0";"0";"0";"0";"0";"0";"0";"0";"0";"0";"0";"0";"0";"";"0";"0"
"main_coder";2377237;"""925 miljoen voor testevenementen zinloos, beter besteden aan gezondere samenleving""";"2021-04-18";"https://nos.nl/artikel/2377237-925-miljoen-voor-testevenementen-zinloos-beter-besteden-aan-gezondere-samenleving";"NOS";"1";"0";"0";"1";"0";"0";"0";"0";"0";"0";"0";"0";"0";"0";"0";"0";"";"1";"0"
"main_coder";2414541;"Inspirator van Bolsonaro en complotdenker Carvalho overlijdt aan corona";"2022-01-25";"https://nos.nl/artikel/2414541-inspirator-van-bolsonaro-en-complotdenker-carvalho-overlijdt-aan-corona";"NOS";"0";"0";"0";"0";"0";"0";"0";"0";"0";"0";"0";"0";"0";"0";"0";"0";"";"0";"0"
"main_coder";2388649;"Clubs dicht en horeca sluit middernacht: dit verandert vanaf 06.00 uur";"2021-07-09";"https://nos.nl/artikel/2388649-clubs-dicht-en-horeca-sluit-middernacht-dit-verandert-vanaf-06-00-uur";"NOS";"1";"0";"1";"1";"0";"0";"0";"0";"0";"1";"0";"0";"0";"0";"0";"0";"";"1";"0"
"main_coder";2406303;"Oostenrijk gaat weer op slot: zorg opgelucht, oppositie woest";"2021-11-19";"https://nos.nl/artikel/2406303-oostenrijk-gaat-weer-op-slot-zorg-opgelucht-oppositie-woest";"NOS";"1";"1";"0";"0";"0";"0";"0";"0";"0";"0";"0";"0";"0";"1";"0";"1";"Austria";"1";"0"
"main_coder";2399449;"Mona Keijzer geeft Kamerzetel op en verlaat daarmee landelijke politiek";"2021-09-27";"https://nos.nl/artikel/2399449-mona-keijzer-geeft-kamerzetel-op-en-verlaat-daarmee-landelijke-politiek";"NOS";"1";"0";"0";"0";"0";"0";"0";"0";"0";"0";"0";"0";"0";"1";"0";"0";"";"1";"0"
"main_coder";2397924;"Beleggers negeren waarschuwingen, AEX even boven ""onhaalbare"" 800-puntengrens";"2021-09-15";"https://nos.nl/artikel/2397924-beleggers-negeren-waarschuwingen-aex-even-boven-onhaalbare-800-puntengrens";"NOS";"0";"0";"0";"0";"0";"0";"0";"0";"0";"0";"0";"0";"0";"0";"0";"0";"";"0";"0"
"main_coder";2398015;"Frankrijk schorst 3000 zorgmedewerkers die vaccinatieplicht niet nakomen: ""Heeft wel impact""";"2021-09-16";"https://nos.nl/artikel/2398015-frankrijk-schorst-3000-zorgmedewerkers-die-vaccinatieplicht-niet-nakomen-heeft-wel-impact";"NOS";"1";"0";"0";"0";"1";"0";"0";"0";"0";"0";"0";"0";"0";"0";"0";"1";"France";"1";"0"
"main_coder";2399901;"Disney en Scarlett Johansson leggen ruzie bij over opbrengsten Black Widow";"2021-10-01";"https://nos.nl/artikel/2399901-disney-en-scarlett-johansson-leggen-ruzie-bij-over-opbrengsten-black-widow";"NOS";"0";"0";"0";"0";"0";"0";"0";"0";"0";"0";"0";"0";"0";"0";"0";"0";"";"0";"0"
"main_coder";2398674;"Geld uitgeven kan niet grenzeloos, zegt Raad van State";"2021-09-21";"https://nos.nl/artikel/2398674-geld-uitgeven-kan-niet-grenzeloos-zegt-raad-van-state";"NOS";"0";"0";"0";"0";"0";"0";"0";"0";"0";"0";"0";"0";"0";"0";"0";"0";"";"0";"0"
"main_coder";2402370;"Minister De Jonge moet voor 30 november over Wob-verzoek Nieuwsuur besluiten";"2021-10-20";"https://nos.nl/nieuwsuur/artikel/2402370-minister-de-jonge-moet-voor-30-november-over-wob-verzoek-nieuwsuur-besluiten";"NOS";"0";"0";"0";"0";"0";"0";"0";"0";"0";"0";"0";"0";"0";"0";"0";"0";"";"0";"0"
"main_coder";2415864;"1363 coronapatiënten in ziekenhuis, minder positieve tests door storing";"2022-02-05";"https://nos.nl/artikel/2415864-1363-coronapatienten-in-ziekenhuis-minder-positieve-tests-door-storing";"NOS";"1";"1";"0";"0";"0";"0";"0";"0";"0";"0";"0";"0";"0";"0";"0";"0";"";"1";"0"
"main_coder";2401789;"Vrijspraak voor man die vaccinatielocatie Den Helder in brand dreigde te steken";"2021-10-15";"https://nos.nl/artikel/2401789-vrijspraak-voor-man-die-vaccinatielocatie-den-helder-in-brand-dreigde-te-steken";"NOS";"0";"0";"0";"0";"0";"0";"0";"0";"0";"0";"0";"0";"0";"0";"0";"0";"";"0";"0"
"main_coder";2413524;"De uitzending 18 januari: Een kabinet met nieuw elan? // Vervuiling telling coronapatiënten ziekenhuizen? // Het lot van Tonga // De vergeten oorlog in West-Papua";"2022-01-18";"https://nos.nl/nieuwsuur/artikel/2413524-de-uitzending-18-januari-een-kabinet-met-nieuw-elan-vervuiling-telling-coronapatienten-ziekenhuizen-het-lot-van-tonga-de-vergeten-oorlog-in-west-papua";"NOS";"0";"0";"0";"0";"0";"0";"0";"0";"0";"0";"0";"0";"0";"0";"0";"0";"";"0";"0"
"main_coder";2387267;"De ethische discussie over tieners vaccineren: ""Hoe vertel ik dit mijn kinderen?""";"2021-06-29";"https://nos.nl/artikel/2387267-de-ethische-discussie-over-tieners-vaccineren-hoe-vertel-ik-dit-mijn-kinderen";"NOS";"1";"0";"0";"0";"1";"0";"0";"0";"0";"0";"0";"0";"0";"1";"0";"0";"";"1";"1"
"main_coder";2415188;"Rapport over feesten in coronatijd overhandigd aan premier Johnson";"2022-01-31";"https://nos.nl/artikel/2415188-rapport-over-feesten-in-coronatijd-overhandigd-aan-premier-johnson";"NOS";"1";"0";"0";"0";"0";"0";"0";"0";"0";"0";"0";"0";"0";"1";"0";"1";"UK";"1";"0"
"main_coder";2397226;"Zorgorganisaties en vakbonden: investeringen in zorg kunnen niet uitblijven";"2021-09-10";"https://nos.nl/artikel/2397226-zorgorganisaties-en-vakbonden-investeringen-in-zorg-kunnen-niet-uitblijven";"NOS";"0";"0";"0";"0";"0";"0";"0";"0";"0";"0";"0";"0";"0";"0";"0";"0";"";"0";"0"
"main_coder";2386288;"Afspraken voor Janssen-vaccins mogelijk: vijf vragen en antwoorden";"2021-06-23";"https://nos.nl/artikel/2386288-afspraken-voor-janssen-vaccins-mogelijk-vijf-vragen-en-antwoorden";"NOS";"1";"0";"0";"0";"1";"0";"0";"0";"0";"0";"0";"0";"0";"0";"0";"0";"";"1";"0"
"main_coder";2398097;"Provincie en gemeente Utrecht: 80 km/u alternatief voor verbreding A27";"2021-09-17";"https://nos.nl/artikel/2398097-provincie-en-gemeente-utrecht-80-km-u-alternatief-voor-verbreding-a27";"NOS";"0";"0";"0";"0";"0";"0";"0";"0";"0";"0";"0";"0";"0";"0";"0";"0";"";"0";"1"
"main_coder";2406838;"Opnieuw honderden mensen te veel in opvang Ter Apel: ""Weer terug bij situatie oktober""";"2021-11-23";"https://nos.nl/artikel/2406838-opnieuw-honderden-mensen-te-veel-in-opvang-ter-apel-weer-terug-bij-situatie-oktober";"NOS";"0";"0";"0";"0";"0";"0";"0";"0";"0";"0";"0";"0";"0";"0";"0";"0";"";"0";"0"
"main_coder";2388170;"Alsnog wachttijd van twee weken na vaccinatie, pas daarna toegang";"2021-07-06";"https://nos.nl/artikel/2388170-alsnog-wachttijd-van-twee-weken-na-vaccinatie-pas-daarna-toegang";"NOS";"1";"0";"1";"0";"1";"0";"0";"0";"0";"0";"0";"0";"0";"0";"0";"0";"";"1";"0"
"main_coder";2406843;"OMT'ers willen snel actie uit Den Haag: ""Ze zijn met de verkeerde onderwerpen bezig""";"2021-11-23";"https://nos.nl/nieuwsuur/artikel/2406843-omt-ers-willen-snel-actie-uit-den-haag-ze-zijn-met-de-verkeerde-onderwerpen-bezig";"NOS";"1";"0";"1";"0";"0";"0";"0";"0";"0";"0";"0";"0";"0";"0";"0";"0";"";"1";"0"
"main_coder";2397962;"Jaap van Zweden kondigt vertrek aan als dirigent New York Philharmonic";"2021-09-16";"https://nos.nl/artikel/2397962-jaap-van-zweden-kondigt-vertrek-aan-als-dirigent-new-york-philharmonic";"NOS";"0";"0";"0";"0";"0";"0";"0";"0";"0";"0";"0";"0";"0";"0";"0";"0";"";"0";"1"
"main_coder";2414663;"Meer boeken verkocht in 2021, maar fysieke winkels in de min";"2022-01-27";"https://nos.nl/artikel/2414663-meer-boeken-verkocht-in-2021-maar-fysieke-winkels-in-de-min";"NOS";"1";"0";"0";"0";"0";"0";"0";"0";"1";"0";"0";"0";"0";"0";"0";"0";"";"1";"0"
"main_coder";2388019;"Wibra mag van rechter lockdown-onderuren laten inhalen";"2021-07-05";"https://nos.nl/artikel/2388019-wibra-mag-van-rechter-lockdown-onderuren-laten-inhalen";"NOS";"0";"0";"0";"0";"0";"0";"0";"0";"0";"0";"0";"0";"0";"0";"0";"0";"";"0";"0"
"main_coder";2327438;"Duizenden Nederlanders vast in het buitenland: ""We zijn aan ons lot overgelaten""";"2020-03-17";"https://nos.nl/artikel/2327438-duizenden-nederlanders-vast-in-het-buitenland-we-zijn-aan-ons-lot-overgelaten";"NOS";"1";"0";"1";"0";"0";"0";"0";"0";"0";"0";"0";"0";"0";"0";"0";"1";"Argentina, Armenia, Ecuador, Guatemala, Philippines, Portugal";"1";"0"
"main_coder";2428709;"Nederland wil babyvoeding leveren aan VS, maar dat is niet eenvoudig";"2022-05-13";"https://nos.nl/artikel/2428709-nederland-wil-babyvoeding-leveren-aan-vs-maar-dat-is-niet-eenvoudig";"NOS";"0";"0";"0";"0";"0";"0";"0";"0";"0";"0";"0";"0";"0";"0";"0";"0";"";"0";"0"
"main_coder";2331104;"Coronacijfers van 20 april: aantal ziekenhuisopnames en doden daalt verder";"2020-04-20";"https://nos.nl/artikel/2331104-coronacijfers-van-20-april-aantal-ziekenhuisopnames-en-doden-daalt-verder";"NOS";"1";"1";"0";"0";"0";"0";"0";"0";"0";"0";"0";"0";"0";"0";"0";"0";"";"1";"0"
"main_coder";2342685;"Venezolaanse oppositie boycot verkiezingen en wil transparantie";"2020-08-03";"https://nos.nl/artikel/2342685-venezolaanse-oppositie-boycot-verkiezingen-en-wil-transparantie.html";"NOS";"0";"0";"0";"0";"0";"0";"0";"0";"0";"0";"0";"0";"0";"0";"0";"0";"";"0";"0"
"main_coder";2383123;"Nederlandse zeilploeg klaar voor Tokio: ""Maar vijf keer goud is wel heel veel""";"2021-06-01";"https://nos.nl/artikel/2383123-nederlandse-zeilploeg-klaar-voor-tokio-maar-vijf-keer-goud-is-wel-heel-veel";"NOS";"0";"0";"0";"0";"0";"0";"0";"0";"0";"0";"0";"0";"0";"0";"0";"0";"";"0";"0"
"main_coder";2358969;"""Bedrijven betalen helft facturen niet op tijd sinds begin van coronacrisis""";"2020-12-02";"https://nos.nl/artikel/2358969-bedrijven-betalen-helft-facturen-niet-op-tijd-sinds-begin-van-coronacrisis";"NOS";"0";"0";"0";"0";"0";"0";"0";"0";"0";"0";"0";"0";"0";"0";"0";"0";"";"0";"0"
"main_coder";2352082;"Kabinet wil horeca volledig sluiten en drankverkoop in de avond verbieden";"2020-10-12";"https://nos.nl/artikel/2352082-kabinet-wil-horeca-volledig-sluiten-en-drankverkoop-in-de-avond-verbieden.html";"NOS";"1";"0";"1";"0";"0";"0";"0";"0";"0";"0";"0";"0";"0";"0";"0";"0";"";"1";"0"
"main_coder";2393163;"Amerikaanse boksdroogte op Spelen houdt aan met al vier olympiades zonder goud";"2021-08-08";"https://nos.nl/artikel/2393163-amerikaanse-boksdroogte-op-spelen-houdt-aan-met-al-vier-olympiades-zonder-goud";"NOS";"0";"0";"0";"0";"0";"0";"0";"0";"0";"0";"0";"0";"0";"0";"0";"0";"";"0";"0"
"main_coder";2407749;"Tel Aviv duurste stad om in te leven, Amsterdam daalt op lijst";"2021-12-01";"https://nos.nl/artikel/2407749-tel-aviv-duurste-stad-om-in-te-leven-amsterdam-daalt-op-lijst";"NOS";"0";"0";"0";"0";"0";"0";"0";"0";"0";"0";"0";"0";"0";"0";"0";"0";"";"0";"0"
"main_coder";2343902;"Fors minder winst voor Rabobank, 120 filialen verdwijnen";"2020-08-13";"https://nos.nl/artikel/2343902-fors-minder-winst-voor-rabobank-120-filialen-verdwijnen.html";"NOS";"0";"0";"0";"0";"0";"0";"0";"0";"0";"0";"0";"0";"0";"0";"0";"0";"";"0";"0"
"main_coder";2469394;"Zwemkampioen Peaty last pauze in door mentale problemen: ""Ben moe, niet mezelf""";"2023-03-29";"https://nos.nl/artikel/2469394-zwemkampioen-peaty-last-pauze-in-door-mentale-problemen-ben-moe-niet-mezelf";"NOS";"0";"0";"0";"0";"0";"0";"0";"0";"0";"0";"0";"0";"0";"0";"0";"0";"";"0";"0"
"main_coder";2393030;"Duizenden deelnemers aan Pride Walk in Amsterdam";"2021-08-07";"https://nos.nl/artikel/2393030-duizenden-deelnemers-aan-pride-walk-in-amsterdam";"NOS";"0";"0";"0";"0";"0";"0";"0";"0";"0";"0";"0";"0";"0";"0";"0";"0";"";"0";"0"
"main_coder";2447182;"Van de Zandschulp in Astana tegen Djokovic, die eenvoudig eerste ronde wint";"2022-10-05";"https://nos.nl/artikel/2447182-van-de-zandschulp-in-astana-tegen-djokovic-die-eenvoudig-eerste-ronde-wint";"NOS";"0";"0";"0";"0";"0";"0";"0";"0";"0";"0";"0";"0";"0";"0";"0";"0";"";"0";"0"
"main_coder";2332928;"Nederlands bedrijf verkocht ruim 1,5 miljoen onbetrouwbare coronatests";"2020-05-06";"https://nos.nl/artikel/2332928-nederlands-bedrijf-verkocht-ruim-1-5-miljoen-onbetrouwbare-coronatests.html";"NOS";"1";"0";"0";"1";"0";"0";"0";"0";"0";"0";"0";"0";"0";"0";"0";"0";"";"1";"0"
"main_coder";2339714;"RIVM was verrast door snelle corona-uitbraak: ""Italië was eyeopener""";"2020-07-06";"https://nos.nl/artikel/2339714-rivm-was-verrast-door-snelle-corona-uitbraak-italie-was-eyeopener";"NOS";"1";"0";"1";"0";"0";"0";"0";"0";"0";"0";"0";"0";"0";"0";"0";"0";"";"1";"0"
"main_coder";2391191;"Microsoft, Apple en moederbedrijf Google presenteren flinke groeicijfers";"2021-07-28";"https://nos.nl/artikel/2391191-microsoft-apple-en-moederbedrijf-google-presenteren-flinke-groeicijfers";"NOS";"0";"0";"0";"0";"0";"0";"0";"0";"0";"0";"0";"0";"0";"0";"0";"0";"";"0";"0"
"main_coder";2327336;"Corona-overzicht 16 maart: de wereld neemt ingrijpende maatregelen";"2020-03-16";"https://nos.nl/artikel/2327336-corona-overzicht-16-maart-de-wereld-neemt-ingrijpende-maatregelen";"NOS";"1";"0";"1";"0";"0";"0";"0";"0";"0";"0";"0";"0";"0";"0";"0";"1";"France, Germany, US of America";"1";"0"
"main_coder";2371805;"Kabinet wil meer vrijheid bieden met ""coronapaspoort""";"2021-03-08";"https://nos.nl/artikel/2371805-kabinet-wil-meer-vrijheid-bieden-met-coronapaspoort.html";"NOS";"1";"0";"0";"1";"1";"0";"0";"0";"0";"0";"0";"0";"0";"0";"0";"0";"";"1";"0"
"main_coder";2418281;"Iraans vliegtuig neergestort op school, thuisonderwijs voorkomt erger";"2022-02-21";"https://nos.nl/artikel/2418281-iraans-vliegtuig-neergestort-op-school-thuisonderwijs-voorkomt-erger";"NOS";"0";"0";"0";"0";"0";"0";"0";"0";"0";"0";"0";"0";"0";"0";"0";"0";"";"0";"0"
"main_coder";2410445;"Oostenrijk-toeristen in de stress: toch geen vakantie of nu al vertrekken?";"2021-12-21";"https://nos.nl/artikel/2410445-oostenrijk-toeristen-in-de-stress-toch-geen-vakantie-of-nu-al-vertrekken";"NOS";"1";"0";"0";"1";"0";"0";"0";"0";"0";"0";"0";"0";"0";"0";"0";"1";"Austria";"1";"0"
"main_coder";2342046;"Vanaf september kunnen ook Nederlanders meedoen aan corona-vaccintest";"2020-07-27";"https://nos.nl/nieuwsuur/artikel/2342046-vanaf-september-kunnen-ook-nederlanders-meedoen-aan-corona-vaccintest.html";"NOS";"1";"0";"0";"0";"1";"0";"0";"0";"0";"0";"0";"0";"0";"0";"0";"0";"";"1";"0"
"main_coder";2331099;"Podcast Oog: Welke gevolgen heeft de coronacrisis voor elke leeftijdsgroep?";"2020-04-20";"https://nos.nl/artikel/2331099-podcast-oog-welke-gevolgen-heeft-de-coronacrisis-voor-elke-leeftijdsgroep";"NOS";"0";"0";"0";"0";"0";"0";"0";"0";"0";"0";"0";"0";"0";"0";"0";"0";"";"0";"0"
"main_coder";2408131;"Kinderartsen: in sommige gevallen ook coronavaccin voor gezonde kinderen";"2021-12-04";"https://nos.nl/artikel/2408131-kinderartsen-in-sommige-gevallen-ook-coronavaccin-voor-gezonde-kinderen";"NOS";"1";"0";"0";"0";"1";"0";"0";"0";"0";"0";"0";"0";"0";"0";"0";"0";"";"1";"0"
"main_coder";2353753;"Duitse RIVM met brandbommen aangevallen";"2020-10-25";"https://nos.nl/artikel/2353753-duitse-rivm-met-brandbommen-aangevallen.html";"NOS";"1";"1";"0";"0";"0";"0";"0";"0";"0";"0";"0";"1";"0";"0";"0";"1";"Germany";"1";"0"
"main_coder";2431153;"Na 3 jaar weer naar boven op de Alpe: ""Je weet dat er moeilijke momenten komen""";"2022-06-02";"https://nos.nl/artikel/2431153-na-3-jaar-weer-naar-boven-op-de-alpe-je-weet-dat-er-moeilijke-momenten-komen";"NOS";"0";"0";"0";"0";"0";"0";"0";"0";"0";"0";"0";"0";"0";"0";"0";"0";"";"0";"0"
"main_coder";2328119;"Aanscherping coronamaatregelen is een hard gelag: ""Het valt ons zwaar""";"2020-03-23";"https://nos.nl/artikel/2328119-aanscherping-coronamaatregelen-is-een-hard-gelag-het-valt-ons-zwaar";"NOS";"1";"0";"1";"0";"0";"0";"0";"0";"0";"1";"0";"0";"0";"0";"0";"0";"";"1";"1"
"main_coder";2340446;"Britten trekken bijna 790 miljoen euro uit voor grenscontroles na brexit";"2020-07-12";"https://nos.nl/artikel/2340446-britten-trekken-bijna-790-miljoen-euro-uit-voor-grenscontroles-na-brexit";"NOS";"0";"0";"0";"0";"0";"0";"0";"0";"0";"0";"0";"0";"0";"0";"0";"0";"";"0";"0"
"main_coder";2419785;"Veiligheidsregio's moeten met spoed elk duizend Oekraïners opvangen";"2022-03-04";"https://nos.nl/artikel/2419785-veiligheidsregio-s-moeten-met-spoed-elk-duizend-oekrainers-opvangen";"NOS";"0";"0";"0";"0";"0";"0";"0";"0";"0";"0";"0";"0";"0";"0";"0";"0";"";"0";"1"
"main_coder";2382683;"Een vijfde van de coronasteun ging naar bedrijven met omzetgroei";"2021-05-28";"https://nos.nl/artikel/2382683-een-vijfde-van-de-coronasteun-ging-naar-bedrijven-met-omzetgroei";"NOS";"1";"0";"0";"0";"0";"0";"0";"0";"1";"0";"0";"0";"0";"0";"0";"0";"";"0";"0"
"main_coder";2340450;"MLS-duel net voor aftrap uitgesteld vanwege positieve coronatest";"2020-07-12";"https://nos.nl/artikel/2340450-mls-duel-net-voor-aftrap-uitgesteld-vanwege-positieve-coronatest";"NOS";"1";"0";"0";"1";"0";"0";"0";"0";"0";"1";"0";"0";"0";"0";"0";"1";"US of America";"1";"1"
"main_coder";2322562;"Nog anderhalf jaar tot vaccin coronavirus klaar is";"2020-02-11";"https://nos.nl/artikel/2322562-nog-anderhalf-jaar-tot-vaccin-coronavirus-klaar-is";"NOS";"1";"0";"0";"0";"1";"0";"0";"0";"0";"0";"0";"0";"0";"0";"0";"0";"";"1";"0"
"main_coder";2380379;"Ajax laat kampioensschaal omsmelten voor fans: ""Hebben hun steun gevoeld""";"2021-05-12";"https://nos.nl/artikel/2380379-ajax-laat-kampioensschaal-omsmelten-voor-fans-hebben-hun-steun-gevoeld";"NOS";"0";"0";"0";"0";"0";"0";"0";"0";"0";"0";"0";"0";"0";"0";"0";"0";"";"0";"0"
"main_coder";2378531;"Na ruim zes maanden weer het terras naar buiten: ""Enorme opluchting""";"2021-04-28";"https://nos.nl/artikel/2378531-na-ruim-zes-maanden-weer-het-terras-naar-buiten-enorme-opluchting";"NOS";"1";"0";"1";"0";"0";"0";"0";"0";"0";"0";"0";"0";"0";"0";"0";"0";"";"1";"0"
"main_coder";2403648;"Boete voor chirurg die via Zoom vergaderde tijdens operatie";"2021-10-30";"https://nos.nl/artikel/2403648-boete-voor-chirurg-die-via-zoom-vergaderde-tijdens-operatie";"NOS";"0";"0";"0";"0";"0";"0";"0";"0";"0";"0";"0";"0";"0";"0";"0";"0";"";"0";"0"
"main_coder";2372184;"Meer landen schorten vaccinaties AstraZeneca op om mogelijke bijwerkingen";"2021-03-11";"https://nos.nl/artikel/2372184-meer-landen-schorten-vaccinaties-astrazeneca-op-om-mogelijke-bijwerkingen";"NOS";"1";"0";"0";"0";"1";"0";"0";"0";"0";"0";"0";"0";"0";"0";"0";"1";"Austria, Denmark, UK";"1";"0"
"main_coder";2438410;"Europese Rekenkamer kritisch over plan terugschroeven Russisch gas";"2022-07-26";"https://nos.nl/artikel/2438410-europese-rekenkamer-kritisch-over-plan-terugschroeven-russisch-gas";"NOS";"0";"0";"0";"0";"0";"0";"0";"0";"0";"0";"0";"0";"0";"0";"0";"0";"";"0";"1"
"main_coder";2440637;"Van de Zandschulp verder in Cincinnati, waar hij nu nummer een Medvedev treft";"2022-08-15";"https://nos.nl/artikel/2440637-van-de-zandschulp-verder-in-cincinnati-waar-hij-nu-nummer-een-medvedev-treft";"NOS";"0";"0";"0";"0";"0";"0";"0";"0";"0";"0";"0";"0";"0";"0";"0";"0";"";"0";"1"
"main_coder";2346971;"Jury VS onderzoekt dood zwarte man na arrestatie door politie";"2020-09-06";"https://nos.nl/artikel/2346971-jury-vs-onderzoekt-dood-zwarte-man-na-arrestatie-door-politie";"NOS";"0";"0";"0";"0";"0";"0";"0";"0";"0";"0";"0";"0";"0";"0";"0";"0";"";"0";"0"
"main_coder";2485453;"Van der Duin sprint na ""rotvoorbereiding en covid"" naar WK-zilver op scratch";"2023-08-04";"https://nos.nl/artikel/2485453-van-der-duin-sprint-na-rotvoorbereiding-en-covid-naar-wk-zilver-op-scratch";"NOS";"0";"0";"0";"0";"0";"0";"0";"0";"0";"0";"0";"0";"0";"0";"0";"0";"";"0";"0"
"main_coder";2349942;"Ineens meldde het RIVM veel meer coronadoden, waar kwamen die vandaan?";"2020-09-26";"https://nos.nl/artikel/2349942-ineens-meldde-het-rivm-veel-meer-coronadoden-waar-kwamen-die-vandaan";"NOS";"1";"1";"0";"0";"0";"0";"0";"0";"0";"0";"0";"0";"0";"0";"0";"0";"";"1";"0"
"main_coder";2409659;"De Jonge waarschuwt in Kamer: volgende week mogelijk al nieuwe maatregelen";"2021-12-15";"https://nos.nl/artikel/2409659-de-jonge-waarschuwt-in-kamer-volgende-week-mogelijk-al-nieuwe-maatregelen";"NOS";"1";"0";"1";"0";"0";"0";"0";"0";"0";"1";"0";"0";"0";"0";"0";"0";"";"1";"1"
"main_coder";2457262;"Vlak voor Kerst heerst er officieel een griepepidemie in Nederland";"2022-12-21";"https://nos.nl/artikel/2457262-vlak-voor-kerst-heerst-er-officieel-een-griepepidemie-in-nederland";"NOS";"0";"0";"0";"0";"0";"0";"0";"0";"0";"0";"0";"0";"0";"0";"0";"0";"";"0";"0"
"main_coder";2474406;"Politie Londen betreurt arrestatie republikeins voorman bij kroning";"2023-05-09";"https://nos.nl/artikel/2474406-politie-londen-betreurt-arrestatie-republikeins-voorman-bij-kroning";"NOS";"0";"0";"0";"0";"0";"0";"0";"0";"0";"0";"0";"0";"0";"0";"0";"0";"";"0";"0"
"main_coder";2453099;"Een van de laatste videotheken van Nederland stopt ermee";"2022-11-20";"https://nos.nl/artikel/2453099-een-van-de-laatste-videotheken-van-nederland-stopt-ermee";"NOS";"0";"0";"0";"0";"0";"0";"0";"0";"0";"0";"0";"0";"0";"0";"0";"0";"";"0";"0"
"main_coder";2336043;"Nederland wil samen met andere landen aan coronavaccin komen";"2020-06-03";"https://nos.nl/artikel/2336043-nederland-wil-samen-met-andere-landen-aan-coronavaccin-komen.html";"NOS";"1";"0";"0";"0";"1";"0";"0";"0";"0";"0";"0";"0";"0";"0";"1";"0";"";"1";"1"
"main_coder";2384279;"Kinderen uit risicogroepen krijgen coronaprik";"2021-06-09";"https://nos.nl/artikel/2384279-kinderen-uit-risicogroepen-krijgen-coronaprik";"NOS";"1";"0";"0";"0";"1";"0";"0";"0";"0";"0";"0";"0";"0";"0";"0";"0";"";"1";"0"
"main_coder";2461879;"Worden klimaatdemonstranten harder aangepakt dan boeren?";"2023-01-30";"https://nos.nl/artikel/2461879-worden-klimaatdemonstranten-harder-aangepakt-dan-boeren";"NOS";"0";"0";"0";"0";"0";"0";"0";"0";"0";"0";"0";"0";"0";"0";"0";"0";"";"0";"0"
"main_coder";2372585;"6012 nieuwe besmettingen, stijging inmiddels bijna 20 procent";"2021-03-14";"https://nos.nl/artikel/2372585-6012-nieuwe-besmettingen-stijging-inmiddels-bijna-20-procent.html";"NOS";"1";"1";"0";"0";"0";"0";"0";"0";"0";"0";"0";"0";"0";"0";"0";"0";"";"1";"0"
"main_coder";2370107;"RIVM: gunstig vaccinatie-effect zichtbaar in verpleeghuizen";"2021-02-24";"https://nos.nl/artikel/2370107-rivm-gunstig-vaccinatie-effect-zichtbaar-in-verpleeghuizen.html";"NOS";"1";"1";"0";"0";"1";"0";"0";"0";"0";"0";"0";"0";"0";"0";"0";"0";"";"1";"0"
"main_coder";2411444;"Appje van Wüst helpt Nuis aan olympisch ticket: ""Toch blijf ik me slecht voelen""";"2021-12-31";"https://nos.nl/artikel/2411444-appje-van-wust-helpt-nuis-aan-olympisch-ticket-toch-blijf-ik-me-slecht-voelen";"NOS";"0";"0";"0";"0";"0";"0";"0";"0";"0";"0";"0";"0";"0";"0";"0";"0";"";"0";"0"
"main_coder";2437999;"Demonstratie op de Dam met vrachtwagens en trekkers";"2022-07-23";"https://nos.nl/artikel/2437999-demonstratie-op-de-dam-met-vrachtwagens-en-trekkers";"NOS";"0";"0";"0";"0";"0";"0";"0";"0";"0";"0";"0";"0";"0";"0";"0";"0";"";"0";"0"
"main_coder";2404689;"Enkele tienduizenden betogers bij coronaprotest Den Haag";"2021-11-07";"https://nos.nl/artikel/2404689-enkele-tienduizenden-betogers-bij-coronaprotest-den-haag";"NOS";"1";"0";"0";"0";"0";"0";"0";"0";"0";"0";"0";"1";"0";"0";"0";"0";"";"1";"1"
"main_coder";2394408;"Chiptekort slaat nu ook toe bij Toyota: productie 40 procent omlaag";"2021-08-19";"https://nos.nl/artikel/2394408-chiptekort-slaat-nu-ook-toe-bij-toyota-productie-40-procent-omlaag";"NOS";"0";"0";"0";"0";"0";"0";"0";"0";"0";"0";"0";"0";"0";"0";"0";"0";"";"0";"0"
"main_coder";2341924;"Israëlische premier onder druk door corona en corruptie";"2020-07-26";"https://nos.nl/collectie/13841/artikel/2341924-israelische-premier-onder-druk-door-corona-en-corruptie";"NOS";"0";"0";"0";"0";"0";"0";"0";"0";"0";"0";"0";"0";"0";"0";"0";"0";"";"0";"0"
"main_coder";2385425;"Duits CureVac-vaccin maar voor 47 procent effectief";"2021-06-17";"https://nos.nl/artikel/2385425-duits-curevac-vaccin-maar-voor-47-procent-effectief";"NOS";"1";"0";"0";"0";"1";"0";"0";"0";"0";"0";"0";"0";"0";"0";"0";"0";"";"1";"0"
"main_coder";2418700;"Tweede boosterprik voor 70-plussers, bewoners verpleeghuizen en kwetsbaren";"2022-02-24";"https://nos.nl/artikel/2418700-tweede-boosterprik-voor-70-plussers-bewoners-verpleeghuizen-en-kwetsbaren";"NOS";"1";"0";"0";"0";"1";"0";"0";"0";"0";"0";"0";"0";"0";"0";"0";"0";"";"1";"0"
"main_coder";2443027;"Pedersen oppermachtig in massasprint in Vuelta, Van Poppel vijfde";"2022-09-02";"https://nos.nl/artikel/2443027-pedersen-oppermachtig-in-massasprint-in-vuelta-van-poppel-vijfde";"NOS";"0";"0";"0";"0";"0";"0";"0";"0";"0";"0";"0";"0";"0";"0";"0";"0";"";"0";"0"
"main_coder";2431314;"Ergste ""pinksterspits"" voorbij, op hoogtepunt 835 kilometer file";"2022-06-03";"https://nos.nl/artikel/2431314-ergste-pinksterspits-voorbij-op-hoogtepunt-835-kilometer-file";"NOS";"0";"0";"0";"0";"0";"0";"0";"0";"0";"0";"0";"0";"0";"0";"0";"0";"";"0";"0"
"main_coder";2346916;"Evenementen in tijd van corona: ""Elke tribune heeft eigen parkeerplaatsen""";"2020-09-05";"https://nos.nl/artikel/2346916-evenementen-in-tijd-van-corona-elke-tribune-heeft-eigen-parkeerplaatsen.html";"NOS";"1";"0";"0";"0";"0";"0";"0";"0";"0";"1";"0";"0";"0";"0";"0";"0";"";"1";"1"
"main_coder";2380236;"Adviescommissie: zorg heeft asielzoekers nodig voor vervullen vacatures";"2021-05-11";"https://nos.nl/artikel/2380236-adviescommissie-zorg-heeft-asielzoekers-nodig-voor-vervullen-vacatures";"NOS";"0";"0";"0";"0";"0";"0";"0";"0";"0";"0";"0";"0";"0";"0";"0";"0";"";"0";"0"
"main_coder";2477221;"OM wil 7 maanden cel voor man wegens doxing van politici en opruiing";"2023-05-31";"https://nos.nl/artikel/2477221-om-wil-7-maanden-cel-voor-man-wegens-doxing-van-politici-en-opruiing";"NOS";"0";"0";"0";"0";"0";"0";"0";"0";"0";"0";"0";"0";"0";"0";"0";"0";"";"0";"0"
"main_coder";2412360;"Kok en De Jong veroveren eerste EK-goud in Thialf, zilver voor Wüst op 1.500 meter";"2022-01-08";"https://nos.nl/artikel/2412360-kok-en-de-jong-veroveren-eerste-ek-goud-in-thialf-zilver-voor-wust-op-1-500-meter";"NOS";"0";"0";"0";"0";"0";"0";"0";"0";"0";"0";"0";"0";"0";"0";"0";"0";"";"0";"0"
"main_coder";2418852;"Scholen krijgen twee jaar langer om coronageld in te zetten";"2022-02-25";"https://nos.nl/artikel/2418852-scholen-krijgen-twee-jaar-langer-om-coronageld-in-te-zetten";"NOS";"1";"0";"0";"0";"0";"0";"0";"0";"1";"1";"0";"0";"0";"0";"0";"0";"";"1";"0"
"main_coder";2369604;"Debat over versoepeling coronamaatregelen: ""Je merkt aan alles dat de rek eruit is""";"2021-02-21";"https://nos.nl/artikel/2369604-debat-over-versoepeling-coronamaatregelen-je-merkt-aan-alles-dat-de-rek-eruit-is";"NOS";"1";"0";"1";"0";"0";"0";"0";"0";"0";"0";"0";"0";"0";"0";"0";"0";"";"1";"0"
"main_coder";2471156;"Wereldtentoonstelling Floriade stopt, geen nieuwe editie in 2032";"2023-04-12";"https://nos.nl/artikel/2471156-wereldtentoonstelling-floriade-stopt-geen-nieuwe-editie-in-2032";"NOS";"0";"0";"0";"0";"0";"0";"0";"0";"0";"0";"0";"0";"0";"0";"0";"0";"";"0";"0"
"main_coder";2416230;"Skiester Jelinkova lijdt onder mentale problemen en gaat al naar huis na debacle";"2022-02-08";"https://nos.nl/artikel/2416230-skiester-jelinkova-lijdt-onder-mentale-problemen-en-gaat-al-naar-huis-na-debacle";"NOS";"0";"0";"0";"0";"0";"0";"0";"0";"0";"0";"0";"0";"0";"0";"0";"0";"";"0";"0"
"main_coder";2468232;"Nederlandse tak van kledingketen Scotch & Soda is failliet";"2023-03-20";"https://nos.nl/artikel/2468232-nederlandse-tak-van-kledingketen-scotch-and-soda-is-failliet";"NOS";"0";"0";"0";"0";"0";"0";"0";"0";"0";"0";"0";"0";"0";"0";"0";"0";"";"0";"0"
"main_coder";2384203;"PostNL meldt vertraging examenpost op 12 scholen, ook examens zoek";"2021-06-08";"https://nos.nl/artikel/2384203-postnl-meldt-vertraging-examenpost-op-12-scholen-ook-examens-zoek";"NOS";"0";"0";"0";"0";"0";"0";"0";"0";"0";"0";"0";"0";"0";"0";"0";"0";"";"0";"0"
"main_coder";2426669;"Koningsdag-enquête: vertrouwen in koning Willem-Alexander verder gedaald";"2022-04-27";"https://nos.nl/artikel/2426669-koningsdag-enquete-vertrouwen-in-koning-willem-alexander-verder-gedaald";"NOS";"0";"0";"0";"0";"0";"0";"0";"0";"0";"0";"0";"0";"0";"0";"0";"0";"";"0";"0"
"main_coder";2425004;"Historische Russische driemaster door oorlog tussen wal en schip";"2022-04-13";"https://nos.nl/artikel/2425004-historische-russische-driemaster-door-oorlog-tussen-wal-en-schip";"NOS";"0";"0";"0";"0";"0";"0";"0";"0";"0";"0";"0";"0";"0";"0";"0";"0";"";"0";"0"
"main_coder";2386025;"585 nieuwe besmettingen, laagste aantal sinds 1 september";"2021-06-21";"https://nos.nl/artikel/2386025-585-nieuwe-besmettingen-laagste-aantal-sinds-1-september";"NOS";"1";"1";"0";"0";"0";"0";"0";"0";"0";"0";"0";"0";"0";"0";"0";"0";"";"0";"0"
"main_coder";2351591;"Corona-uitbraak onder personeel, twee OK's Limburgs ziekenhuis dicht";"2020-10-09";"https://nos.nl/artikel/2351591-corona-uitbraak-onder-personeel-twee-ok-s-limburgs-ziekenhuis-dicht.html";"NOS";"1";"1";"0";"0";"0";"0";"1";"0";"0";"0";"0";"0";"0";"0";"0";"0";"";"1";"0"
"main_coder";2386183;"Handvol boetes voor niet-naleven quarantaineplicht, handhaving kost 19 miljoen";"2021-06-22";"https://nos.nl/artikel/2386183-handvol-boetes-voor-niet-naleven-quarantaineplicht-handhaving-kost-19-miljoen";"NOS";"1";"0";"1";"0";"0";"0";"0";"0";"0";"0";"0";"0";"0";"0";"0";"0";"";"1";"0"
"main_coder";2480175;"Vollering dankt ploeg en Raaijmakers na eerste NK-titel: ""Vriendin voor het leven""";"2023-06-24";"https://nos.nl/artikel/2480175-vollering-dankt-ploeg-en-raaijmakers-na-eerste-nk-titel-vriendin-voor-het-leven";"NOS";"0";"0";"0";"0";"0";"0";"0";"0";"0";"0";"0";"0";"0";"0";"0";"0";"";"0";"0"
"main_coder";2423884;"Opnieuw aangifte GGD tegen ex-medewerkers om valse vaccinatiebewijzen";"2022-04-04";"https://nos.nl/artikel/2423884-opnieuw-aangifte-ggd-tegen-ex-medewerkers-om-valse-vaccinatiebewijzen";"NOS";"1";"0";"0";"0";"1";"0";"0";"0";"0";"0";"0";"0";"0";"0";"0";"0";"";"0";"0"
"main_coder";2392877;"Ziekenhuis Dordrecht kampt met krapte op geboorteafdeling";"2021-08-06";"https://nos.nl/artikel/2392877-ziekenhuis-dordrecht-kampt-met-krapte-op-geboorteafdeling";"NOS";"0";"0";"0";"0";"0";"0";"0";"0";"0";"0";"0";"0";"0";"0";"0";"0";"";"0";"0"
"main_coder";2420046;"Snelle tijden op marathon Tokio: Kipchoge loopt vierde tijd ooit";"2022-03-06";"https://nos.nl/artikel/2420046-snelle-tijden-op-marathon-tokio-kipchoge-loopt-vierde-tijd-ooit";"NOS";"0";"0";"0";"0";"0";"0";"0";"0";"0";"0";"0";"0";"0";"0";"0";"0";"";"0";"1"
"main_coder";2404364;"Vandaag is de ultieme dag voor bezoek aan Kyoto, toch is er bijna niemand";"2021-11-04";"https://nos.nl/artikel/2404364-vandaag-is-de-ultieme-dag-voor-bezoek-aan-kyoto-toch-is-er-bijna-niemand";"NOS";"1";"0";"0";"0";"0";"0";"0";"0";"1";"0";"0";"0";"0";"0";"0";"1";"Japan";"1";"0"
"main_coder";2455536;"Formule 1 komt ook in 2024 en 2025 naar Zandvoort: ""Trots dat het ons gegund is""";"2022-12-08";"https://nos.nl/artikel/2455536-formule-1-komt-ook-in-2024-en-2025-naar-zandvoort-trots-dat-het-ons-gegund-is";"NOS";"0";"0";"0";"0";"0";"0";"0";"0";"0";"0";"0";"0";"0";"0";"0";"0";"";"0";"0"
"main_coder";2459515;"Recordaantal mensen doneerde vorig jaar stamcellen";"2023-01-11";"https://nos.nl/artikel/2459515-recordaantal-mensen-doneerde-vorig-jaar-stamcellen";"NOS";"0";"0";"0";"0";"0";"0";"0";"0";"0";"0";"0";"0";"0";"0";"0";"0";"";"0";"0"
"main_coder";2447570;"Djokovic naar finale Astana na plotselinge opgave Medvedev";"2022-10-08";"https://nos.nl/artikel/2447570-djokovic-naar-finale-astana-na-plotselinge-opgave-medvedev";"NOS";"0";"0";"0";"0";"0";"0";"0";"0";"0";"0";"0";"0";"0";"0";"0";"0";"";"0";"0"
"main_coder";2411306;"Unicef en 59 andere organisaties: open scholen en sluit ze niet weer";"2021-12-30";"https://nos.nl/artikel/2411306-unicef-en-59-andere-organisaties-open-scholen-en-sluit-ze-niet-weer";"NOS";"1";"0";"1";"0";"0";"0";"0";"0";"0";"1";"0";"0";"0";"0";"0";"0";"";"1";"0"
"main_coder";2351365;"Brussel sluit cafés, bars en feestzalen voor zeker een maand";"2020-10-07";"https://nos.nl/artikel/2351365-brussel-sluit-cafes-bars-en-feestzalen-voor-zeker-een-maand.html";"NOS";"1";"1";"0";"0";"0";"0";"0";"0";"0";"0";"0";"0";"0";"0";"0";"1";"Belgium";"1";"0"
"main_coder";2364573;"Ook Britse variant bij zorginstelling in Ermelo en ziekenhuis in Goes vastgesteld";"2021-01-15";"https://nos.nl/artikel/2364573-ook-britse-variant-bij-zorginstelling-in-ermelo-en-ziekenhuis-in-goes-vastgesteld.html";"NOS";"1";"1";"0";"0";"0";"0";"0";"0";"0";"0";"0";"0";"0";"0";"0";"0";"";"1";"0"
"main_coder";2320917;"Meerkampster Broersen na schrappen WK indoor: ""Tokio niet in gevaar""";"2020-01-30";"https://nos.nl/artikel/2320917-meerkampster-broersen-na-schrappen-wk-indoor-tokio-niet-in-gevaar";"NOS";"0";"0";"0";"0";"0";"0";"0";"0";"0";"0";"0";"0";"0";"0";"0";"0";"";"0";"0"
"main_coder";2327099;"Twee nieuwe corona-doden Nederland, 155 geregistreerde patiënten erbij";"2020-03-14";"https://nos.nl/artikel/2327099-twee-nieuwe-corona-doden-nederland-155-geregistreerde-patienten-erbij";"NOS";"1";"1";"0";"0";"0";"0";"0";"0";"0";"0";"0";"0";"0";"0";"0";"0";"";"1";"0"
"main_coder";2328317;"Mogelijk uitstel klimaatmaatregelen door coronacrisis";"2020-03-25";"https://nos.nl/artikel/2328317-mogelijk-uitstel-klimaatmaatregelen-door-coronacrisis";"NOS";"0";"0";"0";"0";"0";"0";"0";"0";"0";"0";"0";"0";"0";"0";"0";"0";"";"0";"0"
"main_coder";2328343;"Rutte: dinsdag beslissen we hoe het na 6 april verder moet";"2020-03-25";"https://nos.nl/artikel/2328343-rutte-dinsdag-beslissen-we-hoe-het-na-6-april-verder-moet";"NOS";"1";"1";"1";"0";"0";"0";"0";"0";"0";"1";"0";"0";"0";"0";"0";"0";"";"1";"0"
"main_coder";2443820;"Nederland krijgt 4,7 miljard euro uit EU-coronafonds";"2022-09-08";"https://nos.nl/artikel/2443820-nederland-krijgt-4-7-miljard-euro-uit-eu-coronafonds";"NOS";"1";"0";"0";"0";"0";"0";"0";"0";"1";"0";"0";"0";"0";"0";"0";"0";"";"1";"0"
"main_coder";2358142;"CPB mede door vaccin optimistischer over herstel van de economie";"2020-11-26";"https://nos.nl/artikel/2358142-cpb-mede-door-vaccin-optimistischer-over-herstel-van-de-economie.html";"NOS";"1";"0";"0";"0";"0";"0";"0";"0";"1";"0";"0";"0";"0";"0";"0";"0";"";"1";"0"
"main_coder";2432884;"Corona twee weken voor Tour terug in peloton: renners besmet bij Jumbo-Visma en DSM";"2022-06-16";"https://nos.nl/artikel/2432884-corona-twee-weken-voor-tour-terug-in-peloton-renners-besmet-bij-jumbo-visma-en-dsm";"NOS";"1";"0";"0";"0";"0";"0";"0";"0";"0";"1";"0";"0";"0";"0";"0";"0";"";"1";"0"
"main_coder";2350790;"De coronacrisis en de economie: hoe gaat het in landen om ons heen?";"2020-10-03";"https://nos.nl/artikel/2350790-de-coronacrisis-en-de-economie-hoe-gaat-het-in-landen-om-ons-heen.html";"NOS";"1";"0";"0";"0";"0";"0";"0";"0";"1";"0";"0";"0";"0";"0";"0";"1";"Spain, UK";"1";"0"
"main_coder";2346868;"Tsjechië met ander team tegen Schotland vanwege coronabesmettingen";"2020-09-05";"https://nos.nl/artikel/2346868-tsjechie-met-ander-team-tegen-schotland-vanwege-coronabesmettingen";"NOS";"1";"0";"0";"0";"0";"0";"0";"0";"0";"1";"0";"0";"0";"0";"0";"0";"";"1";"0"
"main_coder";2460033;"Zoeken naar ""tegengif tegen negativiteit"" in somber nieuwslandschap";"2023-01-16";"https://nos.nl/artikel/2460033-zoeken-naar-tegengif-tegen-negativiteit-in-somber-nieuwslandschap";"NOS";"0";"0";"0";"0";"0";"0";"0";"0";"0";"0";"0";"0";"0";"0";"0";"0";"";"0";"0"
"main_coder";2475159;"Evenepoel verlaat Giro: ploeg neemt ""geen enkel risico"" na positieve coronatest";"2023-05-14";"https://nos.nl/artikel/2475159-evenepoel-verlaat-giro-ploeg-neemt-geen-enkel-risico-na-positieve-coronatest";"NOS";"1";"0";"0";"0";"0";"0";"0";"0";"0";"1";"0";"0";"0";"0";"0";"0";"";"1";"0"
"main_coder";2433386;"Willem Engel mag worden vervolgd, ondanks bezwaren van advocaat";"2022-06-20";"https://nos.nl/artikel/2433386-willem-engel-mag-worden-vervolgd-ondanks-bezwaren-van-advocaat";"NOS";"0";"0";"0";"0";"0";"0";"0";"0";"0";"0";"0";"0";"0";"0";"0";"0";"";"0";"0"
"main_coder";2390485;"Grote verschillen in vaccinatietempo, hoe staat het er nu wereldwijd voor?";"2021-07-23";"https://nos.nl/artikel/2390485-grote-verschillen-in-vaccinatietempo-hoe-staat-het-er-nu-wereldwijd-voor";"NOS";"1";"0";"0";"0";"1";"0";"0";"0";"0";"0";"0";"0";"0";"0";"1";"0";"";"1";"0"
"main_coder";2456571;"De Sagrada Familia is na 140 jaar nu echt bijna klaar";"2022-12-16";"https://nos.nl/artikel/2456571-de-sagrada-familia-is-na-140-jaar-nu-echt-bijna-klaar";"NOS";"0";"0";"0";"0";"0";"0";"0";"0";"0";"0";"0";"0";"0";"0";"0";"0";"";"0";"0"
"main_coder";2409720;"Nederlandse corso's op Unesco-lijst met immaterieel erfgoed";"2021-12-16";"https://nos.nl/artikel/2409720-nederlandse-corso-s-op-unesco-lijst-met-immaterieel-erfgoed";"NOS";"0";"0";"0";"0";"0";"0";"0";"0";"0";"0";"0";"0";"0";"0";"0";"0";"";"0";"0"
"main_coder";2390503;"Spelen voorbij voor roeier Florijn na positieve coronatest";"2021-07-23";"https://nos.nl/artikel/2390503-spelen-voorbij-voor-roeier-florijn-na-positieve-coronatest";"NOS";"1";"0";"0";"0";"0";"0";"0";"0";"0";"1";"0";"0";"0";"0";"0";"0";"";"1";"0"
"main_coder";2432523;"Vanavond op tv: Ernst Kuipers te gast • Russen winnen terrein in Severodonetsk";"2022-06-13";"https://nos.nl/nieuwsuur/artikel/2432523-vanavond-op-tv-ernst-kuipers-te-gast-russen-winnen-terrein-in-severodonetsk";"NOS";"0";"0";"0";"0";"0";"0";"0";"0";"0";"0";"0";"0";"0";"0";"0";"0";"";"0";"0"
"main_coder";2346327;"Regio's wekelijks beoordeeld op coronasituatie";"2020-09-01";"https://nos.nl/artikel/2346327-regio-s-wekelijks-beoordeeld-op-coronasituatie.html";"NOS";"1";"1";"1";"1";"0";"0";"0";"0";"0";"0";"0";"0";"0";"0";"0";"0";"";"1";"0"
"main_coder";2346793;"VVD-Kamerleden blijven weg bij voorlezen Troonrede op Prinsjesdag";"2020-09-04";"https://nos.nl/artikel/2346793-vvd-kamerleden-blijven-weg-bij-voorlezen-troonrede-op-prinsjesdag.html";"NOS";"1";"0";"1";"0";"0";"0";"0";"0";"0";"0";"0";"0";"0";"0";"0";"0";"";"1";"0"
"main_coder";2332606;"Hoe de coronacrisis techreuzen waarschijnlijk nóg machtiger maakt";"2020-05-03";"https://nos.nl/artikel/2332606-hoe-de-coronacrisis-techreuzen-waarschijnlijk-nog-machtiger-maakt.html";"NOS";"0";"0";"0";"0";"0";"0";"0";"0";"0";"0";"0";"0";"0";"0";"0";"0";"";"0";"0"
"main_coder";2386167;"RIVM: deltavariant coronavirus snel dominant, in najaar mogelijk nieuwe golf";"2021-06-22";"https://nos.nl/artikel/2386167-rivm-deltavariant-coronavirus-snel-dominant-in-najaar-mogelijk-nieuwe-golf";"NOS";"1";"1";"0";"1";"0";"0";"0";"0";"0";"0";"0";"0";"0";"0";"0";"0";"";"1";"0"
"main_coder";2358133;"Iran laat Australische ""spion"" gaan";"2020-11-26";"https://nos.nl/artikel/2358133-iran-laat-australische-spion-gaan";"NOS";"0";"0";"0";"0";"0";"0";"0";"0";"0";"0";"0";"0";"0";"0";"0";"0";"";"0";"0"
"main_coder";2379681;"Laatste dag belastingaangifte: ondanks storing inmiddels 9,4 miljoen aangiftes";"2021-05-07";"https://nos.nl/artikel/2379681-laatste-dag-belastingaangifte-ondanks-storing-inmiddels-9-4-miljoen-aangiftes";"NOS";"0";"0";"0";"0";"0";"0";"0";"0";"0";"0";"0";"0";"0";"0";"0";"0";"";"0";"0"
"main_coder";2365030;"Minder orgaantransplantaties in 2020 door corona";"2021-01-19";"https://nos.nl/artikel/2365030-minder-orgaantransplantaties-in-2020-door-corona";"NOS";"0";"0";"0";"0";"0";"0";"0";"0";"0";"0";"0";"0";"0";"0";"0";"0";"";"0";"0"
"main_coder";2364158;"Lockdowns bezorgen moederbedrijf Thuisbezorgd nog snellere groei";"2021-01-13";"https://nos.nl/artikel/2364158-lockdowns-bezorgen-moederbedrijf-thuisbezorgd-nog-snellere-groei.html";"NOS";"0";"0";"0";"0";"0";"0";"0";"0";"0";"0";"0";"0";"0";"0";"0";"0";"";"0";"0"
"main_coder";2410971;"Eerbetoon aan Peter R. de Vries is radiomoment van 2021";"2021-12-26";"https://nos.nl/artikel/2410971-eerbetoon-aan-peter-r-de-vries-is-radiomoment-van-2021";"NOS";"0";"0";"0";"0";"0";"0";"0";"0";"0";"0";"0";"0";"0";"0";"0";"0";"";"0";"0"
"main_coder";2426455;"Politie ziet meer excessief geweld tegen agenten";"2022-04-25";"https://nos.nl/artikel/2426455-politie-ziet-meer-excessief-geweld-tegen-agenten";"NOS";"0";"0";"0";"0";"0";"0";"0";"0";"0";"0";"0";"0";"0";"0";"0";"0";"";"0";"0"
"main_coder";2446184;"Froome roept op: ""Gebruik de Dutch reach, scheelt veel pijn bij wielrenners""";"2022-09-27";"https://nos.nl/artikel/2446184-froome-roept-op-gebruik-de-dutch-reach-scheelt-veel-pijn-bij-wielrenners";"NOS";"0";"0";"0";"0";"0";"0";"0";"0";"0";"0";"0";"0";"0";"0";"0";"0";"";"0";"0"
"main_coder";2477231;"Horecabranche ergert zich aan website die reserveringen doorverkoopt";"2023-05-31";"https://nos.nl/artikel/2477231-horecabranche-ergert-zich-aan-website-die-reserveringen-doorverkoopt";"NOS";"0";"0";"0";"0";"0";"0";"0";"0";"0";"0";"0";"0";"0";"0";"0";"0";"";"0";"0"
"main_coder";2351611;"Boa's waarschuwen NS voor toename steekwapens en agressie in de trein";"2020-10-09";"https://nos.nl/artikel/2351611-boa-s-waarschuwen-ns-voor-toename-steekwapens-en-agressie-in-de-trein.html";"NOS";"0";"0";"0";"0";"0";"0";"0";"0";"0";"0";"0";"0";"0";"0";"0";"0";"";"0";"0"
"main_coder";2379678;"Hard getroffen schoonmaakbranche ""permanent kleiner"" door corona";"2021-05-07";"https://nos.nl/nieuwsuur/artikel/2379678-hard-getroffen-schoonmaakbranche-permanent-kleiner-door-corona";"NOS";"1";"0";"0";"0";"0";"0";"0";"0";"1";"0";"0";"0";"0";"0";"0";"0";"";"1";"0"
"main_coder";2430610;"VS schaart zich achter kritiek op Chinareis VN-mensenrechtenchef";"2022-05-29";"https://nos.nl/artikel/2430610-vs-schaart-zich-achter-kritiek-op-chinareis-vn-mensenrechtenchef";"NOS";"0";"0";"0";"0";"0";"0";"0";"0";"0";"0";"0";"0";"0";"0";"0";"0";"";"0";"0"
"main_coder";2427008;"Lange rijen in vertrekhallen Schiphol, maar wachttijd is beperkt";"2022-04-30";"https://nos.nl/artikel/2427008-lange-rijen-in-vertrekhallen-schiphol-maar-wachttijd-is-beperkt";"NOS";"0";"0";"0";"0";"0";"0";"0";"0";"0";"0";"0";"0";"0";"0";"0";"0";"";"0";"0"
"main_coder";2439780;"Zwarte zaterdag, zondag én maandag? Drukker dan ooit op Europese wegen";"2022-08-08";"https://nos.nl/artikel/2439780-zwarte-zaterdag-zondag-en-maandag-drukker-dan-ooit-op-europese-wegen";"NOS";"0";"0";"0";"0";"0";"0";"0";"0";"0";"0";"0";"0";"0";"0";"0";"0";"";"0";"0"
"main_coder";2454199;"Britten veroordelen arrestatie journalist, China weerspreekt gebeurtenissen";"2022-11-28";"https://nos.nl/artikel/2454199-britten-veroordelen-arrestatie-journalist-china-weerspreekt-gebeurtenissen";"NOS";"0";"0";"0";"0";"0";"0";"0";"0";"0";"0";"0";"0";"0";"0";"0";"0";"";"0";"0"
"main_coder";2372405;"Franse Oscars in teken van protest tegen sluiting van cultuursector";"2021-03-13";"https://nos.nl/artikel/2372405-franse-oscars-in-teken-van-protest-tegen-sluiting-van-cultuursector";"NOS";"1";"0";"0";"0";"0";"0";"0";"0";"0";"0";"0";"1";"0";"0";"0";"1";"France";"1";"0"
"main_coder";2442919;"Overal commercie bij GP Zandvoort: ""Ze moeten zelf hun broek ophouden""";"2022-09-01";"https://nos.nl/artikel/2442919-overal-commercie-bij-gp-zandvoort-ze-moeten-zelf-hun-broek-ophouden";"NOS";"0";"0";"0";"0";"0";"0";"0";"0";"0";"0";"0";"0";"0";"0";"0";"0";"";"0";"0"
"main_coder";2364400;"Berlusconi met hartproblemen opgenomen in het ziekenhuis";"2021-01-14";"https://nos.nl/artikel/2364400-berlusconi-met-hartproblemen-opgenomen-in-het-ziekenhuis";"NOS";"0";"0";"0";"0";"0";"0";"0";"0";"0";"0";"0";"0";"0";"0";"0";"0";"";"0";"0"
"main_coder";2365544;"Viroloog Koopmans blikt vanuit Wuhan terug op jaar covid: ""Nog steeds streng hier""";"2021-01-22";"https://nos.nl/artikel/2365544-viroloog-koopmans-blikt-vanuit-wuhan-terug-op-jaar-covid-nog-steeds-streng-hier";"NOS";"1";"0";"0";"0";"0";"0";"0";"1";"0";"0";"0";"0";"0";"0";"0";"1";"China";"1";"0"
"main_coder";2394855;"2425 nieuwe positieve coronatests, gemiddelde stijgt licht";"2021-08-23";"https://nos.nl/artikel/2394855-2425-nieuwe-positieve-coronatests-gemiddelde-stijgt-licht";"NOS";"1";"1";"0";"0";"0";"0";"0";"0";"0";"0";"0";"0";"0";"0";"0";"0";"";"1";"0"
"main_coder";2391211;"""Nooit tevreden"" dubbelvier heeft goud: ""Tranen hebben al in m'n ogen gestaan""";"2021-07-28";"https://nos.nl/artikel/2391211-nooit-tevreden-dubbelvier-heeft-goud-tranen-hebben-al-in-m-n-ogen-gestaan";"NOS";"0";"0";"0";"0";"0";"0";"0";"0";"0";"0";"0";"0";"0";"0";"0";"0";"";"0";"0"
"main_coder";2424921;"Hiddink (75) kan het niet laten: mogelijk technisch directeur Curaçao";"2022-04-12";"https://nos.nl/artikel/2424921-hiddink-75-kan-het-niet-laten-mogelijk-technisch-directeur-curacao";"NOS";"0";"0";"0";"0";"0";"0";"0";"0";"0";"0";"0";"0";"0";"0";"0";"0";"";"0";"0"
"main_coder";2391544;"Verdeeld Amerika bezig met race tegen de vaccinatieklok";"2021-07-29";"https://nos.nl/artikel/2391544-verdeeld-amerika-bezig-met-race-tegen-de-vaccinatieklok";"NOS";"1";"1";"0";"0";"1";"0";"0";"0";"0";"0";"0";"0";"1";"1";"0";"0";"";"1";"0"
"main_coder";2395053;"""Weer druk in het najaar op IC's door corona, terwijl verpleegkundigen weglopen""";"2021-08-25";"https://nos.nl/artikel/2395053-weer-druk-in-het-najaar-op-ic-s-door-corona-terwijl-verpleegkundigen-weglopen";"NOS";"1";"0";"0";"0";"0";"0";"1";"0";"0";"0";"0";"0";"0";"0";"0";"0";"";"1";"0"
"main_coder";2417611;"Overheid wilde pas informeren over corona na ""grote klap""";"2022-02-16";"https://nos.nl/artikel/2417611-overheid-wilde-pas-informeren-over-corona-na-grote-klap";"NOS";"1";"0";"0";"0";"0";"0";"0";"0";"0";"0";"0";"0";"0";"1";"0";"0";"";"1";"1"
"main_coder";2446472;"NZa: plotse toename wachtrijen in langdurige zorg";"2022-09-29";"https://nos.nl/artikel/2446472-nza-plotse-toename-wachtrijen-in-langdurige-zorg";"NOS";"0";"0";"0";"0";"0";"0";"0";"0";"0";"0";"0";"0";"0";"0";"0";"0";"";"0";"0"
"main_coder";2350775;"Republikeinen besmet die samen waren in tuin Witte Huis, coronaregels genegeerd";"2020-10-03";"https://nos.nl/artikel/2350775-republikeinen-besmet-die-samen-waren-in-tuin-witte-huis-coronaregels-genegeerd.html";"NOS";"1";"1";"0";"0";"0";"0";"0";"0";"0";"0";"0";"0";"0";"0";"0";"1";"US of America";"1";"1"
"main_coder";2370815;"3826 nieuwe besmettingen, minder dan gemiddeld";"2021-03-01";"https://nos.nl/artikel/2370815-3826-nieuwe-besmettingen-minder-dan-gemiddeld";"NOS";"1";"1";"0";"0";"0";"0";"0";"0";"0";"0";"0";"0";"0";"0";"0";"0";"";"1";"0"
"main_coder";2437658;"ECB verhoogt rente: wordt het een grote of een kleine stap?";"2022-07-21";"https://nos.nl/artikel/2437658-ecb-verhoogt-rente-wordt-het-een-grote-of-een-kleine-stap";"NOS";"0";"0";"0";"0";"0";"0";"0";"0";"0";"0";"0";"0";"0";"0";"0";"0";"";"0";"1"
"main_coder";2465283;"Na jaren van schokkende onthullingen moet Londense politie écht gaan veranderen";"2023-02-25";"https://nos.nl/artikel/2465283-na-jaren-van-schokkende-onthullingen-moet-londense-politie-echt-gaan-veranderen";"NOS";"0";"0";"0";"0";"0";"0";"0";"0";"0";"0";"0";"0";"0";"0";"0";"0";"";"0";"0"
"main_coder";2420365;"Rutte tempert verwachtingen compensatie energierekening";"2022-03-08";"https://nos.nl/artikel/2420365-rutte-tempert-verwachtingen-compensatie-energierekening";"NOS";"0";"0";"0";"0";"0";"0";"0";"0";"0";"0";"0";"0";"0";"0";"0";"0";"";"0";"0"
"main_coder";2435425;"RIVM: piek van zomergolf aan coronabesmettingen lijkt in zicht";"2022-07-05";"https://nos.nl/artikel/2435425-rivm-piek-van-zomergolf-aan-coronabesmettingen-lijkt-in-zicht";"NOS";"1";"1";"0";"0";"0";"0";"0";"0";"0";"0";"0";"0";"0";"0";"0";"0";"";"1";"0"
"main_coder";2416129;"Zonder booster quarantaineplicht bij aankomst uit Turkije en elf andere landen";"2022-02-07";"https://nos.nl/artikel/2416129-zonder-booster-quarantaineplicht-bij-aankomst-uit-turkije-en-elf-andere-landen";"NOS";"1";"0";"1";"1";"1";"0";"0";"0";"0";"0";"0";"0";"0";"0";"0";"0";"";"1";"0"
"main_coder";2428485;"""Ministerie van VWS lag tijdens pandemie dwars bij uitbreiding IC's""";"2022-05-12";"https://nos.nl/artikel/2428485-ministerie-van-vws-lag-tijdens-pandemie-dwars-bij-uitbreiding-ic-s";"NOS";"1";"0";"0";"0";"0";"0";"1";"0";"0";"0";"0";"0";"0";"1";"0";"0";"";"1";"0"
"main_coder";2351677;"Streep door Abu Dhabi-tests door privacyproblemen";"2020-10-09";"https://nos.nl/artikel/2351677-streep-door-abu-dhabi-tests-door-privacyproblemen.html";"NOS";"1";"0";"0";"1";"0";"0";"0";"0";"0";"0";"0";"0";"0";"0";"0";"0";"";"1";"0"
"main_coder";2331050;"360.000 minder reguliere verwijzingen huisartsen door corona";"2020-04-20";"https://nos.nl/artikel/2331050-360-000-minder-reguliere-verwijzingen-huisartsen-door-corona";"NOS";"0";"0";"0";"0";"0";"0";"0";"0";"0";"0";"0";"0";"0";"0";"0";"0";"";"0";"0"
"main_coder";2331900;"Premier Nieuw-Zeeland: ""Strijd gewonnen, maar waakzaam blijven""";"2020-04-27";"https://nos.nl/artikel/2331900-premier-nieuw-zeeland-strijd-gewonnen-maar-waakzaam-blijven";"NOS";"1";"1";"0";"0";"0";"0";"0";"0";"0";"0";"0";"0";"0";"0";"0";"1";"New Zealand";"1";"0"
"main_coder";2333254;"Rutte wil grote sportevenementen na 1 september geen valse hoop bieden";"2020-05-08";"https://nos.nl/artikel/2333254-rutte-wil-grote-sportevenementen-na-1-september-geen-valse-hoop-bieden.html";"NOS";"1";"0";"1";"0";"0";"0";"0";"0";"0";"0";"0";"0";"0";"0";"0";"0";"";"1";"0"
"main_coder";2410526;"NHL geeft ijshockeyspelers opnieuw niet vrij voor Winterspelen";"2021-12-22";"https://nos.nl/artikel/2410526-nhl-geeft-ijshockeyspelers-opnieuw-niet-vrij-voor-winterspelen";"NOS";"1";"0";"0";"0";"0";"0";"0";"0";"0";"1";"0";"0";"0";"0";"0";"1";"Canada, US of America";"1";"1"
"main_coder";2371183;"""Er wordt bij de corona-aanpak te weinig gekeken naar economische afweging""";"2021-03-04";"https://nos.nl/artikel/2371183-er-wordt-bij-de-corona-aanpak-te-weinig-gekeken-naar-economische-afweging";"NOS";"1";"0";"0";"0";"0";"0";"0";"0";"1";"0";"0";"0";"0";"0";"0";"0";"";"1";"0"
"main_coder";2373350;"RIVM: ""Oplopend aantal besmettingen betekent niet per se meer ziekenhuisopnames""";"2021-03-20";"https://nos.nl/artikel/2373350-rivm-oplopend-aantal-besmettingen-betekent-niet-per-se-meer-ziekenhuisopnames";"NOS";"1";"1";"0";"0";"0";"0";"0";"1";"0";"0";"0";"0";"0";"0";"0";"0";"";"1";"1"
"main_coder";2433226;"We gaan op vakantie en maken ons geen zorgen over corona";"2022-06-19";"https://nos.nl/artikel/2433226-we-gaan-op-vakantie-en-maken-ons-geen-zorgen-over-corona";"NOS";"1";"0";"1";"0";"0";"0";"0";"0";"0";"0";"0";"0";"0";"0";"0";"0";"";"1";"0"
"main_coder";2365573;"Waarom er nu door de Britse variant twee epidemieën zijn";"2021-01-23";"https://nos.nl/op3/artikel/2365573-waarom-er-nu-door-de-britse-variant-twee-epidemieen-zijn";"NOS";"1";"1";"1";"0";"0";"0";"0";"0";"0";"0";"0";"0";"0";"0";"0";"0";"";"1";"0"
"main_coder";2334416;"Diabetes 2 is risico voor corona, maar dat kun je keren";"2020-05-19";"https://nos.nl/nieuwsuur/artikel/2334416-diabetes-2-is-risico-voor-corona-maar-dat-kun-je-keren.html";"NOS";"0";"0";"0";"0";"0";"0";"0";"0";"0";"0";"0";"0";"0";"0";"0";"0";"";"0";"0"
"main_coder";2336349;"Israël sluit 90 scholen weer uit angst voor nieuwe corona-uitbraak";"2020-06-05";"https://nos.nl/artikel/2336349-israel-sluit-90-scholen-weer-uit-angst-voor-nieuwe-corona-uitbraak";"NOS";"1";"1";"0";"0";"0";"0";"0";"0";"0";"0";"0";"0";"0";"0";"0";"1";"Israel";"1";"1"
"main_coder";2337553;"Ook Brussel wil vaccinrechten opkopen, 2,7 miljard vrijgemaakt";"2020-06-17";"https://nos.nl/collectie/13824/artikel/2337553-ook-brussel-wil-vaccinrechten-opkopen-2-7-miljard-vrijgemaakt";"NOS";"1";"0";"0";"0";"1";"0";"0";"0";"0";"0";"0";"0";"0";"0";"1";"0";"";"1";"0"
"main_coder";2337677;"Voorlopige balans: één Dam-demonstrant heeft coronavirus";"2020-06-18";"https://nos.nl/artikel/2337677-voorlopige-balans-een-dam-demonstrant-heeft-coronavirus.html";"NOS";"1";"1";"0";"0";"0";"0";"0";"0";"0";"0";"0";"0";"0";"0";"0";"0";"";"1";"0"
"main_coder";2382236;"Podcast Oog: Shell mag minder uitstoten, jongeren over de dood";"2021-05-25";"https://nos.nl/artikel/2382236-podcast-oog-shell-mag-minder-uitstoten-jongeren-over-de-dood";"NOS";"0";"0";"0";"0";"0";"0";"0";"0";"0";"0";"0";"0";"0";"0";"0";"0";"";"0";"0"
"main_coder";2448748;"Boetes voor artsen wegens niet-geregistreerde coronamedicijnen";"2022-10-17";"https://nos.nl/artikel/2448748-boetes-voor-artsen-wegens-niet-geregistreerde-coronamedicijnen";"NOS";"0";"0";"0";"0";"0";"0";"0";"0";"0";"0";"0";"0";"0";"0";"0";"0";"";"0";"0"
"main_coder";2407489;"Doodgeboortes bij niet-gevaccineerde vrouwen na ontsteking door corona";"2021-11-29";"https://nos.nl/artikel/2407489-doodgeboortes-bij-niet-gevaccineerde-vrouwen-na-ontsteking-door-corona";"NOS";"1";"0";"0";"0";"0";"0";"0";"1";"0";"0";"0";"0";"0";"0";"0";"0";"";"1";"1"
"main_coder";2430200;"Aantal Nederlandse gevallen apenpokken sinds maandag verdubbeld";"2022-05-25";"https://nos.nl/artikel/2430200-aantal-nederlandse-gevallen-apenpokken-sinds-maandag-verdubbeld";"NOS";"0";"0";"0";"0";"0";"0";"0";"0";"0";"0";"0";"0";"0";"0";"0";"0";"";"0";"0"
"main_coder";2461576;"150.000 tot 200.000 tellers verwacht bij telling: ""Vogels zijn hot""";"2023-01-28";"https://nos.nl/artikel/2461576-150-000-tot-200-000-tellers-verwacht-bij-telling-vogels-zijn-hot";"NOS";"0";"0";"0";"0";"0";"0";"0";"0";"0";"0";"0";"0";"0";"0";"0";"0";"";"0";"0"
"main_coder";2365836;"190 aanhoudingen bij protest Amsterdam, ambtswoning Halsema extra beveiligd";"2021-01-24";"https://nos.nl/artikel/2365836-190-aanhoudingen-bij-protest-amsterdam-ambtswoning-halsema-extra-beveiligd";"NOS";"1";"0";"0";"0";"0";"0";"0";"0";"0";"0";"0";"1";"0";"0";"0";"0";"";"1";"1"
"main_coder";2431503;"Beruchte motorrace op Isle of Man eist opnieuw leven: 250 doden sinds 1907";"2022-06-05";"https://nos.nl/artikel/2431503-beruchte-motorrace-op-isle-of-man-eist-opnieuw-leven-250-doden-sinds-1907";"NOS";"0";"0";"0";"0";"0";"0";"0";"0";"0";"0";"0";"0";"0";"0";"0";"0";"";"0";"0"
"main_coder";2423400;"SER: ""Geef werknemers meer zeggenschap over thuiswerken""";"2022-03-31";"https://nos.nl/nieuwsuur/artikel/2423400-ser-geef-werknemers-meer-zeggenschap-over-thuiswerken";"NOS";"0";"0";"0";"0";"0";"0";"0";"0";"0";"0";"0";"0";"0";"0";"0";"0";"";"0";"0"
"main_coder";2468147;"Centrale banken komen met extra leenmogelijkheden voor banken";"2023-03-20";"https://nos.nl/artikel/2468147-centrale-banken-komen-met-extra-leenmogelijkheden-voor-banken";"NOS";"0";"0";"0";"0";"0";"0";"0";"0";"0";"0";"0";"0";"0";"0";"0";"0";"";"0";"0"
"main_coder";2369977;"Geen coronabesmettingen na proefcongres in Beatrix Theater";"2021-02-23";"https://nos.nl/artikel/2369977-geen-coronabesmettingen-na-proefcongres-in-beatrix-theater.html";"NOS";"1";"1";"0";"1";"0";"0";"0";"0";"0";"0";"0";"0";"0";"0";"0";"0";"";"1";"0"
"main_coder";2378711;"Na een speelronde met publiek nu weer lege stadions in eredivisie";"2021-04-29";"https://nos.nl/artikel/2378711-na-een-speelronde-met-publiek-nu-weer-lege-stadions-in-eredivisie";"NOS";"1";"0";"1";"0";"0";"0";"0";"0";"0";"0";"0";"0";"0";"0";"0";"0";"";"1";"0"
"main_coder";2404358;"Burgemeesters zetten streep door aftrap carnaval in Noord- en Midden-Limburg";"2021-11-04";"https://nos.nl/artikel/2404358-burgemeesters-zetten-streep-door-aftrap-carnaval-in-noord-en-midden-limburg";"NOS";"1";"0";"1";"0";"0";"0";"0";"0";"0";"0";"0";"0";"0";"0";"0";"0";"";"1";"0"
"main_coder";2349563;"Privacywaakhond wil uitleg over Abu Dhabi-deal";"2020-09-23";"https://nos.nl/artikel/2349563-privacywaakhond-wil-uitleg-over-abu-dhabi-deal.html";"NOS";"1";"0";"0";"1";"0";"0";"0";"0";"0";"0";"0";"0";"0";"0";"0";"0";"";"1";"0"
"main_coder";2431939;"Waar gaat het mis? De ""asielcrisis"" in vijf grafieken";"2022-06-08";"https://nos.nl/artikel/2431939-waar-gaat-het-mis-de-asielcrisis-in-vijf-grafieken";"NOS";"0";"0";"0";"0";"0";"0";"0";"0";"0";"0";"0";"0";"0";"0";"0";"0";"";"0";"0"
"main_coder";2432895;"Mobiliteitsinstituut: gebruik OV op 80 procent ten opzichte van 2019";"2022-06-16";"https://nos.nl/artikel/2432895-mobiliteitsinstituut-gebruik-ov-op-80-procent-ten-opzichte-van-2019";"NOS";"0";"0";"0";"0";"0";"0";"0";"0";"0";"0";"0";"0";"0";"0";"0";"0";"";"0";"0"
"main_coder";2442017;"Niet-gevaccineerde Djokovic moet US Open definitief aan zich voorbij laten gaan";"2022-08-25";"https://nos.nl/artikel/2442017-niet-gevaccineerde-djokovic-moet-us-open-definitief-aan-zich-voorbij-laten-gaan";"NOS";"0";"0";"0";"0";"0";"0";"0";"0";"0";"0";"0";"0";"0";"0";"0";"0";"";"0";"1"
"main_coder";2471262;"Kabinet wil verplichte coronatest voor vreemdelingen die moeten vertrekken";"2023-04-13";"https://nos.nl/artikel/2471262-kabinet-wil-verplichte-coronatest-voor-vreemdelingen-die-moeten-vertrekken";"NOS";"1";"0";"0";"1";"0";"0";"0";"0";"0";"0";"0";"0";"0";"0";"0";"0";"";"1";"0"
"main_coder";2476548;"Impact op gezinnen is groot, maar ministers willen niet zwichten voor bedreigingen";"2023-05-26";"https://nos.nl/artikel/2476548-impact-op-gezinnen-is-groot-maar-ministers-willen-niet-zwichten-voor-bedreigingen";"NOS";"0";"0";"0";"0";"0";"0";"0";"0";"0";"0";"0";"0";"0";"0";"0";"0";"";"0";"0"
"main_coder";2366324;"Voor de tweede avond op rij geen grote incidenten rondom avondklok";"2021-01-28";"https://nos.nl/artikel/2366324-voor-de-tweede-avond-op-rij-geen-grote-incidenten-rondom-avondklok";"NOS";"1";"0";"1";"0";"0";"0";"0";"0";"0";"0";"0";"0";"0";"0";"0";"0";"";"1";"0"
"main_coder";2407519;"Voetballers Belenenses blijken besmet met omikron, eerste gevallen in Portugal";"2021-11-29";"https://nos.nl/artikel/2407519-voetballers-belenenses-blijken-besmet-met-omikron-eerste-gevallen-in-portugal";"NOS";"1";"1";"0";"0";"0";"0";"0";"0";"0";"0";"0";"0";"0";"0";"0";"1";"Portugal";"1";"0"
"main_coder";2424279;"Miljoenen in Shanghai in lockdown, want ""omikron door zero-covidbeleid weinig verspreid""";"2022-04-07";"https://nos.nl/artikel/2424279-miljoenen-in-shanghai-in-lockdown-want-omikron-door-zero-covidbeleid-weinig-verspreid";"NOS";"1";"1";"0";"0";"1";"0";"0";"0";"0";"0";"0";"0";"0";"0";"0";"1";"China";"1";"0"
"main_coder";2360288;"RIVM: ""Spannend wat er de komende dagen gaat gebeuren""";"2020-12-12";"https://nos.nl/artikel/2360288-rivm-spannend-wat-er-de-komende-dagen-gaat-gebeuren.html";"NOS";"1";"1";"1";"0";"0";"0";"0";"0";"0";"0";"0";"0";"0";"0";"0";"0";"";"1";"0"
"main_coder";2361134;"Kabinet ziet weinig in ""voordelen"" voor gevaccineerden";"2020-12-18";"https://nos.nl/artikel/2361134-kabinet-ziet-weinig-in-voordelen-voor-gevaccineerden.html";"NOS";"1";"0";"0";"0";"1";"0";"0";"0";"0";"0";"0";"0";"0";"0";"0";"0";"";"1";"0"
"main_coder";2427180;"Ruim duizend mensen bij protestmars tegen Rutte in Amsterdam";"2022-05-01";"https://nos.nl/artikel/2427180-ruim-duizend-mensen-bij-protestmars-tegen-rutte-in-amsterdam";"NOS";"0";"0";"0";"0";"0";"0";"0";"0";"0";"0";"0";"0";"0";"0";"0";"0";"";"0";"0"
"main_coder";2391726;"Onzekerheid voor getroffen Limburgse ondernemers, ""meer omzetverlies dan waterschade""";"2021-07-30";"https://nos.nl/artikel/2391726-onzekerheid-voor-getroffen-limburgse-ondernemers-meer-omzetverlies-dan-waterschade";"NOS";"0";"0";"0";"0";"0";"0";"0";"0";"0";"0";"0";"0";"0";"0";"0";"0";"";"0";"1"
"main_coder";2347552;"""Trump wist in februari al hoe gevaarlijk coronavirus is""";"2020-09-09";"https://nos.nl/artikel/2347552-trump-wist-in-februari-al-hoe-gevaarlijk-coronavirus-is.html";"NOS";"1";"0";"0";"0";"0";"0";"0";"0";"0";"0";"0";"0";"0";"1";"0";"1";"US of America";"1";"0"
"main_coder";2404971;"Aantal positieve testen stijgt met 45 procent, 10-14-jarigen scoren hoogst";"2021-11-09";"https://nos.nl/artikel/2404971-aantal-positieve-testen-stijgt-met-45-procent-10-14-jarigen-scoren-hoogst";"NOS";"1";"1";"0";"0";"0";"0";"0";"0";"0";"0";"0";"0";"0";"0";"0";"0";"";"1";"0"
"main_coder";2379617;"RIVM meldt 6861 nieuwe besmettingen, Europese landen in dalende trend";"2021-05-06";"https://nos.nl/artikel/2379617-rivm-meldt-6861-nieuwe-besmettingen-europese-landen-in-dalende-trend";"NOS";"1";"1";"0";"0";"0";"0";"0";"0";"0";"0";"0";"0";"0";"0";"0";"0";"";"1";"0"
"main_coder";2408929;"Kabinet ziet nog weinig ruimte voor versoepelingen";"2021-12-10";"https://nos.nl/artikel/2408929-kabinet-ziet-nog-weinig-ruimte-voor-versoepelingen";"NOS";"1";"0";"1";"0";"0";"0";"0";"0";"0";"0";"0";"0";"0";"0";"0";"0";"";"1";"0"
"main_coder";2457129;"China naarstig op zoek naar ziekenhuisbedden voor coronapatiënten";"2022-12-20";"https://nos.nl/artikel/2457129-china-naarstig-op-zoek-naar-ziekenhuisbedden-voor-coronapatienten";"NOS";"1";"1";"0";"0";"0";"0";"1";"0";"0";"0";"0";"0";"0";"0";"0";"1";"China";"1";"1"
"main_coder";2351150;"Virusremmer remdesivir op, behandeling Nederlandse coronapatiënt moeilijker";"2020-10-06";"https://nos.nl/artikel/2351150-virusremmer-remdesivir-op-behandeling-nederlandse-coronapatient-moeilijker.html";"NOS";"1";"0";"0";"0";"0";"0";"1";"0";"0";"0";"0";"0";"0";"0";"0";"0";"";"1";"0"
"main_coder";2409545;"Overheidsfonds voor waterschade sluit, omzetverlies blijft onvergoed";"2021-12-15";"https://nos.nl/artikel/2409545-overheidsfonds-voor-waterschade-sluit-omzetverlies-blijft-onvergoed";"NOS";"0";"0";"0";"0";"0";"0";"0";"0";"0";"0";"0";"0";"0";"0";"0";"0";"";"0";"0"
"main_coder";2364967;"Tientallen klachten over aperte leugens basisarts op Museumplein";"2021-01-18";"https://nos.nl/artikel/2364967-tientallen-klachten-over-aperte-leugens-basisarts-op-museumplein.html";"NOS";"1";"0";"0";"0";"0";"0";"0";"0";"0";"0";"0";"0";"1";"0";"0";"0";"";"1";"0"
"main_coder";2411476;"Tottenham niet in beroep; Vitesse zeker verder in Conference League";"2021-12-31";"https://nos.nl/artikel/2411476-tottenham-niet-in-beroep-vitesse-zeker-verder-in-conference-league";"NOS";"0";"0";"0";"0";"0";"0";"0";"0";"0";"0";"0";"0";"0";"0";"0";"0";"";"0";"1"
"main_coder";2364382;"Ruim twintig mensen besmet in Fries woonzorgcentrum, deels met Britse variant";"2021-01-14";"https://nos.nl/artikel/2364382-ruim-twintig-mensen-besmet-in-fries-woonzorgcentrum-deels-met-britse-variant.html";"NOS";"1";"1";"0";"0";"0";"0";"0";"0";"0";"0";"0";"0";"0";"0";"0";"0";"";"1";"0"
"main_coder";2407776;"""Eerdere booster had gescheeld, omikron lijkt niet wijdverspreid""";"2021-12-01";"https://nos.nl/artikel/2407776-eerdere-booster-had-gescheeld-omikron-lijkt-niet-wijdverspreid";"";"1";"1";"0";"0";"1";"0";"0";"0";"0";"0";"0";"0";"0";"0";"0";"0";"";"1";"0"
"main_coder";2338198;"Kinderopvang verwacht tekort aan personeel deze zomer";"2020-06-23";"https://nos.nl/artikel/2338198-kinderopvang-verwacht-tekort-aan-personeel-deze-zomer";"NOS";"0";"0";"0";"0";"0";"0";"0";"0";"0";"0";"0";"0";"0";"0";"0";"0";"";"0";"0"
"main_coder";2404253;"Verwarring in carnavalswereld na pakket coronamaatregelen";"2021-11-03";"https://nos.nl/artikel/2404253-verwarring-in-carnavalswereld-na-pakket-coronamaatregelen";"NOS";"1";"0";"1";"0";"0";"0";"0";"0";"0";"1";"0";"0";"0";"0";"0";"0";"";"1";"0"
"main_coder";2360545;"Ziekteverzuim in 17 jaar niet zo hoog";"2020-12-14";"https://nos.nl/artikel/2360545-ziekteverzuim-in-17-jaar-niet-zo-hoog.html";"NOS";"0";"0";"0";"0";"0";"0";"0";"0";"0";"0";"0";"0";"0";"0";"0";"0";"";"0";"0"
"main_coder";2368964;"Rutte en De Jonge staan kinderen te woord op kinderpersconferentie";"2021-02-16";"https://nos.nl/artikel/2368964-rutte-en-de-jonge-staan-kinderen-te-woord-op-kinderpersconferentie.html";"NOS";"1";"0";"1";"0";"0";"0";"0";"0";"0";"0";"0";"0";"0";"0";"0";"0";"";"1";"0"
"main_coder";2430188;"Pfizer stelt medicijnen beschikbaar aan arme landen, ""hoognodige eerste stap""";"2022-05-25";"https://nos.nl/artikel/2430188-pfizer-stelt-medicijnen-beschikbaar-aan-arme-landen-hoognodige-eerste-stap";"NOS";"1";"0";"0";"0";"1";"0";"0";"0";"0";"0";"0";"0";"0";"0";"0";"0";"";"1";"0"
"main_coder";2365028;"Jonk heeft Volendam trots gemaakt: ""Mensen praten weer over ons""";"2021-01-19";"https://nos.nl/artikel/2365028-jonk-heeft-volendam-trots-gemaakt-mensen-praten-weer-over-ons";"NOS";"0";"0";"0";"0";"0";"0";"0";"0";"0";"0";"0";"0";"0";"0";"0";"0";"";"0";"0"
"main_coder";2375881;"Noord-Ierse regering bijeen na rellen, Britse minister roept op tot kalmte";"2021-04-08";"https://nos.nl/artikel/2375881-noord-ierse-regering-bijeen-na-rellen-britse-minister-roept-op-tot-kalmte";"NOS";"0";"0";"0";"0";"0";"0";"0";"0";"0";"0";"0";"0";"0";"0";"0";"0";"";"0";"1"
"main_coder";2485152;"Brabants dorp gaat niet op vakantie, maar naar het circus";"2023-08-02";"https://nos.nl/artikel/2485152-brabants-dorp-gaat-niet-op-vakantie-maar-naar-het-circus";"NOS";"0";"0";"0";"0";"0";"0";"0";"0";"0";"0";"0";"0";"0";"0";"0";"0";"";"0";"0"
"main_coder";2333865;"Coronacijfers van 14 mei: IC-druk daalt, maar veel mensen liggen er lang";"2020-05-14";"https://nos.nl/artikel/2333865-coronacijfers-van-14-mei-ic-druk-daalt-maar-veel-mensen-liggen-er-lang.html";"NOS";"1";"1";"0";"0";"0";"0";"0";"0";"0";"0";"0";"0";"0";"0";"0";"0";"";"1";"0"
"main_coder";2361600;"Congres stemt in met coronasteun van 900 miljard dollar";"2020-12-22";"https://nos.nl/artikel/2361600-congres-stemt-in-met-coronasteun-van-900-miljard-dollar.html";"NOS";"1";"0";"0";"0";"0";"0";"0";"0";"1";"0";"0";"0";"0";"0";"0";"1";"US of America";"0";"0"
"main_coder";2418860;"Coronasteunpakket voor ondernemers stopt per 1 april";"2022-02-25";"https://nos.nl/artikel/2418860-coronasteunpakket-voor-ondernemers-stopt-per-1-april";"NOS";"1";"0";"0";"0";"0";"0";"0";"0";"1";"0";"0";"0";"0";"0";"0";"0";"";"1";"0"
"main_coder";2423819;"Politie ontmantelt veel minder wietplantages en drugslabs";"2022-04-04";"https://nos.nl/artikel/2423819-politie-ontmantelt-veel-minder-wietplantages-en-drugslabs";"NOS";"0";"0";"0";"0";"0";"0";"0";"0";"0";"0";"0";"0";"0";"0";"0";"0";"";"0";"0"
"main_coder";2404906;"Bolsonaro kiest partij in aanloop naar presidentsverkiezingen Brazilië";"2021-11-09";"https://nos.nl/artikel/2404906-bolsonaro-kiest-partij-in-aanloop-naar-presidentsverkiezingen-brazilie";"NOS";"0";"0";"0";"0";"0";"0";"0";"0";"0";"0";"0";"0";"0";"0";"0";"0";"";"0";"0"
"main_coder";2376106;"#StopAsianHate-demo in Amsterdam: ""Anti-Aziatisch racisme gaat verder dan schelden""";"2021-04-10";"https://nos.nl/artikel/2376106-stopasianhate-demo-in-amsterdam-anti-aziatisch-racisme-gaat-verder-dan-schelden";"NOS";"0";"0";"0";"0";"0";"0";"0";"0";"0";"0";"0";"0";"0";"0";"0";"0";"";"0";"0"
"main_coder";2410791;"Kinderen niet meer opgevangen door grote personeelstekorten";"2021-12-24";"https://nos.nl/artikel/2410791-kinderen-niet-meer-opgevangen-door-grote-personeelstekorten";"NOS";"0";"0";"0";"0";"0";"0";"0";"0";"0";"0";"0";"0";"0";"0";"0";"0";"";"0";"0"
"main_coder";2394513;"Veelbelovend middel verkleint kans op het krijgen van corona flink";"2021-08-20";"https://nos.nl/artikel/2394513-veelbelovend-middel-verkleint-kans-op-het-krijgen-van-corona-flink";"NOS";"1";"0";"0";"0";"0";"0";"0";"1";"0";"0";"0";"0";"0";"0";"0";"0";"";"1";"1"
"main_coder";2457889;"Man achter ontvoeringsplan gouverneur Michigan krijgt 16 jaar";"2022-12-27";"https://nos.nl/artikel/2457889-man-achter-ontvoeringsplan-gouverneur-michigan-krijgt-16-jaar";"NOS";"0";"0";"0";"0";"0";"0";"0";"0";"0";"0";"0";"0";"0";"0";"0";"0";"";"0";"0"
"main_coder";2381341;"GGD: zeker 483 besmettingen Koningsdag A'dam, veruit meeste binnen opgelopen";"2021-05-19";"https://nos.nl/artikel/2381341-ggd-zeker-483-besmettingen-koningsdag-a-dam-veruit-meeste-binnen-opgelopen";"NOS";"1";"1";"0";"0";"0";"0";"0";"0";"0";"0";"0";"0";"0";"0";"0";"0";"";"1";"0"
"main_coder";2410456;"Op veel plekken gratis zelftests, maar niet voor iedereen";"2021-12-22";"https://nos.nl/nieuwsuur/artikel/2410456-op-veel-plekken-gratis-zelftests-maar-niet-voor-iedereen";"NOS";"1";"0";"0";"1";"0";"0";"0";"0";"0";"0";"0";"0";"0";"0";"0";"0";"";"1";"0"
"main_coder";2378733;"En weer slaat Luiten een hole-in-one op eerste toernooidag";"2021-04-29";"https://nos.nl/artikel/2378733-en-weer-slaat-luiten-een-hole-in-one-op-eerste-toernooidag";"NOS";"0";"0";"0";"0";"0";"0";"0";"0";"0";"0";"0";"0";"0";"0";"0";"0";"";"0";"1"
"main_coder";2391316;"3513 nieuwe besmettingen gemeld, cijfers vertekend door storing";"2021-07-28";"https://nos.nl/artikel/2391316-3513-nieuwe-besmettingen-gemeld-cijfers-vertekend-door-storing";"NOS";"1";"1";"0";"0";"0";"0";"0";"0";"0";"0";"0";"0";"0";"0";"0";"0";"";"1";"0"
"main_coder";2461915;"Ondernemers merken populariteit alcoholloze Dry January";"2023-01-31";"https://nos.nl/artikel/2461915-ondernemers-merken-populariteit-alcoholloze-dry-january";"NOS";"0";"0";"0";"0";"0";"0";"0";"0";"0";"0";"0";"0";"0";"0";"0";"0";"";"0";"0"
"main_coder";2464994;"Rusland aan verliezende hand in energie-oorlog";"2023-02-23";"https://nos.nl/artikel/2464994-rusland-aan-verliezende-hand-in-energie-oorlog";"NOS";"0";"0";"0";"0";"0";"0";"0";"0";"0";"0";"0";"0";"0";"0";"0";"0";"";"0";"0"
"main_coder";2480490;"Steeds meer kinderen in deeltijd in pleeggezin: ""Goede ontwikkeling""";"2023-06-27";"https://nos.nl/artikel/2480490-steeds-meer-kinderen-in-deeltijd-in-pleeggezin-goede-ontwikkeling";"NOS";"0";"0";"0";"0";"0";"0";"0";"0";"0";"0";"0";"0";"0";"0";"0";"0";"";"0";"0"
"main_coder";2359853;"Deze coronamaatregelen (blijven) gelden in feestmaand december";"2020-12-08";"https://nos.nl/artikel/2359853-deze-coronamaatregelen-blijven-gelden-in-feestmaand-december.html";"NOS";"1";"0";"1";"0";"0";"0";"0";"0";"0";"1";"0";"0";"0";"0";"0";"0";"";"1";"0"
"main_coder";2417700;"Vitesse is de weg kwijt, maar ""Europese duels waren de beste dit seizoen""";"2022-02-17";"https://nos.nl/artikel/2417700-vitesse-is-de-weg-kwijt-maar-europese-duels-waren-de-beste-dit-seizoen";"NOS";"0";"0";"0";"0";"0";"0";"0";"0";"0";"0";"0";"0";"0";"0";"0";"0";"";"0";"1"
"main_coder";2471885;"SP-Kamerlid Maarten Hijink stopt ermee vanwege wissel op gezinsleven";"2023-04-18";"https://nos.nl/artikel/2471885-sp-kamerlid-maarten-hijink-stopt-ermee-vanwege-wissel-op-gezinsleven";"NOS";"0";"0";"0";"0";"0";"0";"0";"0";"0";"0";"0";"0";"0";"0";"0";"0";"";"0";"0"
"main_coder";2345807;"Hoekstra: bedrijven en mensen moeten zich aanpassen, en soms nieuw werk zoeken";"2020-08-28";"https://nos.nl/nieuwsuur/artikel/2345807-hoekstra-bedrijven-en-mensen-moeten-zich-aanpassen-en-soms-nieuw-werk-zoeken";"NOS";"1";"0";"0";"0";"0";"0";"0";"0";"1";"0";"0";"0";"0";"0";"0";"0";"";"1";"0"
"main_coder";2352233;"""Militieleden dachten ook aan kidnappen gouverneur Virginia""";"2020-10-14";"https://nos.nl/artikel/2352233-militieleden-dachten-ook-aan-kidnappen-gouverneur-virginia.html";"NOS";"0";"0";"0";"0";"0";"0";"0";"0";"0";"0";"0";"0";"0";"0";"0";"0";"";"0";"0"
"main_coder";2380356;"Kabinet wil bonus voor alle medewerkers in zorg";"2021-05-12";"https://nos.nl/artikel/2380356-kabinet-wil-bonus-voor-alle-medewerkers-in-zorg";"NOS";"0";"0";"0";"0";"0";"0";"0";"0";"0";"0";"0";"0";"0";"0";"0";"0";"";"0";"0"
"main_coder";2392023;"Daling zet door, 2350 nieuwe besmettingen gemeld";"2021-08-01";"https://nos.nl/artikel/2392023-daling-zet-door-2350-nieuwe-besmettingen-gemeld";"NOS";"1";"1";"0";"0";"0";"0";"0";"0";"0";"0";"0";"0";"0";"0";"0";"0";"";"1";"0"
"main_coder";2426138;"Invictus Games in Den Haag voorbij, bijna 100.000 bezoekers";"2022-04-22";"https://nos.nl/artikel/2426138-invictus-games-in-den-haag-voorbij-bijna-100-000-bezoekers";"NOS";"0";"0";"0";"0";"0";"0";"0";"0";"0";"0";"0";"0";"0";"0";"0";"0";"";"0";"0"
"main_coder";2427046;"Drukte door suikerfeestaankopen: ""In een dag 3000 kilo koekjes verkocht""";"2022-04-30";"https://nos.nl/artikel/2427046-drukte-door-suikerfeestaankopen-in-een-dag-3000-kilo-koekjes-verkocht";"NOS";"0";"0";"0";"0";"0";"0";"0";"0";"0";"0";"0";"0";"0";"0";"0";"0";"";"0";"0"
"main_coder";2407736;"Winterslaap, kerstlunch of later beslissen: kerst-onzekerheid in restaurants";"2021-12-01";"https://nos.nl/artikel/2407736-winterslaap-kerstlunch-of-later-beslissen-kerst-onzekerheid-in-restaurants";"NOS";"1";"0";"1";"0";"0";"0";"0";"0";"0";"0";"0";"0";"0";"0";"0";"0";"";"1";"0"
"main_coder";2462724;"Zo zag je veldrijden nog nooit: wie zitten er achter die spectaculaire dronebeelden?";"2023-02-06";"https://nos.nl/artikel/2462724-zo-zag-je-veldrijden-nog-nooit-wie-zitten-er-achter-die-spectaculaire-dronebeelden";"NOS";"0";"0";"0";"0";"0";"0";"0";"0";"0";"0";"0";"0";"0";"0";"0";"0";"";"0";"1"
"main_coder";2431805;"Belgisch koningspaar bezoekt Congo in ""reis van de dekolonisering""";"2022-06-07";"https://nos.nl/artikel/2431805-belgisch-koningspaar-bezoekt-congo-in-reis-van-de-dekolonisering";"NOS";"0";"0";"0";"0";"0";"0";"0";"0";"0";"0";"0";"0";"0";"0";"0";"0";"";"0";"0"
"main_coder";2366259;"Met het verspreiden van vaccins doen China en Rusland iets wat het Westen nalaat";"2021-01-27";"https://nos.nl/nieuwsuur/artikel/2366259-met-het-verspreiden-van-vaccins-doen-china-en-rusland-iets-wat-het-westen-nalaat";"NOS";"1";"0";"0";"0";"1";"0";"0";"0";"0";"0";"0";"0";"0";"0";"1";"1";"China, Russian Federation";"1";"0"
"main_coder";2417521;"Limburg en Brabant maken zich op voor carnaval";"2022-02-15";"https://nos.nl/artikel/2417521-limburg-en-brabant-maken-zich-op-voor-carnaval";"NOS";"1";"0";"1";"0";"0";"0";"0";"0";"0";"1";"0";"0";"0";"0";"0";"0";"";"1";"0"
"main_coder";2419246;"FIOD houdt Sywert van Lienden aan vanwege mondkapjesdeal";"2022-02-28";"https://nos.nl/artikel/2419246-fiod-houdt-sywert-van-lienden-aan-vanwege-mondkapjesdeal";"NOS";"0";"0";"0";"0";"0";"0";"0";"0";"0";"0";"0";"0";"0";"0";"0";"0";"";"0";"1"
"main_coder";2434492;"Oranjevrouwen geven sobere avond toch tikkeltje vreugde met zege op Belarus";"2022-06-28";"https://nos.nl/artikel/2434492-oranjevrouwen-geven-sobere-avond-toch-tikkeltje-vreugde-met-zege-op-belarus";"NOS";"0";"0";"0";"0";"0";"0";"0";"0";"0";"0";"0";"0";"0";"0";"0";"0";"";"0";"0"
"main_coder";2484172;"Zwaar verlieslijdend Spotify krijgt er wel veel nieuwe luisteraars bij";"2023-07-25";"https://nos.nl/artikel/2484172-zwaar-verlieslijdend-spotify-krijgt-er-wel-veel-nieuwe-luisteraars-bij";"NOS";"0";"0";"0";"0";"0";"0";"0";"0";"0";"0";"0";"0";"0";"0";"0";"0";"";"0";"0"
"main_coder";2342069;"Reisadvies Barcelona aangepast: ""Het vakantiegevoel is wel een beetje zoek""";"2020-07-28";"https://nos.nl/artikel/2342069-reisadvies-barcelona-aangepast-het-vakantiegevoel-is-wel-een-beetje-zoek.html";"NOS";"1";"0";"1";"0";"0";"0";"0";"0";"0";"0";"0";"0";"0";"0";"0";"0";"";"1";"0"
"main_coder";2372349;"6068 nieuwe besmettingen, hoogste aantal in bijna twee maanden";"2021-03-12";"https://nos.nl/artikel/2372349-6068-nieuwe-besmettingen-hoogste-aantal-in-bijna-twee-maanden";"NOS";"1";"1";"0";"0";"0";"0";"0";"0";"0";"0";"0";"0";"0";"0";"0";"0";"";"1";"0"
"main_coder";2423521;"Zeer gunstige WK-loting Oranje met Qatar, Senegal en Ecuador als tegenstanders";"2022-04-01";"https://nos.nl/artikel/2423521-zeer-gunstige-wk-loting-oranje-met-qatar-senegal-en-ecuador-als-tegenstanders";"NOS";"0";"0";"0";"0";"0";"0";"0";"0";"0";"0";"0";"0";"0";"0";"0";"0";"";"0";"1"
"main_coder";2376839;"8797 nieuwe besmettingen, gemiddelde stijgt";"2021-04-15";"https://nos.nl/artikel/2376839-8797-nieuwe-besmettingen-gemiddelde-stijgt";"NOS";"1";"1";"0";"0";"0";"0";"0";"0";"0";"0";"0";"0";"0";"0";"0";"0";"";"1";"0"
"main_coder";2409060;"Het succes van modetentoonstellingen: ""tastbaar"" en ""begerenswaardig""";"2021-12-11";"https://nos.nl/artikel/2409060-het-succes-van-modetentoonstellingen-tastbaar-en-begerenswaardig";"NOS";"0";"0";"0";"0";"0";"0";"0";"0";"0";"0";"0";"0";"0";"0";"0";"0";"";"0";"1"
"main_coder";2385780;"Zeeland krijgt voor het eerst een Roze Zaterdag";"2021-06-19";"https://nos.nl/artikel/2385780-zeeland-krijgt-voor-het-eerst-een-roze-zaterdag";"NOS";"0";"0";"0";"0";"0";"0";"0";"0";"0";"0";"0";"0";"0";"0";"0";"0";"";"0";"0"
"main_coder";2413206;"Gaat vliegveld Maastricht dicht of komt er toch een opknapbeurt?";"2022-01-15";"https://nos.nl/artikel/2413206-gaat-vliegveld-maastricht-dicht-of-komt-er-toch-een-opknapbeurt";"NOS";"0";"0";"0";"0";"0";"0";"0";"0";"0";"0";"0";"0";"0";"0";"0";"0";"";"0";"0"
"main_coder";2424899;"Ontmoet de correspondenten tijdens de NOS Correspondentenavond";"2022-04-12";"https://nos.nl/artikel/2424899-ontmoet-de-correspondenten-tijdens-de-nos-correspondentenavond";"NOS";"0";"0";"0";"0";"0";"0";"0";"0";"0";"0";"0";"0";"0";"0";"0";"0";"";"0";"0"
"main_coder";2451425;"Bisschoppen zoeken in Vaticaan antwoord op leeglopende kerken in Nederland";"2022-11-07";"https://nos.nl/artikel/2451425-bisschoppen-zoeken-in-vaticaan-antwoord-op-leeglopende-kerken-in-nederland";"NOS";"0";"0";"0";"0";"0";"0";"0";"0";"0";"0";"0";"0";"0";"0";"0";"0";"";"0";"0"
"main_coder";2371893;"Rookoverlast door brand Den Bosch: teststraat, cellen en ROC ontruimd";"2021-03-09";"https://nos.nl/artikel/2371893-rookoverlast-door-brand-den-bosch-teststraat-cellen-en-roc-ontruimd.html";"NOS";"0";"0";"0";"0";"0";"0";"0";"0";"0";"0";"0";"0";"0";"0";"0";"0";"";"0";"0"
"main_coder";2424071;"Honderdduizenden ondernemers in problemen, KvK verwacht toename faillissementen";"2022-04-06";"https://nos.nl/artikel/2424071-honderdduizenden-ondernemers-in-problemen-kvk-verwacht-toename-faillissementen";"NOS";"0";"0";"0";"0";"0";"0";"0";"0";"0";"0";"0";"0";"0";"0";"0";"0";"";"0";"0"
"main_coder";2426037;"Nieuwe streamingdienst CNN+ enkele weken na lancering alweer stopgezet";"2022-04-22";"https://nos.nl/artikel/2426037-nieuwe-streamingdienst-cnn-enkele-weken-na-lancering-alweer-stopgezet";"NOS";"0";"0";"0";"0";"0";"0";"0";"0";"0";"0";"0";"0";"0";"0";"0";"0";"";"0";"1"
"main_coder";2430049;"Eerste Kamer verwerpt wetsvoorstel vaccinatie kinderopvang";"2022-05-24";"https://nos.nl/artikel/2430049-eerste-kamer-verwerpt-wetsvoorstel-vaccinatie-kinderopvang";"NOS";"1";"0";"0";"0";"1";"0";"0";"0";"0";"0";"0";"0";"0";"0";"0";"0";"";"1";"0"
"main_coder";2465052;"Na magere jaren krijgt Booking meer boekingen binnen dan ooit tevoren";"2023-02-24";"https://nos.nl/artikel/2465052-na-magere-jaren-krijgt-booking-meer-boekingen-binnen-dan-ooit-tevoren";"NOS";"0";"0";"0";"0";"0";"0";"0";"0";"0";"0";"0";"0";"0";"0";"0";"0";"";"0";"0"
"main_coder";2384806;"Protest tegen extreemrechts in veel Franse steden";"2021-06-12";"https://nos.nl/artikel/2384806-protest-tegen-extreemrechts-in-veel-franse-steden";"NOS";"0";"0";"0";"0";"0";"0";"0";"0";"0";"0";"0";"0";"0";"0";"0";"0";"";"0";"1"
"main_coder";2404111;"Waarom wil de EU dat we de zelfstandigen- en hypotheekrenteaftrek afbouwen?";"2021-11-02";"https://nos.nl/artikel/2404111-waarom-wil-de-eu-dat-we-de-zelfstandigen-en-hypotheekrenteaftrek-afbouwen";"NOS";"0";"0";"0";"0";"0";"0";"0";"0";"0";"0";"0";"0";"0";"0";"0";"0";"";"0";"0"
"main_coder";2412529;"Scholen weer open, maar ""regie bij aanpak ventilatie ontbreekt""";"2022-01-10";"https://nos.nl/artikel/2412529-scholen-weer-open-maar-regie-bij-aanpak-ventilatie-ontbreekt";"NOS";"1";"0";"1";"0";"0";"0";"0";"0";"0";"0";"0";"0";"0";"0";"0";"0";"";"1";"0"
"main_coder";2437667;"Italiaanse premier Draghi stapt op na vertrouwenscrisis";"2022-07-21";"https://nos.nl/artikel/2437667-italiaanse-premier-draghi-stapt-op-na-vertrouwenscrisis";"NOS";"0";"0";"0";"0";"0";"0";"0";"0";"0";"0";"0";"0";"0";"0";"0";"0";"";"0";"0"
"main_coder";2390412;"Fors meer uitgegeven bij Europese webwinkels in lockdown";"2021-07-23";"https://nos.nl/artikel/2390412-fors-meer-uitgegeven-bij-europese-webwinkels-in-lockdown";"NOS";"1";"0";"0";"0";"0";"0";"0";"0";"1";"0";"0";"0";"0";"0";"0";"0";"";"1";"0"
"main_coder";2358013;"Nieuwe oproep tot stoppen geweld tegen vrouwen";"2020-11-25";"https://nos.nl/artikel/2358013-nieuwe-oproep-tot-stoppen-geweld-tegen-vrouwen";"NOS";"0";"0";"0";"0";"0";"0";"0";"0";"0";"0";"0";"0";"0";"0";"0";"0";"";"0";"0"
"main_coder";2378656;"Meldingen CoronaMelder tijdelijk gestopt vanwege zorgen over privacy";"2021-04-28";"https://nos.nl/artikel/2378656-meldingen-coronamelder-tijdelijk-gestopt-vanwege-zorgen-over-privacy";"NOS";"0";"0";"0";"0";"0";"0";"0";"0";"0";"0";"0";"0";"0";"0";"0";"0";"";"0";"0"
"main_coder";2405361;"Drietal vast om QR-fraude, mogelijk duizenden valse codes in omloop";"2021-11-12";"https://nos.nl/artikel/2405361-drietal-vast-om-qr-fraude-mogelijk-duizenden-valse-codes-in-omloop";"NOS";"0";"0";"0";"0";"0";"0";"0";"0";"0";"0";"0";"0";"0";"0";"0";"0";"";"0";"0"
"main_coder";2384200;"Nog veel vragen over mondkapjesdeal Van Lienden";"2021-06-08";"https://nos.nl/artikel/2384200-nog-veel-vragen-over-mondkapjesdeal-van-lienden";"NOS";"0";"0";"0";"0";"0";"0";"0";"0";"0";"0";"0";"0";"0";"0";"0";"0";"";"0";"0"
"main_coder";2404961;"Podcast Oog: Migranten Belarus, boswachter anno 2021 en Elfde van de Elfde";"2021-11-09";"https://nos.nl/artikel/2404961-podcast-oog-migranten-belarus-boswachter-anno-2021-en-elfde-van-de-elfde";"NOS";"0";"0";"0";"0";"0";"0";"0";"0";"0";"0";"0";"0";"0";"0";"0";"0";"";"0";"0"
"main_coder";2439989;"Ahold Delhaize brengt bol.com toch nog niet naar de beurs";"2022-08-10";"https://nos.nl/artikel/2439989-ahold-delhaize-brengt-bol-com-toch-nog-niet-naar-de-beurs";"NOS";"0";"0";"0";"0";"0";"0";"0";"0";"0";"0";"0";"0";"0";"0";"0";"0";"";"0";"0"
"main_coder";2408903;"RIVM: mensen houden zich meer aan maatregelen";"2021-12-10";"https://nos.nl/artikel/2408903-rivm-mensen-houden-zich-meer-aan-maatregelen";"NOS";"1";"0";"1";"0";"0";"0";"0";"0";"0";"0";"0";"0";"0";"0";"0";"0";"";"1";"0"
"main_coder";2456246;"Oversteek 1500 migranten Mexico-VS gefilmd, aantallen nemen toe";"2022-12-13";"https://nos.nl/artikel/2456246-oversteek-1500-migranten-mexico-vs-gefilmd-aantallen-nemen-toe";"NOS";"0";"0";"0";"0";"0";"0";"0";"0";"0";"0";"0";"0";"0";"0";"0";"0";"";"0";"0"
"main_coder";2454001;"Protesten in China tegen coronabeleid na brand met tien doden";"2022-11-26";"https://nos.nl/artikel/2454001-protesten-in-china-tegen-coronabeleid-na-brand-met-tien-doden";"NOS";"1";"0";"0";"0";"0";"0";"0";"0";"0";"0";"0";"1";"0";"0";"0";"1";"China";"1";"1"
"main_coder";2360060;"GGD gaat in januari prikken en heeft daar honderden mensen voor nodig";"2020-12-10";"https://nos.nl/collectie/13850/artikel/2360060-ggd-gaat-in-januari-prikken-en-heeft-daar-honderden-mensen-voor-nodig";"NOS";"1";"0";"0";"0";"1";"0";"0";"0";"0";"0";"0";"0";"0";"0";"0";"0";"";"1";"0"
"main_coder";2447945;"Ziekenhuisopnames door corona lopen op, waarschuwingsniveau verhoogd";"2022-10-11";"https://nos.nl/artikel/2447945-ziekenhuisopnames-door-corona-lopen-op-waarschuwingsniveau-verhoogd";"NOS";"1";"1";"0";"0";"0";"0";"0";"0";"0";"0";"0";"0";"0";"0";"0";"0";"";"1";"0"
"main_coder";2459721;"Weer amper regen in Hoorn van Afrika, ""situatie steeds schrijnender""";"2023-01-13";"https://nos.nl/artikel/2459721-weer-amper-regen-in-hoorn-van-afrika-situatie-steeds-schrijnender";"NOS";"0";"0";"0";"0";"0";"0";"0";"0";"0";"0";"0";"0";"0";"0";"0";"0";"";"0";"0"
"main_coder";2479682;"Vader schudt baby dood, acht jaar cel";"2023-06-20";"https://nos.nl/artikel/2479682-vader-schudt-baby-dood-acht-jaar-cel";"NOS";"0";"0";"0";"0";"0";"0";"0";"0";"0";"0";"0";"0";"0";"0";"0";"0";"";"0";"0"
"main_coder";2412499;"Arsenal verslikt zich in tweedeklasser, Liverpool en Spurs komen goed weg";"2022-01-09";"https://nos.nl/artikel/2412499-arsenal-verslikt-zich-in-tweedeklasser-liverpool-en-spurs-komen-goed-weg";"NOS";"0";"0";"0";"0";"0";"0";"0";"0";"0";"0";"0";"0";"0";"0";"0";"0";"";"0";"0"
"main_coder";2416209;"""Coronacijfers gunstig, volgende week meer versoepelingen""";"2022-02-07";"https://nos.nl/nieuwsuur/artikel/2416209-coronacijfers-gunstig-volgende-week-meer-versoepelingen";"NOS";"1";"1";"1";"0";"1";"0";"0";"0";"0";"0";"0";"0";"0";"0";"0";"0";"";"1";"0"
"main_coder";2439663;"Bedrijfswinsten zijn hoog, de rekening is voor de consument";"2022-08-07";"https://nos.nl/artikel/2439663-bedrijfswinsten-zijn-hoog-de-rekening-is-voor-de-consument";"NOS";"0";"0";"0";"0";"0";"0";"0";"0";"0";"0";"0";"0";"0";"0";"0";"0";"";"0";"0"
"main_coder";2470437;"Eredivisie-directeur De Jong: ""Het voetbal kan dit probleem alleen niet oplossen""";"2023-04-06";"https://nos.nl/artikel/2470437-eredivisie-directeur-de-jong-het-voetbal-kan-dit-probleem-alleen-niet-oplossen";"NOS";"0";"0";"0";"0";"0";"0";"0";"0";"0";"0";"0";"0";"0";"0";"0";"0";"";"0";"0"
"main_coder";2390222;"DDoS-aanvallen op GGD-sites voor test- en prikafspraken";"2021-07-21";"https://nos.nl/artikel/2390222-ddos-aanvallen-op-ggd-sites-voor-test-en-prikafspraken";"NOS";"0";"0";"0";"0";"0";"0";"0";"0";"0";"0";"0";"0";"0";"0";"0";"0";"";"0";"0"
"main_coder";2409943;"Zijn we strenger dan buurlanden? ""Nederland doet al veel""";"2021-12-17";"https://nos.nl/nieuwsuur/artikel/2409943-zijn-we-strenger-dan-buurlanden-nederland-doet-al-veel";"NOS";"1";"1";"1";"0";"0";"0";"0";"0";"0";"0";"0";"0";"0";"0";"0";"0";"";"1";"0"
"main_coder";2450701;"Koolmees begonnen als topman NS, dit krijgt hij op zijn bord";"2022-11-01";"https://nos.nl/artikel/2450701-koolmees-begonnen-als-topman-ns-dit-krijgt-hij-op-zijn-bord";"NOS";"0";"0";"0";"0";"0";"0";"0";"0";"0";"0";"0";"0";"0";"0";"0";"0";"";"0";"0"
"main_coder";2425529;"Van Baarles ""Ineos 2.0"" maakt Parijs-Roubaix snoeihard: ""Karren maar!""";"2022-04-17";"https://nos.nl/artikel/2425529-van-baarles-ineos-2-0-maakt-parijs-roubaix-snoeihard-karren-maar";"NOS";"0";"0";"0";"0";"0";"0";"0";"0";"0";"0";"0";"0";"0";"0";"0";"0";"";"0";"0"
"main_coder";2437543;"Opsteker voor Oranje: Miedema test negatief en keert terug in EK-selectie";"2022-07-20";"https://nos.nl/artikel/2437543-opsteker-voor-oranje-miedema-test-negatief-en-keert-terug-in-ek-selectie";"NOS";"0";"0";"0";"0";"0";"0";"0";"0";"0";"0";"0";"0";"0";"0";"0";"0";"";"0";"0"
"main_coder";2445806;"Zag familie Van Vleuten stunten? ""Gezegd dat ze lekker konden blijven slapen""";"2022-09-24";"https://nos.nl/artikel/2445806-zag-familie-van-vleuten-stunten-gezegd-dat-ze-lekker-konden-blijven-slapen";"NOS";"0";"0";"0";"0";"0";"0";"0";"0";"0";"0";"0";"0";"0";"0";"0";"0";"";"0";"1"
"main_coder";2386070;"Toegangsbewijs voor festival of club: ""Er is altijd een groep die dit niet accepteert""";"2021-06-21";"https://nos.nl/artikel/2386070-toegangsbewijs-voor-festival-of-club-er-is-altijd-een-groep-die-dit-niet-accepteert";"NOS";"1";"0";"0";"1";"1";"0";"0";"0";"0";"0";"0";"0";"0";"0";"0";"0";"";"1";"1"
"main_coder";2419542;"Stijging positieve coronatests, mogelijk door carnaval, wintersport en versoepelingen";"2022-03-02";"https://nos.nl/artikel/2419542-stijging-positieve-coronatests-mogelijk-door-carnaval-wintersport-en-versoepelingen";"NOS";"1";"1";"0";"0";"0";"0";"0";"0";"0";"0";"0";"0";"0";"0";"0";"0";"";"1";"0"
"main_coder";2350316;"Weekcijfers corona: zo'n 150.000 mensen kunnen virus overdragen";"2020-09-29";"https://nos.nl/artikel/2350316-weekcijfers-corona-zo-n-150-000-mensen-kunnen-virus-overdragen";"NOS";"1";"1";"0";"0";"0";"0";"0";"0";"0";"0";"0";"0";"0";"0";"0";"0";"";"0";"0"
"main_coder";2424050;"Koeman keert terug bij Oranje en tekent tot en met het WK van 2026";"2022-04-05";"https://nos.nl/artikel/2424050-koeman-keert-terug-bij-oranje-en-tekent-tot-en-met-het-wk-van-2026";"NOS";"0";"0";"0";"0";"0";"0";"0";"0";"0";"0";"0";"0";"0";"0";"0";"0";"";"0";"0"
"main_coder";2334655;"Brazilianen protesteren ondanks de pandemie, voor én tegen Bolsonaro";"2020-05-21";"https://nos.nl/artikel/2334655-brazilianen-protesteren-ondanks-de-pandemie-voor-en-tegen-bolsonaro";"NOS";"0";"0";"0";"0";"0";"0";"0";"0";"0";"0";"0";"0";"0";"0";"0";"0";"";"0";"1"
"main_coder";2339595;"Modezaken worstelen met impact corona, veel uitverkoop en onverkochte voorraden";"2020-07-05";"https://nos.nl/artikel/2339595-modezaken-worstelen-met-impact-corona-veel-uitverkoop-en-onverkochte-voorraden.html";"NOS";"1";"0";"0";"0";"0";"0";"0";"0";"1";"0";"0";"0";"0";"0";"0";"0";"";"1";"1"
"main_coder";2343994;"Eén nieuwe coronabesmetting bekend na eerste testdag op Terschelling";"2020-08-13";"https://nos.nl/artikel/2343994-een-nieuwe-coronabesmetting-bekend-na-eerste-testdag-op-terschelling.html";"NOS";"1";"1";"0";"1";"0";"0";"0";"0";"0";"0";"0";"0";"0";"0";"0";"0";"";"1";"0"
"main_coder";2373142;"Tanzania krijgt een nieuwe president, maar ook een nieuw coronabeleid?";"2021-03-18";"https://nos.nl/artikel/2373142-tanzania-krijgt-een-nieuwe-president-maar-ook-een-nieuw-coronabeleid.html";"NOS";"1";"0";"0";"0";"0";"0";"0";"0";"0";"0";"0";"0";"0";"1";"0";"1";"United Republic of Tanzania";"1";"0"
"main_coder";2370974;"Druk om te versoepelen groeit, maar ""coronacadeau"" kan averechts werken";"2021-03-02";"https://nos.nl/collectie/13860/artikel/2370974-druk-om-te-versoepelen-groeit-maar-coronacadeau-kan-averechts-werken";"NOS";"1";"0";"1";"0";"0";"0";"0";"0";"0";"0";"0";"0";"0";"1";"0";"0";"";"1";"0"
"main_coder";2424990;"Als wielrenner Van der Hoorn niet in de vlucht zit, dwalen gedachten af naar Kiev";"2022-04-13";"https://nos.nl/artikel/2424990-als-wielrenner-van-der-hoorn-niet-in-de-vlucht-zit-dwalen-gedachten-af-naar-kiev";"NOS";"0";"0";"0";"0";"0";"0";"0";"0";"0";"0";"0";"0";"0";"0";"0";"0";"";"0";"0"
"main_coder";2483873;"Spanjaarden naar de stembus, dit kan er na vandaag gebeuren";"2023-07-23";"https://nos.nl/artikel/2483873-spanjaarden-naar-de-stembus-dit-kan-er-na-vandaag-gebeuren";"NOS";"0";"0";"0";"0";"0";"0";"0";"0";"0";"0";"0";"0";"0";"0";"0";"0";"";"0";"0"
"main_coder";2450794;"Vijf mensen aangehouden voor handel in valse coronabewijzen";"2022-11-02";"https://nos.nl/artikel/2450794-vijf-mensen-aangehouden-voor-handel-in-valse-coronabewijzen";"NOS";"0";"0";"0";"0";"0";"0";"0";"0";"0";"0";"0";"0";"0";"0";"0";"0";"";"0";"0"
"main_coder";2380297;"RIVM: daling ziekenhuisopnames, maar nog onvoldoende";"2021-05-11";"https://nos.nl/artikel/2380297-rivm-daling-ziekenhuisopnames-maar-nog-onvoldoende";"NOS";"1";"1";"0";"0";"0";"0";"0";"0";"0";"0";"0";"0";"0";"0";"0";"0";"";"1";"0"
"main_coder";2327459;"""Groepsimmuniteit leidt tot doden die we kunnen voorkomen""";"2020-03-17";"https://nos.nl/nieuwsuur/artikel/2327459-groepsimmuniteit-leidt-tot-doden-die-we-kunnen-voorkomen";"NOS";"1";"0";"1";"0";"0";"0";"0";"0";"0";"0";"0";"0";"0";"0";"0";"0";"";"1";"0"
"main_coder";2330723;"Tandartspraktijken klaar om weer open te gaan";"2020-04-16";"https://nos.nl/artikel/2330723-tandartspraktijken-klaar-om-weer-open-te-gaan";"NOS";"1";"0";"1";"0";"0";"0";"0";"0";"0";"0";"0";"0";"0";"0";"0";"0";"";"1";"0"
"main_coder";2336823;"Wereldwijde coronatrends: voor het eerst in maanden weer meer doden";"2020-06-10";"https://nos.nl/artikel/2336823-wereldwijde-coronatrends-voor-het-eerst-in-maanden-weer-meer-doden";"NOS";"1";"1";"0";"1";"0";"0";"0";"0";"0";"0";"0";"0";"0";"0";"0";"1";"Brazil, India, Mexico, Pakistan";"1";"1"
"main_coder";2364646;"Wachten op vaccinatie in het verpleeghuis: ""Ach, ik krijg hier zoveel prikken""";"2021-01-16";"https://nos.nl/artikel/2364646-wachten-op-vaccinatie-in-het-verpleeghuis-ach-ik-krijg-hier-zoveel-prikken.html";"NOS";"1";"0";"0";"0";"1";"0";"0";"0";"0";"1";"0";"0";"0";"0";"0";"0";"";"1";"0"
"main_coder";2359991;"""Zeldzame reactie op vaccinatie onvermijdelijk"", Britten melden eerste geval";"2020-12-09";"https://nos.nl/collectie/13850/artikel/2359991-zeldzame-reactie-op-vaccinatie-onvermijdelijk-britten-melden-eerste-geval";"NOS";"1";"0";"0";"0";"1";"0";"0";"0";"0";"0";"0";"0";"0";"0";"0";"0";"";"1";"0"
"main_coder";2448352;"VVD-Kamerlid Tellegen vertrekt definitief uit Tweede Kamer vanwege burn-out";"2022-10-14";"https://nos.nl/artikel/2448352-vvd-kamerlid-tellegen-vertrekt-definitief-uit-tweede-kamer-vanwege-burn-out";"NOS";"0";"0";"0";"0";"0";"0";"0";"0";"0";"0";"0";"0";"0";"0";"0";"0";"";"0";"1"
"main_coder";2370347;"Steun voor maatregelen sterk afgenomen, maar meeste mensen houden zich er nog aan";"2021-02-26";"https://nos.nl/artikel/2370347-steun-voor-maatregelen-sterk-afgenomen-maar-meeste-mensen-houden-zich-er-nog-aan.html";"NOS";"1";"0";"1";"0";"1";"0";"0";"0";"0";"1";"0";"0";"0";"0";"0";"0";"";"1";"1"
"main_coder";2319986;"Chinese Muur en andere grote attracties dicht vanwege nieuwe coronavirus";"2020-01-24";"https://nos.nl/artikel/2319986-chinese-muur-en-andere-grote-attracties-dicht-vanwege-nieuwe-coronavirus";"NOS";"1";"1";"0";"0";"0";"0";"0";"0";"0";"0";"0";"0";"0";"0";"0";"1";"China";"1";"0"
"main_coder";2320263;"Dodental Wuhan-virus loopt op, nu ook zieke in Canada";"2020-01-26";"https://nos.nl/artikel/2320263-dodental-wuhan-virus-loopt-op-nu-ook-zieke-in-canada";"NOS";"1";"1";"0";"0";"0";"0";"0";"0";"0";"0";"0";"0";"0";"0";"0";"1";"China";"0";"0"
"main_coder";2321893;"Kleine bedrijven in de knel door coronavirus: ""2000 euro schade per dag""";"2020-02-06";"https://nos.nl/artikel/2321893-kleine-bedrijven-in-de-knel-door-coronavirus-2000-euro-schade-per-dag";"NOS";"1";"0";"0";"0";"0";"0";"0";"0";"1";"0";"0";"0";"0";"0";"0";"0";"";"1";"0"
"main_coder";2323377;"Kathleen zat weken in quarantaine: ""We moesten twee meter uit elkaar blijven""";"2020-02-16";"https://nos.nl/nieuwsuur/artikel/2323377-kathleen-zat-weken-in-quarantaine-we-moesten-twee-meter-uit-elkaar-blijven";"NOS";"1";"1";"0";"0";"0";"0";"0";"0";"0";"0";"0";"0";"0";"0";"0";"1";"China";"1";"0"
"main_coder";2360853;"CBS: bevolking blijft groeien, effect coronacrisis waarschijnlijk tijdelijk";"2020-12-16";"https://nos.nl/artikel/2360853-cbs-bevolking-blijft-groeien-effect-coronacrisis-waarschijnlijk-tijdelijk.html";"NOS";"0";"0";"0";"0";"0";"0";"0";"0";"0";"0";"0";"0";"0";"0";"0";"0";"";"0";"0"
"main_coder";2375256;"Na OKT schoonspringsters ook streep door OKT synchroonzwemsters";"2021-04-03";"https://nos.nl/artikel/2375256-na-okt-schoonspringsters-ook-streep-door-okt-synchroonzwemsters";"NOS";"0";"0";"0";"0";"0";"0";"0";"0";"0";"0";"0";"0";"0";"0";"0";"0";"";"0";"0"
"main_coder";2355910;"Van commerciële tests op het coronavirus is alleen topje van ijsberg bekend";"2020-11-09";"https://nos.nl/artikel/2355910-van-commerciele-tests-op-het-coronavirus-is-alleen-topje-van-ijsberg-bekend.html";"NOS";"1";"0";"0";"1";"0";"0";"0";"0";"0";"0";"0";"0";"0";"0";"0";"0";"";"1";"1"
"main_coder";2374871;"Gevangen Aung San Suu Kyi spreekt voor ""t eerst sinds coup met advocaat";"2021-03-31";"https://nos.nl/artikel/2374871-gevangen-aung-san-suu-kyi-spreekt-voor-t-eerst-sinds-coup-met-advocaat";"NOS";"0";"0";"0";"0";"0";"0";"0";"0";"0";"0";"0";"0";"0";"0";"0";"0";"";"0";"1"
"main_coder";2375128;"7296 nieuwe besmettingen, IC-bezetting hoogste sinds 9 januari";"2021-04-02";"https://nos.nl/artikel/2375128-7296-nieuwe-besmettingen-ic-bezetting-hoogste-sinds-9-januari";"NOS";"1";"1";"0";"0";"1";"0";"0";"0";"0";"0";"0";"0";"0";"0";"0";"0";"";"1";"0"
"main_coder";2375626;"Koolmees: gemeenten moeten ruimhartiger omgaan met TONK-regeling";"2021-04-06";"https://nos.nl/artikel/2375626-koolmees-gemeenten-moeten-ruimhartiger-omgaan-met-tonk-regeling";"NOS";"0";"0";"0";"0";"0";"0";"0";"0";"0";"0";"0";"0";"0";"0";"0";"0";"";"0";"0"
"main_coder";2379594;"Tokio verlengt drie maanden voor Spelen de noodtoestand";"2021-05-06";"https://nos.nl/artikel/2379594-tokio-verlengt-drie-maanden-voor-spelen-de-noodtoestand";"NOS";"1";"1";"0";"0";"0";"0";"0";"0";"0";"1";"0";"0";"0";"0";"0";"1";"Japan";"1";"0"
"main_coder";2455393;"EU-landen worden het maar niet eens over geld voor Hongarije";"2022-12-06";"https://nos.nl/artikel/2455393-eu-landen-worden-het-maar-niet-eens-over-geld-voor-hongarije";"NOS";"0";"0";"0";"0";"0";"0";"0";"0";"0";"0";"0";"0";"0";"0";"0";"0";"";"0";"0"
"main_coder";2339109;"1 juli: coronaregels verder versoepeld, wat mag er allemaal weer?";"2020-07-01";"https://nos.nl/artikel/2339109-1-juli-coronaregels-verder-versoepeld-wat-mag-er-allemaal-weer.html";"NOS";"1";"0";"1";"0";"0";"0";"0";"0";"0";"0";"0";"0";"0";"0";"0";"0";"";"1";"1"
"main_coder";2411576;"Schouten rijdt Keulen-Deelstra uit de boeken, ook Bergsma marathonkampioen";"2022-01-01";"https://nos.nl/artikel/2411576-schouten-rijdt-keulen-deelstra-uit-de-boeken-ook-bergsma-marathonkampioen";"NOS";"0";"0";"0";"0";"0";"0";"0";"0";"0";"0";"0";"0";"0";"0";"0";"0";"";"0";"0"
"main_coder";2365889;"Oxfam: ""Economische ongelijkheid neemt toe door corona""";"2021-01-25";"https://nos.nl/artikel/2365889-oxfam-economische-ongelijkheid-neemt-toe-door-corona";"NOS";"1";"0";"0";"0";"0";"0";"0";"0";"1";"0";"0";"0";"0";"0";"0";"0";"";"1";"1"
"main_coder";2381260;"""Eén prik genoeg voor het krijgen van een covid-reiscertificaat""";"2021-05-18";"https://nos.nl/artikel/2381260-een-prik-genoeg-voor-het-krijgen-van-een-covid-reiscertificaat";"NOS";"1";"0";"1";"1";"1";"0";"0";"0";"0";"0";"0";"0";"0";"0";"0";"0";"";"1";"0"
"main_coder";2331387;"Meeste leraren blij met heropening scholen, sommigen bezorgd";"2020-04-22";"https://nos.nl/artikel/2331387-meeste-leraren-blij-met-heropening-scholen-sommigen-bezorgd";"NOS";"1";"0";"1";"0";"0";"0";"0";"0";"0";"0";"0";"0";"0";"0";"0";"0";"";"1";"0"
"main_coder";2365165;"Avondklok mogelijk vanaf vrijdag, van 20.30 tot 04.30 uur";"2021-01-20";"https://nos.nl/artikel/2365165-avondklok-mogelijk-vanaf-vrijdag-van-20-30-tot-04-30-uur";"NOS";"1";"0";"1";"0";"0";"0";"0";"0";"0";"0";"0";"0";"0";"0";"0";"0";"";"1";"0"
"main_coder";2444516;"Meisjes in Nederland zijn minder gelukkig dan vijf jaar geleden";"2022-09-13";"https://nos.nl/artikel/2444516-meisjes-in-nederland-zijn-minder-gelukkig-dan-vijf-jaar-geleden";"NOS";"0";"0";"0";"0";"0";"0";"0";"0";"0";"0";"0";"0";"0";"0";"0";"0";"";"0";"0"
"main_coder";2341705;"Coronavirus overgedragen over acht meter afstand, zeggen Duitse onderzoekers";"2020-07-24";"https://nos.nl/collectie/13824/artikel/2341705-coronavirus-overgedragen-over-acht-meter-afstand-zeggen-duitse-onderzoekers";"NOS";"1";"0";"0";"0";"0";"0";"0";"1";"0";"0";"0";"0";"0";"0";"0";"0";"";"1";"0"
"main_coder";2367267;"Gezondheidsraad: vragen naar vaccinatiebewijs alleen als het echt niet anders kan";"2021-02-04";"https://nos.nl/artikel/2367267-gezondheidsraad-vragen-naar-vaccinatiebewijs-alleen-als-het-echt-niet-anders-kan";"NOS";"1";"0";"0";"0";"1";"0";"0";"0";"0";"0";"0";"0";"0";"0";"0";"0";"";"1";"0"
"main_coder";2370808;"Britse prins Philip (99) overgebracht naar ander ziekenhuis";"2021-03-01";"https://nos.nl/artikel/2370808-britse-prins-philip-99-overgebracht-naar-ander-ziekenhuis.html";"NOS";"0";"0";"0";"0";"0";"0";"0";"0";"0";"0";"0";"0";"0";"0";"0";"0";"";"0";"0"
"main_coder";2333197;"Dutch Basketball League: geen wedstrijden zonder publiek";"2020-05-08";"https://nos.nl/artikel/2333197-dutch-basketball-league-geen-wedstrijden-zonder-publiek";"NOS";"1";"0";"0";"0";"0";"0";"0";"0";"0";"1";"0";"0";"0";"0";"0";"0";"";"1";"0"
"main_coder";2344442;"De Jonge: extra maatregelen nodig om stijgend aantal besmettingen te stoppen";"2020-08-17";"https://nos.nl/artikel/2344442-de-jonge-extra-maatregelen-nodig-om-stijgend-aantal-besmettingen-te-stoppen.html";"NOS";"1";"0";"1";"0";"0";"0";"0";"0";"0";"0";"0";"0";"0";"0";"0";"0";"";"1";"0"
"main_coder";2358965;"Coronavaccin Pfizer-BioNTech goedgekeurd door Britten, volgende week beschikbaar";"2020-12-02";"https://nos.nl/artikel/2358965-coronavaccin-pfizer-biontech-goedgekeurd-door-britten-volgende-week-beschikbaar.html";"NOS";"1";"0";"0";"0";"1";"0";"0";"0";"0";"0";"0";"0";"0";"0";"0";"0";"";"1";"0"
"main_coder";2328735;"Iconische Boeing 747 ""jumbojet"" van KLM landt voor het laatst op Schiphol";"2020-03-29";"https://nos.nl/artikel/2328735-iconische-boeing-747-jumbojet-van-klm-landt-voor-het-laatst-op-schiphol";"NOS";"0";"0";"0";"0";"0";"0";"0";"0";"0";"0";"0";"0";"0";"0";"0";"0";"";"0";"0"
"main_coder";2481362;"Meer immigranten naar Nederland, vooral door oorlog Oekraïne";"2023-07-04";"https://nos.nl/artikel/2481362-meer-immigranten-naar-nederland-vooral-door-oorlog-oekraine";"NOS";"0";"0";"0";"0";"0";"0";"0";"0";"0";"0";"0";"0";"0";"0";"0";"0";"";"0";"0"
"main_coder";2371865;"Dit zijn de nieuwe coronamaatregelen (en de regels die blijven gelden)";"2021-03-08";"https://nos.nl/artikel/2371865-dit-zijn-de-nieuwe-coronamaatregelen-en-de-regels-die-blijven-gelden.html";"NOS";"1";"0";"1";"0";"0";"0";"0";"0";"0";"0";"0";"0";"0";"0";"0";"0";"";"1";"0"
"main_coder";2433596;"Skiester Jelinkova voelt zich ""weggepest"" uit Nederland en komt nu voor Tsjechië uit";"2022-06-22";"https://nos.nl/artikel/2433596-skiester-jelinkova-voelt-zich-weggepest-uit-nederland-en-komt-nu-voor-tsjechie-uit";"NOS";"0";"0";"0";"0";"0";"0";"0";"0";"0";"0";"0";"0";"0";"0";"0";"0";"";"0";"0"
"main_coder";2328236;"Artsen waarschuwen: evacueer vluchtelingen om corona-catastrofe te voorkomen";"2020-03-24";"https://nos.nl/nieuwsuur/artikel/2328236-artsen-waarschuwen-evacueer-vluchtelingen-om-corona-catastrofe-te-voorkomen";"NOS";"1";"1";"0";"0";"0";"0";"0";"0";"0";"0";"0";"0";"0";"0";"0";"1";"Greece";"1";"0"
"main_coder";2421417;"Corona-uitbraak Feyenoord: Slot en Trauner missen Partizan, Van Persie op de bank";"2022-03-16";"https://nos.nl/artikel/2421417-corona-uitbraak-feyenoord-slot-en-trauner-missen-partizan-van-persie-op-de-bank";"NOS";"1";"0";"0";"0";"0";"0";"0";"0";"0";"1";"0";"0";"0";"0";"0";"0";"";"1";"0"
"main_coder";2327854;"Ook paasvuren gaan niet door vanwege coronavirus";"2020-03-21";"https://nos.nl/artikel/2327854-ook-paasvuren-gaan-niet-door-vanwege-coronavirus";"NOS";"1";"0";"0";"0";"0";"0";"0";"0";"0";"1";"0";"0";"0";"0";"0";"0";"";"1";"0"
"main_coder";2324870;"Eerste Nederlander met coronavirus opgenomen in Tilburg, ""man vierde carnaval""";"2020-02-27";"https://nos.nl/artikel/2324870-eerste-nederlander-met-coronavirus-opgenomen-in-tilburg-man-vierde-carnaval";"NOS";"1";"1";"0";"0";"0";"0";"0";"0";"0";"0";"0";"0";"0";"0";"0";"0";"";"1";"0"
"main_coder";2325587;"UEFA richt werkgroep coronavirus op: ""Geen paniek, per geval bekijken""";"2020-03-03";"https://nos.nl/artikel/2325587-uefa-richt-werkgroep-coronavirus-op-geen-paniek-per-geval-bekijken";"NOS";"1";"0";"0";"0";"0";"0";"0";"0";"0";"1";"0";"0";"0";"0";"0";"0";"";"1";"0"
"main_coder";2325814;"Première James Bond-film uitgesteld tot november vanwege coronavirus";"2020-03-04";"https://nos.nl/artikel/2325814-premiere-james-bond-film-uitgesteld-tot-november-vanwege-coronavirus";"NOS";"0";"0";"0";"0";"0";"0";"0";"0";"0";"0";"0";"0";"0";"0";"0";"0";"";"0";"0"
"main_coder";2326366;"Italië nu grootste coronahaard buiten China, recordstijging aantal doden";"2020-03-08";"https://nos.nl/artikel/2326366-italie-nu-grootste-coronahaard-buiten-china-recordstijging-aantal-doden";"NOS";"1";"1";"0";"0";"0";"0";"0";"0";"0";"0";"0";"0";"0";"0";"0";"1";"Italy";"1";"0"
"main_coder";2359156;"Ruim 80 scholen moesten in november tijdelijk dicht vanwege corona";"2020-12-03";"https://nos.nl/artikel/2359156-ruim-80-scholen-moesten-in-november-tijdelijk-dicht-vanwege-corona.html";"NOS";"1";"0";"0";"0";"0";"0";"0";"0";"0";"1";"0";"0";"0";"0";"0";"0";"";"1";"0"
"main_coder";2364940;"Man woont maandenlang op vliegveld Chicago uit angst voor corona";"2021-01-18";"https://nos.nl/artikel/2364940-man-woont-maandenlang-op-vliegveld-chicago-uit-angst-voor-corona.html";"NOS";"0";"0";"0";"0";"0";"0";"0";"0";"0";"0";"0";"0";"0";"0";"0";"0";"";"0";"0"
"main_coder";2451920;"In derde kwartaal meer toeristen in Nederland dan ooit tevoren";"2022-11-11";"https://nos.nl/artikel/2451920-in-derde-kwartaal-meer-toeristen-in-nederland-dan-ooit-tevoren";"NOS";"0";"0";"0";"0";"0";"0";"0";"0";"0";"0";"0";"0";"0";"0";"0";"0";"";"0";"1"
"main_coder";2358194;"Het is rustig in de teststraat, waarom wordt die capaciteit niet gebruikt?";"2020-11-26";"https://nos.nl/artikel/2358194-het-is-rustig-in-de-teststraat-waarom-wordt-die-capaciteit-niet-gebruikt.html";"NOS";"1";"0";"0";"1";"0";"0";"0";"0";"0";"0";"0";"0";"0";"0";"0";"0";"";"1";"1"
"main_coder";2327735;"PvdA'er Martin van Rijn nieuwe minister voor Medische Zorg";"2020-03-20";"https://nos.nl/artikel/2327735-pvda-er-martin-van-rijn-nieuwe-minister-voor-medische-zorg";"NOS";"0";"0";"0";"0";"0";"0";"0";"0";"0";"0";"0";"0";"0";"0";"0";"0";"";"0";"0"
"main_coder";2329762;"""We zijn nog lang niet van corona af, dus stop met gijzeling overige zorg""";"2020-04-07";"https://nos.nl/nieuwsuur/artikel/2329762-we-zijn-nog-lang-niet-van-corona-af-dus-stop-met-gijzeling-overige-zorg";"NOS";"1";"0";"0";"0";"0";"0";"1";"0";"0";"0";"0";"0";"0";"0";"0";"0";"";"1";"1"
"main_coder";2328680;"Coronanieuws 28 maart: onveilige mondkapjes en ziekenhuis wil hulp van Duitsland";"2020-03-28";"https://nos.nl/artikel/2328680-coronanieuws-28-maart-onveilige-mondkapjes-en-ziekenhuis-wil-hulp-van-duitsland";"NOS";"1";"1";"1";"0";"0";"0";"1";"0";"0";"0";"0";"0";"0";"0";"0";"0";"";"1";"1"
"main_coder";2366070;"""Groei wereldeconomie dit jaar groter dan krimp vorig jaar""";"2021-01-26";"https://nos.nl/artikel/2366070-groei-wereldeconomie-dit-jaar-groter-dan-krimp-vorig-jaar";"NOS";"1";"0";"0";"0";"0";"0";"0";"0";"1";"0";"0";"0";"0";"0";"0";"0";"";"1";"0"
"main_coder";2428362;"Met achterstand je examen in: ""Ik sta een 3,6 voor wiskunde""";"2022-05-11";"https://nos.nl/artikel/2428362-met-achterstand-je-examen-in-ik-sta-een-3-6-voor-wiskunde";"NOS";"1";"0";"0";"0";"0";"0";"0";"0";"0";"1";"0";"0";"0";"0";"0";"0";"";"1";"0"
"main_coder";2360720;"Mbo-studenten gaan vaccineren om alsnog aan hun stage-uren te komen";"2020-12-15";"https://nos.nl/nieuwsuur/artikel/2360720-mbo-studenten-gaan-vaccineren-om-alsnog-aan-hun-stage-uren-te-komen.html";"NOS";"1";"0";"0";"0";"1";"0";"0";"0";"0";"1";"0";"0";"0";"0";"0";"0";"";"1";"0"
"main_coder";2349725;"Eerste proef met snelteststraat van start: corona-uitslag binnen een kwartier";"2020-09-25";"https://nos.nl/artikel/2349725-eerste-proef-met-snelteststraat-van-start-corona-uitslag-binnen-een-kwartier.html";"NOS";"1";"0";"0";"1";"0";"0";"0";"0";"0";"0";"0";"0";"0";"0";"0";"0";"";"1";"0"
"main_coder";2328988;"Noodkreet over krimpende medicijnvoorraden van Europese ziekenhuizen";"2020-03-31";"https://nos.nl/artikel/2328988-noodkreet-over-krimpende-medicijnvoorraden-van-europese-ziekenhuizen";"NOS";"1";"0";"0";"0";"0";"0";"1";"0";"0";"0";"0";"0";"0";"0";"0";"0";"";"1";"0"
"main_coder";2328996;"""Heel blij"" dat minister testcapaciteit fors uitbreidt en meer gaat testen";"2020-03-31";"https://nos.nl/artikel/2328996-heel-blij-dat-minister-testcapaciteit-fors-uitbreidt-en-meer-gaat-testen";"NOS";"1";"0";"0";"1";"0";"0";"0";"0";"0";"0";"0";"0";"0";"0";"0";"0";"";"1";"0"
"main_coder";2329137;"Lockdown in Afrikaanse landen: ""Het is stil, tot mensen echt honger krijgen""";"2020-04-02";"https://nos.nl/collectie/13841/artikel/2329137-lockdown-in-afrikaanse-landen-het-is-stil-tot-mensen-echt-honger-krijgen";"NOS";"1";"1";"0";"0";"0";"0";"0";"0";"1";"0";"0";"0";"0";"0";"0";"1";"Kenya, Nigeria, South Africa, Zimbabwe";"1";"0"
"main_coder";2381412;"4613 nieuwe besmettingen, 147 ziekenhuisopnames minder";"2021-05-19";"https://nos.nl/artikel/2381412-4613-nieuwe-besmettingen-147-ziekenhuisopnames-minder";"NOS";"1";"1";"0";"0";"0";"0";"0";"0";"0";"0";"0";"0";"0";"0";"0";"0";"";"1";"0"
"main_coder";2380020;"Zweedse corona-aanpak onder de loep, vooral migranten hard getroffen";"2021-05-09";"https://nos.nl/nieuwsuur/artikel/2380020-zweedse-corona-aanpak-onder-de-loep-vooral-migranten-hard-getroffen";"NOS";"1";"1";"0";"0";"0";"0";"0";"0";"1";"0";"0";"0";"0";"0";"0";"1";"Sweden";"1";"1"
"main_coder";2329641;"New York blijft twee weken langer ""op slot""";"2020-04-06";"https://nos.nl/artikel/2329641-new-york-blijft-twee-weken-langer-op-slot";"NOS";"1";"1";"0";"0";"0";"0";"0";"0";"0";"0";"0";"0";"0";"0";"0";"1";"US of America";"1";"0"
"main_coder";2330078;"Google en Apple bouwen ""corona-tracking"" in op smartphones";"2020-04-10";"https://nos.nl/artikel/2330078-google-en-apple-bouwen-corona-tracking-in-op-smartphones";"NOS";"0";"0";"0";"0";"0";"0";"0";"0";"0";"0";"0";"0";"0";"0";"0";"0";"";"0";"1"
"main_coder";2330159;"""Klanten vragen weleens, waarom raken jullie die boodschappen aan?""";"2020-04-11";"https://nos.nl/collectie/13838/artikel/2330159-klanten-vragen-weleens-waarom-raken-jullie-die-boodschappen-aan";"NOS";"1";"0";"1";"0";"0";"0";"0";"0";"0";"0";"0";"0";"0";"0";"0";"0";"";"1";"0"
"main_coder";2330602;"Rutte tempert hoop op versoepeling, ""als die er komt, dan heel beperkt""";"2020-04-15";"https://nos.nl/artikel/2330602-rutte-tempert-hoop-op-versoepeling-als-die-er-komt-dan-heel-beperkt";"NOS";"1";"0";"1";"0";"0";"0";"0";"0";"0";"0";"0";"0";"0";"0";"0";"0";"";"1";"0"
"main_coder";2332062;"Nog geen versoepelingen, ook niet voor kappers";"2020-04-28";"https://nos.nl/artikel/2332062-nog-geen-versoepelingen-ook-niet-voor-kappers";"NOS";"1";"0";"1";"0";"0";"0";"0";"0";"0";"0";"0";"0";"0";"0";"0";"0";"";"1";"0"
"main_coder";2332164;"Coronacijfers van 29 april: sterftepiek na lang weekend, flinke daling IC-patiënten";"2020-04-29";"https://nos.nl/artikel/2332164-coronacijfers-van-29-april-sterftepiek-na-lang-weekend-flinke-daling-ic-patienten";"NOS";"1";"1";"0";"0";"0";"0";"0";"0";"0";"0";"0";"0";"0";"0";"0";"0";"";"1";"0"
"main_coder";2406639;"Elia snoert ""social media-gangsters"" de mond: ""Speel bij ADO voor minimumloon""";"2021-11-22";"https://nos.nl/artikel/2406639-elia-snoert-social-media-gangsters-de-mond-speel-bij-ado-voor-minimumloon";"NOS";"0";"0";"0";"0";"0";"0";"0";"0";"0";"0";"0";"0";"0";"0";"0";"0";"";"0";"0"
"main_coder";2332516;"Zeven weken coronacrisis: wat voelt de economie daarvan?";"2020-05-02";"https://nos.nl/collectie/13856/artikel/2332516-zeven-weken-coronacrisis-wat-voelt-de-economie-daarvan";"NOS";"1";"0";"0";"0";"0";"0";"0";"0";"1";"0";"0";"0";"0";"0";"0";"0";"";"1";"0"
"main_coder";2333242;"Bijleveld donderdag voor de vierde keer naar Kamer over Hawija";"2020-05-08";"https://nos.nl/artikel/2333242-bijleveld-donderdag-voor-de-vierde-keer-naar-kamer-over-hawija";"NOS";"0";"0";"0";"0";"0";"0";"0";"0";"0";"0";"0";"0";"0";"0";"0";"0";"";"0";"0"
"main_coder";2333531;"Een-na-oudste luchtvaartmaatschappij ter wereld vraagt uitstel van betaling aan";"2020-05-11";"https://nos.nl/artikel/2333531-een-na-oudste-luchtvaartmaatschappij-ter-wereld-vraagt-uitstel-van-betaling-aan";"NOS";"1";"0";"0";"0";"0";"0";"0";"0";"1";"0";"0";"0";"0";"0";"0";"0";"";"1";"0"
"main_coder";2333886;"Na nieuwe uitbraak wil Wuhan alle 11 miljoen inwoners testen op corona";"2020-05-14";"https://nos.nl/artikel/2333886-na-nieuwe-uitbraak-wil-wuhan-alle-11-miljoen-inwoners-testen-op-corona.html";"NOS";"1";"1";"0";"1";"0";"0";"0";"0";"0";"0";"0";"0";"0";"0";"0";"1";"China";"1";"0"
"main_coder";2333896;"Inheemse volkeren VS hard getroffen door corona, hulp komt uit verrassende hoek";"2020-05-14";"https://nos.nl/artikel/2333896-inheemse-volkeren-vs-hard-getroffen-door-corona-hulp-komt-uit-verrassende-hoek.html";"NOS";"1";"0";"0";"0";"0";"0";"0";"0";"0";"1";"0";"0";"0";"0";"0";"1";"US of America";"1";"0"
"main_coder";2334207;"Experts vinden plan voor contactonderzoek GGD veel te vrijblijvend";"2020-05-17";"https://nos.nl/nieuwsuur/artikel/2334207-experts-vinden-plan-voor-contactonderzoek-ggd-veel-te-vrijblijvend";"NOS";"1";"0";"0";"1";"0";"0";"0";"0";"0";"0";"0";"0";"0";"0";"0";"0";"";"1";"0"
"main_coder";2334478;"Groen boeren ""levert een hoop geld op"", Brussel komt vandaag met de plannen";"2020-05-20";"https://nos.nl/artikel/2334478-groen-boeren-levert-een-hoop-geld-op-brussel-komt-vandaag-met-de-plannen.html";"NOS";"0";"0";"0";"0";"0";"0";"0";"0";"0";"0";"0";"0";"0";"0";"0";"0";"";"0";"0"
"main_coder";2335424;"Kijk hier terug: ""Het coronavirus: feiten en fabels""";"2020-05-28";"https://nos.nl/artikel/2335424-kijk-hier-terug-het-coronavirus-feiten-en-fabels.html";"NOS";"1";"0";"1";"0";"0";"0";"0";"1";"0";"0";"0";"0";"0";"0";"0";"0";"";"0";"0"
"main_coder";2335836;"Russen stemmen, ondanks coronavirus, op 1 juli over grondwetswijzing";"2020-06-01";"https://nos.nl/artikel/2335836-russen-stemmen-ondanks-coronavirus-op-1-juli-over-grondwetswijzing.html";"NOS";"0";"0";"0";"0";"0";"0";"0";"0";"0";"0";"0";"0";"0";"0";"0";"0";"";"0";"0"
"main_coder";2336066;"Kinderen spelen beperkte rol in verspreiding coronavirus, concludeert RIVM";"2020-06-03";"https://nos.nl/artikel/2336066-kinderen-spelen-beperkte-rol-in-verspreiding-coronavirus-concludeert-rivm.html";"NOS";"1";"0";"0";"0";"0";"0";"0";"1";"0";"0";"0";"0";"0";"0";"0";"0";"";"1";"0"
"main_coder";2336832;"Aanklagers: geen immuniteit voor verdachten van de MH17-ramp";"2020-06-10";"https://nos.nl/artikel/2336832-aanklagers-geen-immuniteit-voor-verdachten-van-de-mh17-ramp.html";"NOS";"0";"0";"0";"0";"0";"0";"0";"0";"0";"0";"0";"0";"0";"0";"0";"0";"";"0";"0"
"main_coder";2405783;"Coalitiepartij ChristenUnie wil iedereen testen in plaats van 2G-beleid";"2021-11-15";"https://nos.nl/nieuwsuur/artikel/2405783-coalitiepartij-christenunie-wil-iedereen-testen-in-plaats-van-2g-beleid";"NOS";"1";"0";"0";"1";"1";"0";"0";"0";"0";"0";"0";"0";"0";"0";"0";"0";"";"1";"0"
"main_coder";2413092;"Geen officiële delegatie naar Winterspelen, nadrukkelijk geen boycot";"2022-01-14";"https://nos.nl/collectie/13840/artikel/2413092-geen-officiele-delegatie-naar-winterspelen-nadrukkelijk-geen-boycot";"NOS";"0";"0";"0";"0";"0";"0";"0";"0";"0";"0";"0";"0";"0";"0";"0";"0";"";"0";"0"
"main_coder";2436276;"Drie mannen gespietst bij stierenrennen in Pamplona";"2022-07-11";"https://nos.nl/artikel/2436276-drie-mannen-gespietst-bij-stierenrennen-in-pamplona";"NOS";"0";"0";"0";"0";"0";"0";"0";"0";"0";"0";"0";"0";"0";"0";"0";"0";"";"0";"1"
"main_coder";2451074;"Verantwoording en bronnen bij #Ophef over klimaatmisleiding";"2022-11-04";"https://nos.nl/nieuwsuur/artikel/2451074-verantwoording-en-bronnen-bij-ophef-over-klimaatmisleiding";"NOS";"0";"0";"0";"0";"0";"0";"0";"0";"0";"0";"0";"0";"0";"0";"0";"0";"";"0";"0"
"main_coder";2404215;"Huiszoekingen in België bij kazernes en woningen militairen";"2021-11-03";"https://nos.nl/artikel/2404215-huiszoekingen-in-belgie-bij-kazernes-en-woningen-militairen";"NOS";"0";"0";"0";"0";"0";"0";"0";"0";"0";"0";"0";"0";"0";"0";"0";"0";"";"0";"0"
"main_coder";2359068;"Franse oud-president Giscard d'Estaing (94) overleden";"2020-12-02";"https://nos.nl/artikel/2359068-franse-oud-president-giscard-d-estaing-94-overleden";"NOS";"0";"0";"0";"0";"0";"0";"0";"0";"0";"0";"0";"0";"0";"0";"0";"0";"";"0";"0"
"main_coder";2364995;"Zzp'ers verbaasd over minieme betalingskorting Belastingdienst";"2021-01-18";"https://nos.nl/artikel/2364995-zzp-ers-verbaasd-over-minieme-betalingskorting-belastingdienst";"NOS";"0";"0";"0";"0";"0";"0";"0";"0";"0";"0";"0";"0";"0";"0";"0";"0";"";"0";"0"
"main_coder";2396302;"Eindelijk hulp van bank voor werkloze piloot met uitzichtloze lening";"2021-09-03";"https://nos.nl/artikel/2396302-eindelijk-hulp-van-bank-voor-werkloze-piloot-met-uitzichtloze-lening";"NOS";"0";"0";"0";"0";"0";"0";"0";"0";"0";"0";"0";"0";"0";"0";"0";"0";"";"0";"0"
"main_coder";2338288;"Zorgen viroloog Fauci over sterke toename corona in de VS";"2020-06-23";"https://nos.nl/artikel/2338288-zorgen-viroloog-fauci-over-sterke-toename-corona-in-de-vs.html";"NOS";"1";"1";"0";"0";"0";"0";"0";"0";"0";"0";"0";"0";"0";"0";"0";"1";"US of America";"1";"0"
"main_coder";2322751;"Een cruiseschip als mega-onderzoekslab voor het coronavirus";"2020-02-12";"https://nos.nl/artikel/2322751-een-cruiseschip-als-mega-onderzoekslab-voor-het-coronavirus";"NOS";"1";"1";"0";"1";"0";"0";"0";"1";"0";"0";"0";"0";"0";"0";"0";"1";"Japan";"1";"1"
"main_coder";2325123;"Opnieuw (of nog steeds) besmet met corona: hoe kan dat?";"2020-02-29";"https://nos.nl/artikel/2325123-opnieuw-of-nog-steeds-besmet-met-corona-hoe-kan-dat";"NOS";"1";"1";"0";"1";"0";"0";"0";"1";"0";"0";"0";"0";"0";"0";"0";"1";"China, Japan, South Korea";"1";"1"
"main_coder";2325162;"Ook dochter en vrouw van Brabantse coronapatiënt besmet";"2020-02-29";"https://nos.nl/artikel/2325162-ook-dochter-en-vrouw-van-brabantse-coronapatient-besmet";"NOS";"1";"1";"0";"0";"0";"0";"0";"0";"0";"0";"0";"0";"0";"0";"0";"0";"";"1";"0"
"main_coder";2325661;"Thuis vanwege coronavirus: ""We slapen in aparte bedden en leven in aparte ruimtes""";"2020-03-03";"https://nos.nl/artikel/2325661-thuis-vanwege-coronavirus-we-slapen-in-aparte-bedden-en-leven-in-aparte-ruimtes";"NOS";"1";"1";"1";"1";"0";"0";"0";"0";"0";"0";"0";"0";"0";"0";"0";"0";"";"1";"0"
"main_coder";2325934;"Aantal besmettingen met coronavirus verdubbeld naar 82";"2020-03-05";"https://nos.nl/artikel/2325934-aantal-besmettingen-met-coronavirus-verdubbeld-naar-82";"NOS";"1";"1";"1";"1";"0";"0";"0";"0";"0";"0";"0";"0";"0";"0";"0";"0";"";"1";"0"
"main_coder";2326923;"Dit was de dag dat Nederland ""een patiënt"" werd";"2020-03-12";"https://nos.nl/artikel/2326923-dit-was-de-dag-dat-nederland-een-patient-werd";"NOS";"1";"1";"1";"0";"0";"0";"0";"0";"0";"1";"0";"0";"0";"0";"0";"0";"";"1";"1"
"main_coder";2326943;"Deze sectoren staan onder druk door de nieuwe corona-maatregelen";"2020-03-13";"https://nos.nl/artikel/2326943-deze-sectoren-staan-onder-druk-door-de-nieuwe-corona-maatregelen";"NOS";"1";"0";"1";"0";"0";"0";"0";"0";"1";"0";"0";"0";"0";"0";"0";"0";"";"1";"0"
"main_coder";2327032;"Code rood voor Brabantse ziekenhuizen, geplande operaties mogelijk afgezegd";"2020-03-13";"https://nos.nl/artikel/2327032-code-rood-voor-brabantse-ziekenhuizen-geplande-operaties-mogelijk-afgezegd";"NOS";"1";"1";"0";"0";"0";"0";"1";"0";"0";"0";"0";"0";"0";"0";"0";"0";"";"1";"0"
"main_coder";2327076;"Wetenschappers Rotterdam en Utrecht claimen vondst antilichaam tegen corona";"2020-03-14";"https://nos.nl/artikel/2327076-wetenschappers-rotterdam-en-utrecht-claimen-vondst-antilichaam-tegen-corona";"NOS";"1";"0";"0";"0";"1";"0";"0";"1";"0";"0";"0";"0";"0";"0";"0";"0";"";"1";"0"
"main_coder";2327328;"Veel jonge corona-patiënten op intensive care, ""waarschijnlijk door carnaval""";"2020-03-16";"https://nos.nl/artikel/2327328-veel-jonge-corona-patienten-op-intensive-care-waarschijnlijk-door-carnaval";"NOS";"1";"1";"0";"0";"0";"0";"1";"0";"0";"0";"0";"0";"0";"0";"0";"0";"";"1";"0"
"main_coder";2327537;"Corona in Nederland: cijfers van 29 maart";"2020-03-18";"https://nos.nl/artikel/2327537-corona-in-nederland-cijfers-van-29-maart";"NOS";"1";"1";"0";"0";"0";"0";"1";"0";"0";"0";"0";"0";"0";"0";"0";"0";"";"1";"0"
"main_coder";2327826;"De Jonge: veel mondkapjes aangeboden, maar koop gaat vaak niet door";"2020-03-21";"https://nos.nl/artikel/2327826-de-jonge-veel-mondkapjes-aangeboden-maar-koop-gaat-vaak-niet-door";"NOS";"1";"0";"1";"0";"0";"0";"0";"0";"0";"0";"0";"0";"0";"0";"0";"0";"";"1";"0"
"main_coder";2328120;"Italiaanse dokter: ""Dood door coronavirus is de naarste die ik ooit heb gezien""";"2020-03-23";"https://nos.nl/artikel/2328120-italiaanse-dokter-dood-door-coronavirus-is-de-naarste-die-ik-ooit-heb-gezien";"NOS";"1";"1";"1";"0";"0";"0";"1";"0";"0";"0";"1";"0";"0";"0";"0";"1";"Italy";"1";"0"
"main_coder";2328418;"Brabantse ziekenhuizen denken piek van IC-patiënten aan te kunnen";"2020-03-26";"https://nos.nl/artikel/2328418-brabantse-ziekenhuizen-denken-piek-van-ic-patienten-aan-te-kunnen";"NOS";"1";"0";"0";"0";"0";"0";"1";"0";"0";"0";"0";"0";"0";"0";"0";"0";"";"1";"1"
"main_coder";2388081;"Mondkapje en afstand houden straks ""eigen verantwoordelijkheid"" in Engeland";"2021-07-05";"https://nos.nl/artikel/2388081-mondkapje-en-afstand-houden-straks-eigen-verantwoordelijkheid-in-engeland";"NOS";"1";"1";"0";"0";"1";"0";"0";"0";"0";"0";"0";"0";"0";"0";"0";"1";"UK";"1";"0"
"main_coder";2342130;"Code oranje voor provincie Antwerpen, vakantie dringend afgeraden";"2020-07-28";"https://nos.nl/artikel/2342130-code-oranje-voor-provincie-antwerpen-vakantie-dringend-afgeraden.html";"NOS";"1";"1";"0";"0";"0";"0";"0";"0";"0";"0";"0";"0";"0";"0";"0";"1";"Belgium";"1";"0"
"main_coder";2328266;"Herstellende coronapatiënten: geschrokken dat het me zó kapot kon maken";"2020-03-25";"https://nos.nl/artikel/2328266-herstellende-coronapatienten-geschrokken-dat-het-me-zo-kapot-kon-maken";"NOS";"1";"1";"0";"0";"0";"0";"0";"1";"0";"0";"0";"0";"0";"0";"0";"0";"";"1";"0"
"main_coder";2469340;"Jaap van Dissel (RIVM) gaat met pensioen, zoektocht naar opvolger gestart";"2023-03-29";"https://nos.nl/artikel/2469340-jaap-van-dissel-rivm-gaat-met-pensioen-zoektocht-naar-opvolger-gestart";"NOS";"0";"0";"0";"0";"0";"0";"0";"0";"0";"0";"0";"0";"0";"0";"0";"0";"";"0";"0"
"main_coder";2455196;"Shanghai schaft verplichte coronatest voor toegang openbare gebouwen af";"2022-12-05";"https://nos.nl/artikel/2455196-shanghai-schaft-verplichte-coronatest-voor-toegang-openbare-gebouwen-af";"NOS";"1";"0";"1";"1";"1";"0";"0";"0";"0";"0";"0";"0";"0";"0";"0";"1";"China";"1";"0"
"main_coder";2456388;"WHO-baas optimistisch over wereldwijde verloop coronapandemie";"2022-12-14";"https://nos.nl/artikel/2456388-who-baas-optimistisch-over-wereldwijde-verloop-coronapandemie";"NOS";"1";"0";"0";"1";"1";"0";"0";"0";"0";"0";"0";"0";"0";"0";"0";"0";"";"1";"0"
"main_coder";2462522;"Ziekenhuis biedt zangles aan patiënt met kanker";"2023-02-04";"https://nos.nl/artikel/2462522-ziekenhuis-biedt-zangles-aan-patient-met-kanker";"NOS";"0";"0";"0";"0";"0";"0";"0";"0";"0";"0";"0";"0";"0";"0";"0";"0";"";"0";"0"
"main_coder";2464206;"Bonden eisen geld voor zorgpersoneel met long covid";"2023-02-17";"https://nos.nl/artikel/2464206-bonden-eisen-geld-voor-zorgpersoneel-met-long-covid";"NOS";"1";"0";"0";"0";"0";"1";"0";"0";"0";"0";"0";"0";"0";"0";"0";"0";"";"1";"0"
"main_coder";2465439;"Toekomst van longcovidonderzoek in Nederland onzeker";"2023-02-27";"https://nos.nl/artikel/2465439-toekomst-van-longcovidonderzoek-in-nederland-onzeker";"NOS";"1";"0";"0";"0";"0";"1";"0";"1";"0";"0";"0";"0";"0";"0";"0";"0";"";"1";"0"
"main_coder";2468488;"Voor het eerst wint zorgmedewerker met long covid rechtszaak";"2023-03-22";"https://nos.nl/artikel/2468488-voor-het-eerst-wint-zorgmedewerker-met-long-covid-rechtszaak";"NOS";"1";"0";"0";"0";"0";"1";"0";"0";"0";"0";"0";"0";"0";"0";"0";"0";"";"1";"0"
"main_coder";2469189;"Vooral jongvolwassen vrouwen en jongeren uit stad kampten met mentale klachten";"2023-03-28";"https://nos.nl/artikel/2469189-vooral-jongvolwassen-vrouwen-en-jongeren-uit-stad-kampten-met-mentale-klachten";"NOS";"0";"0";"0";"0";"0";"0";"0";"0";"0";"0";"0";"0";"0";"0";"0";"0";"";"0";"0"
"main_coder";2471290;"Langdurige uitval door coronavirus kost werkgevers miljarden";"2023-04-13";"https://nos.nl/artikel/2471290-langdurige-uitval-door-coronavirus-kost-werkgevers-miljarden";"NOS";"1";"0";"0";"0";"0";"1";"0";"1";"1";"0";"0";"0";"0";"0";"0";"0";"";"1";"0"
"main_coder";2479493;"""Let bij long covid ook op maatschappelijke gevolgen""";"2023-06-19";"https://nos.nl/artikel/2479493-let-bij-long-covid-ook-op-maatschappelijke-gevolgen";"NOS";"1";"0";"0";"0";"0";"1";"0";"0";"0";"0";"0";"0";"0";"0";"0";"0";"";"1";"1"
"main_coder";2481565;"In najaar weer coronaprik voor 60-plussers, kwetsbaren en zorgpersoneel";"2023-07-05";"https://nos.nl/artikel/2481565-in-najaar-weer-coronaprik-voor-60-plussers-kwetsbaren-en-zorgpersoneel";"NOS";"1";"0";"0";"0";"1";"0";"0";"0";"0";"0";"0";"0";"0";"0";"0";"0";"";"1";"0"
"main_coder";2486149;"Experimenteel kankermedicijn in beeld als antwoord op longcovidklachten";"2023-08-10";"https://nos.nl/artikel/2486149-experimenteel-kankermedicijn-in-beeld-als-antwoord-op-longcovidklachten";"NOS";"1";"0";"0";"0";"0";"1";"0";"0";"0";"0";"0";"0";"0";"0";"0";"0";"";"1";"0"
"main_coder";2452094;"Honderden avondklokboetes per ongeluk kwijtgescholden door OM: ""Geluk gehad""";"2022-11-12";"https://nos.nl/artikel/2452094-honderden-avondklokboetes-per-ongeluk-kwijtgescholden-door-om-geluk-gehad";"NOS";"0";"0";"0";"0";"0";"0";"0";"0";"0";"0";"0";"0";"0";"0";"0";"0";"";"0";"1"
"main_coder";2452901;"Toch persoonsgegevens beschikbaar voor vervolgonderzoek oversterfte coronapandemie";"2022-11-18";"https://nos.nl/artikel/2452901-toch-persoonsgegevens-beschikbaar-voor-vervolgonderzoek-oversterfte-coronapandemie";"NOS";"1";"0";"0";"0";"0";"0";"0";"1";"0";"0";"0";"0";"0";"0";"0";"0";"";"0";"0"
"main_coder";2454375;"Studenten China naar huis gestuurd, onvrede over coronaregels houdt aan";"2022-11-29";"https://nos.nl/artikel/2454375-studenten-china-naar-huis-gestuurd-onvrede-over-coronaregels-houdt-aan";"NOS";"1";"1";"1";"0";"0";"0";"0";"0";"0";"0";"0";"1";"0";"0";"0";"1";"China";"1";"0"
"main_coder";2454925;"WHO-baas: minder corona-aandacht kan leiden tot zorgelijke variant";"2022-12-02";"https://nos.nl/artikel/2454925-who-baas-minder-corona-aandacht-kan-leiden-tot-zorgelijke-variant";"NOS";"1";"0";"1";"0";"1";"0";"0";"0";"0";"0";"0";"0";"0";"0";"0";"0";"";"1";"0"
"main_coder";2456638;"Kabinet draagt bij aan toekomstig fonds voor zorgwerkers met long covid";"2022-12-16";"https://nos.nl/artikel/2456638-kabinet-draagt-bij-aan-toekomstig-fonds-voor-zorgwerkers-met-long-covid";"NOS";"1";"0";"0";"0";"0";"1";"0";"0";"0";"0";"0";"0";"0";"0";"0";"0";"";"1";"1"
"main_coder";2458909;"Vanaf dinsdag toch verplichte coronatest voor reizigers uit China";"2023-01-06";"https://nos.nl/artikel/2458909-vanaf-dinsdag-toch-verplichte-coronatest-voor-reizigers-uit-china";"NOS";"1";"0";"1";"1";"0";"0";"0";"0";"0";"0";"0";"0";"0";"0";"1";"0";"";"1";"0"
"main_coder";2460197;"Bonden naar de rechter om financiële compensatie long covid";"2023-01-17";"https://nos.nl/artikel/2460197-bonden-naar-de-rechter-om-financiele-compensatie-long-covid";"NOS";"1";"0";"0";"0";"0";"1";"0";"0";"0";"0";"0";"0";"0";"0";"0";"0";"";"1";"0"
"main_coder";2462060;"Kabinet werkt aan vergoeding zorgpersoneel met long covid";"2023-02-01";"https://nos.nl/artikel/2462060-kabinet-werkt-aan-vergoeding-zorgpersoneel-met-long-covid";"NOS";"1";"0";"0";"0";"0";"1";"0";"0";"0";"0";"0";"0";"0";"0";"0";"0";"";"1";"0"
"main_coder";2440742;"Agent vervolgd die vrouw in Eindhoven van dichtbij bespoot met waterkanon";"2022-08-15";"https://nos.nl/artikel/2440742-agent-vervolgd-die-vrouw-in-eindhoven-van-dichtbij-bespoot-met-waterkanon";"NOS";"1";"0";"0";"0";"0";"0";"0";"0";"0";"0";"0";"1";"0";"0";"0";"0";"";"1";"1"
"main_coder";2441951;"""9 op 10 opgenomen coronapatiënten hebben jaar later nog klachten""";"2022-08-25";"https://nos.nl/artikel/2441951-9-op-10-opgenomen-coronapatienten-hebben-jaar-later-nog-klachten";"NOS";"1";"0";"0";"0";"0";"1";"0";"1";"0";"0";"0";"0";"0";"0";"0";"0";"";"1";"1"
"main_coder";2442037;"Dit jaar miljoen coronadoden, WHO maant regeringen tot actie";"2022-08-25";"https://nos.nl/artikel/2442037-dit-jaar-miljoen-coronadoden-who-maant-regeringen-tot-actie";"NOS";"1";"1";"0";"0";"0";"0";"0";"0";"0";"0";"0";"0";"0";"0";"0";"0";"";"1";"0"
"main_coder";2328435;"Veel extra testcapaciteit beschikbaar voor coronapatiënten";"2020-03-26";"https://nos.nl/artikel/2328435-veel-extra-testcapaciteit-beschikbaar-voor-coronapatienten";"NOS";"1";"0";"0";"1";"0";"0";"0";"0";"0";"0";"0";"0";"0";"0";"0";"0";"";"1";"0"
"main_coder";2328509;"Twee IC-patiënten op één beademingsapparaat? ""Extreem terughoudend mee zijn""";"2020-03-27";"https://nos.nl/artikel/2328509-twee-ic-patienten-op-een-beademingsapparaat-extreem-terughoudend-mee-zijn";"NOS";"1";"0";"0";"0";"0";"0";"1";"1";"0";"0";"0";"0";"0";"0";"0";"0";"";"1";"0"
"main_coder";2328747;"RIVM somberder dan vorige week: zorgen om IC-capaciteit, wel positief over Brabant";"2020-03-29";"https://nos.nl/artikel/2328747-rivm-somberder-dan-vorige-week-zorgen-om-ic-capaciteit-wel-positief-over-brabant";"NOS";"1";"1";"1";"0";"0";"0";"0";"0";"0";"0";"0";"0";"0";"0";"0";"0";"";"1";"0"
"main_coder";2328795;"Meldpunt voor zorgmedewerkers om tekort aan beschermende middelen";"2020-03-30";"https://nos.nl/artikel/2328795-meldpunt-voor-zorgmedewerkers-om-tekort-aan-beschermende-middelen";"NOS";"1";"0";"0";"0";"0";"0";"1";"0";"0";"0";"0";"0";"0";"0";"0";"0";"";"1";"0"
"main_coder";2444607;"WHO ziet coronapandemie op zijn eind lopen";"2022-09-14";"https://nos.nl/artikel/2444607-who-ziet-coronapandemie-op-zijn-eind-lopen";"NOS";"1";"1";"0";"1";"1";"0";"0";"0";"0";"0";"0";"0";"0";"0";"0";"0";"";"1";"0"
"main_coder";2444892;"Bonden naar de rechter voor schadevergoeding zorgpersoneel met long covid";"2022-09-17";"https://nos.nl/artikel/2444892-bonden-naar-de-rechter-voor-schadevergoeding-zorgpersoneel-met-long-covid";"NOS";"1";"0";"0";"0";"0";"1";"1";"0";"0";"0";"0";"0";"0";"0";"0";"0";"";"1";"0"
"main_coder";2445197;"Corona-experts: nieuwe prik is wel degelijk erg belangrijk";"2022-09-19";"https://nos.nl/artikel/2445197-corona-experts-nieuwe-prik-is-wel-degelijk-erg-belangrijk";"NOS";"1";"0";"0";"0";"1";"0";"0";"0";"0";"0";"0";"0";"0";"0";"0";"0";"";"1";"0"
"main_coder";2445295;"Financiële regeling bereikt voor deel zorgpersoneel met long covid";"2022-09-20";"https://nos.nl/artikel/2445295-financiele-regeling-bereikt-voor-deel-zorgpersoneel-met-long-covid";"NOS";"1";"0";"0";"0";"0";"1";"0";"0";"0";"0";"0";"0";"0";"0";"0";"0";"";"1";"0"
"main_coder";2448281;"Een op de drie bedrijven vroeg coronasteun aan";"2022-10-14";"https://nos.nl/artikel/2448281-een-op-de-drie-bedrijven-vroeg-coronasteun-aan";"NOS";"1";"0";"0";"0";"0";"0";"0";"0";"1";"0";"0";"0";"0";"0";"0";"0";"";"1";"0"
"main_coder";2427515;"Voor eerst sinds september 2020 minder dan 50 coronapatiënten op IC";"2022-05-04";"https://nos.nl/artikel/2427515-voor-eerst-sinds-september-2020-minder-dan-50-coronapatienten-op-ic";"NOS";"1";"1";"1";"1";"0";"0";"0";"0";"0";"0";"0";"0";"0";"0";"0";"0";"";"1";"1"
"main_coder";2428330;"Lockdown trof mentale gezondheid jongeren, veel ouderen voelden zich juist goed";"2022-05-11";"https://nos.nl/artikel/2428330-lockdown-trof-mentale-gezondheid-jongeren-veel-ouderen-voelden-zich-juist-goed";"NOS";"1";"0";"1";"0";"0";"0";"0";"0";"0";"0";"1";"0";"0";"0";"0";"0";"";"1";"1"
"main_coder";2428739;"Vakbonden eisen 150 miljoen voor schade door langdurige coronaklachten";"2022-05-14";"https://nos.nl/artikel/2428739-vakbonden-eisen-150-miljoen-voor-schade-door-langdurige-coronaklachten";"NOS";"1";"0";"0";"0";"0";"1";"0";"0";"0";"0";"0";"0";"0";"0";"0";"0";"";"1";"0"
"main_coder";2432686;"Post-covid kan nog eens duizenden zorgmedewerkers baan kosten";"2022-06-14";"https://nos.nl/artikel/2432686-post-covid-kan-nog-eens-duizenden-zorgmedewerkers-baan-kosten";"NOS";"1";"0";"0";"0";"0";"1";"0";"0";"0";"0";"0";"0";"0";"0";"0";"0";"";"1";"1"
"main_coder";2432764;"Subsidie voor werkgevers die zorgpersoneel met long covid langer in dienst houden";"2022-06-15";"https://nos.nl/artikel/2432764-subsidie-voor-werkgevers-die-zorgpersoneel-met-long-covid-langer-in-dienst-houden";"NOS";"1";"0";"0";"0";"0";"1";"0";"0";"0";"0";"0";"0";"0";"0";"0";"0";"";"1";"0"
"main_coder";2433443;"RIVM: helft mensen heeft drie maanden na coronabesmetting nog klachten";"2022-06-21";"https://nos.nl/artikel/2433443-rivm-helft-mensen-heeft-drie-maanden-na-coronabesmetting-nog-klachten";"NOS";"1";"0";"0";"0";"0";"1";"0";"0";"0";"0";"0";"0";"0";"0";"0";"0";"";"1";"0"
"main_coder";2434436;"VWS: ""RIVM deelde inhoud memo niet"", e-mails suggereren tegenovergestelde";"2022-06-28";"https://nos.nl/artikel/2434436-vws-rivm-deelde-inhoud-memo-niet-e-mails-suggereren-tegenovergestelde";"NOS";"1";"0";"0";"0";"0";"0";"0";"0";"0";"0";"0";"0";"0";"1";"0";"0";"";"1";"0"
"main_coder";2436769;"VN: alarmerende terugval in vaccinatie bij kinderen door pandemie";"2022-07-15";"https://nos.nl/artikel/2436769-vn-alarmerende-terugval-in-vaccinatie-bij-kinderen-door-pandemie";"NOS";"0";"0";"0";"0";"0";"0";"0";"0";"0";"0";"0";"0";"0";"0";"0";"0";"";"0";"0"
"main_coder";2437725;"President Biden test positief op corona, heeft ""milde klachten""";"2022-07-21";"https://nos.nl/artikel/2437725-president-biden-test-positief-op-corona-heeft-milde-klachten";"NOS";"1";"1";"0";"0";"0";"0";"0";"0";"0";"0";"0";"0";"0";"0";"0";"1";"US of America";"1";"0"
"main_coder";2434482;"Arbeidsongeschikt verklaard met long covid: ""Voelt als erkenning""";"2022-06-28";"https://nos.nl/artikel/2434482-arbeidsongeschikt-verklaard-met-long-covid-voelt-als-erkenning";"NOS";"1";"0";"0";"0";"0";"1";"0";"0";"0";"0";"0";"0";"0";"0";"0";"0";"";"1";"0"
"main_coder";2438799;"Waarom is nog een coronaprik nodig? Vragen over de nieuwe vaccinatieronde";"2022-07-30";"https://nos.nl/artikel/2438799-waarom-is-nog-een-coronaprik-nodig-vragen-over-de-nieuwe-vaccinatieronde";"NOS";"1";"0";"0";"0";"1";"0";"0";"0";"0";"0";"0";"0";"0";"0";"0";"0";"";"1";"0"
"main_coder";2439444;"Eén op de acht coronapatiënten houdt langdurig klachten";"2022-08-05";"https://nos.nl/artikel/2439444-een-op-de-acht-coronapatienten-houdt-langdurig-klachten";"NOS";"1";"0";"0";"0";"0";"1";"0";"1";"0";"0";"0";"0";"0";"0";"0";"0";"";"1";"0"
"main_coder";2416666;"Amsterdamse nachtclubs zetten actie door, ondanks dreiging boetes";"2022-02-10";"https://nos.nl/artikel/2416666-amsterdamse-nachtclubs-zetten-actie-door-ondanks-dreiging-boetes";"NOS";"1";"0";"1";"0";"0";"0";"0";"0";"0";"0";"0";"0";"0";"0";"0";"0";"";"1";"0"
"main_coder";2417327;"Gezondheidsraad wil meer aandacht voor langdurige coronaklachten";"2022-02-14";"https://nos.nl/artikel/2417327-gezondheidsraad-wil-meer-aandacht-voor-langdurige-coronaklachten";"NOS";"1";"0";"0";"0";"0";"1";"0";"1";"0";"0";"0";"0";"0";"0";"0";"0";"";"1";"1"
"main_coder";2417546;"Goed monitoren virus blijft nodig, ook als niet iedereen meer naar de GGD gaat";"2022-02-16";"https://nos.nl/artikel/2417546-goed-monitoren-virus-blijft-nodig-ook-als-niet-iedereen-meer-naar-de-ggd-gaat";"NOS";"1";"0";"0";"1";"0";"0";"0";"0";"0";"0";"0";"0";"0";"0";"0";"0";"";"1";"0"
"main_coder";2418823;"Ook Britse minister Sunak moet vragen van politie beantwoorden over Partygate";"2022-02-25";"https://nos.nl/artikel/2418823-ook-britse-minister-sunak-moet-vragen-van-politie-beantwoorden-over-partygate";"NOS";"0";"0";"0";"0";"0";"0";"0";"0";"0";"0";"0";"0";"0";"0";"0";"0";"";"0";"0"
"main_coder";2418855;"Kabinet wil mensen met long covid langer in dienst houden";"2022-02-25";"https://nos.nl/artikel/2418855-kabinet-wil-mensen-met-long-covid-langer-in-dienst-houden";"NOS";"1";"0";"0";"0";"0";"1";"0";"0";"0";"0";"0";"0";"0";"0";"0";"0";"";"1";"0"
"main_coder";2421351;"Isolatie en quarantaine nog niet van de baan, experts leggen uit waarom";"2022-03-15";"https://nos.nl/artikel/2421351-isolatie-en-quarantaine-nog-niet-van-de-baan-experts-leggen-uit-waarom";"NOS";"1";"0";"1";"1";"0";"0";"0";"0";"0";"0";"0";"0";"0";"0";"0";"0";"";"1";"0"
"main_coder";2423487;"""Flevoziekenhuis voldeed niet aan eisen IC-zorg en had afdeling moeten sluiten""";"2022-04-01";"https://nos.nl/artikel/2423487-flevoziekenhuis-voldeed-niet-aan-eisen-ic-zorg-en-had-afdeling-moeten-sluiten";"NOS";"0";"0";"0";"0";"0";"0";"0";"0";"0";"0";"0";"0";"0";"0";"0";"0";"";"0";"0"
"main_coder";2424719;"Testen bij de GGD is niet meer nodig na een positieve zelftest";"2022-04-11";"https://nos.nl/artikel/2424719-testen-bij-de-ggd-is-niet-meer-nodig-na-een-positieve-zelftest";"NOS";"1";"0";"0";"1";"0";"0";"0";"0";"0";"0";"0";"0";"0";"0";"0";"0";"";"1";"0"
"main_coder";2426072;"FNV: Honderden zorgmedewerkers met long covid inmiddels ontslagen";"2022-04-22";"https://nos.nl/artikel/2426072-fnv-honderden-zorgmedewerkers-met-long-covid-inmiddels-ontslagen";"NOS";"1";"0";"0";"0";"0";"1";"0";"0";"0";"0";"0";"0";"0";"0";"0";"0";"";"1";"0"
"main_coder";2413511;"Kinderen uitgenodigd voor vaccinatie, dit zijn de voor- en nadelen";"2022-01-18";"https://nos.nl/artikel/2413511-kinderen-uitgenodigd-voor-vaccinatie-dit-zijn-de-voor-en-nadelen";"NOS";"1";"0";"0";"0";"1";"0";"0";"1";"0";"0";"0";"0";"0";"0";"0";"0";"";"1";"0"
"main_coder";2413641;"Knippen of sporten in het theater: zalen gaan uit protest open";"2022-01-19";"https://nos.nl/artikel/2413641-knippen-of-sporten-in-het-theater-zalen-gaan-uit-protest-open";"NOS";"1";"0";"1";"0";"0";"0";"0";"0";"0";"1";"0";"0";"0";"0";"0";"0";"";"1";"0"
"main_coder";2413846;"Ook in Kamer steeds meer twijfels over lockdown horeca en cultuur";"2022-01-20";"https://nos.nl/artikel/2413846-ook-in-kamer-steeds-meer-twijfels-over-lockdown-horeca-en-cultuur";"NOS";"1";"0";"1";"0";"1";"0";"0";"0";"0";"0";"0";"0";"0";"0";"0";"0";"";"1";"0"
"main_coder";2413877;"Kabinet hoopt op opening horeca en cultuur, maar ""gaat nog geen garanties geven""";"2022-01-20";"https://nos.nl/artikel/2413877-kabinet-hoopt-op-opening-horeca-en-cultuur-maar-gaat-nog-geen-garanties-geven";"NOS";"1";"0";"1";"0";"0";"0";"0";"0";"0";"0";"0";"0";"0";"1";"0";"0";"";"1";"1"
"main_coder";2414008;"Honderden zorgmedewerkers dreigen baan te verliezen door long covid";"2022-01-22";"https://nos.nl/artikel/2414008-honderden-zorgmedewerkers-dreigen-baan-te-verliezen-door-long-covid";"NOS";"1";"0";"0";"0";"0";"1";"0";"0";"0";"0";"0";"0";"0";"0";"0";"0";"";"1";"0"
"main_coder";2414030;"Coronavrij Kiribati in lockdown na besmettingen via eerste vlucht in tien maanden";"2022-01-22";"https://nos.nl/artikel/2414030-coronavrij-kiribati-in-lockdown-na-besmettingen-via-eerste-vlucht-in-tien-maanden";"NOS";"1";"1";"1";"0";"1";"0";"0";"0";"0";"0";"0";"0";"0";"0";"0";"1";"Kiribati";"1";"0"
"main_coder";2414213;"GGD waarschuwt: Nederland onvoldoende voorbereid op een nieuwe pandemie";"2022-01-23";"https://nos.nl/artikel/2414213-ggd-waarschuwt-nederland-onvoldoende-voorbereid-op-een-nieuwe-pandemie";"NOS";"0";"0";"0";"0";"0";"0";"0";"0";"0";"0";"0";"0";"0";"0";"0";"0";"";"0";"0"
"main_coder";2414256;"WHO: einde pandemie in Europa mogelijk in zicht";"2022-01-23";"https://nos.nl/artikel/2414256-who-einde-pandemie-in-europa-mogelijk-in-zicht";"NOS";"1";"1";"0";"0";"0";"0";"0";"0";"0";"0";"0";"0";"0";"0";"0";"0";"";"1";"0"
"main_coder";2414398;"OMT: leerlingen zonder klachten niet meer in quarantaine";"2022-01-24";"https://nos.nl/artikel/2414398-omt-leerlingen-zonder-klachten-niet-meer-in-quarantaine";"NOS";"1";"0";"1";"0";"0";"0";"0";"0";"0";"0";"0";"0";"0";"0";"0";"0";"";"1";"0"
"main_coder";2414423;"Driekwart van coronapatiënten op IC heeft na een jaar nog klachten";"2022-01-25";"https://nos.nl/artikel/2414423-driekwart-van-coronapatienten-op-ic-heeft-na-een-jaar-nog-klachten";"NOS";"1";"0";"0";"0";"0";"1";"0";"0";"0";"0";"0";"0";"0";"0";"0";"0";"";"1";"0"
"main_coder";2415292;"Kabinet zet 2G-voorstel nu niet door, meer onderzoek is nodig";"2022-02-01";"https://nos.nl/artikel/2415292-kabinet-zet-2g-voorstel-nu-niet-door-meer-onderzoek-is-nodig";"NOS";"1";"0";"0";"0";"1";"0";"0";"0";"0";"0";"0";"0";"0";"0";"0";"0";"";"1";"0"
"main_coder";2416334;"RIVM: groei besmettingen vlakt af, we gaan richting de piek";"2022-02-08";"https://nos.nl/artikel/2416334-rivm-groei-besmettingen-vlakt-af-we-gaan-richting-de-piek";"NOS";"1";"1";"0";"1";"0";"0";"0";"0";"0";"0";"0";"0";"0";"0";"0";"0";"";"1";"0"
"main_coder";2408219;"Prinses Beatrix positief getest op het coronavirus";"2021-12-04";"https://nos.nl/artikel/2408219-prinses-beatrix-positief-getest-op-het-coronavirus";"NOS";"1";"1";"0";"0";"0";"0";"0";"0";"0";"0";"0";"0";"0";"0";"0";"0";"";"1";"0"
"main_coder";2408421;"Kabinet zet plan voor omstreden 2G-systeem voorlopig niet door";"2021-12-06";"https://nos.nl/artikel/2408421-kabinet-zet-plan-voor-omstreden-2g-systeem-voorlopig-niet-door";"NOS";"1";"0";"1";"0";"1";"0";"0";"0";"0";"0";"0";"0";"0";"0";"0";"0";"";"1";"0"
"main_coder";2408462;"Instroom van coronapatiënten in ziekenhuizen over piek heen";"2021-12-06";"https://nos.nl/artikel/2408462-instroom-van-coronapatienten-in-ziekenhuizen-over-piek-heen";"NOS";"1";"1";"1";"0";"0";"0";"0";"0";"0";"0";"0";"0";"0";"0";"0";"0";"";"1";"1"
"main_coder";2410350;"Kamer onderbreekt reces voor debat over lockdown";"2021-12-21";"https://nos.nl/artikel/2410350-kamer-onderbreekt-reces-voor-debat-over-lockdown";"NOS";"1";"0";"1";"1";"1";"0";"0";"0";"0";"0";"0";"0";"0";"1";"0";"0";"";"1";"0"
"main_coder";2410419;"Rutte: wat we ook hadden gedaan, deze lockdown was niet te voorkomen";"2021-12-21";"https://nos.nl/artikel/2410419-rutte-wat-we-ook-hadden-gedaan-deze-lockdown-was-niet-te-voorkomen";"NOS";"1";"0";"1";"0";"1";"0";"0";"0";"0";"0";"0";"0";"0";"1";"0";"0";"";"1";"0"
"main_coder";2411199;"Duizenden zorgmedewerkers met long covid, vakbond begint meldpunt";"2021-12-29";"https://nos.nl/artikel/2411199-duizenden-zorgmedewerkers-met-long-covid-vakbond-begint-meldpunt";"NOS";"1";"0";"0";"0";"0";"1";"0";"0";"0";"0";"0";"0";"0";"0";"0";"0";"";"1";"0"
"main_coder";2411346;"Kappersactie tegen sluiting: ""We missen financiële steun""";"2021-12-30";"https://nos.nl/artikel/2411346-kappersactie-tegen-sluiting-we-missen-financiele-steun";"NOS";"1";"0";"1";"0";"0";"0";"0";"0";"1";"0";"0";"0";"0";"0";"0";"0";"";"1";"0"
"main_coder";2413380;"Oxfam: vermogen tien rijkste mannen verdubbeld, armoede toegenomen tijdens pandemie";"2022-01-17";"https://nos.nl/artikel/2413380-oxfam-vermogen-tien-rijkste-mannen-verdubbeld-armoede-toegenomen-tijdens-pandemie";"NOS";"1";"0";"0";"0";"0";"0";"0";"0";"1";"0";"0";"0";"0";"0";"0";"0";"";"1";"1"
"main_coder";2407076;"Nieuwe coronavariant in Zuid-Afrika, reisbeperkingen ingesteld door VK en Israël";"2021-11-25";"https://nos.nl/artikel/2407076-nieuwe-coronavariant-in-zuid-afrika-reisbeperkingen-ingesteld-door-vk-en-israel";"NOS";"1";"1";"1";"0";"0";"0";"0";"1";"0";"0";"0";"0";"0";"0";"0";"1";"Israel, South Africa, UK";"1";"0"
"main_coder";2407134;"Rotterdamse politie: rellen georganiseerd door criminelen";"2021-11-26";"https://nos.nl/artikel/2407134-rotterdamse-politie-rellen-georganiseerd-door-criminelen";"NOS";"0";"0";"0";"0";"0";"0";"0";"0";"0";"0";"0";"0";"0";"0";"0";"0";"";"0";"0"
"main_coder";2407151;"Wereld bezorgd om B.1.1.529, wat weten we over deze nieuwe coronavariant?";"2021-11-26";"https://nos.nl/artikel/2407151-wereld-bezorgd-om-b-1-1-529-wat-weten-we-over-deze-nieuwe-coronavariant";"NOS";"1";"0";"0";"0";"0";"0";"0";"1";"0";"0";"0";"0";"0";"0";"0";"1";"South Africa";"1";"0"
"main_coder";2407510;"Een week in hotelisolatie: ""Weinig contact, tijd voor introspectie""";"2021-11-29";"https://nos.nl/artikel/2407510-een-week-in-hotelisolatie-weinig-contact-tijd-voor-introspectie";"NOS";"1";"0";"1";"0";"0";"0";"0";"0";"0";"0";"0";"0";"0";"0";"0";"0";"";"1";"0"
"main_coder";2407660;"RIVM ziet stabilisatie aantal nieuwe gevallen, ""eerste lichtpuntje""";"2021-11-30";"https://nos.nl/artikel/2407660-rivm-ziet-stabilisatie-aantal-nieuwe-gevallen-eerste-lichtpuntje";"NOS";"1";"1";"0";"1";"0";"0";"0";"0";"0";"0";"0";"0";"0";"0";"0";"0";"";"1";"0"
"main_coder";2413182;"Restaurants op veel plekken open uit protest tegen verlengde lockdown";"2022-01-15";"https://nos.nl/artikel/2413182-restaurants-op-veel-plekken-open-uit-protest-tegen-verlengde-lockdown";"NOS";"1";"0";"1";"0";"0";"0";"0";"0";"1";"0";"0";"0";"0";"0";"0";"0";"";"1";"0"
"main_coder";2407665;"Burgemeesters bespreken ""anti-polarisatieplan"": ""Trek het breder dan relschoppers""";"2021-11-30";"https://nos.nl/artikel/2407665-burgemeesters-bespreken-anti-polarisatieplan-trek-het-breder-dan-relschoppers";"NOS";"1";"0";"0";"0";"0";"0";"0";"0";"0";"0";"0";"0";"0";"1";"0";"0";"";"1";"0"
"main_coder";2407794;"Een op de tien ziekenhuismedewerkers zit thuis: ""Vicieuze cirkel""";"2021-12-01";"https://nos.nl/artikel/2407794-een-op-de-tien-ziekenhuismedewerkers-zit-thuis-vicieuze-cirkel";"NOS";"1";"0";"0";"0";"0";"0";"1";"0";"0";"0";"0";"0";"0";"0";"0";"0";"";"1";"0"
"main_coder";2407896;"Valse coronacheck-apps sluizen QR-codes van gebruikers door";"2021-12-02";"https://nos.nl/artikel/2407896-valse-coronacheck-apps-sluizen-qr-codes-van-gebruikers-door";"NOS";"0";"0";"0";"0";"0";"0";"0";"0";"0";"0";"0";"0";"0";"0";"0";"0";"";"0";"0"
"main_coder";2407916;"Zelftesten ""duur grapje"" voor financieel kwetsbaren";"2021-12-02";"https://nos.nl/artikel/2407916-zelftesten-duur-grapje-voor-financieel-kwetsbaren";"NOS";"1";"0";"0";"1";"0";"0";"0";"0";"0";"0";"0";"0";"0";"0";"0";"0";"";"1";"0"
"main_coder";2408187;"Niet gevaccineerd vanwege desinformatie: ""Iedereen moet de juiste informatie krijgen""";"2021-12-04";"https://nos.nl/artikel/2408187-niet-gevaccineerd-vanwege-desinformatie-iedereen-moet-de-juiste-informatie-krijgen";"NOS";"1";"0";"0";"0";"1";"0";"0";"0";"0";"0";"0";"0";"1";"0";"0";"0";"";"1";"0"
"main_coder";2401039;"Protesten in Rome tegen invoering coronapas op werkvloer";"2021-10-09";"https://nos.nl/artikel/2401039-protesten-in-rome-tegen-invoering-coronapas-op-werkvloer";"NOS";"1";"0";"0";"0";"1";"0";"0";"0";"0";"0";"0";"1";"0";"0";"0";"1";"Italy";"1";"0"
"main_coder";2401511;"Gommers: versoepel niet, piek van 400 coronapatiënten kan IC niet aan";"2021-10-13";"https://nos.nl/artikel/2401511-gommers-versoepel-niet-piek-van-400-coronapatienten-kan-ic-niet-aan";"NOS";"1";"0";"1";"0";"0";"0";"1";"0";"0";"0";"0";"0";"0";"0";"0";"0";"";"1";"0"
"main_coder";2404853;"Besmette radioloog aan het werk in Jeroen Bosch Ziekenhuis";"2021-11-08";"https://nos.nl/artikel/2404853-besmette-radioloog-aan-het-werk-in-jeroen-bosch-ziekenhuis";"NOS";"1";"0";"1";"0";"0";"0";"1";"0";"0";"0";"0";"0";"0";"0";"0";"0";"";"1";"0"
"main_coder";2405022;"Limburgse ziekenhuizen liggen vol, maar verantwoordelijken wijzen naar elkaar";"2021-11-09";"https://nos.nl/artikel/2405022-limburgse-ziekenhuizen-liggen-vol-maar-verantwoordelijken-wijzen-naar-elkaar";"NOS";"1";"0";"0";"0";"0";"0";"1";"0";"0";"0";"0";"0";"0";"0";"0";"0";"";"1";"0"
"main_coder";2405798;"Ongevaccineerd zorgpersoneel België vanaf 1 april ontslagen";"2021-11-16";"https://nos.nl/artikel/2405798-ongevaccineerd-zorgpersoneel-belgie-vanaf-1-april-ontslagen";"NOS";"1";"0";"0";"0";"1";"0";"0";"0";"0";"0";"0";"0";"0";"0";"0";"1";"Belgium";"1";"0"
"main_coder";2405850;"GGD Limburg start groot onderzoek naar langdurige effecten corona";"2021-11-16";"https://nos.nl/artikel/2405850-ggd-limburg-start-groot-onderzoek-naar-langdurige-effecten-corona";"NOS";"1";"0";"0";"0";"0";"1";"0";"1";"0";"0";"0";"0";"0";"0";"0";"0";"";"1";"0"
"main_coder";2405863;"1,3 miljard euro steun voor ondernemers na nieuwe maatregelen";"2021-11-16";"https://nos.nl/artikel/2405863-1-3-miljard-euro-steun-voor-ondernemers-na-nieuwe-maatregelen";"NOS";"1";"0";"0";"0";"0";"0";"0";"0";"1";"0";"0";"0";"0";"0";"0";"0";"";"0";"0"
"main_coder";2405937;"Geen volmondige steun voor 2G, maar ook geen blokkade in de Kamer";"2021-11-16";"https://nos.nl/artikel/2405937-geen-volmondige-steun-voor-2g-maar-ook-geen-blokkade-in-de-kamer";"NOS";"1";"0";"0";"0";"1";"0";"0";"0";"0";"0";"0";"0";"0";"1";"0";"0";"";"1";"0"
"main_coder";2406148;"Veel Israëliërs kregen al een booster en die extra prik lijkt te werken";"2021-11-18";"https://nos.nl/artikel/2406148-veel-israeliers-kregen-al-een-booster-en-die-extra-prik-lijkt-te-werken";"NOS";"1";"0";"0";"0";"1";"0";"0";"0";"0";"0";"0";"0";"0";"0";"0";"1";"Israel";"1";"0"
"main_coder";2406422;"Tienduizenden Oostenrijkers protesteren tegen lockdown en vaccinatieplicht";"2021-11-20";"https://nos.nl/artikel/2406422-tienduizenden-oostenrijkers-protesteren-tegen-lockdown-en-vaccinatieplicht";"NOS";"1";"0";"1";"0";"1";"0";"0";"0";"0";"0";"0";"1";"0";"0";"0";"0";"";"1";"1"
"main_coder";2406826;"Stijgende cijfers, slecht gedrag en rellen: de dilemma's van het kabinet";"2021-11-23";"https://nos.nl/artikel/2406826-stijgende-cijfers-slecht-gedrag-en-rellen-de-dilemma-s-van-het-kabinet";"NOS";"1";"0";"1";"0";"1";"0";"0";"0";"0";"0";"0";"1";"0";"0";"0";"0";"";"1";"0"
"main_coder";2406955;"Planbare zorg verder afgeschaald, ""nieuwe fase ingegaan""";"2021-11-24";"https://nos.nl/artikel/2406955-planbare-zorg-verder-afgeschaald-nieuwe-fase-ingegaan";"NOS";"1";"0";"0";"0";"0";"0";"1";"0";"0";"0";"0";"0";"0";"0";"0";"0";"";"1";"0"
"main_coder";2399460;"Brabantse Ziekenhuizen gaan samen personeelstekorten aanpakken";"2021-09-27";"https://nos.nl/artikel/2399460-brabantse-ziekenhuizen-gaan-samen-personeelstekorten-aanpakken";"NOS";"0";"0";"0";"0";"0";"0";"0";"0";"0";"0";"0";"0";"0";"0";"0";"0";"";"0";"0"
"main_coder";2399726;"Blok: na 1 oktober is steun echt alleen nog bedoeld voor nachthoreca en evenementensector";"2021-09-29";"https://nos.nl/artikel/2399726-blok-na-1-oktober-is-steun-echt-alleen-nog-bedoeld-voor-nachthoreca-en-evenementensector";"NOS";"1";"0";"1";"0";"0";"0";"0";"0";"1";"0";"0";"0";"0";"1";"0";"0";"";"1";"0"
"main_coder";2399731;"Zij zijn wel gevaccineerd of hersteld, maar krijgen geen QR-code";"2021-09-29";"https://nos.nl/artikel/2399731-zij-zijn-wel-gevaccineerd-of-hersteld-maar-krijgen-geen-qr-code";"NOS";"1";"0";"0";"1";"1";"0";"0";"0";"0";"0";"0";"0";"0";"0";"1";"0";"";"1";"0"
"main_coder";2399840;"Rechter: gemeente Utrecht mocht restaurant Waku Waku sluiten";"2021-09-30";"https://nos.nl/artikel/2399840-rechter-gemeente-utrecht-mocht-restaurant-waku-waku-sluiten";"NOS";"1";"0";"0";"0";"1";"0";"0";"0";"0";"0";"0";"1";"0";"0";"0";"0";"";"1";"1"
"main_coder";2401921;"Nog meer IC-bedden deze winter? Kan niet, zeggen verpleegkundigen";"2021-10-16";"https://nos.nl/artikel/2401921-nog-meer-ic-bedden-deze-winter-kan-niet-zeggen-verpleegkundigen";"NOS";"1";"0";"0";"0";"0";"0";"1";"0";"0";"0";"0";"0";"0";"0";"1";"0";"";"1";"0"
"main_coder";2402949;"Coronabezetting ziekenhuizen op hoogste niveau sinds begin juni";"2021-10-24";"https://nos.nl/artikel/2402949-coronabezetting-ziekenhuizen-op-hoogste-niveau-sinds-begin-juni";"NOS";"1";"1";"0";"0";"0";"0";"0";"0";"0";"0";"0";"0";"0";"0";"0";"0";"";"1";"0"
"main_coder";2404015;"21.500 bedrijven krijgen extra tijd voor loonsteunberekening";"2021-11-01";"https://nos.nl/artikel/2404015-21-500-bedrijven-krijgen-extra-tijd-voor-loonsteunberekening";"NOS";"0";"0";"0";"0";"0";"0";"0";"0";"0";"0";"0";"0";"0";"0";"0";"0";"";"0";"0"
"main_coder";2404162;"Dertien arrestaties bij coronaprotest tijdens persconferentie";"2021-11-03";"https://nos.nl/artikel/2404162-dertien-arrestaties-bij-coronaprotest-tijdens-persconferentie";"NOS";"1";"0";"0";"0";"0";"0";"0";"0";"0";"0";"0";"1";"0";"0";"0";"0";"";"1";"0"
"main_coder";2404224;"Kamermeerderheid tegen coronapas bij amateursport, Rutte gaat ""erop kauwen""";"2021-11-03";"https://nos.nl/artikel/2404224-kamermeerderheid-tegen-coronapas-bij-amateursport-rutte-gaat-erop-kauwen";"NOS";"1";"0";"0";"0";"1";"0";"0";"0";"0";"0";"0";"0";"0";"1";"0";"0";"";"1";"0"
"main_coder";2384683;"RIVM: ""Het gaat goed en steeds beter""";"2021-06-12";"https://nos.nl/artikel/2384683-rivm-het-gaat-goed-en-steeds-beter";"NOS";"1";"0";"1";"1";"1";"0";"0";"1";"0";"0";"0";"0";"0";"0";"0";"0";"";"1";"1"
"main_coder";2388561;"""Twee dagen thuiswerken met vergoeding is nu de norm""";"2021-07-09";"https://nos.nl/artikel/2388561-twee-dagen-thuiswerken-met-vergoeding-is-nu-de-norm";"NOS";"0";"0";"0";"0";"0";"0";"0";"0";"0";"0";"0";"0";"0";"0";"0";"0";"";"0";"0"
"main_coder";2388667;"Kabinet trapt op rem om ""ongekende"" besmettingscijfers, maar wuift kritiek weg";"2021-07-09";"https://nos.nl/artikel/2388667-kabinet-trapt-op-rem-om-ongekende-besmettingscijfers-maar-wuift-kritiek-weg";"NOS";"1";"1";"1";"0";"1";"0";"0";"0";"0";"0";"0";"0";"0";"0";"0";"0";"";"1";"0"
"main_coder";2388817;"""Jongeren lopen reëel risico op long covid, ook na milde infectie""";"2021-07-10";"https://nos.nl/artikel/2388817-jongeren-lopen-reeel-risico-op-long-covid-ook-na-milde-infectie";"NOS";"1";"0";"0";"0";"1";"1";"0";"0";"0";"0";"0";"0";"0";"0";"0";"0";"";"1";"0"
"main_coder";2392929;"Dodelijke uitbraak Vlaams zorgcentrum zet Colombiaanse variant in spotlight";"2021-08-06";"https://nos.nl/artikel/2392929-dodelijke-uitbraak-vlaams-zorgcentrum-zet-colombiaanse-variant-in-spotlight";"NOS";"1";"1";"0";"0";"1";"0";"0";"1";"0";"0";"0";"0";"0";"0";"0";"0";"";"1";"0"
"main_coder";2393546;"""Vakanties beïnvloeden coronacijfers"", komt persconferentie te vroeg?";"2021-08-12";"https://nos.nl/artikel/2393546-vakanties-beinvloeden-coronacijfers-komt-persconferentie-te-vroeg";"NOS";"1";"1";"1";"0";"1";"0";"0";"0";"0";"0";"0";"0";"0";"0";"0";"0";"";"1";"0"
"main_coder";2394160;"Coronacijfers Wit-Rusland kunstmatig laag: ""Ik mag niet iedere dode registreren""";"2021-08-17";"https://nos.nl/artikel/2394160-coronacijfers-wit-rusland-kunstmatig-laag-ik-mag-niet-iedere-dode-registreren";"NOS";"1";"1";"0";"0";"1";"0";"0";"0";"0";"0";"0";"0";"0";"0";"0";"1";"Belarus";"1";"0"
"main_coder";2394238;"""Ik leef al anderhalf jaar in thuisisolatie met mijn gezin""";"2021-08-17";"https://nos.nl/artikel/2394238-ik-leef-al-anderhalf-jaar-in-thuisisolatie-met-mijn-gezin";"NOS";"1";"0";"0";"1";"1";"0";"0";"0";"0";"1";"0";"0";"0";"0";"0";"0";"";"1";"0"
"main_coder";2394653;"Evenementenbranche wil aan het werk: ""Als het nu niet veilig kan, wanneer dan wel""";"2021-08-21";"https://nos.nl/artikel/2394653-evenementenbranche-wil-aan-het-werk-als-het-nu-niet-veilig-kan-wanneer-dan-wel";"NOS";"1";"0";"1";"0";"1";"0";"0";"0";"0";"0";"0";"1";"0";"0";"0";"0";"";"1";"0"
"main_coder";2395783;"Coronasteun stopt per 1 oktober, kabinet werkt nog aan regeling voor nachtclubs";"2021-08-30";"https://nos.nl/artikel/2395783-coronasteun-stopt-per-1-oktober-kabinet-werkt-nog-aan-regeling-voor-nachtclubs";"NOS";"1";"0";"1";"0";"0";"0";"0";"0";"1";"0";"0";"0";"0";"0";"0";"0";"";"1";"0"
"main_coder";2396327;"Werkgevers willen vaccinatie- of testbewijs van personeel zien";"2021-09-03";"https://nos.nl/artikel/2396327-werkgevers-willen-vaccinatie-of-testbewijs-van-personeel-zien";"NOS";"1";"0";"0";"1";"1";"0";"0";"0";"0";"0";"0";"0";"0";"0";"0";"0";"";"1";"0"
"main_coder";2396440;"Meerderheid werkgevers wil weten of personeel gevaccineerd is";"2021-09-04";"https://nos.nl/artikel/2396440-meerderheid-werkgevers-wil-weten-of-personeel-gevaccineerd-is";"NOS";"1";"0";"0";"1";"1";"0";"0";"0";"0";"0";"0";"0";"0";"0";"0";"0";"";"1";"0"
"main_coder";2383461;"Man (53) gearresteerd voor bedreiging Jaap van Dissel en opruiing";"2021-06-03";"https://nos.nl/artikel/2383461-man-53-gearresteerd-voor-bedreiging-jaap-van-dissel-en-opruiing";"NOS";"0";"0";"0";"0";"0";"0";"0";"0";"0";"0";"0";"0";"0";"0";"0";"0";"";"0";"0"
"main_coder";2384044;"Britten bezorgd, hoe gaat het met de Indiase ""delta-variant"" in Nederland?";"2021-06-07";"https://nos.nl/artikel/2384044-britten-bezorgd-hoe-gaat-het-met-de-indiase-delta-variant-in-nederland";"NOS";"1";"0";"0";"0";"1";"0";"0";"1";"0";"0";"0";"0";"0";"0";"0";"0";"";"1";"0"
"main_coder";2384237;"""Coronaperiode trekt wissel op meerderheid zorgprofessionals""";"2021-06-09";"https://nos.nl/artikel/2384237-coronaperiode-trekt-wissel-op-meerderheid-zorgprofessionals";"NOS";"1";"0";"0";"0";"0";"0";"1";"0";"0";"0";"0";"0";"0";"0";"0";"0";"";"1";"0"
"main_coder";2384292;"Steun voor vaccinatie gezonde tieners, maar het meest bij niet-ouders";"2021-06-09";"https://nos.nl/artikel/2384292-steun-voor-vaccinatie-gezonde-tieners-maar-het-meest-bij-niet-ouders";"NOS";"1";"0";"0";"0";"1";"0";"0";"0";"0";"0";"0";"0";"0";"0";"0";"0";"";"1";"0"
"main_coder";2386193;"KLM opnieuw grootste ontvanger van corona-loonsteun";"2021-06-22";"https://nos.nl/artikel/2386193-klm-opnieuw-grootste-ontvanger-van-corona-loonsteun";"NOS";"1";"0";"0";"0";"0";"0";"0";"0";"1";"0";"0";"0";"0";"0";"0";"0";"";"0";"0"
"main_coder";2387250;"Hoe erg houdt de deltavariant ons in z'n greep? ""Hangt van de vaccinaties af""";"2021-06-29";"https://nos.nl/artikel/2387250-hoe-erg-houdt-de-deltavariant-ons-in-z-n-greep-hangt-van-de-vaccinaties-af";"NOS";"1";"1";"0";"0";"1";"0";"0";"0";"0";"0";"0";"0";"0";"0";"0";"1";"Israel, UK";"1";"0"
"main_coder";2387341;"Tieners kunnen vanaf vrijdag afspraak maken voor coronavaccinatie";"2021-06-30";"https://nos.nl/artikel/2387341-tieners-kunnen-vanaf-vrijdag-afspraak-maken-voor-coronavaccinatie";"NOS";"1";"0";"0";"0";"1";"0";"0";"0";"0";"0";"0";"0";"0";"0";"0";"0";"";"1";"1"
"main_coder";2387937;"Besmettingen lopen op, vooral onder jongeren: moeten we ons zorgen maken?";"2021-07-04";"https://nos.nl/artikel/2387937-besmettingen-lopen-op-vooral-onder-jongeren-moeten-we-ons-zorgen-maken";"NOS";"1";"1";"1";"1";"1";"1";"0";"0";"0";"0";"0";"0";"0";"0";"0";"0";"";"1";"0"
"main_coder";2388388;"Kamer: voorkom dat Nederland op rood gaat en we niet meer op vakantie kunnen";"2021-07-07";"https://nos.nl/artikel/2388388-kamer-voorkom-dat-nederland-op-rood-gaat-en-we-niet-meer-op-vakantie-kunnen";"NOS";"1";"0";"1";"1";"1";"0";"0";"0";"0";"0";"0";"0";"0";"1";"0";"0";"";"1";"0"
"main_coder";2378929;"Lange wachttijden en vaak jonge patiënten bij nazorgpoli's corona";"2021-05-01";"https://nos.nl/artikel/2378929-lange-wachttijden-en-vaak-jonge-patienten-bij-nazorgpoli-s-corona";"NOS";"1";"0";"0";"0";"0";"1";"1";"0";"0";"0";"0";"0";"0";"0";"0";"0";"";"1";"1"
"main_coder";2379392;"Vaccinaties leiden tot stevige daling van coronasterfte in ziekenhuizen, ook op IC";"2021-05-04";"https://nos.nl/artikel/2379392-vaccinaties-leiden-tot-stevige-daling-van-coronasterfte-in-ziekenhuizen-ook-op-ic";"NOS";"1";"1";"0";"0";"0";"0";"1";"0";"0";"0";"0";"0";"0";"0";"0";"0";"";"1";"0"
"main_coder";2379298;"Is de piek van de derde golf bereikt? ""Het is nog even koffiedik kijken""";"2021-05-03";"https://nos.nl/artikel/2379298-is-de-piek-van-de-derde-golf-bereikt-het-is-nog-even-koffiedik-kijken";"NOS";"1";"1";"1";"0";"1";"1";"0";"0";"0";"0";"0";"0";"0";"0";"0";"0";"";"1";"1"
"main_coder";2379841;"Besmettingen India gaan hard door virusmutaties en niet naleven maatregelen";"2021-05-08";"https://nos.nl/artikel/2379841-besmettingen-india-gaan-hard-door-virusmutaties-en-niet-naleven-maatregelen";"NOS";"1";"1";"1";"0";"1";"0";"1";"1";"0";"0";"0";"0";"0";"0";"1";"1";"India";"1";"1"
"main_coder";2380091;"""Acht op tien bedrijfsartsen kunnen werknemer met long covid niet goed helpen""";"2021-05-10";"https://nos.nl/artikel/2380091-acht-op-tien-bedrijfsartsen-kunnen-werknemer-met-long-covid-niet-goed-helpen";"NOS";"1";"0";"0";"0";"0";"1";"0";"0";"0";"0";"0";"0";"0";"0";"0";"0";"";"1";"0"
"main_coder";2381284;"Wel naar Primark, niet naar het museum: ""Alles wordt gemeten in economisch gewin""";"2021-05-18";"https://nos.nl/artikel/2381284-wel-naar-primark-niet-naar-het-museum-alles-wordt-gemeten-in-economisch-gewin";"NOS";"1";"0";"1";"0";"0";"0";"0";"0";"0";"0";"0";"0";"0";"0";"0";"0";"";"1";"0"
"main_coder";2381518;"Nederlands trollenleger verspreidde nepnieuws over corona";"2021-05-20";"https://nos.nl/artikel/2381518-nederlands-trollenleger-verspreidde-nepnieuws-over-corona";"NOS";"1";"0";"0";"0";"0";"0";"0";"0";"0";"0";"0";"0";"1";"0";"0";"0";"";"1";"0"
"main_coder";2381978;"Hoe houden we zicht op het virus als we richting het ""oude normaal"" gaan?";"2021-05-23";"https://nos.nl/artikel/2381978-hoe-houden-we-zicht-op-het-virus-als-we-richting-het-oude-normaal-gaan";"NOS";"1";"0";"0";"1";"1";"1";"0";"1";"0";"0";"0";"0";"0";"0";"0";"0";"";"1";"1"
"main_coder";2382479;"Coronasteun wordt verlengd, ""maar we moeten er een keer mee stoppen""";"2021-05-27";"https://nos.nl/artikel/2382479-coronasteun-wordt-verlengd-maar-we-moeten-er-een-keer-mee-stoppen";"NOS";"1";"0";"0";"0";"0";"0";"0";"0";"1";"0";"0";"0";"0";"0";"0";"0";"";"1";"0"
"main_coder";2382820;"Duitsland prikt gericht in kwetsbare wijken: ""Alleen flyeren werkt niet""";"2021-05-29";"https://nos.nl/artikel/2382820-duitsland-prikt-gericht-in-kwetsbare-wijken-alleen-flyeren-werkt-niet";"NOS";"1";"1";"0";"0";"1";"0";"0";"0";"0";"0";"0";"0";"0";"0";"0";"1";"Germany";"1";"0"
"main_coder";2371955;"Gea en Sebastiaan maken ""alternatieve persconferentie"" voor verstandelijk beperkten";"2021-03-09";"https://nos.nl/artikel/2371955-gea-en-sebastiaan-maken-alternatieve-persconferentie-voor-verstandelijk-beperkten";"NOS";"1";"0";"1";"0";"0";"0";"0";"0";"0";"0";"0";"0";"0";"0";"0";"0";"";"1";"0"
"main_coder";2374702;"10.000ste covidpatiënt opgenomen op de intensive care";"2021-03-30";"https://nos.nl/artikel/2374702-10-000ste-covidpatient-opgenomen-op-de-intensive-care";"NOS";"1";"1";"0";"0";"0";"0";"0";"1";"0";"0";"0";"0";"0";"0";"0";"0";"";"1";"0"
"main_coder";2374755;"WHO-missie naar Wuhan levert vooral vervolgvragen op";"2021-03-30";"https://nos.nl/artikel/2374755-who-missie-naar-wuhan-levert-vooral-vervolgvragen-op";"NOS";"1";"0";"0";"0";"0";"0";"0";"1";"0";"0";"0";"0";"0";"0";"0";"1";"China";"1";"0"
"main_coder";2375503;"Servië heeft zo veel vaccins dat er keuze is, en bussen uit buurland toestromen";"2021-04-05";"https://nos.nl/artikel/2375503-servie-heeft-zo-veel-vaccins-dat-er-keuze-is-en-bussen-uit-buurland-toestromen";"NOS";"1";"0";"0";"0";"1";"0";"0";"0";"0";"0";"0";"0";"1";"0";"1";"1";"Serbia";"1";"1"
"main_coder";2375624;"RIVM: besmettingen dalen in week met 7 procent, kijken of dit doorzet";"2021-04-06";"https://nos.nl/artikel/2375624-rivm-besmettingen-dalen-in-week-met-7-procent-kijken-of-dit-doorzet";"NOS";"1";"1";"0";"1";"1";"0";"0";"0";"0";"0";"0";"0";"0";"0";"0";"0";"";"1";"0"
"main_coder";2376137;"Demonstratie tegen coronabeleid in Baarn en omgeving";"2021-04-10";"https://nos.nl/artikel/2376137-demonstratie-tegen-coronabeleid-in-baarn-en-omgeving";"NOS";"1";"0";"0";"0";"0";"0";"0";"0";"0";"0";"0";"1";"0";"0";"0";"0";"";"1";"1"
"main_coder";2376876;"Rutte: versoepelingsdatum 28 april voor terras en avondklok allerminst zeker";"2021-04-15";"https://nos.nl/artikel/2376876-rutte-versoepelingsdatum-28-april-voor-terras-en-avondklok-allerminst-zeker";"NOS";"1";"0";"1";"0";"1";"0";"0";"0";"0";"0";"0";"0";"0";"0";"0";"0";"";"1";"0"
"main_coder";2377671;"Taak- en werkstraffen voor vier verdachten avondklokrellen Rotterdam-Zuid";"2021-04-21";"https://nos.nl/artikel/2377671-taak-en-werkstraffen-voor-vier-verdachten-avondklokrellen-rotterdam-zuid";"NOS";"1";"0";"0";"0";"0";"0";"0";"0";"0";"0";"0";"1";"0";"0";"0";"0";"";"1";"0"
"main_coder";2377898;"Zorgen bij Gommers over aantal IC-opnames, vrees voor ""code zwart""";"2021-04-23";"https://nos.nl/artikel/2377898-zorgen-bij-gommers-over-aantal-ic-opnames-vrees-voor-code-zwart";"NOS";"1";"1";"1";"0";"0";"0";"1";"0";"0";"0";"0";"0";"0";"0";"0";"0";"";"1";"1"
"main_coder";2378051;"Huisartsen verbaasd over uitspraken RIVM: ""AstraZeneca nu juist belangrijk""";"2021-04-24";"https://nos.nl/artikel/2378051-huisartsen-verbaasd-over-uitspraken-rivm-astrazeneca-nu-juist-belangrijk";"NOS";"1";"0";"0";"0";"1";"0";"0";"0";"0";"0";"0";"0";"0";"0";"0";"0";"";"1";"0"
"main_coder";2378296;"Topdrukte op intensive care, ""al wekenlang alle hens aan dek""";"2021-04-26";"https://nos.nl/artikel/2378296-topdrukte-op-intensive-care-al-wekenlang-alle-hens-aan-dek";"NOS";"1";"0";"1";"0";"0";"0";"1";"0";"0";"0";"0";"0";"0";"0";"0";"0";"";"1";"0"
"main_coder";2369444;"Ook Eerste Kamer stemt in met nieuwe avondklok-wet";"2021-02-19";"https://nos.nl/artikel/2369444-ook-eerste-kamer-stemt-in-met-nieuwe-avondklok-wet";"NOS";"1";"0";"1";"0";"0";"0";"0";"0";"0";"0";"0";"0";"0";"1";"0";"0";"";"1";"1"
"main_coder";2369554;"Hoe zit het met ""vertoeven in de openlucht"" nu de spoedwet is goedgekeurd?";"2021-02-20";"https://nos.nl/artikel/2369554-hoe-zit-het-met-vertoeven-in-de-openlucht-nu-de-spoedwet-is-goedgekeurd";"NOS";"1";"0";"1";"0";"0";"0";"0";"0";"0";"0";"0";"0";"0";"0";"0";"0";"";"1";"0"
"main_coder";2370343;"Gerechtshof doet uitspraak over avondklok: ""Kan gevolg hebben voor boetes""";"2021-02-26";"https://nos.nl/artikel/2370343-gerechtshof-doet-uitspraak-over-avondklok-kan-gevolg-hebben-voor-boetes.html";"NOS";"1";"0";"1";"0";"0";"0";"0";"0";"0";"0";"0";"0";"0";"0";"0";"0";"";"1";"0"
"main_coder";2370614;"Haagse plannen: hoe de politiek de volgende pandemie bestrijdt";"2021-02-28";"https://nos.nl/artikel/2370614-haagse-plannen-hoe-de-politiek-de-volgende-pandemie-bestrijdt";"NOS";"0";"0";"0";"0";"0";"0";"0";"0";"0";"0";"0";"0";"0";"0";"0";"0";"";"0";"0"
"main_coder";2371073;"5090 nieuwe besmettingen, meer dan gemiddeld";"2021-03-03";"https://nos.nl/artikel/2371073-5090-nieuwe-besmettingen-meer-dan-gemiddeld";"NOS";"1";"1";"0";"0";"0";"0";"0";"0";"0";"0";"0";"0";"0";"0";"0";"0";"";"0";"0"
"main_coder";2372391;"Kinderbijslag in de VS: ""Gevoel dat ik er niet meer alleen voor sta""";"2021-03-12";"https://nos.nl/artikel/2372391-kinderbijslag-in-de-vs-gevoel-dat-ik-er-niet-meer-alleen-voor-sta";"NOS";"1";"0";"0";"0";"0";"0";"0";"0";"1";"0";"0";"0";"0";"0";"0";"1";"US of America";"1";"0"
"main_coder";2373141;"Welke rol speelde corona in het stemgedrag?";"2021-03-18";"https://nos.nl/artikel/2373141-welke-rol-speelde-corona-in-het-stemgedrag";"NOS";"0";"0";"0";"0";"0";"0";"0";"0";"0";"0";"0";"0";"0";"0";"0";"0";"";"0";"0"
"main_coder";2373819;"Uurtje later, hoe effectief is de avondklok (dan)?";"2021-03-23";"https://nos.nl/artikel/2373819-uurtje-later-hoe-effectief-is-de-avondklok-dan";"NOS";"1";"0";"1";"0";"0";"0";"0";"0";"0";"0";"0";"0";"0";"0";"0";"0";"";"1";"0"
"main_coder";2374000;"Kamer steunt uitblijven versoepelingen: risico's zijn te groot";"2021-03-24";"https://nos.nl/artikel/2374000-kamer-steunt-uitblijven-versoepelingen-risico-s-zijn-te-groot";"NOS";"1";"0";"1";"0";"0";"0";"0";"0";"0";"0";"0";"0";"0";"1";"0";"0";"";"1";"0"
"main_coder";2374653;"Oxfam Novib: coronavaccins snel ineffectief door vaccingebrek in arme landen";"2021-03-30";"https://nos.nl/artikel/2374653-oxfam-novib-coronavaccins-snel-ineffectief-door-vaccingebrek-in-arme-landen";"NOS";"1";"0";"0";"0";"1";"0";"0";"1";"0";"0";"0";"0";"0";"0";"1";"0";"";"1";"1"
"main_coder";2367987;"Marion Koopmans: ""Rol vleermuizen bij pandemie ligt politiek gevoelig""";"2021-02-09";"https://nos.nl/artikel/2367987-marion-koopmans-rol-vleermuizen-bij-pandemie-ligt-politiek-gevoelig.html";"NOS";"1";"0";"0";"0";"0";"0";"0";"1";"0";"0";"0";"0";"0";"0";"0";"1";"China";"1";"0"
"main_coder";2368835;"2875 nieuwe besmettingen, daling houdt aan";"2021-02-15";"https://nos.nl/artikel/2368835-2875-nieuwe-besmettingen-daling-houdt-aan";"NOS";"1";"1";"0";"0";"0";"0";"0";"0";"0";"0";"0";"0";"0";"0";"0";"0";"";"1";"0"
"main_coder";2368937;"Is de avondklok nu opgeheven? En vijf andere vragen over de avondklok-rechtszaak";"2021-02-16";"https://nos.nl/artikel/2368937-is-de-avondklok-nu-opgeheven-en-vijf-andere-vragen-over-de-avondklok-rechtszaak.html";"NOS";"1";"0";"1";"0";"0";"0";"0";"0";"0";"0";"0";"0";"0";"1";"0";"0";"";"1";"0"
"main_coder";2369107;"Roep om versoepeling coronamaatregelen neemt toe";"2021-02-17";"https://nos.nl/artikel/2369107-roep-om-versoepeling-coronamaatregelen-neemt-toe.html";"NOS";"1";"0";"1";"0";"0";"0";"0";"0";"0";"0";"0";"0";"0";"1";"0";"0";"";"1";"0"
"main_coder";2369110;"Kabinet stuurt spoedwet avondklok naar Tweede Kamer";"2021-02-17";"https://nos.nl/artikel/2369110-kabinet-stuurt-spoedwet-avondklok-naar-tweede-kamer.html";"NOS";"1";"0";"1";"0";"0";"0";"0";"0";"0";"0";"0";"0";"0";"0";"0";"0";"";"1";"0"
"main_coder";2369328;"Het wordt een cruciale dag voor de avondklok: dit kun je verwachten";"2021-02-19";"https://nos.nl/artikel/2369328-het-wordt-een-cruciale-dag-voor-de-avondklok-dit-kun-je-verwachten.html";"NOS";"1";"0";"1";"0";"0";"0";"0";"0";"0";"0";"0";"0";"0";"1";"0";"0";"";"1";"0"
"main_coder";2369357;"Coronapatiënten in Drenthe gaan hun eigen zuurstofgehalte meten";"2021-02-19";"https://nos.nl/artikel/2369357-coronapatienten-in-drenthe-gaan-hun-eigen-zuurstofgehalte-meten";"NOS";"1";"0";"0";"0";"0";"0";"1";"0";"0";"0";"0";"0";"0";"0";"0";"0";"";"1";"0"
"main_coder";2369393;"Hof doet over een week uitspraak, avondklok blijft tot die tijd van kracht";"2021-02-19";"https://nos.nl/artikel/2369393-hof-doet-over-een-week-uitspraak-avondklok-blijft-tot-die-tijd-van-kracht.html";"NOS";"1";"0";"1";"0";"0";"0";"0";"0";"0";"0";"0";"0";"0";"1";"0";"0";"";"1";"1"
"main_coder";2369436;"Waarom veel zwarte Amerikanen het coronavaccin wantrouwen";"2021-02-19";"https://nos.nl/artikel/2369436-waarom-veel-zwarte-amerikanen-het-coronavaccin-wantrouwen.html";"NOS";"1";"0";"0";"0";"1";"0";"0";"0";"0";"0";"0";"0";"1";"0";"0";"1";"US of America";"1";"1"
"main_coder";2366056;"Grapperhaus: snelrecht tegen relschoppers, avondklok blijft";"2021-01-26";"https://nos.nl/artikel/2366056-grapperhaus-snelrecht-tegen-relschoppers-avondklok-blijft";"NOS";"1";"0";"1";"0";"0";"0";"0";"0";"0";"0";"0";"1";"0";"0";"0";"0";"";"1";"1"
"main_coder";2366094;"Uitbraak met Zuid-Afrikaanse variant in fysiotherapiepraktijk Gorinchem";"2021-01-26";"https://nos.nl/artikel/2366094-uitbraak-met-zuid-afrikaanse-variant-in-fysiotherapiepraktijk-gorinchem.html";"NOS";"1";"1";"0";"0";"0";"0";"0";"0";"0";"0";"0";"0";"0";"0";"0";"0";"";"1";"0"
"main_coder";2366198;"Rellen creëren ook groep ""die staat voor iets anders"": veel initiatieven om te helpen";"2021-01-27";"https://nos.nl/artikel/2366198-rellen-creeren-ook-groep-die-staat-voor-iets-anders-veel-initiatieven-om-te-helpen";"NOS";"1";"0";"0";"0";"0";"0";"0";"0";"0";"0";"0";"1";"0";"0";"0";"0";"";"1";"1"
"main_coder";2366327;"Koning spreekt na avondklokrellen met bewoners en ondernemers in Den Bosch";"2021-01-28";"https://nos.nl/artikel/2366327-koning-spreekt-na-avondklokrellen-met-bewoners-en-ondernemers-in-den-bosch";"NOS";"1";"0";"0";"0";"0";"0";"0";"0";"0";"0";"0";"1";"0";"0";"0";"0";"";"1";"1"
"main_coder";2366715;"Corona-onderzoekers WHO bezoeken markt in Wuhan";"2021-01-31";"https://nos.nl/artikel/2366715-corona-onderzoekers-who-bezoeken-markt-in-wuhan";"NOS";"1";"0";"0";"0";"0";"0";"0";"1";"0";"0";"0";"0";"0";"0";"0";"0";"";"1";"0"
"main_coder";2366896;"Oproep uit IC-hoek: ""Versoepel aantal maatregelen, accepteer meer overlijdens""";"2021-02-01";"https://nos.nl/artikel/2366896-oproep-uit-ic-hoek-versoepel-aantal-maatregelen-accepteer-meer-overlijdens.html";"NOS";"1";"0";"1";"0";"0";"0";"1";"0";"1";"1";"0";"0";"0";"0";"0";"0";"";"1";"1"
"main_coder";2367053;"Koopmans: WHO-missie in China is boeiend en fascinerend, maar vol gevoeligheden";"2021-02-02";"https://nos.nl/artikel/2367053-koopmans-who-missie-in-china-is-boeiend-en-fascinerend-maar-vol-gevoeligheden.html";"NOS";"1";"0";"0";"0";"0";"0";"0";"1";"0";"0";"0";"0";"0";"0";"0";"1";"China";"1";"0"
"main_coder";2367205;"13 ME'ers besmet na avondklokrellen, 43 agenten in quarantaine";"2021-02-03";"https://nos.nl/artikel/2367205-13-me-ers-besmet-na-avondklokrellen-43-agenten-in-quarantaine.html";"NOS";"1";"1";"0";"0";"1";"0";"0";"0";"0";"0";"0";"0";"0";"0";"0";"0";"";"1";"0"
"main_coder";2367812;"19-jarige Brit ontwaakt na jaar in coma in totaal andere wereld";"2021-02-08";"https://nos.nl/artikel/2367812-19-jarige-brit-ontwaakt-na-jaar-in-coma-in-totaal-andere-wereld.html";"NOS";"0";"0";"0";"0";"0";"0";"0";"0";"0";"0";"0";"0";"0";"0";"0";"0";"";"0";"1"
"main_coder";2365013;"Nog steeds klachten na eerste golf: ""Mijn denkniveau zit soms nog op 50 procent""";"2021-01-19";"https://nos.nl/artikel/2365013-nog-steeds-klachten-na-eerste-golf-mijn-denkniveau-zit-soms-nog-op-50-procent";"NOS";"1";"0";"0";"0";"0";"1";"0";"0";"0";"0";"0";"0";"0";"0";"0";"0";"";"1";"0"
"main_coder";2365172;"Zuurstof en vaccins voor zwaar getroffen Braziliaanse stad Manaus";"2021-01-20";"https://nos.nl/artikel/2365172-zuurstof-en-vaccins-voor-zwaar-getroffen-braziliaanse-stad-manaus";"NOS";"1";"1";"0";"0";"1";"0";"1";"0";"0";"0";"0";"0";"0";"0";"0";"1";"Brazil";"1";"1"
"main_coder";2365217;"Kamer stelt debat over avondklok uit naar morgen";"2021-01-20";"https://nos.nl/artikel/2365217-kamer-stelt-debat-over-avondklok-uit-naar-morgen.html";"NOS";"1";"0";"1";"0";"0";"0";"0";"0";"0";"0";"0";"0";"0";"1";"0";"0";"";"1";"0"
"main_coder";2365348;"Jetten in debat: wij worstelen met avondklok";"2021-01-21";"https://nos.nl/artikel/2365348-jetten-in-debat-wij-worstelen-met-avondklok.html";"NOS";"1";"0";"1";"0";"0";"0";"0";"0";"0";"0";"0";"0";"0";"1";"0";"0";"";"1";"0"
"main_coder";2365361;"Rutte: avondklok misschien iets later, maar niet na 21.00 uur";"2021-01-21";"https://nos.nl/artikel/2365361-rutte-avondklok-misschien-iets-later-maar-niet-na-21-00-uur";"NOS";"1";"0";"1";"0";"0";"0";"0";"0";"0";"0";"0";"0";"0";"1";"0";"0";"";"1";"1"
"main_coder";2365424;"Extra ondernemerssteun van 7,6 miljard: lucht voor de een, te laat voor de ander";"2021-01-21";"https://nos.nl/artikel/2365424-extra-ondernemerssteun-van-7-6-miljard-lucht-voor-de-een-te-laat-voor-de-ander.html";"NOS";"1";"0";"0";"0";"0";"0";"0";"0";"1";"0";"0";"0";"0";"0";"0";"0";"";"1";"0"
"main_coder";2365867;"""Op dit soort momenten schaam ik me om Urker te zijn""";"2021-01-24";"https://nos.nl/artikel/2365867-op-dit-soort-momenten-schaam-ik-me-om-urker-te-zijn";"NOS";"1";"0";"0";"0";"0";"0";"0";"0";"0";"0";"0";"1";"0";"0";"0";"0";"";"1";"1"
"main_coder";2365887;"Geëmotioneerde burgemeester Eindhoven: ""We zijn zo op weg naar burgeroorlog""";"2021-01-25";"https://nos.nl/artikel/2365887-geemotioneerde-burgemeester-eindhoven-we-zijn-zo-op-weg-naar-burgeroorlog";"NOS";"0";"0";"0";"0";"0";"0";"0";"0";"0";"0";"0";"0";"0";"0";"0";"0";"";"0";"0"
"main_coder";2365905;"Dag na rellen: glasscherven, woedende burgemeesters en zorgen om komende dagen";"2021-01-25";"https://nos.nl/artikel/2365905-dag-na-rellen-glasscherven-woedende-burgemeesters-en-zorgen-om-komende-dagen";"NOS";"1";"0";"0";"0";"0";"0";"0";"0";"0";"0";"0";"1";"0";"0";"0";"0";"";"1";"0"
"main_coder";2365943;"Buitenlandse media besteden uitgebreid aandacht aan rellen in Nederland";"2021-01-25";"https://nos.nl/collectie/13858/artikel/2365943-buitenlandse-media-besteden-uitgebreid-aandacht-aan-rellen-in-nederland";"NOS";"1";"0";"0";"0";"0";"0";"0";"0";"0";"0";"0";"1";"0";"0";"0";"0";"";"1";"0"
"main_coder";2340507;"Herstelzorg ernstig zieke covid-19-patiënten voorlopig ruimer vergoed";"2020-07-13";"https://nos.nl/artikel/2340507-herstelzorg-ernstig-zieke-covid-19-patienten-voorlopig-ruimer-vergoed";"NOS";"1";"0";"0";"0";"0";"1";"0";"0";"0";"0";"0";"0";"0";"0";"0";"0";"";"1";"0"
"main_coder";2356451;"Is de weg naar economisch herstel ingezet met een werkend vaccin in zicht?";"2020-11-13";"https://nos.nl/collectie/13850/artikel/2356451-is-de-weg-naar-economisch-herstel-ingezet-met-een-werkend-vaccin-in-zicht";"NOS";"1";"0";"0";"0";"1";"0";"0";"0";"1";"0";"0";"0";"0";"0";"0";"0";"";"1";"0"
"main_coder";2361404;"13.066 nieuwe besmettingen, hoogste aantal tweede golf";"2020-12-20";"https://nos.nl/artikel/2361404-13-066-nieuwe-besmettingen-hoogste-aantal-tweede-golf";"NOS";"1";"1";"0";"0";"0";"0";"0";"0";"0";"0";"0";"0";"0";"0";"0";"0";"";"1";"0"
"main_coder";2362151;"Van applaus voor de zorg tot lawaaiprotest bij Rutte, het coronasentiment verklaard";"2020-12-27";"https://nos.nl/collectie/13853/artikel/2362151-van-applaus-voor-de-zorg-tot-lawaaiprotest-bij-rutte-het-coronasentiment-verklaard";"NOS";"1";"0";"1";"0";"0";"0";"0";"0";"0";"0";"0";"0";"0";"0";"0";"0";"";"1";"0"
"main_coder";2362463;"Britse coronavariant dreigt problemen voor ziekenhuizen nog groter te maken";"2020-12-29";"https://nos.nl/artikel/2362463-britse-coronavariant-dreigt-problemen-voor-ziekenhuizen-nog-groter-te-maken";"NOS";"1";"1";"0";"1";"0";"0";"0";"1";"0";"0";"0";"0";"0";"0";"0";"0";"";"1";"0"
"main_coder";2363085;"Kamer terug van reces: pittig debat over vaccinaties verwacht";"2021-01-05";"https://nos.nl/artikel/2363085-kamer-terug-van-reces-pittig-debat-over-vaccinaties-verwacht.html";"NOS";"1";"0";"0";"0";"1";"0";"0";"0";"0";"0";"0";"0";"0";"1";"0";"0";"";"1";"0"
"main_coder";2363194;"Tweede Kamer tegen kabinetsplan voor verbod leeftijdselectie intensive care";"2021-01-05";"https://nos.nl/artikel/2363194-tweede-kamer-tegen-kabinetsplan-voor-verbod-leeftijdselectie-intensive-care.html";"NOS";"1";"0";"0";"0";"0";"0";"1";"0";"0";"0";"0";"0";"0";"1";"0";"0";"";"1";"0"
"main_coder";2363318;"Kabinet maakt haast: spoedwet verplichte PCR-test naar Kamer";"2021-01-06";"https://nos.nl/artikel/2363318-kabinet-maakt-haast-spoedwet-verplichte-pcr-test-naar-kamer.html";"NOS";"1";"0";"1";"1";"0";"0";"0";"0";"0";"0";"0";"0";"0";"0";"0";"0";"";"1";"0"
"main_coder";2364443;"Biden kondigt coronasteunpakket van bijna 2000 miljard dollar aan";"2021-01-15";"https://nos.nl/artikel/2364443-biden-kondigt-coronasteunpakket-van-bijna-2000-miljard-dollar-aan";"NOS";"1";"0";"0";"0";"0";"0";"0";"0";"1";"0";"0";"0";"0";"0";"0";"1";"US of America";"1";"0"
"main_coder";2364581;"Britse, Zuid-Afrikaanse en Braziliaanse variant: welke mutaties zijn er eigenlijk?";"2021-01-15";"https://nos.nl/artikel/2364581-britse-zuid-afrikaanse-en-braziliaanse-variant-welke-mutaties-zijn-er-eigenlijk";"NOS";"1";"0";"0";"0";"1";"0";"0";"1";"0";"0";"0";"0";"0";"0";"0";"0";"";"1";"0"
"main_coder";2356386;"Werkgevers willen andere reiskostenvergoeding nu thuiswerken de norm wordt";"2020-11-13";"https://nos.nl/artikel/2356386-werkgevers-willen-andere-reiskostenvergoeding-nu-thuiswerken-de-norm-wordt.html";"NOS";"0";"0";"0";"0";"0";"0";"0";"0";"0";"0";"0";"0";"0";"0";"0";"0";"";"0";"1"
"main_coder";2358916;"Bedrijven worstelen met thuiswerken, ""mentale gesteldheid is ook belangrijk""";"2020-12-01";"https://nos.nl/artikel/2358916-bedrijven-worstelen-met-thuiswerken-mentale-gesteldheid-is-ook-belangrijk";"NOS";"1";"0";"1";"0";"0";"0";"0";"0";"0";"1";"0";"0";"0";"0";"0";"0";"";"1";"1"
"main_coder";2358945;"Beetje hoop voor onderzoekers die door corona in de knel kwamen";"2020-12-02";"https://nos.nl/artikel/2358945-beetje-hoop-voor-onderzoekers-die-door-corona-in-de-knel-kwamen";"NOS";"1";"0";"0";"0";"0";"0";"0";"0";"0";"1";"0";"0";"0";"0";"0";"0";"";"1";"0"
"main_coder";2361027;"Franse president Macron test positief op covid-19";"2020-12-17";"https://nos.nl/artikel/2361027-franse-president-macron-test-positief-op-covid-19";"NOS";"1";"1";"0";"0";"0";"0";"0";"0";"0";"0";"0";"0";"0";"0";"0";"1";"France";"1";"0"
"main_coder";2361463;"Britse veerboten niet meer welkom, meer landen sluiten grens voor reizigers VK";"2020-12-20";"https://nos.nl/artikel/2361463-britse-veerboten-niet-meer-welkom-meer-landen-sluiten-grens-voor-reizigers-vk.html";"NOS";"1";"1";"1";"0";"0";"0";"0";"0";"0";"0";"0";"0";"0";"0";"0";"1";"UK";"1";"0"
"main_coder";2361815;"RIVM: Britse coronavariant verspreidt zich door Nederland";"2020-12-23";"https://nos.nl/artikel/2361815-rivm-britse-coronavariant-verspreidt-zich-door-nederland.html";"NOS";"1";"1";"1";"1";"0";"0";"0";"1";"0";"0";"0";"0";"0";"0";"0";"0";"";"1";"1"
"main_coder";2361928;"Ondanks vooruitgang in strijd tegen corona is sterfkans op IC nog even groot";"2020-12-24";"https://nos.nl/artikel/2361928-ondanks-vooruitgang-in-strijd-tegen-corona-is-sterfkans-op-ic-nog-even-groot.html";"NOS";"1";"1";"0";"0";"0";"0";"1";"0";"0";"0";"0";"0";"0";"0";"0";"0";"";"1";"0"
"main_coder";2362513;"Zorgautoriteit: tientallen ziekenhuizen schrappen dringende operaties door corona";"2020-12-30";"https://nos.nl/artikel/2362513-zorgautoriteit-tientallen-ziekenhuizen-schrappen-dringende-operaties-door-corona.html";"NOS";"1";"0";"0";"0";"1";"0";"1";"0";"0";"0";"0";"0";"0";"0";"0";"0";"";"1";"1"
"main_coder";2363023;"Woensdag begin met vaccinaties medewerkers ziekenhuizen en verpleeghuizen";"2021-01-04";"https://nos.nl/artikel/2363023-woensdag-begin-met-vaccinaties-medewerkers-ziekenhuizen-en-verpleeghuizen.html";"NOS";"1";"0";"0";"0";"1";"0";"0";"0";"0";"0";"0";"0";"0";"1";"0";"0";"";"1";"0"
"main_coder";2363133;"Kabinet wil geen leeftijdselectie op intensive care, artsen houden vast aan draaiboek";"2021-01-05";"https://nos.nl/artikel/2363133-kabinet-wil-geen-leeftijdselectie-op-intensive-care-artsen-houden-vast-aan-draaiboek.html";"NOS";"1";"0";"0";"0";"0";"0";"1";"0";"0";"0";"0";"0";"0";"1";"0";"0";"";"1";"1"
"main_coder";2354225;"Veel kritiek Kamer op aanpak virus, Rutte ziet ""duivels dilemma""";"2020-10-28";"https://nos.nl/artikel/2354225-veel-kritiek-kamer-op-aanpak-virus-rutte-ziet-duivels-dilemma.html";"NOS";"1";"0";"1";"1";"0";"0";"0";"0";"0";"0";"0";"0";"0";"1";"0";"0";"";"1";"0"
"main_coder";2355255;"Zhu Aobing test het coronavaccin, net als honderdduizenden andere Chinezen";"2020-11-04";"https://nos.nl/artikel/2355255-zhu-aobing-test-het-coronavaccin-net-als-honderdduizenden-andere-chinezen";"NOS";"1";"0";"0";"0";"1";"0";"0";"1";"0";"0";"0";"0";"0";"0";"0";"1";"China";"1";"0"
"main_coder";2355531;"Steeds meer mensen worden voor de tweede keer ziek door corona";"2020-11-07";"https://nos.nl/artikel/2355531-steeds-meer-mensen-worden-voor-de-tweede-keer-ziek-door-corona";"NOS";"1";"0";"0";"0";"0";"0";"0";"1";"0";"0";"0";"0";"0";"0";"0";"0";"";"1";"0"
"main_coder";2356042;"Coronamedicijn uit bloed eerst beschikbaar voor kankerpatiënten";"2020-11-10";"https://nos.nl/artikel/2356042-coronamedicijn-uit-bloed-eerst-beschikbaar-voor-kankerpatienten.html";"NOS";"1";"0";"0";"0";"0";"0";"0";"1";"0";"0";"0";"0";"0";"0";"0";"0";"";"1";"0"
"main_coder";2407643;"Advocaat Spaans-Portugees stel in isolatie: ""Nul reden om ze vast te houden""";"2021-11-30";"https://nos.nl/artikel/2407643-advocaat-spaans-portugees-stel-in-isolatie-nul-reden-om-ze-vast-te-houden";"NOS";"0";"0";"0";"0";"0";"0";"0";"0";"0";"0";"0";"0";"0";"0";"0";"0";"";"0";"0"
"main_coder";2365974;"Nederlander vindt minimaal bezoek een groter probleem dan de avondklok";"2021-01-25";"https://nos.nl/artikel/2365974-nederlander-vindt-minimaal-bezoek-een-groter-probleem-dan-de-avondklok";"NOS";"1";"0";"1";"0";"0";"0";"0";"0";"0";"0";"0";"0";"0";"0";"0";"0";"";"1";"0"
"main_coder";2442899;"Vier vragen en antwoorden over de nieuwe coronavaccins";"2022-09-01";"https://nos.nl/artikel/2442899-vier-vragen-en-antwoorden-over-de-nieuwe-coronavaccins";"NOS";"1";"0";"0";"0";"1";"0";"0";"1";"0";"0";"0";"0";"0";"0";"0";"0";"";"1";"0"
"second_coder";2336349;"Israël sluit 90 scholen weer uit angst voor nieuwe corona-uitbraak";"2020-06-05";"https://nos.nl/artikel/2336349-israel-sluit-90-scholen-weer-uit-angst-voor-nieuwe-corona-uitbraak";"NOS";"1";"1";"1";"0";"0";"0";"0";"0";"0";"0";"0";"0";"0";"0";"0";"1";"Israel";"1";"1"
"second_coder";2339109;"1 juli: coronaregels verder versoepeld, wat mag er allemaal weer?";"2020-07-01";"https://nos.nl/artikel/2339109-1-juli-coronaregels-verder-versoepeld-wat-mag-er-allemaal-weer.html";"NOS";"1";"0";"1";"0";"0";"0";"0";"0";"0";"0";"0";"0";"0";"0";"0";"0";"";"1";"1"
"second_coder";2350775;"Republikeinen besmet die samen waren in tuin Witte Huis, coronaregels genegeerd";"2020-10-03";"https://nos.nl/artikel/2350775-republikeinen-besmet-die-samen-waren-in-tuin-witte-huis-coronaregels-genegeerd.html";"NOS";"1";"1";"0";"0";"0";"0";"0";"0";"0";"0";"0";"0";"0";"0";"0";"1";"US of America";"1";"1"
"second_coder";2356386;"Werkgevers willen andere reiskostenvergoeding nu thuiswerken de norm wordt";"2020-11-13";"https://nos.nl/artikel/2356386-werkgevers-willen-andere-reiskostenvergoeding-nu-thuiswerken-de-norm-wordt.html";"NOS";"0";"0";"0";"0";"0";"0";"0";"0";"0";"0";"0";"0";"0";"0";"0";"0";"";"0";"1"
"second_coder";2363133;"Kabinet wil geen leeftijdselectie op intensive care, artsen houden vast aan draaiboek";"2021-01-05";"https://nos.nl/artikel/2363133-kabinet-wil-geen-leeftijdselectie-op-intensive-care-artsen-houden-vast-aan-draaiboek.html";"NOS";"1";"0";"0";"0";"0";"0";"1";"0";"0";"0";"0";"0";"0";"1";"0";"0";"";"1";"1"
"second_coder";2369436;"Waarom veel zwarte Amerikanen het coronavaccin wantrouwen";"2021-02-19";"https://nos.nl/artikel/2369436-waarom-veel-zwarte-amerikanen-het-coronavaccin-wantrouwen.html";"NOS";"1";"0";"0";"0";"1";"0";"0";"0";"0";"0";"0";"0";"0";"0";"0";"1";"US of America";"1";"1"
"second_coder";2374871;"Gevangen Aung San Suu Kyi spreekt voor ""t eerst sinds coup met advocaat";"2021-03-31";"https://nos.nl/artikel/2374871-gevangen-aung-san-suu-kyi-spreekt-voor-t-eerst-sinds-coup-met-advocaat";"NOS";"0";"0";"0";"0";"0";"0";"0";"0";"0";"0";"0";"0";"0";"0";"0";"0";"";"0";"1"
"second_coder";2377898;"Zorgen bij Gommers over aantal IC-opnames, vrees voor ""code zwart""";"2021-04-23";"https://nos.nl/artikel/2377898-zorgen-bij-gommers-over-aantal-ic-opnames-vrees-voor-code-zwart";"NOS";"1";"1";"1";"0";"0";"0";"1";"0";"0";"0";"0";"0";"0";"0";"0";"0";"";"1";"1"
"second_coder";2378733;"En weer slaat Luiten een hole-in-one op eerste toernooidag";"2021-04-29";"https://nos.nl/artikel/2378733-en-weer-slaat-luiten-een-hole-in-one-op-eerste-toernooidag";"NOS";"0";"0";"0";"0";"0";"0";"0";"0";"0";"0";"0";"0";"0";"0";"0";"0";"";"0";"1"
"second_coder";2384806;"Protest tegen extreemrechts in veel Franse steden";"2021-06-12";"https://nos.nl/artikel/2384806-protest-tegen-extreemrechts-in-veel-franse-steden";"NOS";"0";"0";"0";"0";"0";"0";"0";"0";"0";"0";"0";"0";"0";"0";"0";"0";"";"0";"1"
"second_coder";2387341;"Tieners kunnen vanaf vrijdag afspraak maken voor coronavaccinatie";"2021-06-30";"https://nos.nl/artikel/2387341-tieners-kunnen-vanaf-vrijdag-afspraak-maken-voor-coronavaccinatie";"NOS";"1";"0";"0";"0";"1";"0";"0";"0";"0";"0";"0";"0";"0";"0";"0";"0";"";"1";"1"
"second_coder";2391726;"Onzekerheid voor getroffen Limburgse ondernemers, ""meer omzetverlies dan waterschade""";"2021-07-30";"https://nos.nl/artikel/2391726-onzekerheid-voor-getroffen-limburgse-ondernemers-meer-omzetverlies-dan-waterschade";"NOS";"0";"0";"0";"0";"0";"0";"0";"0";"0";"0";"0";"0";"0";"0";"0";"0";"";"0";"1"
"second_coder";2396862;"Huisartsen schreven vaker antidepressiva voor aan jongeren in tweede lockdown";"2021-09-07";"https://nos.nl/artikel/2396862-huisartsen-schreven-vaker-antidepressiva-voor-aan-jongeren-in-tweede-lockdown";"NOS";"1";"0";"0";"0";"0";"0";"0";"0";"0";"0";"1";"0";"0";"0";"0";"0";"";"1";"1"
"second_coder";2451920;"In derde kwartaal meer toeristen in Nederland dan ooit tevoren";"2022-11-11";"https://nos.nl/artikel/2451920-in-derde-kwartaal-meer-toeristen-in-nederland-dan-ooit-tevoren";"NOS";"0";"0";"0";"0";"0";"0";"0";"0";"0";"0";"0";"0";"0";"0";"0";"0";"";"0";"1"
"second_coder";2396742;"""Complete"" Van de Zandschulp heeft knop omgezet: ""Ik speel nu heel constant""";"2021-09-06";"https://nos.nl/artikel/2396742-complete-van-de-zandschulp-heeft-knop-omgezet-ik-speel-nu-heel-constant";"NOS";"0";"0";"0";"0";"0";"0";"0";"0";"0";"0";"0";"0";"0";"0";"0";"0";"";"0";"1"
"second_coder";2397937;"YouTube mocht filmpjes met toespraak Baudet over corona verwijderen";"2021-09-15";"https://nos.nl/artikel/2397937-youtube-mocht-filmpjes-met-toespraak-baudet-over-corona-verwijderen";"NOS";"1";"0";"0";"0";"0";"0";"0";"0";"0";"0";"0";"0";"1";"0";"0";"0";"";"1";"1"
"second_coder";2398885;"Kamerdebat over Prinsjesdagstukken levert nog weinig concreets op";"2021-09-23";"https://nos.nl/artikel/2398885-kamerdebat-over-prinsjesdagstukken-levert-nog-weinig-concreets-op";"NOS";"0";"0";"0";"0";"0";"0";"0";"0";"0";"0";"0";"0";"0";"0";"0";"0";"";"0";"1"
"second_coder";2402238;"Onverzoenlijke speech Poolse premier: ""EU mag Polen niet dwingen""";"2021-10-19";"https://nos.nl/artikel/2402238-onverzoenlijke-speech-poolse-premier-eu-mag-polen-niet-dwingen";"NOS";"0";"0";"0";"0";"0";"0";"0";"0";"0";"0";"0";"0";"0";"0";"0";"0";"";"0";"1"
"second_coder";2448352;"VVD-Kamerlid Tellegen vertrekt definitief uit Tweede Kamer vanwege burn-out";"2022-10-14";"https://nos.nl/artikel/2448352-vvd-kamerlid-tellegen-vertrekt-definitief-uit-tweede-kamer-vanwege-burn-out";"NOS";"0";"0";"0";"0";"0";"0";"0";"0";"0";"0";"0";"0";"0";"0";"0";"0";"";"0";"1"
"second_coder";2385111;"Nederlandse coach schrijft (bijna) historie met Afghanistan: ""Onmogelijke mogelijk""";"2021-06-15";"https://nos.nl/artikel/2385111-nederlandse-coach-schrijft-bijna-historie-met-afghanistan-onmogelijke-mogelijk";"NOS";"0";"0";"0";"0";"0";"0";"0";"0";"0";"0";"0";"0";"0";"0";"0";"0";"";"0";"1"
"second_coder";2399020;"Fiscus gaat weer aanmaningen en dwangbevelen sturen, maar wil ook helpen";"2021-09-24";"https://nos.nl/artikel/2399020-fiscus-gaat-weer-aanmaningen-en-dwangbevelen-sturen-maar-wil-ook-helpen";"NOS";"0";"0";"0";"0";"0";"0";"0";"0";"0";"0";"0";"0";"0";"0";"0";"0";"";"0";"1"
"second_coder";2407133;"Uitputtingsslag in ziekenhuizen: ""Angst voor wat nog komt""";"2021-11-26";"https://nos.nl/artikel/2407133-uitputtingsslag-in-ziekenhuizen-angst-voor-wat-nog-komt";"NOS";"1";"0";"0";"0";"1";"0";"1";"0";"0";"0";"1";"0";"0";"0";"0";"0";"";"1";"1"
"second_coder";2409060;"Het succes van modetentoonstellingen: ""tastbaar"" en ""begerenswaardig""";"2021-12-11";"https://nos.nl/artikel/2409060-het-succes-van-modetentoonstellingen-tastbaar-en-begerenswaardig";"NOS";"0";"0";"0";"0";"0";"0";"0";"0";"0";"0";"0";"0";"0";"0";"0";"0";"";"0";"1"
"second_coder";2417327;"Gezondheidsraad wil meer aandacht voor langdurige coronaklachten";"2022-02-14";"https://nos.nl/artikel/2417327-gezondheidsraad-wil-meer-aandacht-voor-langdurige-coronaklachten";"NOS";"1";"0";"0";"0";"0";"1";"0";"0";"0";"0";"0";"0";"0";"0";"0";"0";"";"1";"1"
"second_coder";2445806;"Zag familie Van Vleuten stunten? ""Gezegd dat ze lekker konden blijven slapen""";"2022-09-24";"https://nos.nl/artikel/2445806-zag-familie-van-vleuten-stunten-gezegd-dat-ze-lekker-konden-blijven-slapen";"NOS";"0";"0";"0";"0";"0";"0";"0";"0";"0";"0";"0";"0";"0";"0";"0";"0";"";"0";"1"
"second_coder";2423521;"Zeer gunstige WK-loting Oranje met Qatar, Senegal en Ecuador als tegenstanders";"2022-04-01";"https://nos.nl/artikel/2423521-zeer-gunstige-wk-loting-oranje-met-qatar-senegal-en-ecuador-als-tegenstanders";"NOS";"0";"0";"0";"0";"0";"0";"0";"0";"0";"0";"0";"0";"0";"0";"0";"0";"";"0";"1"
"second_coder";2426037;"Nieuwe streamingdienst CNN+ enkele weken na lancering alweer stopgezet";"2022-04-22";"https://nos.nl/artikel/2426037-nieuwe-streamingdienst-cnn-enkele-weken-na-lancering-alweer-stopgezet";"NOS";"0";"0";"0";"0";"0";"0";"0";"0";"0";"0";"0";"0";"0";"0";"0";"0";"";"0";"1"
"second_coder";2417700;"Vitesse is de weg kwijt, maar ""Europese duels waren de beste dit seizoen""";"2022-02-17";"https://nos.nl/artikel/2417700-vitesse-is-de-weg-kwijt-maar-europese-duels-waren-de-beste-dit-seizoen";"NOS";"0";"0";"0";"0";"0";"0";"0";"0";"0";"0";"0";"0";"0";"0";"0";"0";"";"0";"1"
"second_coder";2419785;"Veiligheidsregio's moeten met spoed elk duizend Oekraïners opvangen";"2022-03-04";"https://nos.nl/artikel/2419785-veiligheidsregio-s-moeten-met-spoed-elk-duizend-oekrainers-opvangen";"NOS";"0";"0";"0";"0";"0";"0";"0";"0";"0";"0";"0";"0";"0";"0";"0";"0";"";"0";"1"
"second_coder";2420046;"Snelle tijden op marathon Tokio: Kipchoge loopt vierde tijd ooit";"2022-03-06";"https://nos.nl/artikel/2420046-snelle-tijden-op-marathon-tokio-kipchoge-loopt-vierde-tijd-ooit";"NOS";"0";"0";"0";"0";"0";"0";"0";"0";"0";"0";"0";"0";"0";"0";"0";"0";"";"0";"1"
"second_coder";2428330;"Lockdown trof mentale gezondheid jongeren, veel ouderen voelden zich juist goed";"2022-05-11";"https://nos.nl/artikel/2428330-lockdown-trof-mentale-gezondheid-jongeren-veel-ouderen-voelden-zich-juist-goed";"NOS";"1";"0";"0";"0";"0";"0";"0";"0";"0";"0";"1";"0";"0";"0";"0";"0";"";"1";"1"
"second_coder";2432686;"Post-covid kan nog eens duizenden zorgmedewerkers baan kosten";"2022-06-14";"https://nos.nl/artikel/2432686-post-covid-kan-nog-eens-duizenden-zorgmedewerkers-baan-kosten";"NOS";"1";"0";"0";"0";"0";"1";"0";"0";"0";"0";"0";"0";"0";"0";"0";"0";"";"1";"1"
"second_coder";2436276;"Drie mannen gespietst bij stierenrennen in Pamplona";"2022-07-11";"https://nos.nl/artikel/2436276-drie-mannen-gespietst-bij-stierenrennen-in-pamplona";"NOS";"0";"0";"0";"0";"0";"0";"0";"0";"0";"0";"0";"0";"0";"0";"0";"0";"";"0";"1"
"second_coder";2437658;"ECB verhoogt rente: wordt het een grote of een kleine stap?";"2022-07-21";"https://nos.nl/artikel/2437658-ecb-verhoogt-rente-wordt-het-een-grote-of-een-kleine-stap";"NOS";"0";"0";"0";"0";"0";"0";"0";"0";"0";"0";"0";"0";"0";"0";"0";"0";"";"0";"1"
"second_coder";2438410;"Europese Rekenkamer kritisch over plan terugschroeven Russisch gas";"2022-07-26";"https://nos.nl/artikel/2438410-europese-rekenkamer-kritisch-over-plan-terugschroeven-russisch-gas";"NOS";"0";"0";"0";"0";"0";"0";"0";"0";"0";"0";"0";"0";"0";"0";"0";"0";"";"0";"1"
"second_coder";2440637;"Van de Zandschulp verder in Cincinnati, waar hij nu nummer een Medvedev treft";"2022-08-15";"https://nos.nl/artikel/2440637-van-de-zandschulp-verder-in-cincinnati-waar-hij-nu-nummer-een-medvedev-treft";"NOS";"0";"0";"0";"0";"0";"0";"0";"0";"0";"0";"0";"0";"0";"0";"0";"0";"";"0";"1"
"second_coder";2441524;"Lowlands schrapt optreden Noord Nederlands Orkest op laatste moment";"2022-08-21";"https://nos.nl/artikel/2441524-lowlands-schrapt-optreden-noord-nederlands-orkest-op-laatste-moment";"NOS";"0";"0";"0";"0";"0";"0";"0";"0";"0";"0";"0";"0";"0";"0";"0";"0";"";"0";"1"
"second_coder";2407489;"Doodgeboortes bij niet-gevaccineerde vrouwen na ontsteking door corona";"2021-11-29";"https://nos.nl/artikel/2407489-doodgeboortes-bij-niet-gevaccineerde-vrouwen-na-ontsteking-door-corona";"NOS";"1";"1";"0";"0";"0";"0";"0";"1";"0";"0";"0";"0";"0";"0";"0";"0";"";"1";"1"
"second_coder";2365361;"Rutte: avondklok misschien iets later, maar niet na 21.00 uur";"2021-01-21";"https://nos.nl/artikel/2365361-rutte-avondklok-misschien-iets-later-maar-niet-na-21-00-uur";"NOS";"1";"0";"1";"0";"0";"0";"0";"0";"0";"0";"0";"0";"0";"1";"0";"0";"";"1";"1"
"second_coder";2334655;"Brazilianen protesteren ondanks de pandemie, voor én tegen Bolsonaro";"2020-05-21";"https://nos.nl/artikel/2334655-brazilianen-protesteren-ondanks-de-pandemie-voor-en-tegen-bolsonaro";"NOS";"0";"0";"0";"0";"0";"0";"0";"0";"0";"0";"0";"0";"0";"0";"0";"0";"";"0";"1"
"second_coder";2365867;"""Op dit soort momenten schaam ik me om Urker te zijn""";"2021-01-24";"https://nos.nl/artikel/2365867-op-dit-soort-momenten-schaam-ik-me-om-urker-te-zijn";"NOS";"1";"0";"1";"0";"0";"0";"0";"0";"0";"0";"0";"1";"0";"0";"0";"0";"";"1";"1"
"second_coder";2366056;"Grapperhaus: snelrecht tegen relschoppers, avondklok blijft";"2021-01-26";"https://nos.nl/artikel/2366056-grapperhaus-snelrecht-tegen-relschoppers-avondklok-blijft";"NOS";"1";"0";"1";"0";"0";"0";"0";"0";"0";"0";"0";"1";"0";"0";"0";"0";"";"1";"1"
"second_coder";2419246;"FIOD houdt Sywert van Lienden aan vanwege mondkapjesdeal";"2022-02-28";"https://nos.nl/artikel/2419246-fiod-houdt-sywert-van-lienden-aan-vanwege-mondkapjesdeal";"NOS";"0";"0";"0";"0";"0";"0";"0";"0";"0";"0";"0";"0";"0";"0";"0";"0";"";"0";"1"
"second_coder";2442017;"Niet-gevaccineerde Djokovic moet US Open definitief aan zich voorbij laten gaan";"2022-08-25";"https://nos.nl/artikel/2442017-niet-gevaccineerde-djokovic-moet-us-open-definitief-aan-zich-voorbij-laten-gaan";"NOS";"0";"0";"0";"0";"0";"0";"0";"0";"0";"0";"0";"0";"0";"0";"0";"0";"";"0";"1"
"second_coder";2452094;"Honderden avondklokboetes per ongeluk kwijtgescholden door OM: ""Geluk gehad""";"2022-11-12";"https://nos.nl/artikel/2452094-honderden-avondklokboetes-per-ongeluk-kwijtgescholden-door-om-geluk-gehad";"NOS";"0";"0";"0";"0";"0";"0";"0";"0";"0";"0";"0";"0";"0";"0";"0";"0";"";"0";"1"
"second_coder";2331140;"""Nu de grootste coronapaniek weg is, neemt ook de saamhorigheid af""";"2020-04-20";"https://nos.nl/collectie/13839/artikel/2331140-nu-de-grootste-coronapaniek-weg-is-neemt-ook-de-saamhorigheid-af";"NOS";"1";"0";"0";"0";"0";"0";"0";"0";"0";"1";"0";"0";"0";"0";"0";"0";"";"1";"1"
"second_coder";2366896;"Oproep uit IC-hoek: ""Versoepel aantal maatregelen, accepteer meer overlijdens""";"2021-02-01";"https://nos.nl/artikel/2366896-oproep-uit-ic-hoek-versoepel-aantal-maatregelen-accepteer-meer-overlijdens.html";"NOS";"1";"0";"1";"0";"0";"0";"1";"0";"1";"1";"1";"0";"0";"0";"0";"0";"";"1";"1"
"second_coder";2367812;"19-jarige Brit ontwaakt na jaar in coma in totaal andere wereld";"2021-02-08";"https://nos.nl/artikel/2367812-19-jarige-brit-ontwaakt-na-jaar-in-coma-in-totaal-andere-wereld.html";"NOS";"1";"0";"0";"0";"0";"0";"0";"0";"0";"1";"0";"0";"0";"0";"0";"1";"UK";"1";"1"
"second_coder";2386070;"Toegangsbewijs voor festival of club: ""Er is altijd een groep die dit niet accepteert""";"2021-06-21";"https://nos.nl/artikel/2386070-toegangsbewijs-voor-festival-of-club-er-is-altijd-een-groep-die-dit-niet-accepteert";"NOS";"1";"0";"0";"1";"1";"0";"0";"0";"0";"0";"0";"1";"0";"0";"0";"0";"";"1";"1"
"second_coder";2408462;"Instroom van coronapatiënten in ziekenhuizen over piek heen";"2021-12-06";"https://nos.nl/artikel/2408462-instroom-van-coronapatienten-in-ziekenhuizen-over-piek-heen";"NOS";"1";"1";"1";"0";"0";"0";"1";"0";"0";"0";"0";"0";"0";"0";"0";"0";"";"1";"1"
"second_coder";2394681;"Orkaan Henri gooit roet in eten van ""lockdown-uitzwaaiconcert"" New York";"2021-08-22";"https://nos.nl/artikel/2394681-orkaan-henri-gooit-roet-in-eten-van-lockdown-uitzwaaiconcert-new-york";"NOS";"0";"0";"0";"0";"0";"0";"0";"0";"0";"0";"0";"0";"0";"0";"0";"0";"";"0";"1"
"second_coder";2346916;"Evenementen in tijd van corona: ""Elke tribune heeft eigen parkeerplaatsen""";"2020-09-05";"https://nos.nl/artikel/2346916-evenementen-in-tijd-van-corona-elke-tribune-heeft-eigen-parkeerplaatsen.html";"NOS";"1";"0";"1";"0";"0";"0";"0";"0";"0";"1";"0";"0";"0";"0";"0";"0";"";"1";"1"
"second_coder";2355910;"Van commerciële tests op het coronavirus is alleen topje van ijsberg bekend";"2020-11-09";"https://nos.nl/artikel/2355910-van-commerciele-tests-op-het-coronavirus-is-alleen-topje-van-ijsberg-bekend.html";"NOS";"1";"0";"0";"1";"0";"0";"0";"0";"0";"0";"0";"0";"0";"0";"0";"0";"";"1";"1"
"second_coder";2363978;"Chinees vaccin is voor China ""kans om invloed in Afrika uit te breiden""";"2021-01-11";"https://nos.nl/artikel/2363978-chinees-vaccin-is-voor-china-kans-om-invloed-in-afrika-uit-te-breiden";"NOS";"1";"0";"0";"0";"1";"0";"0";"0";"0";"0";"0";"0";"0";"0";"1";"1";"China";"1";"1"
"second_coder";2381978;"Hoe houden we zicht op het virus als we richting het ""oude normaal"" gaan?";"2021-05-23";"https://nos.nl/artikel/2381978-hoe-houden-we-zicht-op-het-virus-als-we-richting-het-oude-normaal-gaan";"NOS";"1";"1";"0";"1";"1";"1";"0";"1";"0";"0";"0";"0";"0";"0";"0";"0";"";"1";"1"
"second_coder";2413380;"Oxfam: vermogen tien rijkste mannen verdubbeld, armoede toegenomen tijdens pandemie";"2022-01-17";"https://nos.nl/artikel/2413380-oxfam-vermogen-tien-rijkste-mannen-verdubbeld-armoede-toegenomen-tijdens-pandemie";"NOS";"1";"0";"0";"0";"0";"0";"0";"0";"1";"1";"0";"0";"0";"0";"0";"0";"";"1";"1"
"second_coder";2336043;"Nederland wil samen met andere landen aan coronavaccin komen";"2020-06-03";"https://nos.nl/artikel/2336043-nederland-wil-samen-met-andere-landen-aan-coronavaccin-komen.html";"NOS";"1";"0";"0";"0";"1";"0";"0";"0";"0";"0";"0";"0";"0";"0";"1";"0";"";"1";"1"
"second_coder";2373350;"RIVM: ""Oplopend aantal besmettingen betekent niet per se meer ziekenhuisopnames""";"2021-03-20";"https://nos.nl/artikel/2373350-rivm-oplopend-aantal-besmettingen-betekent-niet-per-se-meer-ziekenhuisopnames";"NOS";"1";"1";"0";"1";"0";"0";"0";"1";"0";"0";"0";"0";"0";"0";"0";"0";"";"1";"1"
"second_coder";2326923;"Dit was de dag dat Nederland ""een patiënt"" werd";"2020-03-12";"https://nos.nl/artikel/2326923-dit-was-de-dag-dat-nederland-een-patient-werd";"NOS";"1";"1";"1";"0";"0";"0";"0";"0";"0";"0";"0";"0";"0";"0";"1";"0";"";"1";"1"
"second_coder";2328119;"Aanscherping coronamaatregelen is een hard gelag: ""Het valt ons zwaar""";"2020-03-23";"https://nos.nl/artikel/2328119-aanscherping-coronamaatregelen-is-een-hard-gelag-het-valt-ons-zwaar";"NOS";"1";"0";"1";"0";"0";"0";"0";"0";"0";"1";"0";"0";"0";"0";"0";"0";"";"1";"1"
"second_coder";2328418;"Brabantse ziekenhuizen denken piek van IC-patiënten aan te kunnen";"2020-03-26";"https://nos.nl/artikel/2328418-brabantse-ziekenhuizen-denken-piek-van-ic-patienten-aan-te-kunnen";"NOS";"1";"1";"0";"0";"0";"0";"1";"0";"0";"0";"0";"0";"0";"0";"0";"0";"";"1";"1"
"second_coder";2330078;"Google en Apple bouwen ""corona-tracking"" in op smartphones";"2020-04-10";"https://nos.nl/artikel/2330078-google-en-apple-bouwen-corona-tracking-in-op-smartphones";"NOS";"1";"0";"0";"0";"0";"0";"0";"0";"0";"0";"0";"0";"0";"0";"0";"0";"";"1";"1"
"second_coder";2350260;"Lid OMT: mondkapjesplicht in verpleeghuizen in drie regio's onvoldoende";"2020-09-29";"https://nos.nl/artikel/2350260-lid-omt-mondkapjesplicht-in-verpleeghuizen-in-drie-regio-s-onvoldoende.html";"NOS";"1";"0";"1";"0";"0";"0";"1";"0";"0";"0";"0";"0";"0";"0";"0";"0";"";"1";"1"
"second_coder";2399596;"Inktspotprijs voor beste politieke tekening voor Kamagurka";"2021-09-28";"https://nos.nl/artikel/2399596-inktspotprijs-voor-beste-politieke-tekening-voor-kamagurka";"NOS";"0";"0";"0";"0";"0";"0";"0";"0";"0";"0";"0";"0";"0";"0";"0";"0";"";"0";"1"
"second_coder";2458847;"Vanavond op tv: Advies gevraagd maatregelen China • Oproep: Steun demonstranten Iran • Herwaardering van het platteland";"2023-01-06";"https://nos.nl/nieuwsuur/artikel/2458847-vanavond-op-tv-advies-gevraagd-maatregelen-china-oproep-steun-demonstranten-iran-herwaardering-van-het-platteland";"NOS";"0";"0";"0";"0";"0";"0";"0";"0";"0";"0";"0";"0";"0";"0";"0";"0";"";"0";"1"
"second_coder";2427515;"Voor eerst sinds september 2020 minder dan 50 coronapatiënten op IC";"2022-05-04";"https://nos.nl/artikel/2427515-voor-eerst-sinds-september-2020-minder-dan-50-coronapatienten-op-ic";"NOS";"1";"1";"1";"1";"0";"0";"0";"0";"0";"0";"0";"0";"0";"0";"0";"0";"";"1";"1"
"second_coder";2411476;"Tottenham niet in beroep; Vitesse zeker verder in Conference League";"2021-12-31";"https://nos.nl/artikel/2411476-tottenham-niet-in-beroep-vitesse-zeker-verder-in-conference-league";"NOS";"0";"0";"0";"0";"0";"0";"0";"0";"0";"0";"0";"0";"0";"0";"0";"0";"";"0";"1"
"second_coder";2409659;"De Jonge waarschuwt in Kamer: volgende week mogelijk al nieuwe maatregelen";"2021-12-15";"https://nos.nl/artikel/2409659-de-jonge-waarschuwt-in-kamer-volgende-week-mogelijk-al-nieuwe-maatregelen";"NOS";"1";"1";"1";"0";"0";"0";"0";"1";"0";"0";"0";"0";"0";"0";"0";"0";"";"1";"1"
"second_coder";2463028;"Teamsprinters superieur naar zesde EK-titel, ook twee keer brons voor Oranje";"2023-02-08";"https://nos.nl/artikel/2463028-teamsprinters-superieur-naar-zesde-ek-titel-ook-twee-keer-brons-voor-oranje";"NOS";"0";"0";"0";"0";"0";"0";"0";"0";"0";"0";"0";"0";"0";"0";"0";"0";"";"0";"1"
"second_coder";2462724;"Zo zag je veldrijden nog nooit: wie zitten er achter die spectaculaire dronebeelden?";"2023-02-06";"https://nos.nl/artikel/2462724-zo-zag-je-veldrijden-nog-nooit-wie-zitten-er-achter-die-spectaculaire-dronebeelden";"NOS";"0";"0";"0";"0";"0";"0";"0";"0";"0";"0";"0";"0";"0";"0";"0";"0";"";"0";"1"
"second_coder";2413877;"Kabinet hoopt op opening horeca en cultuur, maar ""gaat nog geen garanties geven""";"2022-01-20";"https://nos.nl/artikel/2413877-kabinet-hoopt-op-opening-horeca-en-cultuur-maar-gaat-nog-geen-garanties-geven";"NOS";"1";"0";"1";"0";"0";"0";"0";"0";"0";"0";"0";"0";"0";"1";"0";"0";"";"1";"1"
"second_coder";2377851;"Deur naar Olympische Spelen staat nog open voor Dumoulin";"2021-04-23";"https://nos.nl/artikel/2377851-deur-naar-olympische-spelen-staat-nog-open-voor-dumoulin";"NOS";"0";"0";"0";"0";"0";"0";"0";"0";"0";"0";"0";"0";"0";"0";"0";"0";"";"0";"1"
"second_coder";2397962;"Jaap van Zweden kondigt vertrek aan als dirigent New York Philharmonic";"2021-09-16";"https://nos.nl/artikel/2397962-jaap-van-zweden-kondigt-vertrek-aan-als-dirigent-new-york-philharmonic";"NOS";"0";"0";"0";"0";"0";"0";"0";"0";"0";"0";"0";"0";"0";"0";"0";"0";"";"0";"1"
"second_coder";2394513;"Veelbelovend middel verkleint kans op het krijgen van corona flink";"2021-08-20";"https://nos.nl/artikel/2394513-veelbelovend-middel-verkleint-kans-op-het-krijgen-van-corona-flink";"NOS";"1";"0";"0";"0";"0";"0";"0";"1";"0";"0";"0";"0";"0";"0";"0";"1";"US of America";"1";"1"
"second_coder";2376137;"Demonstratie tegen coronabeleid in Baarn en omgeving";"2021-04-10";"https://nos.nl/artikel/2376137-demonstratie-tegen-coronabeleid-in-baarn-en-omgeving";"NOS";"1";"0";"0";"0";"0";"0";"0";"0";"0";"0";"0";"1";"0";"0";"0";"0";"";"1";"1"
"second_coder";2365392;"7,6 miljard euro voor verruiming steunpakket voor ondernemers";"2021-01-21";"https://nos.nl/artikel/2365392-7-6-miljard-euro-voor-verruiming-steunpakket-voor-ondernemers";"NOS";"1";"0";"0";"0";"0";"0";"0";"0";"1";"0";"0";"0";"0";"0";"0";"0";"";"0";"1"
"second_coder";2374653;"Oxfam Novib: coronavaccins snel ineffectief door vaccingebrek in arme landen";"2021-03-30";"https://nos.nl/artikel/2374653-oxfam-novib-coronavaccins-snel-ineffectief-door-vaccingebrek-in-arme-landen";"NOS";"1";"0";"0";"0";"1";"0";"0";"0";"0";"0";"0";"0";"0";"0";"1";"0";"";"1";"1"
"second_coder";2406422;"Tienduizenden Oostenrijkers protesteren tegen lockdown en vaccinatieplicht";"2021-11-20";"https://nos.nl/artikel/2406422-tienduizenden-oostenrijkers-protesteren-tegen-lockdown-en-vaccinatieplicht";"NOS";"1";"1";"1";"0";"0";"0";"0";"0";"0";"0";"0";"1";"0";"0";"0";"1";"Austria";"1";"1"
"second_coder";2375503;"Servië heeft zo veel vaccins dat er keuze is, en bussen uit buurland toestromen";"2021-04-05";"https://nos.nl/artikel/2375503-servie-heeft-zo-veel-vaccins-dat-er-keuze-is-en-bussen-uit-buurland-toestromen";"NOS";"1";"0";"0";"0";"1";"0";"0";"0";"0";"0";"0";"0";"0";"0";"1";"1";"Serbia";"1";"1"
"second_coder";2379298;"Is de piek van de derde golf bereikt? ""Het is nog even koffiedik kijken""";"2021-05-03";"https://nos.nl/artikel/2379298-is-de-piek-van-de-derde-golf-bereikt-het-is-nog-even-koffiedik-kijken";"NOS";"1";"1";"1";"0";"0";"0";"0";"0";"0";"0";"0";"0";"0";"0";"0";"0";"";"1";"1"
"second_coder";2365172;"Zuurstof en vaccins voor zwaar getroffen Braziliaanse stad Manaus";"2021-01-20";"https://nos.nl/artikel/2365172-zuurstof-en-vaccins-voor-zwaar-getroffen-braziliaanse-stad-manaus";"NOS";"1";"1";"1";"0";"0";"0";"1";"0";"0";"0";"0";"0";"0";"0";"0";"1";"Brazil";"1";"1"
"second_coder";2404689;"Enkele tienduizenden betogers bij coronaprotest Den Haag";"2021-11-07";"https://nos.nl/artikel/2404689-enkele-tienduizenden-betogers-bij-coronaprotest-den-haag";"NOS";"1";"0";"0";"0";"0";"0";"0";"0";"0";"0";"0";"1";"0";"0";"0";"0";"";"1";"1"
"second_coder";2379607;"Kamer wil geen eigen bijdrage van 7,50 euro voor toegangstest";"2021-05-06";"https://nos.nl/artikel/2379607-kamer-wil-geen-eigen-bijdrage-van-7-50-euro-voor-toegangstest";"NOS";"1";"0";"0";"1";"0";"0";"0";"0";"0";"0";"0";"0";"0";"1";"0";"0";"";"1";"1"
"second_coder";2370347;"Steun voor maatregelen sterk afgenomen, maar meeste mensen houden zich er nog aan";"2021-02-26";"https://nos.nl/artikel/2370347-steun-voor-maatregelen-sterk-afgenomen-maar-meeste-mensen-houden-zich-er-nog-aan.html";"NOS";"1";"0";"1";"0";"0";"0";"0";"0";"0";"0";"1";"0";"0";"0";"0";"0";"";"1";"1"
"second_coder";2398097;"Provincie en gemeente Utrecht: 80 km/u alternatief voor verbreding A27";"2021-09-17";"https://nos.nl/artikel/2398097-provincie-en-gemeente-utrecht-80-km-u-alternatief-voor-verbreding-a27";"NOS";"0";"0";"0";"0";"0";"0";"0";"0";"0";"0";"0";"0";"0";"0";"0";"0";"";"0";"1"
"second_coder";2375881;"Noord-Ierse regering bijeen na rellen, Britse minister roept op tot kalmte";"2021-04-08";"https://nos.nl/artikel/2375881-noord-ierse-regering-bijeen-na-rellen-britse-minister-roept-op-tot-kalmte";"NOS";"0";"0";"0";"0";"0";"0";"0";"0";"0";"0";"0";"0";"0";"0";"0";"0";"";"0";"1"
"second_coder";2366327;"Koning spreekt na avondklokrellen met bewoners en ondernemers in Den Bosch";"2021-01-28";"https://nos.nl/artikel/2366327-koning-spreekt-na-avondklokrellen-met-bewoners-en-ondernemers-in-den-bosch";"NOS";"0";"0";"0";"0";"0";"0";"0";"0";"0";"0";"0";"0";"0";"0";"0";"0";"";"0";"1"
"second_coder";2366198;"Rellen creëren ook groep ""die staat voor iets anders"": veel initiatieven om te helpen";"2021-01-27";"https://nos.nl/artikel/2366198-rellen-creeren-ook-groep-die-staat-voor-iets-anders-veel-initiatieven-om-te-helpen";"NOS";"0";"0";"0";"0";"0";"0";"0";"0";"0";"0";"0";"0";"0";"0";"0";"0";"";"0";"1"
"second_coder";2322751;"Een cruiseschip als mega-onderzoekslab voor het coronavirus";"2020-02-12";"https://nos.nl/artikel/2322751-een-cruiseschip-als-mega-onderzoekslab-voor-het-coronavirus";"NOS";"1";"1";"0";"0";"0";"0";"0";"1";"0";"0";"0";"0";"0";"0";"0";"1";"Japan";"1";"1"
"second_coder";2325123;"Opnieuw (of nog steeds) besmet met corona: hoe kan dat?";"2020-02-29";"https://nos.nl/artikel/2325123-opnieuw-of-nog-steeds-besmet-met-corona-hoe-kan-dat";"NOS";"1";"1";"0";"1";"0";"0";"0";"1";"0";"0";"0";"0";"0";"0";"0";"1";"China, Japan, South Korea";"1";"1"
"second_coder";2479493;"""Let bij long covid ook op maatschappelijke gevolgen""";"2023-06-19";"https://nos.nl/artikel/2479493-let-bij-long-covid-ook-op-maatschappelijke-gevolgen";"NOS";"1";"0";"0";"0";"0";"1";"0";"0";"0";"0";"0";"0";"0";"0";"0";"0";"";"1";"1"
"second_coder";2328680;"Coronanieuws 28 maart: onveilige mondkapjes en ziekenhuis wil hulp van Duitsland";"2020-03-28";"https://nos.nl/artikel/2328680-coronanieuws-28-maart-onveilige-mondkapjes-en-ziekenhuis-wil-hulp-van-duitsland";"NOS";"1";"1";"1";"0";"0";"0";"1";"0";"0";"0";"0";"0";"0";"0";"0";"1";"Italy, Netherlands, Spain";"1";"1"
"second_coder";2329762;"""We zijn nog lang niet van corona af, dus stop met gijzeling overige zorg""";"2020-04-07";"https://nos.nl/nieuwsuur/artikel/2329762-we-zijn-nog-lang-niet-van-corona-af-dus-stop-met-gijzeling-overige-zorg";"NOS";"1";"0";"0";"0";"0";"0";"1";"0";"0";"0";"0";"0";"0";"0";"0";"0";"";"1";"1"
"second_coder";2336823;"Wereldwijde coronatrends: voor het eerst in maanden weer meer doden";"2020-06-10";"https://nos.nl/artikel/2336823-wereldwijde-coronatrends-voor-het-eerst-in-maanden-weer-meer-doden";"NOS";"1";"1";"0";"0";"0";"0";"0";"0";"0";"0";"0";"0";"0";"0";"0";"1";"Bangladesh, Brazil, India, Iran, Mexico, Pakistan, Saudi Arabia";"1";"1"
"second_coder";2339595;"Modezaken worstelen met impact corona, veel uitverkoop en onverkochte voorraden";"2020-07-05";"https://nos.nl/artikel/2339595-modezaken-worstelen-met-impact-corona-veel-uitverkoop-en-onverkochte-voorraden.html";"NOS";"1";"0";"0";"0";"0";"0";"0";"0";"1";"0";"0";"0";"0";"0";"0";"0";"";"1";"1"
"second_coder";2340450;"MLS-duel net voor aftrap uitgesteld vanwege positieve coronatest";"2020-07-12";"https://nos.nl/artikel/2340450-mls-duel-net-voor-aftrap-uitgesteld-vanwege-positieve-coronatest";"NOS";"1";"0";"0";"1";"0";"0";"0";"0";"0";"1";"0";"0";"0";"0";"0";"1";"US of America";"1";"1"
"second_coder";2344174;"Veiligheidsregio Zeeland verbiedt geluidsapparatuur voor illegale feesten";"2020-08-15";"https://nos.nl/artikel/2344174-veiligheidsregio-zeeland-verbiedt-geluidsapparatuur-voor-illegale-feesten.html";"NOS";"1";"0";"1";"0";"0";"0";"0";"0";"0";"0";"0";"1";"0";"0";"0";"0";"";"1";"1"
"second_coder";2410526;"NHL geeft ijshockeyspelers opnieuw niet vrij voor Winterspelen";"2021-12-22";"https://nos.nl/artikel/2410526-nhl-geeft-ijshockeyspelers-opnieuw-niet-vrij-voor-winterspelen";"NOS";"0";"0";"0";"0";"0";"0";"0";"0";"0";"0";"0";"0";"0";"0";"0";"0";"";"0";"1"
"second_coder";2358194;"Het is rustig in de teststraat, waarom wordt die capaciteit niet gebruikt?";"2020-11-26";"https://nos.nl/artikel/2358194-het-is-rustig-in-de-teststraat-waarom-wordt-die-capaciteit-niet-gebruikt.html";"NOS";"1";"0";"0";"1";"0";"0";"0";"0";"0";"0";"0";"0";"0";"0";"0";"0";"";"1";"1"
"second_coder";2440742;"Agent vervolgd die vrouw in Eindhoven van dichtbij bespoot met waterkanon";"2022-08-15";"https://nos.nl/artikel/2440742-agent-vervolgd-die-vrouw-in-eindhoven-van-dichtbij-bespoot-met-waterkanon";"NOS";"0";"0";"0";"0";"0";"0";"0";"0";"0";"0";"0";"0";"0";"0";"0";"0";"";"0";"1"
"second_coder";2384683;"RIVM: ""Het gaat goed en steeds beter""";"2021-06-12";"https://nos.nl/artikel/2384683-rivm-het-gaat-goed-en-steeds-beter";"NOS";"1";"1";"0";"0";"1";"0";"0";"0";"0";"0";"0";"0";"0";"0";"0";"0";"";"1";"1"
"second_coder";2456638;"Kabinet draagt bij aan toekomstig fonds voor zorgwerkers met long covid";"2022-12-16";"https://nos.nl/artikel/2456638-kabinet-draagt-bij-aan-toekomstig-fonds-voor-zorgwerkers-met-long-covid";"NOS";"1";"0";"0";"0";"0";"1";"0";"0";"0";"0";"0";"0";"0";"0";"0";"0";"";"1";"1"
"second_coder";2457129;"China naarstig op zoek naar ziekenhuisbedden voor coronapatiënten";"2022-12-20";"https://nos.nl/artikel/2457129-china-naarstig-op-zoek-naar-ziekenhuisbedden-voor-coronapatienten";"NOS";"1";"1";"1";"0";"0";"0";"1";"0";"0";"0";"0";"0";"0";"0";"1";"1";"China";"1";"1"
"second_coder";2441951;"""9 op 10 opgenomen coronapatiënten hebben jaar later nog klachten""";"2022-08-25";"https://nos.nl/artikel/2441951-9-op-10-opgenomen-coronapatienten-hebben-jaar-later-nog-klachten";"NOS";"1";"0";"0";"0";"0";"1";"0";"0";"0";"0";"0";"0";"0";"0";"0";"0";"";"1";"1"
"second_coder";2399840;"Rechter: gemeente Utrecht mocht restaurant Waku Waku sluiten";"2021-09-30";"https://nos.nl/artikel/2399840-rechter-gemeente-utrecht-mocht-restaurant-waku-waku-sluiten";"NOS";"1";"0";"0";"0";"0";"0";"0";"0";"0";"0";"0";"1";"0";"0";"0";"0";"";"1";"1"
"second_coder";2358916;"Bedrijven worstelen met thuiswerken, ""mentale gesteldheid is ook belangrijk""";"2020-12-01";"https://nos.nl/artikel/2358916-bedrijven-worstelen-met-thuiswerken-mentale-gesteldheid-is-ook-belangrijk";"NOS";"1";"0";"1";"0";"0";"0";"0";"0";"0";"0";"1";"0";"0";"0";"0";"0";"";"1";"1"
"second_coder";2361815;"RIVM: Britse coronavariant verspreidt zich door Nederland";"2020-12-23";"https://nos.nl/artikel/2361815-rivm-britse-coronavariant-verspreidt-zich-door-nederland.html";"NOS";"1";"1";"0";"1";"0";"0";"0";"0";"0";"0";"0";"0";"0";"0";"0";"0";"";"1";"1"
"second_coder";2362513;"Zorgautoriteit: tientallen ziekenhuizen schrappen dringende operaties door corona";"2020-12-30";"https://nos.nl/artikel/2362513-zorgautoriteit-tientallen-ziekenhuizen-schrappen-dringende-operaties-door-corona.html";"NOS";"1";"1";"0";"0";"1";"0";"1";"0";"0";"0";"0";"0";"0";"0";"0";"0";"";"1";"1"
"second_coder";2365836;"190 aanhoudingen bij protest Amsterdam, ambtswoning Halsema extra beveiligd";"2021-01-24";"https://nos.nl/artikel/2365836-190-aanhoudingen-bij-protest-amsterdam-ambtswoning-halsema-extra-beveiligd";"NOS";"1";"0";"0";"0";"0";"0";"0";"0";"0";"0";"0";"1";"0";"0";"0";"0";"";"1";"1"
"second_coder";2365889;"Oxfam: ""Economische ongelijkheid neemt toe door corona""";"2021-01-25";"https://nos.nl/artikel/2365889-oxfam-economische-ongelijkheid-neemt-toe-door-corona";"NOS";"1";"0";"0";"0";"0";"0";"0";"0";"1";"0";"0";"0";"0";"0";"0";"0";"";"1";"1"
"second_coder";2369444;"Ook Eerste Kamer stemt in met nieuwe avondklok-wet";"2021-02-19";"https://nos.nl/artikel/2369444-ook-eerste-kamer-stemt-in-met-nieuwe-avondklok-wet";"NOS";"1";"0";"1";"0";"0";"0";"0";"0";"0";"0";"0";"1";"0";"0";"0";"0";"";"1";"1"
"second_coder";2454001;"Protesten in China tegen coronabeleid na brand met tien doden";"2022-11-26";"https://nos.nl/artikel/2454001-protesten-in-china-tegen-coronabeleid-na-brand-met-tien-doden";"NOS";"1";"0";"1";"0";"0";"0";"0";"0";"0";"0";"0";"1";"0";"0";"0";"1";"China";"0";"1"
"second_coder";2378929;"Lange wachttijden en vaak jonge patiënten bij nazorgpoli's corona";"2021-05-01";"https://nos.nl/artikel/2378929-lange-wachttijden-en-vaak-jonge-patienten-bij-nazorgpoli-s-corona";"NOS";"1";"0";"0";"0";"0";"1";"1";"0";"0";"0";"0";"0";"0";"0";"0";"0";"";"1";"1"
"second_coder";2369393;"Hof doet over een week uitspraak, avondklok blijft tot die tijd van kracht";"2021-02-19";"https://nos.nl/artikel/2369393-hof-doet-over-een-week-uitspraak-avondklok-blijft-tot-die-tijd-van-kracht.html";"NOS";"1";"0";"1";"0";"0";"0";"0";"0";"0";"0";"0";"1";"0";"0";"0";"0";"";"1";"1"
"second_coder";2379841;"Besmettingen India gaan hard door virusmutaties en niet naleven maatregelen";"2021-05-08";"https://nos.nl/artikel/2379841-besmettingen-india-gaan-hard-door-virusmutaties-en-niet-naleven-maatregelen";"NOS";"1";"1";"0";"0";"0";"0";"0";"0";"0";"0";"0";"0";"0";"0";"0";"1";"India";"1";"1"
"second_coder";2417611;"Overheid wilde pas informeren over corona na ""grote klap""";"2022-02-16";"https://nos.nl/artikel/2417611-overheid-wilde-pas-informeren-over-corona-na-grote-klap";"NOS";"1";"0";"0";"0";"0";"0";"0";"0";"0";"0";"0";"0";"0";"1";"0";"0";"";"1";"1"
"second_coder";2380020;"Zweedse corona-aanpak onder de loep, vooral migranten hard getroffen";"2021-05-09";"https://nos.nl/nieuwsuur/artikel/2380020-zweedse-corona-aanpak-onder-de-loep-vooral-migranten-hard-getroffen";"NOS";"1";"1";"1";"0";"0";"0";"1";"1";"0";"0";"0";"0";"0";"0";"0";"1";"Sweden";"1";"1"
"second_coder";2413608;"Gemeente Amsterdam en Kapsalon Theater in conflict over ludieke protestactie";"2022-01-18";"https://nos.nl/artikel/2413608-gemeente-amsterdam-en-kapsalon-theater-in-conflict-over-ludieke-protestactie";"NOS";"1";"0";"1";"0";"0";"0";"0";"0";"0";"1";"0";"1";"0";"0";"0";"0";"";"1";"1"
"second_coder";2415061;"Skispringster Kramer zes dagen voor olympisch debuut positief getest op corona";"2022-01-30";"https://nos.nl/artikel/2415061-skispringster-kramer-zes-dagen-voor-olympisch-debuut-positief-getest-op-corona";"NOS";"1";"1";"0";"1";"0";"0";"0";"0";"0";"0";"0";"0";"0";"0";"0";"0";"";"0";"1"
"second_coder";2387267;"De ethische discussie over tieners vaccineren: ""Hoe vertel ik dit mijn kinderen?""";"2021-06-29";"https://nos.nl/artikel/2387267-de-ethische-discussie-over-tieners-vaccineren-hoe-vertel-ik-dit-mijn-kinderen";"NOS";"1";"0";"0";"0";"1";"0";"0";"0";"0";"0";"0";"0";"0";"0";"1";"0";"";"1";"1"
