"coder";"article_id";"title";"date";"url";"owner";"about_covid";"topic_a";"topic_b";"topic_c";"topic_d";"topic_e";"topic_f";"topic_g";"topic_h";"topic_i";"topic_j";"topic_k";"topic_l";"topic_m";"topic_n";"other_country_binary";"country_name";"actors_present"
"second_coder";2322751;"Een cruiseschip als mega-onderzoekslab voor het coronavirus";"2020-02-12";"https://nos.nl/artikel/2322751-een-cruiseschip-als-mega-onderzoekslab-voor-het-coronavirus";"NOS";"1";"1";"0";"0";"0";"0";"0";"1";"0";"0";"0";"0";"0";"0";"0";"1";"Japan";"1"
"main_coder";2322751;"Een cruiseschip als mega-onderzoekslab voor het coronavirus";"2020-02-12";"https://nos.nl/artikel/2322751-een-cruiseschip-als-mega-onderzoekslab-voor-het-coronavirus";"NOS";"1";"1";"0";"1";"0";"0";"0";"1";"0";"0";"0";"0";"0";"0";"0";"1";"Japan";"1"
"researcher";2322751;"Een cruiseschip als mega-onderzoekslab voor het coronavirus";"2020-02-12";"https://nos.nl/artikel/2322751-een-cruiseschip-als-mega-onderzoekslab-voor-het-coronavirus";"NOS";"1";"1";"0";"1";"0";"0";"0";"1";"0";"0";"0";"0";"0";"0";"0";"1";"Japan";"1"
"second_coder";2325123;"Opnieuw (of nog steeds) besmet met corona: hoe kan dat?";"2020-02-29";"https://nos.nl/artikel/2325123-opnieuw-of-nog-steeds-besmet-met-corona-hoe-kan-dat";"NOS";"1";"1";"0";"1";"0";"0";"0";"1";"0";"0";"0";"0";"0";"0";"0";"1";"China, Japan, South Korea";"1"
"main_coder";2325123;"Opnieuw (of nog steeds) besmet met corona: hoe kan dat?";"2020-02-29";"https://nos.nl/artikel/2325123-opnieuw-of-nog-steeds-besmet-met-corona-hoe-kan-dat";"NOS";"1";"1";"0";"1";"0";"0";"0";"1";"0";"0";"0";"0";"0";"0";"0";"1";"China, Japan, South Korea";"1"
"researcher";2325123;"Opnieuw (of nog steeds) besmet met corona: hoe kan dat?";"2020-02-29";"https://nos.nl/artikel/2325123-opnieuw-of-nog-steeds-besmet-met-corona-hoe-kan-dat";"NOS";"1";"1";"0";"1";"0";"0";"0";"1";"0";"0";"0";"0";"0";"0";"0";"1";"China, Japan, South Korea";"1"
"second_coder";2326923;"Dit was de dag dat Nederland ""een patiënt"" werd";"2020-03-12";"https://nos.nl/artikel/2326923-dit-was-de-dag-dat-nederland-een-patient-werd";"NOS";"1";"1";"1";"0";"0";"0";"0";"0";"0";"0";"0";"0";"0";"0";"1";"0";"";"1"
"main_coder";2326923;"Dit was de dag dat Nederland ""een patiënt"" werd";"2020-03-12";"https://nos.nl/artikel/2326923-dit-was-de-dag-dat-nederland-een-patient-werd";"NOS";"1";"1";"1";"0";"0";"0";"0";"0";"0";"1";"0";"0";"0";"0";"0";"0";"";"1"
"researcher";2326923;"Dit was de dag dat Nederland ""een patiënt"" werd";"2020-03-12";"https://nos.nl/artikel/2326923-dit-was-de-dag-dat-nederland-een-patient-werd";"NOS";"1";"1";"1";"0";"0";"0";"0";"0";"0";"0";"0";"0";"0";"0";"1";"0";"";"1"
"second_coder";2328119;"Aanscherping coronamaatregelen is een hard gelag: ""Het valt ons zwaar""";"2020-03-23";"https://nos.nl/artikel/2328119-aanscherping-coronamaatregelen-is-een-hard-gelag-het-valt-ons-zwaar";"NOS";"1";"0";"1";"0";"0";"0";"0";"0";"0";"1";"0";"0";"0";"0";"0";"0";"";"1"
"main_coder";2328119;"Aanscherping coronamaatregelen is een hard gelag: ""Het valt ons zwaar""";"2020-03-23";"https://nos.nl/artikel/2328119-aanscherping-coronamaatregelen-is-een-hard-gelag-het-valt-ons-zwaar";"NOS";"1";"0";"1";"0";"0";"0";"0";"0";"0";"1";"0";"0";"0";"0";"0";"0";"";"1"
"researcher";2328119;"Aanscherping coronamaatregelen is een hard gelag: ""Het valt ons zwaar""";"2020-03-23";"https://nos.nl/artikel/2328119-aanscherping-coronamaatregelen-is-een-hard-gelag-het-valt-ons-zwaar";"NOS";"1";"0";"1";"0";"0";"0";"0";"0";"0";"1";"0";"0";"0";"0";"0";"0";"";"1"
"second_coder";2328418;"Brabantse ziekenhuizen denken piek van IC-patiënten aan te kunnen";"2020-03-26";"https://nos.nl/artikel/2328418-brabantse-ziekenhuizen-denken-piek-van-ic-patienten-aan-te-kunnen";"NOS";"1";"1";"0";"0";"0";"0";"1";"0";"0";"0";"0";"0";"0";"0";"0";"0";"";"1"
"main_coder";2328418;"Brabantse ziekenhuizen denken piek van IC-patiënten aan te kunnen";"2020-03-26";"https://nos.nl/artikel/2328418-brabantse-ziekenhuizen-denken-piek-van-ic-patienten-aan-te-kunnen";"NOS";"1";"0";"0";"0";"0";"0";"1";"0";"0";"0";"0";"0";"0";"0";"0";"0";"";"1"
"researcher";2328418;"Brabantse ziekenhuizen denken piek van IC-patiënten aan te kunnen";"2020-03-26";"https://nos.nl/artikel/2328418-brabantse-ziekenhuizen-denken-piek-van-ic-patienten-aan-te-kunnen";"NOS";"1";"1";"0";"0";"0";"0";"1";"0";"0";"0";"0";"0";"0";"0";"0";"0";"";"1"
"second_coder";2328680;"Coronanieuws 28 maart: onveilige mondkapjes en ziekenhuis wil hulp van Duitsland";"2020-03-28";"https://nos.nl/artikel/2328680-coronanieuws-28-maart-onveilige-mondkapjes-en-ziekenhuis-wil-hulp-van-duitsland";"NOS";"1";"1";"1";"0";"0";"0";"1";"0";"0";"0";"0";"0";"0";"0";"0";"1";"Italy, Netherlands, Spain";"1"
"main_coder";2328680;"Coronanieuws 28 maart: onveilige mondkapjes en ziekenhuis wil hulp van Duitsland";"2020-03-28";"https://nos.nl/artikel/2328680-coronanieuws-28-maart-onveilige-mondkapjes-en-ziekenhuis-wil-hulp-van-duitsland";"NOS";"1";"1";"1";"0";"0";"0";"1";"0";"0";"0";"0";"0";"0";"0";"0";"0";"";"1"
"researcher";2328680;"Coronanieuws 28 maart: onveilige mondkapjes en ziekenhuis wil hulp van Duitsland";"2020-03-28";"https://nos.nl/artikel/2328680-coronanieuws-28-maart-onveilige-mondkapjes-en-ziekenhuis-wil-hulp-van-duitsland";"NOS";"1";"1";"1";"0";"0";"0";"1";"0";"0";"0";"0";"0";"0";"0";"0";"1";"Italy, Netherlands, Spain";"1"
"second_coder";2329762;"""We zijn nog lang niet van corona af, dus stop met gijzeling overige zorg""";"2020-04-07";"https://nos.nl/nieuwsuur/artikel/2329762-we-zijn-nog-lang-niet-van-corona-af-dus-stop-met-gijzeling-overige-zorg";"NOS";"1";"0";"0";"0";"0";"0";"1";"0";"0";"0";"0";"0";"0";"0";"0";"0";"";"1"
"main_coder";2329762;"""We zijn nog lang niet van corona af, dus stop met gijzeling overige zorg""";"2020-04-07";"https://nos.nl/nieuwsuur/artikel/2329762-we-zijn-nog-lang-niet-van-corona-af-dus-stop-met-gijzeling-overige-zorg";"NOS";"1";"0";"0";"0";"0";"0";"1";"0";"0";"0";"0";"0";"0";"0";"0";"0";"";"1"
"researcher";2329762;"""We zijn nog lang niet van corona af, dus stop met gijzeling overige zorg""";"2020-04-07";"https://nos.nl/nieuwsuur/artikel/2329762-we-zijn-nog-lang-niet-van-corona-af-dus-stop-met-gijzeling-overige-zorg";"NOS";"1";"0";"0";"0";"0";"0";"1";"0";"0";"0";"0";"0";"0";"0";"0";"0";"";"1"
"second_coder";2330078;"Google en Apple bouwen ""corona-tracking"" in op smartphones";"2020-04-10";"https://nos.nl/artikel/2330078-google-en-apple-bouwen-corona-tracking-in-op-smartphones";"NOS";"1";"0";"0";"0";"0";"0";"0";"0";"0";"0";"0";"0";"0";"0";"0";"0";"";"1"
"main_coder";2330078;"Google en Apple bouwen ""corona-tracking"" in op smartphones";"2020-04-10";"https://nos.nl/artikel/2330078-google-en-apple-bouwen-corona-tracking-in-op-smartphones";"NOS";"0";"0";"0";"0";"0";"0";"0";"0";"0";"0";"0";"0";"0";"0";"0";"0";"";"0"
"researcher";2330078;"Google en Apple bouwen ""corona-tracking"" in op smartphones";"2020-04-10";"https://nos.nl/artikel/2330078-google-en-apple-bouwen-corona-tracking-in-op-smartphones";"NOS";"1";"0";"0";"0";"0";"0";"0";"0";"0";"0";"0";"0";"0";"0";"0";"0";"";"1"
"second_coder";2331140;"""Nu de grootste coronapaniek weg is, neemt ook de saamhorigheid af""";"2020-04-20";"https://nos.nl/collectie/13839/artikel/2331140-nu-de-grootste-coronapaniek-weg-is-neemt-ook-de-saamhorigheid-af";"NOS";"1";"0";"0";"0";"0";"0";"0";"0";"0";"1";"0";"0";"0";"0";"0";"0";"";"1"
"main_coder";2331140;"""Nu de grootste coronapaniek weg is, neemt ook de saamhorigheid af""";"2020-04-20";"https://nos.nl/collectie/13839/artikel/2331140-nu-de-grootste-coronapaniek-weg-is-neemt-ook-de-saamhorigheid-af";"NOS";"1";"0";"1";"0";"0";"0";"0";"0";"0";"1";"0";"0";"0";"0";"0";"0";"";"1"
"researcher";2331140;"""Nu de grootste coronapaniek weg is, neemt ook de saamhorigheid af""";"2020-04-20";"https://nos.nl/collectie/13839/artikel/2331140-nu-de-grootste-coronapaniek-weg-is-neemt-ook-de-saamhorigheid-af";"NOS";"1";"0";"1";"0";"0";"0";"0";"0";"0";"1";"0";"0";"0";"0";"0";"0";"";"1"
"second_coder";2334655;"Brazilianen protesteren ondanks de pandemie, voor én tegen Bolsonaro";"2020-05-21";"https://nos.nl/artikel/2334655-brazilianen-protesteren-ondanks-de-pandemie-voor-en-tegen-bolsonaro";"NOS";"0";"0";"0";"0";"0";"0";"0";"0";"0";"0";"0";"0";"0";"0";"0";"0";"";"0"
"main_coder";2334655;"Brazilianen protesteren ondanks de pandemie, voor én tegen Bolsonaro";"2020-05-21";"https://nos.nl/artikel/2334655-brazilianen-protesteren-ondanks-de-pandemie-voor-en-tegen-bolsonaro";"NOS";"0";"0";"0";"0";"0";"0";"0";"0";"0";"0";"0";"0";"0";"0";"0";"0";"";"0"
"researcher";2334655;"Brazilianen protesteren ondanks de pandemie, voor én tegen Bolsonaro";"2020-05-21";"https://nos.nl/artikel/2334655-brazilianen-protesteren-ondanks-de-pandemie-voor-en-tegen-bolsonaro";"NOS";"0";"0";"0";"0";"0";"0";"0";"0";"0";"0";"0";"0";"0";"0";"0";"0";"";"0"
"second_coder";2336043;"Nederland wil samen met andere landen aan coronavaccin komen";"2020-06-03";"https://nos.nl/artikel/2336043-nederland-wil-samen-met-andere-landen-aan-coronavaccin-komen.html";"NOS";"1";"0";"0";"0";"1";"0";"0";"0";"0";"0";"0";"0";"0";"0";"1";"0";"";"1"
"main_coder";2336043;"Nederland wil samen met andere landen aan coronavaccin komen";"2020-06-03";"https://nos.nl/artikel/2336043-nederland-wil-samen-met-andere-landen-aan-coronavaccin-komen.html";"NOS";"1";"0";"0";"0";"1";"0";"0";"0";"0";"0";"0";"0";"0";"0";"1";"0";"";"1"
"researcher";2336043;"Nederland wil samen met andere landen aan coronavaccin komen";"2020-06-03";"https://nos.nl/artikel/2336043-nederland-wil-samen-met-andere-landen-aan-coronavaccin-komen.html";"NOS";"1";"0";"0";"0";"1";"0";"0";"0";"0";"0";"0";"0";"0";"0";"1";"0";"";"1"
"second_coder";2336349;"Israël sluit 90 scholen weer uit angst voor nieuwe corona-uitbraak";"2020-06-05";"https://nos.nl/artikel/2336349-israel-sluit-90-scholen-weer-uit-angst-voor-nieuwe-corona-uitbraak";"NOS";"1";"1";"1";"0";"0";"0";"0";"0";"0";"0";"0";"0";"0";"0";"0";"1";"Israel";"1"
"main_coder";2336349;"Israël sluit 90 scholen weer uit angst voor nieuwe corona-uitbraak";"2020-06-05";"https://nos.nl/artikel/2336349-israel-sluit-90-scholen-weer-uit-angst-voor-nieuwe-corona-uitbraak";"NOS";"1";"1";"0";"0";"0";"0";"0";"0";"0";"0";"0";"0";"0";"0";"0";"1";"Israel";"1"
"researcher";2336349;"Israël sluit 90 scholen weer uit angst voor nieuwe corona-uitbraak";"2020-06-05";"https://nos.nl/artikel/2336349-israel-sluit-90-scholen-weer-uit-angst-voor-nieuwe-corona-uitbraak";"NOS";"1";"1";"1";"0";"0";"0";"0";"0";"0";"0";"0";"0";"0";"0";"0";"1";"Israel";"1"
"second_coder";2336823;"Wereldwijde coronatrends: voor het eerst in maanden weer meer doden";"2020-06-10";"https://nos.nl/artikel/2336823-wereldwijde-coronatrends-voor-het-eerst-in-maanden-weer-meer-doden";"NOS";"1";"1";"0";"0";"0";"0";"0";"0";"0";"0";"0";"0";"0";"0";"0";"1";"Bangladesh, Brazil, India, Iran, Mexico, Pakistan, Saudi Arabia";"1"
"main_coder";2336823;"Wereldwijde coronatrends: voor het eerst in maanden weer meer doden";"2020-06-10";"https://nos.nl/artikel/2336823-wereldwijde-coronatrends-voor-het-eerst-in-maanden-weer-meer-doden";"NOS";"1";"1";"0";"1";"0";"0";"0";"0";"0";"0";"0";"0";"0";"0";"0";"1";"Brazil, India, Mexico, Pakistan";"1"
"researcher";2336823;"Wereldwijde coronatrends: voor het eerst in maanden weer meer doden";"2020-06-10";"https://nos.nl/artikel/2336823-wereldwijde-coronatrends-voor-het-eerst-in-maanden-weer-meer-doden";"NOS";"1";"1";"0";"0";"0";"0";"0";"0";"0";"0";"0";"0";"0";"0";"0";"1";"Bangladesh, Brazil, India, Iran, Mexico, Pakistan, Saudi Arabia";"1"
"second_coder";2339109;"1 juli: coronaregels verder versoepeld, wat mag er allemaal weer?";"2020-07-01";"https://nos.nl/artikel/2339109-1-juli-coronaregels-verder-versoepeld-wat-mag-er-allemaal-weer.html";"NOS";"1";"0";"1";"0";"0";"0";"0";"0";"0";"0";"0";"0";"0";"0";"0";"0";"";"1"
"main_coder";2339109;"1 juli: coronaregels verder versoepeld, wat mag er allemaal weer?";"2020-07-01";"https://nos.nl/artikel/2339109-1-juli-coronaregels-verder-versoepeld-wat-mag-er-allemaal-weer.html";"NOS";"1";"0";"1";"0";"0";"0";"0";"0";"0";"0";"0";"0";"0";"0";"0";"0";"";"1"
"researcher";2339109;"1 juli: coronaregels verder versoepeld, wat mag er allemaal weer?";"2020-07-01";"https://nos.nl/artikel/2339109-1-juli-coronaregels-verder-versoepeld-wat-mag-er-allemaal-weer.html";"NOS";"1";"0";"1";"0";"0";"0";"0";"0";"0";"0";"0";"0";"0";"0";"0";"0";"";"1"
"second_coder";2339595;"Modezaken worstelen met impact corona, veel uitverkoop en onverkochte voorraden";"2020-07-05";"https://nos.nl/artikel/2339595-modezaken-worstelen-met-impact-corona-veel-uitverkoop-en-onverkochte-voorraden.html";"NOS";"1";"0";"0";"0";"0";"0";"0";"0";"1";"0";"0";"0";"0";"0";"0";"0";"";"1"
"main_coder";2339595;"Modezaken worstelen met impact corona, veel uitverkoop en onverkochte voorraden";"2020-07-05";"https://nos.nl/artikel/2339595-modezaken-worstelen-met-impact-corona-veel-uitverkoop-en-onverkochte-voorraden.html";"NOS";"1";"0";"0";"0";"0";"0";"0";"0";"1";"0";"0";"0";"0";"0";"0";"0";"";"1"
"researcher";2339595;"Modezaken worstelen met impact corona, veel uitverkoop en onverkochte voorraden";"2020-07-05";"https://nos.nl/artikel/2339595-modezaken-worstelen-met-impact-corona-veel-uitverkoop-en-onverkochte-voorraden.html";"NOS";"1";"0";"0";"0";"0";"0";"0";"0";"1";"0";"0";"0";"0";"0";"0";"0";"";"1"
"second_coder";2340450;"MLS-duel net voor aftrap uitgesteld vanwege positieve coronatest";"2020-07-12";"https://nos.nl/artikel/2340450-mls-duel-net-voor-aftrap-uitgesteld-vanwege-positieve-coronatest";"NOS";"1";"0";"0";"1";"0";"0";"0";"0";"0";"1";"0";"0";"0";"0";"0";"1";"US of America";"1"
"main_coder";2340450;"MLS-duel net voor aftrap uitgesteld vanwege positieve coronatest";"2020-07-12";"https://nos.nl/artikel/2340450-mls-duel-net-voor-aftrap-uitgesteld-vanwege-positieve-coronatest";"NOS";"1";"0";"0";"1";"0";"0";"0";"0";"0";"1";"0";"0";"0";"0";"0";"1";"US of America";"1"
"researcher";2340450;"MLS-duel net voor aftrap uitgesteld vanwege positieve coronatest";"2020-07-12";"https://nos.nl/artikel/2340450-mls-duel-net-voor-aftrap-uitgesteld-vanwege-positieve-coronatest";"NOS";"1";"0";"0";"1";"0";"0";"0";"0";"0";"1";"0";"0";"0";"0";"0";"1";"US of America";"1"
"second_coder";2344174;"Veiligheidsregio Zeeland verbiedt geluidsapparatuur voor illegale feesten";"2020-08-15";"https://nos.nl/artikel/2344174-veiligheidsregio-zeeland-verbiedt-geluidsapparatuur-voor-illegale-feesten.html";"NOS";"1";"0";"1";"0";"0";"0";"0";"0";"0";"0";"0";"1";"0";"0";"0";"0";"";"1"
"main_coder";2344174;"Veiligheidsregio Zeeland verbiedt geluidsapparatuur voor illegale feesten";"2020-08-15";"https://nos.nl/artikel/2344174-veiligheidsregio-zeeland-verbiedt-geluidsapparatuur-voor-illegale-feesten.html";"NOS";"1";"0";"1";"0";"0";"0";"0";"0";"0";"1";"0";"0";"0";"0";"0";"0";"";"1"
"researcher";2344174;"Veiligheidsregio Zeeland verbiedt geluidsapparatuur voor illegale feesten";"2020-08-15";"https://nos.nl/artikel/2344174-veiligheidsregio-zeeland-verbiedt-geluidsapparatuur-voor-illegale-feesten.html";"NOS";"1";"0";"1";"0";"0";"0";"0";"0";"0";"0";"0";"0";"0";"0";"0";"0";"";"1"
"second_coder";2346916;"Evenementen in tijd van corona: ""Elke tribune heeft eigen parkeerplaatsen""";"2020-09-05";"https://nos.nl/artikel/2346916-evenementen-in-tijd-van-corona-elke-tribune-heeft-eigen-parkeerplaatsen.html";"NOS";"1";"0";"1";"0";"0";"0";"0";"0";"0";"1";"0";"0";"0";"0";"0";"0";"";"1"
"main_coder";2346916;"Evenementen in tijd van corona: ""Elke tribune heeft eigen parkeerplaatsen""";"2020-09-05";"https://nos.nl/artikel/2346916-evenementen-in-tijd-van-corona-elke-tribune-heeft-eigen-parkeerplaatsen.html";"NOS";"1";"0";"0";"0";"0";"0";"0";"0";"0";"1";"0";"0";"0";"0";"0";"0";"";"1"
"researcher";2346916;"Evenementen in tijd van corona: ""Elke tribune heeft eigen parkeerplaatsen""";"2020-09-05";"https://nos.nl/artikel/2346916-evenementen-in-tijd-van-corona-elke-tribune-heeft-eigen-parkeerplaatsen.html";"NOS";"1";"0";"1";"0";"0";"0";"0";"0";"0";"1";"0";"0";"0";"0";"0";"0";"";"1"
"second_coder";2350260;"Lid OMT: mondkapjesplicht in verpleeghuizen in drie regio's onvoldoende";"2020-09-29";"https://nos.nl/artikel/2350260-lid-omt-mondkapjesplicht-in-verpleeghuizen-in-drie-regio-s-onvoldoende.html";"NOS";"1";"0";"1";"0";"0";"0";"1";"0";"0";"0";"0";"0";"0";"0";"0";"0";"";"1"
"main_coder";2350260;"Lid OMT: mondkapjesplicht in verpleeghuizen in drie regio's onvoldoende";"2020-09-29";"https://nos.nl/artikel/2350260-lid-omt-mondkapjesplicht-in-verpleeghuizen-in-drie-regio-s-onvoldoende.html";"NOS";"1";"0";"1";"0";"0";"0";"0";"0";"0";"0";"0";"0";"0";"0";"0";"0";"";"1"
"researcher";2350260;"Lid OMT: mondkapjesplicht in verpleeghuizen in drie regio's onvoldoende";"2020-09-29";"https://nos.nl/artikel/2350260-lid-omt-mondkapjesplicht-in-verpleeghuizen-in-drie-regio-s-onvoldoende.html";"NOS";"1";"0";"1";"0";"0";"0";"0";"0";"0";"0";"0";"0";"0";"0";"0";"0";"";"1"
"second_coder";2350775;"Republikeinen besmet die samen waren in tuin Witte Huis, coronaregels genegeerd";"2020-10-03";"https://nos.nl/artikel/2350775-republikeinen-besmet-die-samen-waren-in-tuin-witte-huis-coronaregels-genegeerd.html";"NOS";"1";"1";"0";"0";"0";"0";"0";"0";"0";"0";"0";"0";"0";"0";"0";"1";"US of America";"1"
"main_coder";2350775;"Republikeinen besmet die samen waren in tuin Witte Huis, coronaregels genegeerd";"2020-10-03";"https://nos.nl/artikel/2350775-republikeinen-besmet-die-samen-waren-in-tuin-witte-huis-coronaregels-genegeerd.html";"NOS";"1";"1";"0";"0";"0";"0";"0";"0";"0";"0";"0";"0";"0";"0";"0";"1";"US of America";"1"
"researcher";2350775;"Republikeinen besmet die samen waren in tuin Witte Huis, coronaregels genegeerd";"2020-10-03";"https://nos.nl/artikel/2350775-republikeinen-besmet-die-samen-waren-in-tuin-witte-huis-coronaregels-genegeerd.html";"NOS";"1";"1";"0";"0";"0";"0";"0";"0";"0";"0";"0";"0";"0";"0";"0";"1";"US of America";"1"
"second_coder";2355910;"Van commerciële tests op het coronavirus is alleen topje van ijsberg bekend";"2020-11-09";"https://nos.nl/artikel/2355910-van-commerciele-tests-op-het-coronavirus-is-alleen-topje-van-ijsberg-bekend.html";"NOS";"1";"0";"0";"1";"0";"0";"0";"0";"0";"0";"0";"0";"0";"0";"0";"0";"";"1"
"main_coder";2355910;"Van commerciële tests op het coronavirus is alleen topje van ijsberg bekend";"2020-11-09";"https://nos.nl/artikel/2355910-van-commerciele-tests-op-het-coronavirus-is-alleen-topje-van-ijsberg-bekend.html";"NOS";"1";"0";"0";"1";"0";"0";"0";"0";"0";"0";"0";"0";"0";"0";"0";"0";"";"1"
"researcher";2355910;"Van commerciële tests op het coronavirus is alleen topje van ijsberg bekend";"2020-11-09";"https://nos.nl/artikel/2355910-van-commerciele-tests-op-het-coronavirus-is-alleen-topje-van-ijsberg-bekend.html";"NOS";"1";"0";"0";"1";"0";"0";"0";"0";"0";"0";"0";"0";"0";"0";"0";"0";"";"1"
"second_coder";2356386;"Werkgevers willen andere reiskostenvergoeding nu thuiswerken de norm wordt";"2020-11-13";"https://nos.nl/artikel/2356386-werkgevers-willen-andere-reiskostenvergoeding-nu-thuiswerken-de-norm-wordt.html";"NOS";"0";"0";"0";"0";"0";"0";"0";"0";"0";"0";"0";"0";"0";"0";"0";"0";"";"0"
"main_coder";2356386;"Werkgevers willen andere reiskostenvergoeding nu thuiswerken de norm wordt";"2020-11-13";"https://nos.nl/artikel/2356386-werkgevers-willen-andere-reiskostenvergoeding-nu-thuiswerken-de-norm-wordt.html";"NOS";"0";"0";"0";"0";"0";"0";"0";"0";"0";"0";"0";"0";"0";"0";"0";"0";"";"0"
"researcher";2356386;"Werkgevers willen andere reiskostenvergoeding nu thuiswerken de norm wordt";"2020-11-13";"https://nos.nl/artikel/2356386-werkgevers-willen-andere-reiskostenvergoeding-nu-thuiswerken-de-norm-wordt.html";"NOS";"0";"0";"0";"0";"0";"0";"0";"0";"0";"0";"0";"0";"0";"0";"0";"0";"";"0"
"second_coder";2358194;"Het is rustig in de teststraat, waarom wordt die capaciteit niet gebruikt?";"2020-11-26";"https://nos.nl/artikel/2358194-het-is-rustig-in-de-teststraat-waarom-wordt-die-capaciteit-niet-gebruikt.html";"NOS";"1";"0";"0";"1";"0";"0";"0";"0";"0";"0";"0";"0";"0";"0";"0";"0";"";"1"
"main_coder";2358194;"Het is rustig in de teststraat, waarom wordt die capaciteit niet gebruikt?";"2020-11-26";"https://nos.nl/artikel/2358194-het-is-rustig-in-de-teststraat-waarom-wordt-die-capaciteit-niet-gebruikt.html";"NOS";"1";"0";"0";"1";"0";"0";"0";"0";"0";"0";"0";"0";"0";"0";"0";"0";"";"1"
"researcher";2358194;"Het is rustig in de teststraat, waarom wordt die capaciteit niet gebruikt?";"2020-11-26";"https://nos.nl/artikel/2358194-het-is-rustig-in-de-teststraat-waarom-wordt-die-capaciteit-niet-gebruikt.html";"NOS";"1";"0";"0";"1";"0";"0";"0";"0";"0";"0";"0";"0";"0";"0";"0";"0";"";"1"
"second_coder";2358916;"Bedrijven worstelen met thuiswerken, ""mentale gesteldheid is ook belangrijk""";"2020-12-01";"https://nos.nl/artikel/2358916-bedrijven-worstelen-met-thuiswerken-mentale-gesteldheid-is-ook-belangrijk";"NOS";"1";"0";"1";"0";"0";"0";"0";"0";"0";"0";"1";"0";"0";"0";"0";"0";"";"1"
"main_coder";2358916;"Bedrijven worstelen met thuiswerken, ""mentale gesteldheid is ook belangrijk""";"2020-12-01";"https://nos.nl/artikel/2358916-bedrijven-worstelen-met-thuiswerken-mentale-gesteldheid-is-ook-belangrijk";"NOS";"1";"0";"1";"0";"0";"0";"0";"0";"0";"1";"0";"0";"0";"0";"0";"0";"";"1"
"researcher";2358916;"Bedrijven worstelen met thuiswerken, ""mentale gesteldheid is ook belangrijk""";"2020-12-01";"https://nos.nl/artikel/2358916-bedrijven-worstelen-met-thuiswerken-mentale-gesteldheid-is-ook-belangrijk";"NOS";"1";"0";"1";"0";"0";"0";"0";"0";"0";"1";"1";"0";"0";"0";"0";"0";"";"1"
"second_coder";2361815;"RIVM: Britse coronavariant verspreidt zich door Nederland";"2020-12-23";"https://nos.nl/artikel/2361815-rivm-britse-coronavariant-verspreidt-zich-door-nederland.html";"NOS";"1";"1";"0";"1";"0";"0";"0";"0";"0";"0";"0";"0";"0";"0";"0";"0";"";"1"
"main_coder";2361815;"RIVM: Britse coronavariant verspreidt zich door Nederland";"2020-12-23";"https://nos.nl/artikel/2361815-rivm-britse-coronavariant-verspreidt-zich-door-nederland.html";"NOS";"1";"1";"1";"1";"0";"0";"0";"1";"0";"0";"0";"0";"0";"0";"0";"0";"";"1"
"researcher";2361815;"RIVM: Britse coronavariant verspreidt zich door Nederland";"2020-12-23";"https://nos.nl/artikel/2361815-rivm-britse-coronavariant-verspreidt-zich-door-nederland.html";"NOS";"1";"1";"1";"1";"0";"0";"0";"1";"0";"0";"0";"0";"0";"0";"0";"0";"";"1"
"second_coder";2362513;"Zorgautoriteit: tientallen ziekenhuizen schrappen dringende operaties door corona";"2020-12-30";"https://nos.nl/artikel/2362513-zorgautoriteit-tientallen-ziekenhuizen-schrappen-dringende-operaties-door-corona.html";"NOS";"1";"1";"0";"0";"1";"0";"1";"0";"0";"0";"0";"0";"0";"0";"0";"0";"";"1"
"main_coder";2362513;"Zorgautoriteit: tientallen ziekenhuizen schrappen dringende operaties door corona";"2020-12-30";"https://nos.nl/artikel/2362513-zorgautoriteit-tientallen-ziekenhuizen-schrappen-dringende-operaties-door-corona.html";"NOS";"1";"0";"0";"0";"1";"0";"1";"0";"0";"0";"0";"0";"0";"0";"0";"0";"";"1"
"researcher";2362513;"Zorgautoriteit: tientallen ziekenhuizen schrappen dringende operaties door corona";"2020-12-30";"https://nos.nl/artikel/2362513-zorgautoriteit-tientallen-ziekenhuizen-schrappen-dringende-operaties-door-corona.html";"NOS";"1";"0";"0";"0";"1";"0";"1";"0";"0";"0";"0";"0";"0";"0";"0";"0";"";"1"
"second_coder";2363133;"Kabinet wil geen leeftijdselectie op intensive care, artsen houden vast aan draaiboek";"2021-01-05";"https://nos.nl/artikel/2363133-kabinet-wil-geen-leeftijdselectie-op-intensive-care-artsen-houden-vast-aan-draaiboek.html";"NOS";"1";"0";"0";"0";"0";"0";"1";"0";"0";"0";"0";"0";"0";"1";"0";"0";"";"1"
"main_coder";2363133;"Kabinet wil geen leeftijdselectie op intensive care, artsen houden vast aan draaiboek";"2021-01-05";"https://nos.nl/artikel/2363133-kabinet-wil-geen-leeftijdselectie-op-intensive-care-artsen-houden-vast-aan-draaiboek.html";"NOS";"1";"0";"0";"0";"0";"0";"1";"0";"0";"0";"0";"0";"0";"1";"0";"0";"";"1"
"researcher";2363133;"Kabinet wil geen leeftijdselectie op intensive care, artsen houden vast aan draaiboek";"2021-01-05";"https://nos.nl/artikel/2363133-kabinet-wil-geen-leeftijdselectie-op-intensive-care-artsen-houden-vast-aan-draaiboek.html";"NOS";"1";"0";"0";"0";"0";"0";"1";"0";"0";"0";"0";"0";"0";"1";"0";"0";"";"1"
"second_coder";2363978;"Chinees vaccin is voor China ""kans om invloed in Afrika uit te breiden""";"2021-01-11";"https://nos.nl/artikel/2363978-chinees-vaccin-is-voor-china-kans-om-invloed-in-afrika-uit-te-breiden";"NOS";"1";"0";"0";"0";"1";"0";"0";"0";"0";"0";"0";"0";"0";"0";"1";"1";"China";"1"
"main_coder";2363978;"Chinees vaccin is voor China ""kans om invloed in Afrika uit te breiden""";"2021-01-11";"https://nos.nl/artikel/2363978-chinees-vaccin-is-voor-china-kans-om-invloed-in-afrika-uit-te-breiden";"NOS";"1";"0";"0";"0";"1";"0";"0";"0";"0";"0";"0";"0";"0";"0";"1";"1";"China, South Africa, UAE";"1"
"researcher";2363978;"Chinees vaccin is voor China ""kans om invloed in Afrika uit te breiden""";"2021-01-11";"https://nos.nl/artikel/2363978-chinees-vaccin-is-voor-china-kans-om-invloed-in-afrika-uit-te-breiden";"NOS";"1";"0";"0";"0";"1";"0";"0";"0";"0";"0";"0";"0";"0";"0";"1";"1";"China";"1"
"second_coder";2365172;"Zuurstof en vaccins voor zwaar getroffen Braziliaanse stad Manaus";"2021-01-20";"https://nos.nl/artikel/2365172-zuurstof-en-vaccins-voor-zwaar-getroffen-braziliaanse-stad-manaus";"NOS";"1";"1";"1";"0";"0";"0";"1";"0";"0";"0";"0";"0";"0";"0";"0";"1";"Brazil";"1"
"main_coder";2365172;"Zuurstof en vaccins voor zwaar getroffen Braziliaanse stad Manaus";"2021-01-20";"https://nos.nl/artikel/2365172-zuurstof-en-vaccins-voor-zwaar-getroffen-braziliaanse-stad-manaus";"NOS";"1";"1";"0";"0";"1";"0";"1";"0";"0";"0";"0";"0";"0";"0";"0";"1";"Brazil";"1"
"researcher";2365172;"Zuurstof en vaccins voor zwaar getroffen Braziliaanse stad Manaus";"2021-01-20";"https://nos.nl/artikel/2365172-zuurstof-en-vaccins-voor-zwaar-getroffen-braziliaanse-stad-manaus";"NOS";"1";"1";"0";"0";"1";"0";"1";"0";"0";"0";"0";"0";"0";"0";"0";"1";"Brazil";"1"
"second_coder";2365361;"Rutte: avondklok misschien iets later, maar niet na 21.00 uur";"2021-01-21";"https://nos.nl/artikel/2365361-rutte-avondklok-misschien-iets-later-maar-niet-na-21-00-uur";"NOS";"1";"0";"1";"0";"0";"0";"0";"0";"0";"0";"0";"0";"0";"1";"0";"0";"";"1"
"main_coder";2365361;"Rutte: avondklok misschien iets later, maar niet na 21.00 uur";"2021-01-21";"https://nos.nl/artikel/2365361-rutte-avondklok-misschien-iets-later-maar-niet-na-21-00-uur";"NOS";"1";"0";"1";"0";"0";"0";"0";"0";"0";"0";"0";"0";"0";"1";"0";"0";"";"1"
"researcher";2365361;"Rutte: avondklok misschien iets later, maar niet na 21.00 uur";"2021-01-21";"https://nos.nl/artikel/2365361-rutte-avondklok-misschien-iets-later-maar-niet-na-21-00-uur";"NOS";"1";"0";"1";"0";"0";"0";"0";"0";"0";"0";"0";"0";"0";"1";"0";"0";"";"1"
"second_coder";2365392;"7,6 miljard euro voor verruiming steunpakket voor ondernemers";"2021-01-21";"https://nos.nl/artikel/2365392-7-6-miljard-euro-voor-verruiming-steunpakket-voor-ondernemers";"NOS";"1";"0";"0";"0";"0";"0";"0";"0";"1";"0";"0";"0";"0";"0";"0";"0";"";"0"
"main_coder";2365392;"7,6 miljard euro voor verruiming steunpakket voor ondernemers";"2021-01-21";"https://nos.nl/artikel/2365392-7-6-miljard-euro-voor-verruiming-steunpakket-voor-ondernemers";"NOS";"1";"0";"0";"0";"0";"0";"0";"0";"1";"0";"0";"0";"0";"0";"0";"0";"";"0"
"researcher";2365392;"7,6 miljard euro voor verruiming steunpakket voor ondernemers";"2021-01-21";"https://nos.nl/artikel/2365392-7-6-miljard-euro-voor-verruiming-steunpakket-voor-ondernemers";"NOS";"1";"0";"0";"0";"0";"0";"0";"0";"1";"0";"0";"0";"0";"0";"0";"0";"";"0"
"second_coder";2365836;"190 aanhoudingen bij protest Amsterdam, ambtswoning Halsema extra beveiligd";"2021-01-24";"https://nos.nl/artikel/2365836-190-aanhoudingen-bij-protest-amsterdam-ambtswoning-halsema-extra-beveiligd";"NOS";"1";"0";"0";"0";"0";"0";"0";"0";"0";"0";"0";"1";"0";"0";"0";"0";"";"1"
"main_coder";2365836;"190 aanhoudingen bij protest Amsterdam, ambtswoning Halsema extra beveiligd";"2021-01-24";"https://nos.nl/artikel/2365836-190-aanhoudingen-bij-protest-amsterdam-ambtswoning-halsema-extra-beveiligd";"NOS";"1";"0";"0";"0";"0";"0";"0";"0";"0";"0";"0";"1";"0";"0";"0";"0";"";"1"
"researcher";2365836;"190 aanhoudingen bij protest Amsterdam, ambtswoning Halsema extra beveiligd";"2021-01-24";"https://nos.nl/artikel/2365836-190-aanhoudingen-bij-protest-amsterdam-ambtswoning-halsema-extra-beveiligd";"NOS";"1";"0";"0";"0";"0";"0";"0";"0";"0";"0";"0";"1";"0";"0";"0";"0";"";"1"
"second_coder";2365867;"""Op dit soort momenten schaam ik me om Urker te zijn""";"2021-01-24";"https://nos.nl/artikel/2365867-op-dit-soort-momenten-schaam-ik-me-om-urker-te-zijn";"NOS";"1";"0";"1";"0";"0";"0";"0";"0";"0";"0";"0";"1";"0";"0";"0";"0";"";"1"
"main_coder";2365867;"""Op dit soort momenten schaam ik me om Urker te zijn""";"2021-01-24";"https://nos.nl/artikel/2365867-op-dit-soort-momenten-schaam-ik-me-om-urker-te-zijn";"NOS";"1";"0";"0";"0";"0";"0";"0";"0";"0";"0";"0";"1";"0";"0";"0";"0";"";"1"
"researcher";2365867;"""Op dit soort momenten schaam ik me om Urker te zijn""";"2021-01-24";"https://nos.nl/artikel/2365867-op-dit-soort-momenten-schaam-ik-me-om-urker-te-zijn";"NOS";"1";"0";"0";"0";"0";"0";"0";"0";"0";"0";"0";"1";"0";"0";"0";"0";"";"1"
"second_coder";2365889;"Oxfam: ""Economische ongelijkheid neemt toe door corona""";"2021-01-25";"https://nos.nl/artikel/2365889-oxfam-economische-ongelijkheid-neemt-toe-door-corona";"NOS";"1";"0";"0";"0";"0";"0";"0";"0";"1";"0";"0";"0";"0";"0";"0";"0";"";"1"
"main_coder";2365889;"Oxfam: ""Economische ongelijkheid neemt toe door corona""";"2021-01-25";"https://nos.nl/artikel/2365889-oxfam-economische-ongelijkheid-neemt-toe-door-corona";"NOS";"1";"0";"0";"0";"0";"0";"0";"0";"1";"0";"0";"0";"0";"0";"0";"0";"";"1"
"researcher";2365889;"Oxfam: ""Economische ongelijkheid neemt toe door corona""";"2021-01-25";"https://nos.nl/artikel/2365889-oxfam-economische-ongelijkheid-neemt-toe-door-corona";"NOS";"1";"0";"0";"0";"0";"0";"0";"0";"1";"0";"0";"0";"0";"0";"0";"0";"";"1"
"second_coder";2366056;"Grapperhaus: snelrecht tegen relschoppers, avondklok blijft";"2021-01-26";"https://nos.nl/artikel/2366056-grapperhaus-snelrecht-tegen-relschoppers-avondklok-blijft";"NOS";"1";"0";"1";"0";"0";"0";"0";"0";"0";"0";"0";"1";"0";"0";"0";"0";"";"1"
"main_coder";2366056;"Grapperhaus: snelrecht tegen relschoppers, avondklok blijft";"2021-01-26";"https://nos.nl/artikel/2366056-grapperhaus-snelrecht-tegen-relschoppers-avondklok-blijft";"NOS";"1";"0";"1";"0";"0";"0";"0";"0";"0";"0";"0";"1";"0";"0";"0";"0";"";"1"
"researcher";2366056;"Grapperhaus: snelrecht tegen relschoppers, avondklok blijft";"2021-01-26";"https://nos.nl/artikel/2366056-grapperhaus-snelrecht-tegen-relschoppers-avondklok-blijft";"NOS";"1";"0";"1";"0";"0";"0";"0";"0";"0";"0";"0";"1";"0";"0";"0";"0";"";"1"
"second_coder";2366198;"Rellen creëren ook groep ""die staat voor iets anders"": veel initiatieven om te helpen";"2021-01-27";"https://nos.nl/artikel/2366198-rellen-creeren-ook-groep-die-staat-voor-iets-anders-veel-initiatieven-om-te-helpen";"NOS";"0";"0";"0";"0";"0";"0";"0";"0";"0";"0";"0";"0";"0";"0";"0";"0";"";"0"
"main_coder";2366198;"Rellen creëren ook groep ""die staat voor iets anders"": veel initiatieven om te helpen";"2021-01-27";"https://nos.nl/artikel/2366198-rellen-creeren-ook-groep-die-staat-voor-iets-anders-veel-initiatieven-om-te-helpen";"NOS";"1";"0";"0";"0";"0";"0";"0";"0";"0";"0";"0";"1";"0";"0";"0";"0";"";"1"
"researcher";2366198;"Rellen creëren ook groep ""die staat voor iets anders"": veel initiatieven om te helpen";"2021-01-27";"https://nos.nl/artikel/2366198-rellen-creeren-ook-groep-die-staat-voor-iets-anders-veel-initiatieven-om-te-helpen";"NOS";"0";"0";"0";"0";"0";"0";"0";"0";"0";"0";"0";"0";"0";"0";"0";"0";"";"0"
"second_coder";2366327;"Koning spreekt na avondklokrellen met bewoners en ondernemers in Den Bosch";"2021-01-28";"https://nos.nl/artikel/2366327-koning-spreekt-na-avondklokrellen-met-bewoners-en-ondernemers-in-den-bosch";"NOS";"0";"0";"0";"0";"0";"0";"0";"0";"0";"0";"0";"0";"0";"0";"0";"0";"";"0"
"main_coder";2366327;"Koning spreekt na avondklokrellen met bewoners en ondernemers in Den Bosch";"2021-01-28";"https://nos.nl/artikel/2366327-koning-spreekt-na-avondklokrellen-met-bewoners-en-ondernemers-in-den-bosch";"NOS";"1";"0";"0";"0";"0";"0";"0";"0";"0";"0";"0";"1";"0";"0";"0";"0";"";"1"
"researcher";2366327;"Koning spreekt na avondklokrellen met bewoners en ondernemers in Den Bosch";"2021-01-28";"https://nos.nl/artikel/2366327-koning-spreekt-na-avondklokrellen-met-bewoners-en-ondernemers-in-den-bosch";"NOS";"0";"0";"0";"0";"0";"0";"0";"0";"0";"0";"0";"0";"0";"0";"0";"0";"";"0"
"second_coder";2366896;"Oproep uit IC-hoek: ""Versoepel aantal maatregelen, accepteer meer overlijdens""";"2021-02-01";"https://nos.nl/artikel/2366896-oproep-uit-ic-hoek-versoepel-aantal-maatregelen-accepteer-meer-overlijdens.html";"NOS";"1";"0";"1";"0";"0";"0";"1";"0";"1";"1";"1";"0";"0";"0";"0";"0";"";"1"
"main_coder";2366896;"Oproep uit IC-hoek: ""Versoepel aantal maatregelen, accepteer meer overlijdens""";"2021-02-01";"https://nos.nl/artikel/2366896-oproep-uit-ic-hoek-versoepel-aantal-maatregelen-accepteer-meer-overlijdens.html";"NOS";"1";"0";"1";"0";"0";"0";"1";"0";"1";"1";"0";"0";"0";"0";"0";"0";"";"1"
"researcher";2366896;"Oproep uit IC-hoek: ""Versoepel aantal maatregelen, accepteer meer overlijdens""";"2021-02-01";"https://nos.nl/artikel/2366896-oproep-uit-ic-hoek-versoepel-aantal-maatregelen-accepteer-meer-overlijdens.html";"NOS";"1";"0";"1";"0";"0";"0";"1";"0";"1";"1";"0";"1";"0";"0";"0";"0";"";"1"
"second_coder";2367812;"19-jarige Brit ontwaakt na jaar in coma in totaal andere wereld";"2021-02-08";"https://nos.nl/artikel/2367812-19-jarige-brit-ontwaakt-na-jaar-in-coma-in-totaal-andere-wereld.html";"NOS";"1";"0";"0";"0";"0";"0";"0";"0";"0";"1";"0";"0";"0";"0";"0";"1";"UK";"1"
"main_coder";2367812;"19-jarige Brit ontwaakt na jaar in coma in totaal andere wereld";"2021-02-08";"https://nos.nl/artikel/2367812-19-jarige-brit-ontwaakt-na-jaar-in-coma-in-totaal-andere-wereld.html";"NOS";"0";"0";"0";"0";"0";"0";"0";"0";"0";"0";"0";"0";"0";"0";"0";"0";"";"0"
"researcher";2367812;"19-jarige Brit ontwaakt na jaar in coma in totaal andere wereld";"2021-02-08";"https://nos.nl/artikel/2367812-19-jarige-brit-ontwaakt-na-jaar-in-coma-in-totaal-andere-wereld.html";"NOS";"1";"0";"0";"0";"0";"0";"0";"0";"0";"0";"0";"0";"0";"0";"0";"1";"UK";"1"
"second_coder";2369393;"Hof doet over een week uitspraak, avondklok blijft tot die tijd van kracht";"2021-02-19";"https://nos.nl/artikel/2369393-hof-doet-over-een-week-uitspraak-avondklok-blijft-tot-die-tijd-van-kracht.html";"NOS";"1";"0";"1";"0";"0";"0";"0";"0";"0";"0";"0";"1";"0";"0";"0";"0";"";"1"
"main_coder";2369393;"Hof doet over een week uitspraak, avondklok blijft tot die tijd van kracht";"2021-02-19";"https://nos.nl/artikel/2369393-hof-doet-over-een-week-uitspraak-avondklok-blijft-tot-die-tijd-van-kracht.html";"NOS";"1";"0";"1";"0";"0";"0";"0";"0";"0";"0";"0";"0";"0";"1";"0";"0";"";"1"
"researcher";2369393;"Hof doet over een week uitspraak, avondklok blijft tot die tijd van kracht";"2021-02-19";"https://nos.nl/artikel/2369393-hof-doet-over-een-week-uitspraak-avondklok-blijft-tot-die-tijd-van-kracht.html";"NOS";"1";"0";"1";"0";"0";"0";"0";"0";"0";"0";"0";"1";"0";"0";"0";"0";"";"1"
"second_coder";2369436;"Waarom veel zwarte Amerikanen het coronavaccin wantrouwen";"2021-02-19";"https://nos.nl/artikel/2369436-waarom-veel-zwarte-amerikanen-het-coronavaccin-wantrouwen.html";"NOS";"1";"0";"0";"0";"1";"0";"0";"0";"0";"0";"0";"0";"0";"0";"0";"1";"US of America";"1"
"main_coder";2369436;"Waarom veel zwarte Amerikanen het coronavaccin wantrouwen";"2021-02-19";"https://nos.nl/artikel/2369436-waarom-veel-zwarte-amerikanen-het-coronavaccin-wantrouwen.html";"NOS";"1";"0";"0";"0";"1";"0";"0";"0";"0";"0";"0";"0";"1";"0";"0";"1";"US of America";"1"
"researcher";2369436;"Waarom veel zwarte Amerikanen het coronavaccin wantrouwen";"2021-02-19";"https://nos.nl/artikel/2369436-waarom-veel-zwarte-amerikanen-het-coronavaccin-wantrouwen.html";"NOS";"1";"0";"0";"0";"1";"0";"0";"0";"0";"0";"0";"0";"0";"0";"0";"1";"US of America";"1"
"second_coder";2369444;"Ook Eerste Kamer stemt in met nieuwe avondklok-wet";"2021-02-19";"https://nos.nl/artikel/2369444-ook-eerste-kamer-stemt-in-met-nieuwe-avondklok-wet";"NOS";"1";"0";"1";"0";"0";"0";"0";"0";"0";"0";"0";"1";"0";"0";"0";"0";"";"1"
"main_coder";2369444;"Ook Eerste Kamer stemt in met nieuwe avondklok-wet";"2021-02-19";"https://nos.nl/artikel/2369444-ook-eerste-kamer-stemt-in-met-nieuwe-avondklok-wet";"NOS";"1";"0";"1";"0";"0";"0";"0";"0";"0";"0";"0";"0";"0";"1";"0";"0";"";"1"
"researcher";2369444;"Ook Eerste Kamer stemt in met nieuwe avondklok-wet";"2021-02-19";"https://nos.nl/artikel/2369444-ook-eerste-kamer-stemt-in-met-nieuwe-avondklok-wet";"NOS";"1";"0";"1";"0";"0";"0";"0";"0";"0";"0";"0";"1";"0";"1";"0";"0";"";"1"
"second_coder";2370347;"Steun voor maatregelen sterk afgenomen, maar meeste mensen houden zich er nog aan";"2021-02-26";"https://nos.nl/artikel/2370347-steun-voor-maatregelen-sterk-afgenomen-maar-meeste-mensen-houden-zich-er-nog-aan.html";"NOS";"1";"0";"1";"0";"0";"0";"0";"0";"0";"0";"1";"0";"0";"0";"0";"0";"";"1"
"main_coder";2370347;"Steun voor maatregelen sterk afgenomen, maar meeste mensen houden zich er nog aan";"2021-02-26";"https://nos.nl/artikel/2370347-steun-voor-maatregelen-sterk-afgenomen-maar-meeste-mensen-houden-zich-er-nog-aan.html";"NOS";"1";"0";"1";"0";"1";"0";"0";"0";"0";"1";"0";"0";"0";"0";"0";"0";"";"1"
"researcher";2370347;"Steun voor maatregelen sterk afgenomen, maar meeste mensen houden zich er nog aan";"2021-02-26";"https://nos.nl/artikel/2370347-steun-voor-maatregelen-sterk-afgenomen-maar-meeste-mensen-houden-zich-er-nog-aan.html";"NOS";"1";"0";"1";"0";"0";"0";"0";"0";"0";"1";"0";"0";"0";"0";"0";"0";"";"1"
"second_coder";2373350;"RIVM: ""Oplopend aantal besmettingen betekent niet per se meer ziekenhuisopnames""";"2021-03-20";"https://nos.nl/artikel/2373350-rivm-oplopend-aantal-besmettingen-betekent-niet-per-se-meer-ziekenhuisopnames";"NOS";"1";"1";"0";"1";"0";"0";"0";"1";"0";"0";"0";"0";"0";"0";"0";"0";"";"1"
"main_coder";2373350;"RIVM: ""Oplopend aantal besmettingen betekent niet per se meer ziekenhuisopnames""";"2021-03-20";"https://nos.nl/artikel/2373350-rivm-oplopend-aantal-besmettingen-betekent-niet-per-se-meer-ziekenhuisopnames";"NOS";"1";"1";"0";"0";"0";"0";"0";"1";"0";"0";"0";"0";"0";"0";"0";"0";"";"1"
"researcher";2373350;"RIVM: ""Oplopend aantal besmettingen betekent niet per se meer ziekenhuisopnames""";"2021-03-20";"https://nos.nl/artikel/2373350-rivm-oplopend-aantal-besmettingen-betekent-niet-per-se-meer-ziekenhuisopnames";"NOS";"1";"1";"0";"0";"0";"0";"0";"1";"0";"0";"0";"0";"0";"0";"0";"0";"";"1"
"second_coder";2374653;"Oxfam Novib: coronavaccins snel ineffectief door vaccingebrek in arme landen";"2021-03-30";"https://nos.nl/artikel/2374653-oxfam-novib-coronavaccins-snel-ineffectief-door-vaccingebrek-in-arme-landen";"NOS";"1";"0";"0";"0";"1";"0";"0";"0";"0";"0";"0";"0";"0";"0";"1";"0";"";"1"
"main_coder";2374653;"Oxfam Novib: coronavaccins snel ineffectief door vaccingebrek in arme landen";"2021-03-30";"https://nos.nl/artikel/2374653-oxfam-novib-coronavaccins-snel-ineffectief-door-vaccingebrek-in-arme-landen";"NOS";"1";"0";"0";"0";"1";"0";"0";"1";"0";"0";"0";"0";"0";"0";"1";"0";"";"1"
"researcher";2374653;"Oxfam Novib: coronavaccins snel ineffectief door vaccingebrek in arme landen";"2021-03-30";"https://nos.nl/artikel/2374653-oxfam-novib-coronavaccins-snel-ineffectief-door-vaccingebrek-in-arme-landen";"NOS";"1";"0";"0";"0";"1";"0";"0";"1";"0";"0";"0";"0";"0";"0";"1";"0";"";"1"
"second_coder";2374871;"Gevangen Aung San Suu Kyi spreekt voor ""t eerst sinds coup met advocaat";"2021-03-31";"https://nos.nl/artikel/2374871-gevangen-aung-san-suu-kyi-spreekt-voor-t-eerst-sinds-coup-met-advocaat";"NOS";"0";"0";"0";"0";"0";"0";"0";"0";"0";"0";"0";"0";"0";"0";"0";"0";"";"0"
"main_coder";2374871;"Gevangen Aung San Suu Kyi spreekt voor ""t eerst sinds coup met advocaat";"2021-03-31";"https://nos.nl/artikel/2374871-gevangen-aung-san-suu-kyi-spreekt-voor-t-eerst-sinds-coup-met-advocaat";"NOS";"0";"0";"0";"0";"0";"0";"0";"0";"0";"0";"0";"0";"0";"0";"0";"0";"";"0"
"researcher";2374871;"Gevangen Aung San Suu Kyi spreekt voor ""t eerst sinds coup met advocaat";"2021-03-31";"https://nos.nl/artikel/2374871-gevangen-aung-san-suu-kyi-spreekt-voor-t-eerst-sinds-coup-met-advocaat";"NOS";"0";"0";"0";"0";"0";"0";"0";"0";"0";"0";"0";"0";"0";"0";"0";"0";"";"0"
"second_coder";2375503;"Servië heeft zo veel vaccins dat er keuze is, en bussen uit buurland toestromen";"2021-04-05";"https://nos.nl/artikel/2375503-servie-heeft-zo-veel-vaccins-dat-er-keuze-is-en-bussen-uit-buurland-toestromen";"NOS";"1";"0";"0";"0";"1";"0";"0";"0";"0";"0";"0";"0";"0";"0";"1";"1";"Serbia";"1"
"main_coder";2375503;"Servië heeft zo veel vaccins dat er keuze is, en bussen uit buurland toestromen";"2021-04-05";"https://nos.nl/artikel/2375503-servie-heeft-zo-veel-vaccins-dat-er-keuze-is-en-bussen-uit-buurland-toestromen";"NOS";"1";"0";"0";"0";"1";"0";"0";"0";"0";"0";"0";"0";"1";"0";"1";"1";"Serbia";"1"
"researcher";2375503;"Servië heeft zo veel vaccins dat er keuze is, en bussen uit buurland toestromen";"2021-04-05";"https://nos.nl/artikel/2375503-servie-heeft-zo-veel-vaccins-dat-er-keuze-is-en-bussen-uit-buurland-toestromen";"NOS";"1";"0";"0";"0";"1";"0";"0";"0";"0";"0";"0";"0";"1";"0";"1";"1";"Serbia";"1"
"second_coder";2375881;"Noord-Ierse regering bijeen na rellen, Britse minister roept op tot kalmte";"2021-04-08";"https://nos.nl/artikel/2375881-noord-ierse-regering-bijeen-na-rellen-britse-minister-roept-op-tot-kalmte";"NOS";"0";"0";"0";"0";"0";"0";"0";"0";"0";"0";"0";"0";"0";"0";"0";"0";"";"0"
"main_coder";2375881;"Noord-Ierse regering bijeen na rellen, Britse minister roept op tot kalmte";"2021-04-08";"https://nos.nl/artikel/2375881-noord-ierse-regering-bijeen-na-rellen-britse-minister-roept-op-tot-kalmte";"NOS";"0";"0";"0";"0";"0";"0";"0";"0";"0";"0";"0";"0";"0";"0";"0";"0";"";"0"
"researcher";2375881;"Noord-Ierse regering bijeen na rellen, Britse minister roept op tot kalmte";"2021-04-08";"https://nos.nl/artikel/2375881-noord-ierse-regering-bijeen-na-rellen-britse-minister-roept-op-tot-kalmte";"NOS";"0";"0";"0";"0";"0";"0";"0";"0";"0";"0";"0";"0";"0";"0";"0";"0";"";"0"
"second_coder";2376137;"Demonstratie tegen coronabeleid in Baarn en omgeving";"2021-04-10";"https://nos.nl/artikel/2376137-demonstratie-tegen-coronabeleid-in-baarn-en-omgeving";"NOS";"1";"0";"0";"0";"0";"0";"0";"0";"0";"0";"0";"1";"0";"0";"0";"0";"";"1"
"main_coder";2376137;"Demonstratie tegen coronabeleid in Baarn en omgeving";"2021-04-10";"https://nos.nl/artikel/2376137-demonstratie-tegen-coronabeleid-in-baarn-en-omgeving";"NOS";"1";"0";"0";"0";"0";"0";"0";"0";"0";"0";"0";"1";"0";"0";"0";"0";"";"1"
"researcher";2376137;"Demonstratie tegen coronabeleid in Baarn en omgeving";"2021-04-10";"https://nos.nl/artikel/2376137-demonstratie-tegen-coronabeleid-in-baarn-en-omgeving";"NOS";"1";"0";"0";"0";"0";"0";"0";"0";"0";"0";"0";"1";"0";"0";"0";"0";"";"1"
"second_coder";2377851;"Deur naar Olympische Spelen staat nog open voor Dumoulin";"2021-04-23";"https://nos.nl/artikel/2377851-deur-naar-olympische-spelen-staat-nog-open-voor-dumoulin";"NOS";"0";"0";"0";"0";"0";"0";"0";"0";"0";"0";"0";"0";"0";"0";"0";"0";"";"0"
"main_coder";2377851;"Deur naar Olympische Spelen staat nog open voor Dumoulin";"2021-04-23";"https://nos.nl/artikel/2377851-deur-naar-olympische-spelen-staat-nog-open-voor-dumoulin";"NOS";"0";"0";"0";"0";"0";"0";"0";"0";"0";"0";"0";"0";"0";"0";"0";"0";"";"0"
"researcher";2377851;"Deur naar Olympische Spelen staat nog open voor Dumoulin";"2021-04-23";"https://nos.nl/artikel/2377851-deur-naar-olympische-spelen-staat-nog-open-voor-dumoulin";"NOS";"0";"0";"0";"0";"0";"0";"0";"0";"0";"0";"0";"0";"0";"0";"0";"0";"";"0"
"second_coder";2377898;"Zorgen bij Gommers over aantal IC-opnames, vrees voor ""code zwart""";"2021-04-23";"https://nos.nl/artikel/2377898-zorgen-bij-gommers-over-aantal-ic-opnames-vrees-voor-code-zwart";"NOS";"1";"1";"1";"0";"0";"0";"1";"0";"0";"0";"0";"0";"0";"0";"0";"0";"";"1"
"main_coder";2377898;"Zorgen bij Gommers over aantal IC-opnames, vrees voor ""code zwart""";"2021-04-23";"https://nos.nl/artikel/2377898-zorgen-bij-gommers-over-aantal-ic-opnames-vrees-voor-code-zwart";"NOS";"1";"1";"1";"0";"0";"0";"1";"0";"0";"0";"0";"0";"0";"0";"0";"0";"";"1"
"researcher";2377898;"Zorgen bij Gommers over aantal IC-opnames, vrees voor ""code zwart""";"2021-04-23";"https://nos.nl/artikel/2377898-zorgen-bij-gommers-over-aantal-ic-opnames-vrees-voor-code-zwart";"NOS";"1";"1";"1";"0";"0";"0";"1";"0";"0";"0";"0";"0";"0";"0";"0";"0";"";"1"
"second_coder";2378733;"En weer slaat Luiten een hole-in-one op eerste toernooidag";"2021-04-29";"https://nos.nl/artikel/2378733-en-weer-slaat-luiten-een-hole-in-one-op-eerste-toernooidag";"NOS";"0";"0";"0";"0";"0";"0";"0";"0";"0";"0";"0";"0";"0";"0";"0";"0";"";"0"
"main_coder";2378733;"En weer slaat Luiten een hole-in-one op eerste toernooidag";"2021-04-29";"https://nos.nl/artikel/2378733-en-weer-slaat-luiten-een-hole-in-one-op-eerste-toernooidag";"NOS";"0";"0";"0";"0";"0";"0";"0";"0";"0";"0";"0";"0";"0";"0";"0";"0";"";"0"
"researcher";2378733;"En weer slaat Luiten een hole-in-one op eerste toernooidag";"2021-04-29";"https://nos.nl/artikel/2378733-en-weer-slaat-luiten-een-hole-in-one-op-eerste-toernooidag";"NOS";"0";"0";"0";"0";"0";"0";"0";"0";"0";"0";"0";"0";"0";"0";"0";"0";"";"0"
"second_coder";2378929;"Lange wachttijden en vaak jonge patiënten bij nazorgpoli's corona";"2021-05-01";"https://nos.nl/artikel/2378929-lange-wachttijden-en-vaak-jonge-patienten-bij-nazorgpoli-s-corona";"NOS";"1";"0";"0";"0";"0";"1";"1";"0";"0";"0";"0";"0";"0";"0";"0";"0";"";"1"
"main_coder";2378929;"Lange wachttijden en vaak jonge patiënten bij nazorgpoli's corona";"2021-05-01";"https://nos.nl/artikel/2378929-lange-wachttijden-en-vaak-jonge-patienten-bij-nazorgpoli-s-corona";"NOS";"1";"0";"0";"0";"0";"1";"1";"0";"0";"0";"0";"0";"0";"0";"0";"0";"";"1"
"researcher";2378929;"Lange wachttijden en vaak jonge patiënten bij nazorgpoli's corona";"2021-05-01";"https://nos.nl/artikel/2378929-lange-wachttijden-en-vaak-jonge-patienten-bij-nazorgpoli-s-corona";"NOS";"1";"0";"0";"0";"0";"1";"1";"0";"0";"0";"0";"0";"0";"0";"0";"0";"";"1"
"second_coder";2379298;"Is de piek van de derde golf bereikt? ""Het is nog even koffiedik kijken""";"2021-05-03";"https://nos.nl/artikel/2379298-is-de-piek-van-de-derde-golf-bereikt-het-is-nog-even-koffiedik-kijken";"NOS";"1";"1";"1";"0";"0";"0";"0";"0";"0";"0";"0";"0";"0";"0";"0";"0";"";"1"
"main_coder";2379298;"Is de piek van de derde golf bereikt? ""Het is nog even koffiedik kijken""";"2021-05-03";"https://nos.nl/artikel/2379298-is-de-piek-van-de-derde-golf-bereikt-het-is-nog-even-koffiedik-kijken";"NOS";"1";"1";"1";"0";"1";"1";"0";"0";"0";"0";"0";"0";"0";"0";"0";"0";"";"1"
"researcher";2379298;"Is de piek van de derde golf bereikt? ""Het is nog even koffiedik kijken""";"2021-05-03";"https://nos.nl/artikel/2379298-is-de-piek-van-de-derde-golf-bereikt-het-is-nog-even-koffiedik-kijken";"NOS";"1";"1";"1";"0";"1";"1";"0";"0";"0";"0";"0";"0";"0";"0";"0";"0";"";"1"
"second_coder";2379607;"Kamer wil geen eigen bijdrage van 7,50 euro voor toegangstest";"2021-05-06";"https://nos.nl/artikel/2379607-kamer-wil-geen-eigen-bijdrage-van-7-50-euro-voor-toegangstest";"NOS";"1";"0";"0";"1";"0";"0";"0";"0";"0";"0";"0";"0";"0";"1";"0";"0";"";"1"
"main_coder";2379607;"Kamer wil geen eigen bijdrage van 7,50 euro voor toegangstest";"2021-05-06";"https://nos.nl/artikel/2379607-kamer-wil-geen-eigen-bijdrage-van-7-50-euro-voor-toegangstest";"NOS";"1";"0";"1";"0";"0";"0";"0";"0";"0";"0";"0";"0";"0";"0";"0";"0";"";"1"
"researcher";2379607;"Kamer wil geen eigen bijdrage van 7,50 euro voor toegangstest";"2021-05-06";"https://nos.nl/artikel/2379607-kamer-wil-geen-eigen-bijdrage-van-7-50-euro-voor-toegangstest";"NOS";"1";"0";"0";"1";"0";"0";"0";"0";"0";"0";"0";"0";"0";"1";"0";"0";"";"1"
"second_coder";2379841;"Besmettingen India gaan hard door virusmutaties en niet naleven maatregelen";"2021-05-08";"https://nos.nl/artikel/2379841-besmettingen-india-gaan-hard-door-virusmutaties-en-niet-naleven-maatregelen";"NOS";"1";"1";"0";"0";"0";"0";"0";"0";"0";"0";"0";"0";"0";"0";"0";"1";"India";"1"
"main_coder";2379841;"Besmettingen India gaan hard door virusmutaties en niet naleven maatregelen";"2021-05-08";"https://nos.nl/artikel/2379841-besmettingen-india-gaan-hard-door-virusmutaties-en-niet-naleven-maatregelen";"NOS";"1";"1";"1";"0";"1";"0";"1";"1";"0";"0";"0";"0";"0";"0";"1";"1";"India";"1"
"researcher";2379841;"Besmettingen India gaan hard door virusmutaties en niet naleven maatregelen";"2021-05-08";"https://nos.nl/artikel/2379841-besmettingen-india-gaan-hard-door-virusmutaties-en-niet-naleven-maatregelen";"NOS";"1";"1";"1";"0";"1";"0";"1";"1";"0";"0";"0";"0";"0";"0";"1";"1";"India";"1"
"second_coder";2380020;"Zweedse corona-aanpak onder de loep, vooral migranten hard getroffen";"2021-05-09";"https://nos.nl/nieuwsuur/artikel/2380020-zweedse-corona-aanpak-onder-de-loep-vooral-migranten-hard-getroffen";"NOS";"1";"1";"1";"0";"0";"0";"1";"1";"0";"0";"0";"0";"0";"0";"0";"1";"Sweden";"1"
"main_coder";2380020;"Zweedse corona-aanpak onder de loep, vooral migranten hard getroffen";"2021-05-09";"https://nos.nl/nieuwsuur/artikel/2380020-zweedse-corona-aanpak-onder-de-loep-vooral-migranten-hard-getroffen";"NOS";"1";"1";"0";"0";"0";"0";"0";"0";"1";"0";"0";"0";"0";"0";"0";"1";"Sweden";"1"
"researcher";2380020;"Zweedse corona-aanpak onder de loep, vooral migranten hard getroffen";"2021-05-09";"https://nos.nl/nieuwsuur/artikel/2380020-zweedse-corona-aanpak-onder-de-loep-vooral-migranten-hard-getroffen";"NOS";"1";"1";"1";"0";"0";"0";"1";"1";"0";"0";"0";"0";"0";"0";"0";"1";"Sweden";"1"
"second_coder";2381978;"Hoe houden we zicht op het virus als we richting het ""oude normaal"" gaan?";"2021-05-23";"https://nos.nl/artikel/2381978-hoe-houden-we-zicht-op-het-virus-als-we-richting-het-oude-normaal-gaan";"NOS";"1";"1";"0";"1";"1";"1";"0";"1";"0";"0";"0";"0";"0";"0";"0";"0";"";"1"
"main_coder";2381978;"Hoe houden we zicht op het virus als we richting het ""oude normaal"" gaan?";"2021-05-23";"https://nos.nl/artikel/2381978-hoe-houden-we-zicht-op-het-virus-als-we-richting-het-oude-normaal-gaan";"NOS";"1";"0";"0";"1";"1";"1";"0";"1";"0";"0";"0";"0";"0";"0";"0";"0";"";"1"
"researcher";2381978;"Hoe houden we zicht op het virus als we richting het ""oude normaal"" gaan?";"2021-05-23";"https://nos.nl/artikel/2381978-hoe-houden-we-zicht-op-het-virus-als-we-richting-het-oude-normaal-gaan";"NOS";"1";"0";"0";"1";"1";"1";"0";"1";"0";"0";"0";"0";"0";"0";"0";"0";"";"1"
"second_coder";2384683;"RIVM: ""Het gaat goed en steeds beter""";"2021-06-12";"https://nos.nl/artikel/2384683-rivm-het-gaat-goed-en-steeds-beter";"NOS";"1";"1";"0";"0";"1";"0";"0";"0";"0";"0";"0";"0";"0";"0";"0";"0";"";"1"
"main_coder";2384683;"RIVM: ""Het gaat goed en steeds beter""";"2021-06-12";"https://nos.nl/artikel/2384683-rivm-het-gaat-goed-en-steeds-beter";"NOS";"1";"0";"1";"1";"1";"0";"0";"1";"0";"0";"0";"0";"0";"0";"0";"0";"";"1"
"researcher";2384683;"RIVM: ""Het gaat goed en steeds beter""";"2021-06-12";"https://nos.nl/artikel/2384683-rivm-het-gaat-goed-en-steeds-beter";"NOS";"1";"1";"1";"1";"1";"0";"0";"1";"0";"0";"0";"0";"0";"0";"0";"0";"";"1"
"second_coder";2384806;"Protest tegen extreemrechts in veel Franse steden";"2021-06-12";"https://nos.nl/artikel/2384806-protest-tegen-extreemrechts-in-veel-franse-steden";"NOS";"0";"0";"0";"0";"0";"0";"0";"0";"0";"0";"0";"0";"0";"0";"0";"0";"";"0"
"main_coder";2384806;"Protest tegen extreemrechts in veel Franse steden";"2021-06-12";"https://nos.nl/artikel/2384806-protest-tegen-extreemrechts-in-veel-franse-steden";"NOS";"0";"0";"0";"0";"0";"0";"0";"0";"0";"0";"0";"0";"0";"0";"0";"0";"";"0"
"researcher";2384806;"Protest tegen extreemrechts in veel Franse steden";"2021-06-12";"https://nos.nl/artikel/2384806-protest-tegen-extreemrechts-in-veel-franse-steden";"NOS";"0";"0";"0";"0";"0";"0";"0";"0";"0";"0";"0";"0";"0";"0";"0";"0";"";"0"
"second_coder";2385111;"Nederlandse coach schrijft (bijna) historie met Afghanistan: ""Onmogelijke mogelijk""";"2021-06-15";"https://nos.nl/artikel/2385111-nederlandse-coach-schrijft-bijna-historie-met-afghanistan-onmogelijke-mogelijk";"NOS";"0";"0";"0";"0";"0";"0";"0";"0";"0";"0";"0";"0";"0";"0";"0";"0";"";"0"
"main_coder";2385111;"Nederlandse coach schrijft (bijna) historie met Afghanistan: ""Onmogelijke mogelijk""";"2021-06-15";"https://nos.nl/artikel/2385111-nederlandse-coach-schrijft-bijna-historie-met-afghanistan-onmogelijke-mogelijk";"NOS";"0";"0";"0";"0";"0";"0";"0";"0";"0";"0";"0";"0";"0";"0";"0";"0";"";"0"
"researcher";2385111;"Nederlandse coach schrijft (bijna) historie met Afghanistan: ""Onmogelijke mogelijk""";"2021-06-15";"https://nos.nl/artikel/2385111-nederlandse-coach-schrijft-bijna-historie-met-afghanistan-onmogelijke-mogelijk";"NOS";"0";"0";"0";"0";"0";"0";"0";"0";"0";"0";"0";"0";"0";"0";"0";"0";"";"0"
"second_coder";2386070;"Toegangsbewijs voor festival of club: ""Er is altijd een groep die dit niet accepteert""";"2021-06-21";"https://nos.nl/artikel/2386070-toegangsbewijs-voor-festival-of-club-er-is-altijd-een-groep-die-dit-niet-accepteert";"NOS";"1";"0";"0";"1";"1";"0";"0";"0";"0";"0";"0";"1";"0";"0";"0";"0";"";"1"
"main_coder";2386070;"Toegangsbewijs voor festival of club: ""Er is altijd een groep die dit niet accepteert""";"2021-06-21";"https://nos.nl/artikel/2386070-toegangsbewijs-voor-festival-of-club-er-is-altijd-een-groep-die-dit-niet-accepteert";"NOS";"1";"0";"0";"1";"1";"0";"0";"0";"0";"0";"0";"0";"0";"0";"0";"0";"";"1"
"researcher";2386070;"Toegangsbewijs voor festival of club: ""Er is altijd een groep die dit niet accepteert""";"2021-06-21";"https://nos.nl/artikel/2386070-toegangsbewijs-voor-festival-of-club-er-is-altijd-een-groep-die-dit-niet-accepteert";"NOS";"1";"0";"0";"1";"1";"0";"0";"0";"0";"0";"0";"1";"0";"0";"0";"0";"";"1"
"second_coder";2387267;"De ethische discussie over tieners vaccineren: ""Hoe vertel ik dit mijn kinderen?""";"2021-06-29";"https://nos.nl/artikel/2387267-de-ethische-discussie-over-tieners-vaccineren-hoe-vertel-ik-dit-mijn-kinderen";"NOS";"1";"0";"0";"0";"1";"0";"0";"0";"0";"0";"0";"0";"0";"0";"1";"0";"";"1"
"main_coder";2387267;"De ethische discussie over tieners vaccineren: ""Hoe vertel ik dit mijn kinderen?""";"2021-06-29";"https://nos.nl/artikel/2387267-de-ethische-discussie-over-tieners-vaccineren-hoe-vertel-ik-dit-mijn-kinderen";"NOS";"1";"0";"0";"0";"1";"0";"0";"0";"0";"0";"0";"0";"0";"1";"0";"0";"";"1"
"researcher";2387267;"De ethische discussie over tieners vaccineren: ""Hoe vertel ik dit mijn kinderen?""";"2021-06-29";"https://nos.nl/artikel/2387267-de-ethische-discussie-over-tieners-vaccineren-hoe-vertel-ik-dit-mijn-kinderen";"NOS";"1";"0";"0";"0";"1";"0";"0";"0";"0";"0";"0";"0";"0";"0";"1";"0";"";"1"
"second_coder";2387341;"Tieners kunnen vanaf vrijdag afspraak maken voor coronavaccinatie";"2021-06-30";"https://nos.nl/artikel/2387341-tieners-kunnen-vanaf-vrijdag-afspraak-maken-voor-coronavaccinatie";"NOS";"1";"0";"0";"0";"1";"0";"0";"0";"0";"0";"0";"0";"0";"0";"0";"0";"";"1"
"main_coder";2387341;"Tieners kunnen vanaf vrijdag afspraak maken voor coronavaccinatie";"2021-06-30";"https://nos.nl/artikel/2387341-tieners-kunnen-vanaf-vrijdag-afspraak-maken-voor-coronavaccinatie";"NOS";"1";"0";"0";"0";"1";"0";"0";"0";"0";"0";"0";"0";"0";"0";"0";"0";"";"1"
"researcher";2387341;"Tieners kunnen vanaf vrijdag afspraak maken voor coronavaccinatie";"2021-06-30";"https://nos.nl/artikel/2387341-tieners-kunnen-vanaf-vrijdag-afspraak-maken-voor-coronavaccinatie";"NOS";"1";"0";"0";"0";"1";"0";"0";"0";"0";"0";"0";"0";"0";"0";"0";"0";"";"1"
"second_coder";2391726;"Onzekerheid voor getroffen Limburgse ondernemers, ""meer omzetverlies dan waterschade""";"2021-07-30";"https://nos.nl/artikel/2391726-onzekerheid-voor-getroffen-limburgse-ondernemers-meer-omzetverlies-dan-waterschade";"NOS";"0";"0";"0";"0";"0";"0";"0";"0";"0";"0";"0";"0";"0";"0";"0";"0";"";"0"
"main_coder";2391726;"Onzekerheid voor getroffen Limburgse ondernemers, ""meer omzetverlies dan waterschade""";"2021-07-30";"https://nos.nl/artikel/2391726-onzekerheid-voor-getroffen-limburgse-ondernemers-meer-omzetverlies-dan-waterschade";"NOS";"0";"0";"0";"0";"0";"0";"0";"0";"0";"0";"0";"0";"0";"0";"0";"0";"";"0"
"researcher";2391726;"Onzekerheid voor getroffen Limburgse ondernemers, ""meer omzetverlies dan waterschade""";"2021-07-30";"https://nos.nl/artikel/2391726-onzekerheid-voor-getroffen-limburgse-ondernemers-meer-omzetverlies-dan-waterschade";"NOS";"0";"0";"0";"0";"0";"0";"0";"0";"0";"0";"0";"0";"0";"0";"0";"0";"";"0"
"second_coder";2394513;"Veelbelovend middel verkleint kans op het krijgen van corona flink";"2021-08-20";"https://nos.nl/artikel/2394513-veelbelovend-middel-verkleint-kans-op-het-krijgen-van-corona-flink";"NOS";"1";"0";"0";"0";"0";"0";"0";"1";"0";"0";"0";"0";"0";"0";"0";"1";"US of America";"1"
"main_coder";2394513;"Veelbelovend middel verkleint kans op het krijgen van corona flink";"2021-08-20";"https://nos.nl/artikel/2394513-veelbelovend-middel-verkleint-kans-op-het-krijgen-van-corona-flink";"NOS";"1";"0";"0";"0";"0";"0";"0";"1";"0";"0";"0";"0";"0";"0";"0";"0";"";"1"
"researcher";2394513;"Veelbelovend middel verkleint kans op het krijgen van corona flink";"2021-08-20";"https://nos.nl/artikel/2394513-veelbelovend-middel-verkleint-kans-op-het-krijgen-van-corona-flink";"NOS";"1";"0";"0";"0";"0";"0";"0";"1";"0";"0";"0";"0";"0";"0";"0";"1";"US of America";"1"
"second_coder";2394681;"Orkaan Henri gooit roet in eten van ""lockdown-uitzwaaiconcert"" New York";"2021-08-22";"https://nos.nl/artikel/2394681-orkaan-henri-gooit-roet-in-eten-van-lockdown-uitzwaaiconcert-new-york";"NOS";"0";"0";"0";"0";"0";"0";"0";"0";"0";"0";"0";"0";"0";"0";"0";"0";"";"0"
"main_coder";2394681;"Orkaan Henri gooit roet in eten van ""lockdown-uitzwaaiconcert"" New York";"2021-08-22";"https://nos.nl/artikel/2394681-orkaan-henri-gooit-roet-in-eten-van-lockdown-uitzwaaiconcert-new-york";"NOS";"0";"0";"0";"0";"0";"0";"0";"0";"0";"0";"0";"0";"0";"0";"0";"0";"";"0"
"researcher";2394681;"Orkaan Henri gooit roet in eten van ""lockdown-uitzwaaiconcert"" New York";"2021-08-22";"https://nos.nl/artikel/2394681-orkaan-henri-gooit-roet-in-eten-van-lockdown-uitzwaaiconcert-new-york";"NOS";"0";"0";"0";"0";"0";"0";"0";"0";"0";"0";"0";"0";"0";"0";"0";"0";"";"0"
"second_coder";2396742;"""Complete"" Van de Zandschulp heeft knop omgezet: ""Ik speel nu heel constant""";"2021-09-06";"https://nos.nl/artikel/2396742-complete-van-de-zandschulp-heeft-knop-omgezet-ik-speel-nu-heel-constant";"NOS";"0";"0";"0";"0";"0";"0";"0";"0";"0";"0";"0";"0";"0";"0";"0";"0";"";"0"
"main_coder";2396742;"""Complete"" Van de Zandschulp heeft knop omgezet: ""Ik speel nu heel constant""";"2021-09-06";"https://nos.nl/artikel/2396742-complete-van-de-zandschulp-heeft-knop-omgezet-ik-speel-nu-heel-constant";"NOS";"0";"0";"0";"0";"0";"0";"0";"0";"0";"0";"0";"0";"0";"0";"0";"0";"";"0"
"researcher";2396742;"""Complete"" Van de Zandschulp heeft knop omgezet: ""Ik speel nu heel constant""";"2021-09-06";"https://nos.nl/artikel/2396742-complete-van-de-zandschulp-heeft-knop-omgezet-ik-speel-nu-heel-constant";"NOS";"0";"0";"0";"0";"0";"0";"0";"0";"0";"0";"0";"0";"0";"0";"0";"0";"";"0"
"second_coder";2396862;"Huisartsen schreven vaker antidepressiva voor aan jongeren in tweede lockdown";"2021-09-07";"https://nos.nl/artikel/2396862-huisartsen-schreven-vaker-antidepressiva-voor-aan-jongeren-in-tweede-lockdown";"NOS";"1";"0";"0";"0";"0";"0";"0";"0";"0";"0";"1";"0";"0";"0";"0";"0";"";"1"
"main_coder";2396862;"Huisartsen schreven vaker antidepressiva voor aan jongeren in tweede lockdown";"2021-09-07";"https://nos.nl/artikel/2396862-huisartsen-schreven-vaker-antidepressiva-voor-aan-jongeren-in-tweede-lockdown";"NOS";"1";"0";"0";"0";"0";"0";"0";"0";"0";"0";"1";"0";"0";"0";"0";"0";"";"1"
"researcher";2396862;"Huisartsen schreven vaker antidepressiva voor aan jongeren in tweede lockdown";"2021-09-07";"https://nos.nl/artikel/2396862-huisartsen-schreven-vaker-antidepressiva-voor-aan-jongeren-in-tweede-lockdown";"NOS";"1";"0";"0";"0";"0";"0";"0";"0";"0";"0";"1";"0";"0";"0";"0";"0";"";"1"
"second_coder";2397937;"YouTube mocht filmpjes met toespraak Baudet over corona verwijderen";"2021-09-15";"https://nos.nl/artikel/2397937-youtube-mocht-filmpjes-met-toespraak-baudet-over-corona-verwijderen";"NOS";"1";"0";"0";"0";"0";"0";"0";"0";"0";"0";"0";"0";"1";"0";"0";"0";"";"1"
"main_coder";2397937;"YouTube mocht filmpjes met toespraak Baudet over corona verwijderen";"2021-09-15";"https://nos.nl/artikel/2397937-youtube-mocht-filmpjes-met-toespraak-baudet-over-corona-verwijderen";"NOS";"1";"0";"0";"0";"0";"0";"0";"0";"0";"0";"0";"0";"1";"0";"0";"0";"";"1"
"researcher";2397937;"YouTube mocht filmpjes met toespraak Baudet over corona verwijderen";"2021-09-15";"https://nos.nl/artikel/2397937-youtube-mocht-filmpjes-met-toespraak-baudet-over-corona-verwijderen";"NOS";"1";"0";"0";"0";"0";"0";"0";"0";"0";"0";"0";"0";"1";"0";"0";"0";"";"1"
"second_coder";2397962;"Jaap van Zweden kondigt vertrek aan als dirigent New York Philharmonic";"2021-09-16";"https://nos.nl/artikel/2397962-jaap-van-zweden-kondigt-vertrek-aan-als-dirigent-new-york-philharmonic";"NOS";"0";"0";"0";"0";"0";"0";"0";"0";"0";"0";"0";"0";"0";"0";"0";"0";"";"0"
"main_coder";2397962;"Jaap van Zweden kondigt vertrek aan als dirigent New York Philharmonic";"2021-09-16";"https://nos.nl/artikel/2397962-jaap-van-zweden-kondigt-vertrek-aan-als-dirigent-new-york-philharmonic";"NOS";"0";"0";"0";"0";"0";"0";"0";"0";"0";"0";"0";"0";"0";"0";"0";"0";"";"0"
"researcher";2397962;"Jaap van Zweden kondigt vertrek aan als dirigent New York Philharmonic";"2021-09-16";"https://nos.nl/artikel/2397962-jaap-van-zweden-kondigt-vertrek-aan-als-dirigent-new-york-philharmonic";"NOS";"0";"0";"0";"0";"0";"0";"0";"0";"0";"0";"0";"0";"0";"0";"0";"0";"";"0"
"second_coder";2398097;"Provincie en gemeente Utrecht: 80 km/u alternatief voor verbreding A27";"2021-09-17";"https://nos.nl/artikel/2398097-provincie-en-gemeente-utrecht-80-km-u-alternatief-voor-verbreding-a27";"NOS";"0";"0";"0";"0";"0";"0";"0";"0";"0";"0";"0";"0";"0";"0";"0";"0";"";"0"
"main_coder";2398097;"Provincie en gemeente Utrecht: 80 km/u alternatief voor verbreding A27";"2021-09-17";"https://nos.nl/artikel/2398097-provincie-en-gemeente-utrecht-80-km-u-alternatief-voor-verbreding-a27";"NOS";"0";"0";"0";"0";"0";"0";"0";"0";"0";"0";"0";"0";"0";"0";"0";"0";"";"0"
"researcher";2398097;"Provincie en gemeente Utrecht: 80 km/u alternatief voor verbreding A27";"2021-09-17";"https://nos.nl/artikel/2398097-provincie-en-gemeente-utrecht-80-km-u-alternatief-voor-verbreding-a27";"NOS";"0";"0";"0";"0";"0";"0";"0";"0";"0";"0";"0";"0";"0";"0";"0";"0";"";"0"
"second_coder";2398885;"Kamerdebat over Prinsjesdagstukken levert nog weinig concreets op";"2021-09-23";"https://nos.nl/artikel/2398885-kamerdebat-over-prinsjesdagstukken-levert-nog-weinig-concreets-op";"NOS";"0";"0";"0";"0";"0";"0";"0";"0";"0";"0";"0";"0";"0";"0";"0";"0";"";"0"
"main_coder";2398885;"Kamerdebat over Prinsjesdagstukken levert nog weinig concreets op";"2021-09-23";"https://nos.nl/artikel/2398885-kamerdebat-over-prinsjesdagstukken-levert-nog-weinig-concreets-op";"NOS";"0";"0";"0";"0";"0";"0";"0";"0";"0";"0";"0";"0";"0";"0";"0";"0";"";"0"
"researcher";2398885;"Kamerdebat over Prinsjesdagstukken levert nog weinig concreets op";"2021-09-23";"https://nos.nl/artikel/2398885-kamerdebat-over-prinsjesdagstukken-levert-nog-weinig-concreets-op";"NOS";"0";"0";"0";"0";"0";"0";"0";"0";"0";"0";"0";"0";"0";"0";"0";"0";"";"0"
"second_coder";2399020;"Fiscus gaat weer aanmaningen en dwangbevelen sturen, maar wil ook helpen";"2021-09-24";"https://nos.nl/artikel/2399020-fiscus-gaat-weer-aanmaningen-en-dwangbevelen-sturen-maar-wil-ook-helpen";"NOS";"0";"0";"0";"0";"0";"0";"0";"0";"0";"0";"0";"0";"0";"0";"0";"0";"";"0"
"main_coder";2399020;"Fiscus gaat weer aanmaningen en dwangbevelen sturen, maar wil ook helpen";"2021-09-24";"https://nos.nl/artikel/2399020-fiscus-gaat-weer-aanmaningen-en-dwangbevelen-sturen-maar-wil-ook-helpen";"NOS";"0";"0";"0";"0";"0";"0";"0";"0";"0";"0";"0";"0";"0";"0";"0";"0";"";"0"
"researcher";2399020;"Fiscus gaat weer aanmaningen en dwangbevelen sturen, maar wil ook helpen";"2021-09-24";"https://nos.nl/artikel/2399020-fiscus-gaat-weer-aanmaningen-en-dwangbevelen-sturen-maar-wil-ook-helpen";"NOS";"0";"0";"0";"0";"0";"0";"0";"0";"0";"0";"0";"0";"0";"0";"0";"0";"";"0"
"second_coder";2399596;"Inktspotprijs voor beste politieke tekening voor Kamagurka";"2021-09-28";"https://nos.nl/artikel/2399596-inktspotprijs-voor-beste-politieke-tekening-voor-kamagurka";"NOS";"0";"0";"0";"0";"0";"0";"0";"0";"0";"0";"0";"0";"0";"0";"0";"0";"";"0"
"main_coder";2399596;"Inktspotprijs voor beste politieke tekening voor Kamagurka";"2021-09-28";"https://nos.nl/artikel/2399596-inktspotprijs-voor-beste-politieke-tekening-voor-kamagurka";"NOS";"0";"0";"0";"0";"0";"0";"0";"0";"0";"0";"0";"0";"0";"0";"0";"0";"";"0"
"researcher";2399596;"Inktspotprijs voor beste politieke tekening voor Kamagurka";"2021-09-28";"https://nos.nl/artikel/2399596-inktspotprijs-voor-beste-politieke-tekening-voor-kamagurka";"NOS";"0";"0";"0";"0";"0";"0";"0";"0";"0";"0";"0";"0";"0";"0";"0";"0";"";"0"
"second_coder";2399840;"Rechter: gemeente Utrecht mocht restaurant Waku Waku sluiten";"2021-09-30";"https://nos.nl/artikel/2399840-rechter-gemeente-utrecht-mocht-restaurant-waku-waku-sluiten";"NOS";"1";"0";"0";"0";"0";"0";"0";"0";"0";"0";"0";"1";"0";"0";"0";"0";"";"1"
"main_coder";2399840;"Rechter: gemeente Utrecht mocht restaurant Waku Waku sluiten";"2021-09-30";"https://nos.nl/artikel/2399840-rechter-gemeente-utrecht-mocht-restaurant-waku-waku-sluiten";"NOS";"1";"0";"0";"0";"1";"0";"0";"0";"0";"0";"0";"1";"0";"0";"0";"0";"";"1"
"researcher";2399840;"Rechter: gemeente Utrecht mocht restaurant Waku Waku sluiten";"2021-09-30";"https://nos.nl/artikel/2399840-rechter-gemeente-utrecht-mocht-restaurant-waku-waku-sluiten";"NOS";"1";"0";"0";"0";"0";"0";"0";"0";"0";"0";"0";"1";"0";"0";"0";"0";"";"1"
"second_coder";2402238;"Onverzoenlijke speech Poolse premier: ""EU mag Polen niet dwingen""";"2021-10-19";"https://nos.nl/artikel/2402238-onverzoenlijke-speech-poolse-premier-eu-mag-polen-niet-dwingen";"NOS";"0";"0";"0";"0";"0";"0";"0";"0";"0";"0";"0";"0";"0";"0";"0";"0";"";"0"
"main_coder";2402238;"Onverzoenlijke speech Poolse premier: ""EU mag Polen niet dwingen""";"2021-10-19";"https://nos.nl/artikel/2402238-onverzoenlijke-speech-poolse-premier-eu-mag-polen-niet-dwingen";"NOS";"0";"0";"0";"0";"0";"0";"0";"0";"0";"0";"0";"0";"0";"0";"0";"0";"";"0"
"researcher";2402238;"Onverzoenlijke speech Poolse premier: ""EU mag Polen niet dwingen""";"2021-10-19";"https://nos.nl/artikel/2402238-onverzoenlijke-speech-poolse-premier-eu-mag-polen-niet-dwingen";"NOS";"0";"0";"0";"0";"0";"0";"0";"0";"0";"0";"0";"0";"0";"0";"0";"0";"";"0"
"second_coder";2404689;"Enkele tienduizenden betogers bij coronaprotest Den Haag";"2021-11-07";"https://nos.nl/artikel/2404689-enkele-tienduizenden-betogers-bij-coronaprotest-den-haag";"NOS";"1";"0";"0";"0";"0";"0";"0";"0";"0";"0";"0";"1";"0";"0";"0";"0";"";"1"
"main_coder";2404689;"Enkele tienduizenden betogers bij coronaprotest Den Haag";"2021-11-07";"https://nos.nl/artikel/2404689-enkele-tienduizenden-betogers-bij-coronaprotest-den-haag";"NOS";"1";"0";"0";"0";"0";"0";"0";"0";"0";"0";"0";"1";"0";"0";"0";"0";"";"1"
"researcher";2404689;"Enkele tienduizenden betogers bij coronaprotest Den Haag";"2021-11-07";"https://nos.nl/artikel/2404689-enkele-tienduizenden-betogers-bij-coronaprotest-den-haag";"NOS";"1";"0";"0";"0";"0";"0";"0";"0";"0";"0";"0";"1";"0";"0";"0";"0";"";"1"
"second_coder";2406422;"Tienduizenden Oostenrijkers protesteren tegen lockdown en vaccinatieplicht";"2021-11-20";"https://nos.nl/artikel/2406422-tienduizenden-oostenrijkers-protesteren-tegen-lockdown-en-vaccinatieplicht";"NOS";"1";"1";"1";"0";"0";"0";"0";"0";"0";"0";"0";"1";"0";"0";"0";"1";"Austria";"1"
"main_coder";2406422;"Tienduizenden Oostenrijkers protesteren tegen lockdown en vaccinatieplicht";"2021-11-20";"https://nos.nl/artikel/2406422-tienduizenden-oostenrijkers-protesteren-tegen-lockdown-en-vaccinatieplicht";"NOS";"1";"0";"1";"0";"1";"0";"0";"0";"0";"0";"0";"1";"0";"0";"0";"0";"";"1"
"researcher";2406422;"Tienduizenden Oostenrijkers protesteren tegen lockdown en vaccinatieplicht";"2021-11-20";"https://nos.nl/artikel/2406422-tienduizenden-oostenrijkers-protesteren-tegen-lockdown-en-vaccinatieplicht";"NOS";"1";"1";"1";"0";"1";"0";"0";"0";"0";"0";"0";"1";"0";"0";"0";"1";"Austria";"1"
"second_coder";2407133;"Uitputtingsslag in ziekenhuizen: ""Angst voor wat nog komt""";"2021-11-26";"https://nos.nl/artikel/2407133-uitputtingsslag-in-ziekenhuizen-angst-voor-wat-nog-komt";"NOS";"1";"0";"0";"0";"1";"0";"1";"0";"0";"0";"1";"0";"0";"0";"0";"0";"";"1"
"main_coder";2407133;"Uitputtingsslag in ziekenhuizen: ""Angst voor wat nog komt""";"2021-11-26";"https://nos.nl/artikel/2407133-uitputtingsslag-in-ziekenhuizen-angst-voor-wat-nog-komt";"NOS";"1";"0";"0";"0";"0";"0";"1";"0";"0";"0";"0";"0";"0";"0";"0";"0";"";"1"
"researcher";2407133;"Uitputtingsslag in ziekenhuizen: ""Angst voor wat nog komt""";"2021-11-26";"https://nos.nl/artikel/2407133-uitputtingsslag-in-ziekenhuizen-angst-voor-wat-nog-komt";"NOS";"1";"0";"0";"0";"1";"0";"1";"0";"0";"0";"1";"0";"0";"0";"0";"0";"";"1"
"second_coder";2407489;"Doodgeboortes bij niet-gevaccineerde vrouwen na ontsteking door corona";"2021-11-29";"https://nos.nl/artikel/2407489-doodgeboortes-bij-niet-gevaccineerde-vrouwen-na-ontsteking-door-corona";"NOS";"1";"1";"0";"0";"0";"0";"0";"1";"0";"0";"0";"0";"0";"0";"0";"0";"";"1"
"main_coder";2407489;"Doodgeboortes bij niet-gevaccineerde vrouwen na ontsteking door corona";"2021-11-29";"https://nos.nl/artikel/2407489-doodgeboortes-bij-niet-gevaccineerde-vrouwen-na-ontsteking-door-corona";"NOS";"1";"0";"0";"0";"0";"0";"0";"1";"0";"0";"0";"0";"0";"0";"0";"0";"";"1"
"researcher";2407489;"Doodgeboortes bij niet-gevaccineerde vrouwen na ontsteking door corona";"2021-11-29";"https://nos.nl/artikel/2407489-doodgeboortes-bij-niet-gevaccineerde-vrouwen-na-ontsteking-door-corona";"NOS";"1";"1";"0";"0";"0";"0";"0";"1";"0";"0";"0";"0";"0";"0";"0";"0";"";"1"
"second_coder";2408462;"Instroom van coronapatiënten in ziekenhuizen over piek heen";"2021-12-06";"https://nos.nl/artikel/2408462-instroom-van-coronapatienten-in-ziekenhuizen-over-piek-heen";"NOS";"1";"1";"1";"0";"0";"0";"1";"0";"0";"0";"0";"0";"0";"0";"0";"0";"";"1"
"main_coder";2408462;"Instroom van coronapatiënten in ziekenhuizen over piek heen";"2021-12-06";"https://nos.nl/artikel/2408462-instroom-van-coronapatienten-in-ziekenhuizen-over-piek-heen";"NOS";"1";"1";"1";"0";"0";"0";"0";"0";"0";"0";"0";"0";"0";"0";"0";"0";"";"1"
"researcher";2408462;"Instroom van coronapatiënten in ziekenhuizen over piek heen";"2021-12-06";"https://nos.nl/artikel/2408462-instroom-van-coronapatienten-in-ziekenhuizen-over-piek-heen";"NOS";"1";"1";"1";"0";"0";"0";"1";"0";"0";"0";"0";"0";"0";"0";"0";"0";"";"1"
"second_coder";2409060;"Het succes van modetentoonstellingen: ""tastbaar"" en ""begerenswaardig""";"2021-12-11";"https://nos.nl/artikel/2409060-het-succes-van-modetentoonstellingen-tastbaar-en-begerenswaardig";"NOS";"0";"0";"0";"0";"0";"0";"0";"0";"0";"0";"0";"0";"0";"0";"0";"0";"";"0"
"main_coder";2409060;"Het succes van modetentoonstellingen: ""tastbaar"" en ""begerenswaardig""";"2021-12-11";"https://nos.nl/artikel/2409060-het-succes-van-modetentoonstellingen-tastbaar-en-begerenswaardig";"NOS";"0";"0";"0";"0";"0";"0";"0";"0";"0";"0";"0";"0";"0";"0";"0";"0";"";"0"
"researcher";2409060;"Het succes van modetentoonstellingen: ""tastbaar"" en ""begerenswaardig""";"2021-12-11";"https://nos.nl/artikel/2409060-het-succes-van-modetentoonstellingen-tastbaar-en-begerenswaardig";"NOS";"0";"0";"0";"0";"0";"0";"0";"0";"0";"0";"0";"0";"0";"0";"0";"0";"";"0"
"second_coder";2409659;"De Jonge waarschuwt in Kamer: volgende week mogelijk al nieuwe maatregelen";"2021-12-15";"https://nos.nl/artikel/2409659-de-jonge-waarschuwt-in-kamer-volgende-week-mogelijk-al-nieuwe-maatregelen";"NOS";"1";"1";"1";"0";"0";"0";"0";"1";"0";"0";"0";"0";"0";"0";"0";"0";"";"1"
"main_coder";2409659;"De Jonge waarschuwt in Kamer: volgende week mogelijk al nieuwe maatregelen";"2021-12-15";"https://nos.nl/artikel/2409659-de-jonge-waarschuwt-in-kamer-volgende-week-mogelijk-al-nieuwe-maatregelen";"NOS";"1";"0";"1";"0";"0";"0";"0";"0";"0";"1";"0";"0";"0";"0";"0";"0";"";"1"
"researcher";2409659;"De Jonge waarschuwt in Kamer: volgende week mogelijk al nieuwe maatregelen";"2021-12-15";"https://nos.nl/artikel/2409659-de-jonge-waarschuwt-in-kamer-volgende-week-mogelijk-al-nieuwe-maatregelen";"NOS";"1";"0";"1";"0";"0";"0";"0";"1";"0";"0";"0";"0";"0";"0";"0";"0";"";"1"
"second_coder";2410526;"NHL geeft ijshockeyspelers opnieuw niet vrij voor Winterspelen";"2021-12-22";"https://nos.nl/artikel/2410526-nhl-geeft-ijshockeyspelers-opnieuw-niet-vrij-voor-winterspelen";"NOS";"0";"0";"0";"0";"0";"0";"0";"0";"0";"0";"0";"0";"0";"0";"0";"0";"";"0"
"main_coder";2410526;"NHL geeft ijshockeyspelers opnieuw niet vrij voor Winterspelen";"2021-12-22";"https://nos.nl/artikel/2410526-nhl-geeft-ijshockeyspelers-opnieuw-niet-vrij-voor-winterspelen";"NOS";"1";"0";"0";"0";"0";"0";"0";"0";"0";"1";"0";"0";"0";"0";"0";"1";"Canada, US of America";"1"
"researcher";2410526;"NHL geeft ijshockeyspelers opnieuw niet vrij voor Winterspelen";"2021-12-22";"https://nos.nl/artikel/2410526-nhl-geeft-ijshockeyspelers-opnieuw-niet-vrij-voor-winterspelen";"NOS";"0";"0";"0";"0";"0";"0";"0";"0";"0";"0";"0";"0";"0";"0";"0";"0";"";"0"
"second_coder";2411476;"Tottenham niet in beroep; Vitesse zeker verder in Conference League";"2021-12-31";"https://nos.nl/artikel/2411476-tottenham-niet-in-beroep-vitesse-zeker-verder-in-conference-league";"NOS";"0";"0";"0";"0";"0";"0";"0";"0";"0";"0";"0";"0";"0";"0";"0";"0";"";"0"
"main_coder";2411476;"Tottenham niet in beroep; Vitesse zeker verder in Conference League";"2021-12-31";"https://nos.nl/artikel/2411476-tottenham-niet-in-beroep-vitesse-zeker-verder-in-conference-league";"NOS";"0";"0";"0";"0";"0";"0";"0";"0";"0";"0";"0";"0";"0";"0";"0";"0";"";"0"
"researcher";2411476;"Tottenham niet in beroep; Vitesse zeker verder in Conference League";"2021-12-31";"https://nos.nl/artikel/2411476-tottenham-niet-in-beroep-vitesse-zeker-verder-in-conference-league";"NOS";"0";"0";"0";"0";"0";"0";"0";"0";"0";"0";"0";"0";"0";"0";"0";"0";"";"0"
"second_coder";2413380;"Oxfam: vermogen tien rijkste mannen verdubbeld, armoede toegenomen tijdens pandemie";"2022-01-17";"https://nos.nl/artikel/2413380-oxfam-vermogen-tien-rijkste-mannen-verdubbeld-armoede-toegenomen-tijdens-pandemie";"NOS";"1";"0";"0";"0";"0";"0";"0";"0";"1";"1";"0";"0";"0";"0";"0";"0";"";"1"
"main_coder";2413380;"Oxfam: vermogen tien rijkste mannen verdubbeld, armoede toegenomen tijdens pandemie";"2022-01-17";"https://nos.nl/artikel/2413380-oxfam-vermogen-tien-rijkste-mannen-verdubbeld-armoede-toegenomen-tijdens-pandemie";"NOS";"1";"0";"0";"0";"0";"0";"0";"0";"1";"0";"0";"0";"0";"0";"0";"0";"";"1"
"researcher";2413380;"Oxfam: vermogen tien rijkste mannen verdubbeld, armoede toegenomen tijdens pandemie";"2022-01-17";"https://nos.nl/artikel/2413380-oxfam-vermogen-tien-rijkste-mannen-verdubbeld-armoede-toegenomen-tijdens-pandemie";"NOS";"1";"0";"0";"0";"0";"0";"0";"0";"1";"1";"0";"0";"0";"0";"0";"0";"";"1"
"second_coder";2413608;"Gemeente Amsterdam en Kapsalon Theater in conflict over ludieke protestactie";"2022-01-18";"https://nos.nl/artikel/2413608-gemeente-amsterdam-en-kapsalon-theater-in-conflict-over-ludieke-protestactie";"NOS";"1";"0";"1";"0";"0";"0";"0";"0";"0";"1";"0";"1";"0";"0";"0";"0";"";"1"
"main_coder";2413608;"Gemeente Amsterdam en Kapsalon Theater in conflict over ludieke protestactie";"2022-01-18";"https://nos.nl/artikel/2413608-gemeente-amsterdam-en-kapsalon-theater-in-conflict-over-ludieke-protestactie";"NOS";"1";"0";"1";"0";"0";"0";"0";"0";"0";"0";"0";"1";"0";"0";"0";"0";"";"1"
"researcher";2413608;"Gemeente Amsterdam en Kapsalon Theater in conflict over ludieke protestactie";"2022-01-18";"https://nos.nl/artikel/2413608-gemeente-amsterdam-en-kapsalon-theater-in-conflict-over-ludieke-protestactie";"NOS";"1";"0";"1";"0";"0";"0";"0";"0";"0";"1";"0";"1";"0";"0";"0";"0";"";"1"
"second_coder";2413877;"Kabinet hoopt op opening horeca en cultuur, maar ""gaat nog geen garanties geven""";"2022-01-20";"https://nos.nl/artikel/2413877-kabinet-hoopt-op-opening-horeca-en-cultuur-maar-gaat-nog-geen-garanties-geven";"NOS";"1";"0";"1";"0";"0";"0";"0";"0";"0";"0";"0";"0";"0";"1";"0";"0";"";"1"
"main_coder";2413877;"Kabinet hoopt op opening horeca en cultuur, maar ""gaat nog geen garanties geven""";"2022-01-20";"https://nos.nl/artikel/2413877-kabinet-hoopt-op-opening-horeca-en-cultuur-maar-gaat-nog-geen-garanties-geven";"NOS";"1";"0";"1";"0";"0";"0";"0";"0";"0";"0";"0";"0";"0";"1";"0";"0";"";"1"
"researcher";2413877;"Kabinet hoopt op opening horeca en cultuur, maar ""gaat nog geen garanties geven""";"2022-01-20";"https://nos.nl/artikel/2413877-kabinet-hoopt-op-opening-horeca-en-cultuur-maar-gaat-nog-geen-garanties-geven";"NOS";"1";"0";"1";"0";"0";"0";"0";"0";"0";"0";"0";"0";"0";"1";"0";"0";"";"1"
"second_coder";2415061;"Skispringster Kramer zes dagen voor olympisch debuut positief getest op corona";"2022-01-30";"https://nos.nl/artikel/2415061-skispringster-kramer-zes-dagen-voor-olympisch-debuut-positief-getest-op-corona";"NOS";"1";"1";"0";"1";"0";"0";"0";"0";"0";"0";"0";"0";"0";"0";"0";"0";"";"0"
"main_coder";2415061;"Skispringster Kramer zes dagen voor olympisch debuut positief getest op corona";"2022-01-30";"https://nos.nl/artikel/2415061-skispringster-kramer-zes-dagen-voor-olympisch-debuut-positief-getest-op-corona";"NOS";"1";"0";"0";"0";"0";"0";"0";"0";"0";"1";"0";"0";"0";"0";"0";"1";"China";"0"
"researcher";2415061;"Skispringster Kramer zes dagen voor olympisch debuut positief getest op corona";"2022-01-30";"https://nos.nl/artikel/2415061-skispringster-kramer-zes-dagen-voor-olympisch-debuut-positief-getest-op-corona";"NOS";"1";"0";"0";"1";"0";"0";"0";"0";"0";"1";"0";"0";"0";"0";"0";"0";"";"0"
"second_coder";2417327;"Gezondheidsraad wil meer aandacht voor langdurige coronaklachten";"2022-02-14";"https://nos.nl/artikel/2417327-gezondheidsraad-wil-meer-aandacht-voor-langdurige-coronaklachten";"NOS";"1";"0";"0";"0";"0";"1";"0";"0";"0";"0";"0";"0";"0";"0";"0";"0";"";"1"
"main_coder";2417327;"Gezondheidsraad wil meer aandacht voor langdurige coronaklachten";"2022-02-14";"https://nos.nl/artikel/2417327-gezondheidsraad-wil-meer-aandacht-voor-langdurige-coronaklachten";"NOS";"1";"0";"0";"0";"0";"1";"0";"1";"0";"0";"0";"0";"0";"0";"0";"0";"";"1"
"researcher";2417327;"Gezondheidsraad wil meer aandacht voor langdurige coronaklachten";"2022-02-14";"https://nos.nl/artikel/2417327-gezondheidsraad-wil-meer-aandacht-voor-langdurige-coronaklachten";"NOS";"1";"0";"0";"0";"0";"1";"0";"1";"0";"0";"0";"0";"0";"0";"0";"0";"";"1"
"second_coder";2417611;"Overheid wilde pas informeren over corona na ""grote klap""";"2022-02-16";"https://nos.nl/artikel/2417611-overheid-wilde-pas-informeren-over-corona-na-grote-klap";"NOS";"1";"0";"0";"0";"0";"0";"0";"0";"0";"0";"0";"0";"0";"1";"0";"0";"";"1"
"main_coder";2417611;"Overheid wilde pas informeren over corona na ""grote klap""";"2022-02-16";"https://nos.nl/artikel/2417611-overheid-wilde-pas-informeren-over-corona-na-grote-klap";"NOS";"1";"0";"0";"0";"0";"0";"0";"0";"0";"0";"0";"0";"0";"1";"0";"0";"";"1"
"researcher";2417611;"Overheid wilde pas informeren over corona na ""grote klap""";"2022-02-16";"https://nos.nl/artikel/2417611-overheid-wilde-pas-informeren-over-corona-na-grote-klap";"NOS";"1";"0";"0";"0";"0";"0";"0";"0";"0";"0";"0";"0";"0";"1";"0";"0";"";"1"
"second_coder";2417700;"Vitesse is de weg kwijt, maar ""Europese duels waren de beste dit seizoen""";"2022-02-17";"https://nos.nl/artikel/2417700-vitesse-is-de-weg-kwijt-maar-europese-duels-waren-de-beste-dit-seizoen";"NOS";"0";"0";"0";"0";"0";"0";"0";"0";"0";"0";"0";"0";"0";"0";"0";"0";"";"0"
"main_coder";2417700;"Vitesse is de weg kwijt, maar ""Europese duels waren de beste dit seizoen""";"2022-02-17";"https://nos.nl/artikel/2417700-vitesse-is-de-weg-kwijt-maar-europese-duels-waren-de-beste-dit-seizoen";"NOS";"0";"0";"0";"0";"0";"0";"0";"0";"0";"0";"0";"0";"0";"0";"0";"0";"";"0"
"researcher";2417700;"Vitesse is de weg kwijt, maar ""Europese duels waren de beste dit seizoen""";"2022-02-17";"https://nos.nl/artikel/2417700-vitesse-is-de-weg-kwijt-maar-europese-duels-waren-de-beste-dit-seizoen";"NOS";"0";"0";"0";"0";"0";"0";"0";"0";"0";"0";"0";"0";"0";"0";"0";"0";"";"0"
"second_coder";2419246;"FIOD houdt Sywert van Lienden aan vanwege mondkapjesdeal";"2022-02-28";"https://nos.nl/artikel/2419246-fiod-houdt-sywert-van-lienden-aan-vanwege-mondkapjesdeal";"NOS";"0";"0";"0";"0";"0";"0";"0";"0";"0";"0";"0";"0";"0";"0";"0";"0";"";"0"
"main_coder";2419246;"FIOD houdt Sywert van Lienden aan vanwege mondkapjesdeal";"2022-02-28";"https://nos.nl/artikel/2419246-fiod-houdt-sywert-van-lienden-aan-vanwege-mondkapjesdeal";"NOS";"0";"0";"0";"0";"0";"0";"0";"0";"0";"0";"0";"0";"0";"0";"0";"0";"";"0"
"researcher";2419246;"FIOD houdt Sywert van Lienden aan vanwege mondkapjesdeal";"2022-02-28";"https://nos.nl/artikel/2419246-fiod-houdt-sywert-van-lienden-aan-vanwege-mondkapjesdeal";"NOS";"0";"0";"0";"0";"0";"0";"0";"0";"0";"0";"0";"0";"0";"0";"0";"0";"";"0"
"second_coder";2419785;"Veiligheidsregio's moeten met spoed elk duizend Oekraïners opvangen";"2022-03-04";"https://nos.nl/artikel/2419785-veiligheidsregio-s-moeten-met-spoed-elk-duizend-oekrainers-opvangen";"NOS";"0";"0";"0";"0";"0";"0";"0";"0";"0";"0";"0";"0";"0";"0";"0";"0";"";"0"
"main_coder";2419785;"Veiligheidsregio's moeten met spoed elk duizend Oekraïners opvangen";"2022-03-04";"https://nos.nl/artikel/2419785-veiligheidsregio-s-moeten-met-spoed-elk-duizend-oekrainers-opvangen";"NOS";"0";"0";"0";"0";"0";"0";"0";"0";"0";"0";"0";"0";"0";"0";"0";"0";"";"0"
"researcher";2419785;"Veiligheidsregio's moeten met spoed elk duizend Oekraïners opvangen";"2022-03-04";"https://nos.nl/artikel/2419785-veiligheidsregio-s-moeten-met-spoed-elk-duizend-oekrainers-opvangen";"NOS";"0";"0";"0";"0";"0";"0";"0";"0";"0";"0";"0";"0";"0";"0";"0";"0";"";"0"
"second_coder";2420046;"Snelle tijden op marathon Tokio: Kipchoge loopt vierde tijd ooit";"2022-03-06";"https://nos.nl/artikel/2420046-snelle-tijden-op-marathon-tokio-kipchoge-loopt-vierde-tijd-ooit";"NOS";"0";"0";"0";"0";"0";"0";"0";"0";"0";"0";"0";"0";"0";"0";"0";"0";"";"0"
"main_coder";2420046;"Snelle tijden op marathon Tokio: Kipchoge loopt vierde tijd ooit";"2022-03-06";"https://nos.nl/artikel/2420046-snelle-tijden-op-marathon-tokio-kipchoge-loopt-vierde-tijd-ooit";"NOS";"0";"0";"0";"0";"0";"0";"0";"0";"0";"0";"0";"0";"0";"0";"0";"0";"";"0"
"researcher";2420046;"Snelle tijden op marathon Tokio: Kipchoge loopt vierde tijd ooit";"2022-03-06";"https://nos.nl/artikel/2420046-snelle-tijden-op-marathon-tokio-kipchoge-loopt-vierde-tijd-ooit";"NOS";"0";"0";"0";"0";"0";"0";"0";"0";"0";"0";"0";"0";"0";"0";"0";"0";"";"0"
"second_coder";2423521;"Zeer gunstige WK-loting Oranje met Qatar, Senegal en Ecuador als tegenstanders";"2022-04-01";"https://nos.nl/artikel/2423521-zeer-gunstige-wk-loting-oranje-met-qatar-senegal-en-ecuador-als-tegenstanders";"NOS";"0";"0";"0";"0";"0";"0";"0";"0";"0";"0";"0";"0";"0";"0";"0";"0";"";"0"
"main_coder";2423521;"Zeer gunstige WK-loting Oranje met Qatar, Senegal en Ecuador als tegenstanders";"2022-04-01";"https://nos.nl/artikel/2423521-zeer-gunstige-wk-loting-oranje-met-qatar-senegal-en-ecuador-als-tegenstanders";"NOS";"0";"0";"0";"0";"0";"0";"0";"0";"0";"0";"0";"0";"0";"0";"0";"0";"";"0"
"researcher";2423521;"Zeer gunstige WK-loting Oranje met Qatar, Senegal en Ecuador als tegenstanders";"2022-04-01";"https://nos.nl/artikel/2423521-zeer-gunstige-wk-loting-oranje-met-qatar-senegal-en-ecuador-als-tegenstanders";"NOS";"0";"0";"0";"0";"0";"0";"0";"0";"0";"0";"0";"0";"0";"0";"0";"0";"";"0"
"second_coder";2426037;"Nieuwe streamingdienst CNN+ enkele weken na lancering alweer stopgezet";"2022-04-22";"https://nos.nl/artikel/2426037-nieuwe-streamingdienst-cnn-enkele-weken-na-lancering-alweer-stopgezet";"NOS";"0";"0";"0";"0";"0";"0";"0";"0";"0";"0";"0";"0";"0";"0";"0";"0";"";"0"
"main_coder";2426037;"Nieuwe streamingdienst CNN+ enkele weken na lancering alweer stopgezet";"2022-04-22";"https://nos.nl/artikel/2426037-nieuwe-streamingdienst-cnn-enkele-weken-na-lancering-alweer-stopgezet";"NOS";"0";"0";"0";"0";"0";"0";"0";"0";"0";"0";"0";"0";"0";"0";"0";"0";"";"0"
"researcher";2426037;"Nieuwe streamingdienst CNN+ enkele weken na lancering alweer stopgezet";"2022-04-22";"https://nos.nl/artikel/2426037-nieuwe-streamingdienst-cnn-enkele-weken-na-lancering-alweer-stopgezet";"NOS";"0";"0";"0";"0";"0";"0";"0";"0";"0";"0";"0";"0";"0";"0";"0";"0";"";"0"
"second_coder";2427515;"Voor eerst sinds september 2020 minder dan 50 coronapatiënten op IC";"2022-05-04";"https://nos.nl/artikel/2427515-voor-eerst-sinds-september-2020-minder-dan-50-coronapatienten-op-ic";"NOS";"1";"1";"1";"1";"0";"0";"0";"0";"0";"0";"0";"0";"0";"0";"0";"0";"";"1"
"main_coder";2427515;"Voor eerst sinds september 2020 minder dan 50 coronapatiënten op IC";"2022-05-04";"https://nos.nl/artikel/2427515-voor-eerst-sinds-september-2020-minder-dan-50-coronapatienten-op-ic";"NOS";"1";"1";"1";"1";"0";"0";"0";"0";"0";"0";"0";"0";"0";"0";"0";"0";"";"1"
"researcher";2427515;"Voor eerst sinds september 2020 minder dan 50 coronapatiënten op IC";"2022-05-04";"https://nos.nl/artikel/2427515-voor-eerst-sinds-september-2020-minder-dan-50-coronapatienten-op-ic";"NOS";"1";"1";"1";"1";"0";"0";"0";"0";"0";"0";"0";"0";"0";"0";"0";"0";"";"1"
"second_coder";2428330;"Lockdown trof mentale gezondheid jongeren, veel ouderen voelden zich juist goed";"2022-05-11";"https://nos.nl/artikel/2428330-lockdown-trof-mentale-gezondheid-jongeren-veel-ouderen-voelden-zich-juist-goed";"NOS";"1";"0";"0";"0";"0";"0";"0";"0";"0";"0";"1";"0";"0";"0";"0";"0";"";"1"
"main_coder";2428330;"Lockdown trof mentale gezondheid jongeren, veel ouderen voelden zich juist goed";"2022-05-11";"https://nos.nl/artikel/2428330-lockdown-trof-mentale-gezondheid-jongeren-veel-ouderen-voelden-zich-juist-goed";"NOS";"1";"0";"1";"0";"0";"0";"0";"0";"0";"0";"1";"0";"0";"0";"0";"0";"";"1"
"researcher";2428330;"Lockdown trof mentale gezondheid jongeren, veel ouderen voelden zich juist goed";"2022-05-11";"https://nos.nl/artikel/2428330-lockdown-trof-mentale-gezondheid-jongeren-veel-ouderen-voelden-zich-juist-goed";"NOS";"1";"0";"0";"0";"0";"0";"0";"0";"0";"0";"1";"0";"0";"0";"0";"0";"";"1"
"second_coder";2432686;"Post-covid kan nog eens duizenden zorgmedewerkers baan kosten";"2022-06-14";"https://nos.nl/artikel/2432686-post-covid-kan-nog-eens-duizenden-zorgmedewerkers-baan-kosten";"NOS";"1";"0";"0";"0";"0";"1";"0";"0";"0";"0";"0";"0";"0";"0";"0";"0";"";"1"
"main_coder";2432686;"Post-covid kan nog eens duizenden zorgmedewerkers baan kosten";"2022-06-14";"https://nos.nl/artikel/2432686-post-covid-kan-nog-eens-duizenden-zorgmedewerkers-baan-kosten";"NOS";"1";"0";"0";"0";"0";"1";"0";"0";"0";"0";"0";"0";"0";"0";"0";"0";"";"1"
"researcher";2432686;"Post-covid kan nog eens duizenden zorgmedewerkers baan kosten";"2022-06-14";"https://nos.nl/artikel/2432686-post-covid-kan-nog-eens-duizenden-zorgmedewerkers-baan-kosten";"NOS";"1";"0";"0";"0";"0";"1";"0";"0";"0";"0";"0";"0";"0";"0";"0";"0";"";"1"
"second_coder";2436276;"Drie mannen gespietst bij stierenrennen in Pamplona";"2022-07-11";"https://nos.nl/artikel/2436276-drie-mannen-gespietst-bij-stierenrennen-in-pamplona";"NOS";"0";"0";"0";"0";"0";"0";"0";"0";"0";"0";"0";"0";"0";"0";"0";"0";"";"0"
"main_coder";2436276;"Drie mannen gespietst bij stierenrennen in Pamplona";"2022-07-11";"https://nos.nl/artikel/2436276-drie-mannen-gespietst-bij-stierenrennen-in-pamplona";"NOS";"0";"0";"0";"0";"0";"0";"0";"0";"0";"0";"0";"0";"0";"0";"0";"0";"";"0"
"researcher";2436276;"Drie mannen gespietst bij stierenrennen in Pamplona";"2022-07-11";"https://nos.nl/artikel/2436276-drie-mannen-gespietst-bij-stierenrennen-in-pamplona";"NOS";"0";"0";"0";"0";"0";"0";"0";"0";"0";"0";"0";"0";"0";"0";"0";"0";"";"0"
"second_coder";2437658;"ECB verhoogt rente: wordt het een grote of een kleine stap?";"2022-07-21";"https://nos.nl/artikel/2437658-ecb-verhoogt-rente-wordt-het-een-grote-of-een-kleine-stap";"NOS";"0";"0";"0";"0";"0";"0";"0";"0";"0";"0";"0";"0";"0";"0";"0";"0";"";"0"
"main_coder";2437658;"ECB verhoogt rente: wordt het een grote of een kleine stap?";"2022-07-21";"https://nos.nl/artikel/2437658-ecb-verhoogt-rente-wordt-het-een-grote-of-een-kleine-stap";"NOS";"0";"0";"0";"0";"0";"0";"0";"0";"0";"0";"0";"0";"0";"0";"0";"0";"";"0"
"researcher";2437658;"ECB verhoogt rente: wordt het een grote of een kleine stap?";"2022-07-21";"https://nos.nl/artikel/2437658-ecb-verhoogt-rente-wordt-het-een-grote-of-een-kleine-stap";"NOS";"0";"0";"0";"0";"0";"0";"0";"0";"0";"0";"0";"0";"0";"0";"0";"0";"";"0"
"second_coder";2438410;"Europese Rekenkamer kritisch over plan terugschroeven Russisch gas";"2022-07-26";"https://nos.nl/artikel/2438410-europese-rekenkamer-kritisch-over-plan-terugschroeven-russisch-gas";"NOS";"0";"0";"0";"0";"0";"0";"0";"0";"0";"0";"0";"0";"0";"0";"0";"0";"";"0"
"main_coder";2438410;"Europese Rekenkamer kritisch over plan terugschroeven Russisch gas";"2022-07-26";"https://nos.nl/artikel/2438410-europese-rekenkamer-kritisch-over-plan-terugschroeven-russisch-gas";"NOS";"0";"0";"0";"0";"0";"0";"0";"0";"0";"0";"0";"0";"0";"0";"0";"0";"";"0"
"researcher";2438410;"Europese Rekenkamer kritisch over plan terugschroeven Russisch gas";"2022-07-26";"https://nos.nl/artikel/2438410-europese-rekenkamer-kritisch-over-plan-terugschroeven-russisch-gas";"NOS";"0";"0";"0";"0";"0";"0";"0";"0";"0";"0";"0";"0";"0";"0";"0";"0";"";"0"
"second_coder";2440637;"Van de Zandschulp verder in Cincinnati, waar hij nu nummer een Medvedev treft";"2022-08-15";"https://nos.nl/artikel/2440637-van-de-zandschulp-verder-in-cincinnati-waar-hij-nu-nummer-een-medvedev-treft";"NOS";"0";"0";"0";"0";"0";"0";"0";"0";"0";"0";"0";"0";"0";"0";"0";"0";"";"0"
"main_coder";2440637;"Van de Zandschulp verder in Cincinnati, waar hij nu nummer een Medvedev treft";"2022-08-15";"https://nos.nl/artikel/2440637-van-de-zandschulp-verder-in-cincinnati-waar-hij-nu-nummer-een-medvedev-treft";"NOS";"0";"0";"0";"0";"0";"0";"0";"0";"0";"0";"0";"0";"0";"0";"0";"0";"";"0"
"researcher";2440637;"Van de Zandschulp verder in Cincinnati, waar hij nu nummer een Medvedev treft";"2022-08-15";"https://nos.nl/artikel/2440637-van-de-zandschulp-verder-in-cincinnati-waar-hij-nu-nummer-een-medvedev-treft";"NOS";"0";"0";"0";"0";"0";"0";"0";"0";"0";"0";"0";"0";"0";"0";"0";"0";"";"0"
"second_coder";2440742;"Agent vervolgd die vrouw in Eindhoven van dichtbij bespoot met waterkanon";"2022-08-15";"https://nos.nl/artikel/2440742-agent-vervolgd-die-vrouw-in-eindhoven-van-dichtbij-bespoot-met-waterkanon";"NOS";"0";"0";"0";"0";"0";"0";"0";"0";"0";"0";"0";"0";"0";"0";"0";"0";"";"0"
"main_coder";2440742;"Agent vervolgd die vrouw in Eindhoven van dichtbij bespoot met waterkanon";"2022-08-15";"https://nos.nl/artikel/2440742-agent-vervolgd-die-vrouw-in-eindhoven-van-dichtbij-bespoot-met-waterkanon";"NOS";"1";"0";"0";"0";"0";"0";"0";"0";"0";"0";"0";"1";"0";"0";"0";"0";"";"1"
"researcher";2440742;"Agent vervolgd die vrouw in Eindhoven van dichtbij bespoot met waterkanon";"2022-08-15";"https://nos.nl/artikel/2440742-agent-vervolgd-die-vrouw-in-eindhoven-van-dichtbij-bespoot-met-waterkanon";"NOS";"0";"0";"0";"0";"0";"0";"0";"0";"0";"0";"0";"0";"0";"0";"0";"0";"";"0"
"second_coder";2441524;"Lowlands schrapt optreden Noord Nederlands Orkest op laatste moment";"2022-08-21";"https://nos.nl/artikel/2441524-lowlands-schrapt-optreden-noord-nederlands-orkest-op-laatste-moment";"NOS";"0";"0";"0";"0";"0";"0";"0";"0";"0";"0";"0";"0";"0";"0";"0";"0";"";"0"
"main_coder";2441524;"Lowlands schrapt optreden Noord Nederlands Orkest op laatste moment";"2022-08-21";"https://nos.nl/artikel/2441524-lowlands-schrapt-optreden-noord-nederlands-orkest-op-laatste-moment";"NOS";"0";"0";"0";"0";"0";"0";"0";"0";"0";"0";"0";"0";"0";"0";"0";"0";"";"0"
"researcher";2441524;"Lowlands schrapt optreden Noord Nederlands Orkest op laatste moment";"2022-08-21";"https://nos.nl/artikel/2441524-lowlands-schrapt-optreden-noord-nederlands-orkest-op-laatste-moment";"NOS";"0";"0";"0";"0";"0";"0";"0";"0";"0";"0";"0";"0";"0";"0";"0";"0";"";"0"
"second_coder";2441951;"""9 op 10 opgenomen coronapatiënten hebben jaar later nog klachten""";"2022-08-25";"https://nos.nl/artikel/2441951-9-op-10-opgenomen-coronapatienten-hebben-jaar-later-nog-klachten";"NOS";"1";"0";"0";"0";"0";"1";"0";"0";"0";"0";"0";"0";"0";"0";"0";"0";"";"1"
"main_coder";2441951;"""9 op 10 opgenomen coronapatiënten hebben jaar later nog klachten""";"2022-08-25";"https://nos.nl/artikel/2441951-9-op-10-opgenomen-coronapatienten-hebben-jaar-later-nog-klachten";"NOS";"1";"0";"0";"0";"0";"1";"0";"1";"0";"0";"0";"0";"0";"0";"0";"0";"";"1"
"researcher";2441951;"""9 op 10 opgenomen coronapatiënten hebben jaar later nog klachten""";"2022-08-25";"https://nos.nl/artikel/2441951-9-op-10-opgenomen-coronapatienten-hebben-jaar-later-nog-klachten";"NOS";"1";"0";"0";"0";"0";"1";"0";"1";"0";"0";"0";"0";"0";"0";"0";"0";"";"1"
"second_coder";2442017;"Niet-gevaccineerde Djokovic moet US Open definitief aan zich voorbij laten gaan";"2022-08-25";"https://nos.nl/artikel/2442017-niet-gevaccineerde-djokovic-moet-us-open-definitief-aan-zich-voorbij-laten-gaan";"NOS";"0";"0";"0";"0";"0";"0";"0";"0";"0";"0";"0";"0";"0";"0";"0";"0";"";"0"
"main_coder";2442017;"Niet-gevaccineerde Djokovic moet US Open definitief aan zich voorbij laten gaan";"2022-08-25";"https://nos.nl/artikel/2442017-niet-gevaccineerde-djokovic-moet-us-open-definitief-aan-zich-voorbij-laten-gaan";"NOS";"0";"0";"0";"0";"0";"0";"0";"0";"0";"0";"0";"0";"0";"0";"0";"0";"";"0"
"researcher";2442017;"Niet-gevaccineerde Djokovic moet US Open definitief aan zich voorbij laten gaan";"2022-08-25";"https://nos.nl/artikel/2442017-niet-gevaccineerde-djokovic-moet-us-open-definitief-aan-zich-voorbij-laten-gaan";"NOS";"0";"0";"0";"0";"0";"0";"0";"0";"0";"0";"0";"0";"0";"0";"0";"0";"";"0"
"second_coder";2445806;"Zag familie Van Vleuten stunten? ""Gezegd dat ze lekker konden blijven slapen""";"2022-09-24";"https://nos.nl/artikel/2445806-zag-familie-van-vleuten-stunten-gezegd-dat-ze-lekker-konden-blijven-slapen";"NOS";"0";"0";"0";"0";"0";"0";"0";"0";"0";"0";"0";"0";"0";"0";"0";"0";"";"0"
"main_coder";2445806;"Zag familie Van Vleuten stunten? ""Gezegd dat ze lekker konden blijven slapen""";"2022-09-24";"https://nos.nl/artikel/2445806-zag-familie-van-vleuten-stunten-gezegd-dat-ze-lekker-konden-blijven-slapen";"NOS";"0";"0";"0";"0";"0";"0";"0";"0";"0";"0";"0";"0";"0";"0";"0";"0";"";"0"
"researcher";2445806;"Zag familie Van Vleuten stunten? ""Gezegd dat ze lekker konden blijven slapen""";"2022-09-24";"https://nos.nl/artikel/2445806-zag-familie-van-vleuten-stunten-gezegd-dat-ze-lekker-konden-blijven-slapen";"NOS";"0";"0";"0";"0";"0";"0";"0";"0";"0";"0";"0";"0";"0";"0";"0";"0";"";"0"
"second_coder";2448352;"VVD-Kamerlid Tellegen vertrekt definitief uit Tweede Kamer vanwege burn-out";"2022-10-14";"https://nos.nl/artikel/2448352-vvd-kamerlid-tellegen-vertrekt-definitief-uit-tweede-kamer-vanwege-burn-out";"NOS";"0";"0";"0";"0";"0";"0";"0";"0";"0";"0";"0";"0";"0";"0";"0";"0";"";"0"
"main_coder";2448352;"VVD-Kamerlid Tellegen vertrekt definitief uit Tweede Kamer vanwege burn-out";"2022-10-14";"https://nos.nl/artikel/2448352-vvd-kamerlid-tellegen-vertrekt-definitief-uit-tweede-kamer-vanwege-burn-out";"NOS";"0";"0";"0";"0";"0";"0";"0";"0";"0";"0";"0";"0";"0";"0";"0";"0";"";"0"
"researcher";2448352;"VVD-Kamerlid Tellegen vertrekt definitief uit Tweede Kamer vanwege burn-out";"2022-10-14";"https://nos.nl/artikel/2448352-vvd-kamerlid-tellegen-vertrekt-definitief-uit-tweede-kamer-vanwege-burn-out";"NOS";"0";"0";"0";"0";"0";"0";"0";"0";"0";"0";"0";"0";"0";"0";"0";"0";"";"0"
"second_coder";2451920;"In derde kwartaal meer toeristen in Nederland dan ooit tevoren";"2022-11-11";"https://nos.nl/artikel/2451920-in-derde-kwartaal-meer-toeristen-in-nederland-dan-ooit-tevoren";"NOS";"0";"0";"0";"0";"0";"0";"0";"0";"0";"0";"0";"0";"0";"0";"0";"0";"";"0"
"main_coder";2451920;"In derde kwartaal meer toeristen in Nederland dan ooit tevoren";"2022-11-11";"https://nos.nl/artikel/2451920-in-derde-kwartaal-meer-toeristen-in-nederland-dan-ooit-tevoren";"NOS";"0";"0";"0";"0";"0";"0";"0";"0";"0";"0";"0";"0";"0";"0";"0";"0";"";"0"
"researcher";2451920;"In derde kwartaal meer toeristen in Nederland dan ooit tevoren";"2022-11-11";"https://nos.nl/artikel/2451920-in-derde-kwartaal-meer-toeristen-in-nederland-dan-ooit-tevoren";"NOS";"0";"0";"0";"0";"0";"0";"0";"0";"0";"0";"0";"0";"0";"0";"0";"0";"";"0"
"second_coder";2452094;"Honderden avondklokboetes per ongeluk kwijtgescholden door OM: ""Geluk gehad""";"2022-11-12";"https://nos.nl/artikel/2452094-honderden-avondklokboetes-per-ongeluk-kwijtgescholden-door-om-geluk-gehad";"NOS";"0";"0";"0";"0";"0";"0";"0";"0";"0";"0";"0";"0";"0";"0";"0";"0";"";"0"
"main_coder";2452094;"Honderden avondklokboetes per ongeluk kwijtgescholden door OM: ""Geluk gehad""";"2022-11-12";"https://nos.nl/artikel/2452094-honderden-avondklokboetes-per-ongeluk-kwijtgescholden-door-om-geluk-gehad";"NOS";"0";"0";"0";"0";"0";"0";"0";"0";"0";"0";"0";"0";"0";"0";"0";"0";"";"0"
"researcher";2452094;"Honderden avondklokboetes per ongeluk kwijtgescholden door OM: ""Geluk gehad""";"2022-11-12";"https://nos.nl/artikel/2452094-honderden-avondklokboetes-per-ongeluk-kwijtgescholden-door-om-geluk-gehad";"NOS";"0";"0";"0";"0";"0";"0";"0";"0";"0";"0";"0";"0";"0";"0";"0";"0";"";"0"
"second_coder";2454001;"Protesten in China tegen coronabeleid na brand met tien doden";"2022-11-26";"https://nos.nl/artikel/2454001-protesten-in-china-tegen-coronabeleid-na-brand-met-tien-doden";"NOS";"1";"0";"1";"0";"0";"0";"0";"0";"0";"0";"0";"1";"0";"0";"0";"1";"China";"0"
"main_coder";2454001;"Protesten in China tegen coronabeleid na brand met tien doden";"2022-11-26";"https://nos.nl/artikel/2454001-protesten-in-china-tegen-coronabeleid-na-brand-met-tien-doden";"NOS";"1";"0";"0";"0";"0";"0";"0";"0";"0";"0";"0";"1";"0";"0";"0";"1";"China";"1"
"researcher";2454001;"Protesten in China tegen coronabeleid na brand met tien doden";"2022-11-26";"https://nos.nl/artikel/2454001-protesten-in-china-tegen-coronabeleid-na-brand-met-tien-doden";"NOS";"1";"0";"1";"0";"0";"0";"0";"0";"0";"0";"0";"1";"0";"0";"0";"1";"China";"0"
"second_coder";2456638;"Kabinet draagt bij aan toekomstig fonds voor zorgwerkers met long covid";"2022-12-16";"https://nos.nl/artikel/2456638-kabinet-draagt-bij-aan-toekomstig-fonds-voor-zorgwerkers-met-long-covid";"NOS";"1";"0";"0";"0";"0";"1";"0";"0";"0";"0";"0";"0";"0";"0";"0";"0";"";"1"
"main_coder";2456638;"Kabinet draagt bij aan toekomstig fonds voor zorgwerkers met long covid";"2022-12-16";"https://nos.nl/artikel/2456638-kabinet-draagt-bij-aan-toekomstig-fonds-voor-zorgwerkers-met-long-covid";"NOS";"1";"0";"0";"0";"0";"1";"0";"0";"0";"0";"0";"0";"0";"0";"0";"0";"";"1"
"researcher";2456638;"Kabinet draagt bij aan toekomstig fonds voor zorgwerkers met long covid";"2022-12-16";"https://nos.nl/artikel/2456638-kabinet-draagt-bij-aan-toekomstig-fonds-voor-zorgwerkers-met-long-covid";"NOS";"1";"0";"0";"0";"0";"1";"0";"0";"0";"0";"0";"0";"0";"0";"0";"0";"";"1"
"second_coder";2457129;"China naarstig op zoek naar ziekenhuisbedden voor coronapatiënten";"2022-12-20";"https://nos.nl/artikel/2457129-china-naarstig-op-zoek-naar-ziekenhuisbedden-voor-coronapatienten";"NOS";"1";"1";"1";"0";"0";"0";"1";"0";"0";"0";"0";"0";"0";"0";"1";"1";"China";"1"
"main_coder";2457129;"China naarstig op zoek naar ziekenhuisbedden voor coronapatiënten";"2022-12-20";"https://nos.nl/artikel/2457129-china-naarstig-op-zoek-naar-ziekenhuisbedden-voor-coronapatienten";"NOS";"1";"1";"0";"0";"0";"0";"1";"0";"0";"0";"0";"0";"0";"0";"0";"1";"China";"1"
"researcher";2457129;"China naarstig op zoek naar ziekenhuisbedden voor coronapatiënten";"2022-12-20";"https://nos.nl/artikel/2457129-china-naarstig-op-zoek-naar-ziekenhuisbedden-voor-coronapatienten";"NOS";"1";"1";"1";"0";"0";"0";"1";"0";"0";"0";"0";"0";"0";"0";"1";"1";"China";"1"
"second_coder";2458847;"Vanavond op tv: Advies gevraagd maatregelen China • Oproep: Steun demonstranten Iran • Herwaardering van het platteland";"2023-01-06";"https://nos.nl/nieuwsuur/artikel/2458847-vanavond-op-tv-advies-gevraagd-maatregelen-china-oproep-steun-demonstranten-iran-herwaardering-van-het-platteland";"NOS";"0";"0";"0";"0";"0";"0";"0";"0";"0";"0";"0";"0";"0";"0";"0";"0";"";"0"
"main_coder";2458847;"Vanavond op tv: Advies gevraagd maatregelen China • Oproep: Steun demonstranten Iran • Herwaardering van het platteland";"2023-01-06";"https://nos.nl/nieuwsuur/artikel/2458847-vanavond-op-tv-advies-gevraagd-maatregelen-china-oproep-steun-demonstranten-iran-herwaardering-van-het-platteland";"NOS";"0";"0";"0";"0";"0";"0";"0";"0";"0";"0";"0";"0";"0";"0";"0";"0";"";"0"
"researcher";2458847;"Vanavond op tv: Advies gevraagd maatregelen China • Oproep: Steun demonstranten Iran • Herwaardering van het platteland";"2023-01-06";"https://nos.nl/nieuwsuur/artikel/2458847-vanavond-op-tv-advies-gevraagd-maatregelen-china-oproep-steun-demonstranten-iran-herwaardering-van-het-platteland";"NOS";"0";"0";"0";"0";"0";"0";"0";"0";"0";"0";"0";"0";"0";"0";"0";"0";"";"0"
"second_coder";2462724;"Zo zag je veldrijden nog nooit: wie zitten er achter die spectaculaire dronebeelden?";"2023-02-06";"https://nos.nl/artikel/2462724-zo-zag-je-veldrijden-nog-nooit-wie-zitten-er-achter-die-spectaculaire-dronebeelden";"NOS";"0";"0";"0";"0";"0";"0";"0";"0";"0";"0";"0";"0";"0";"0";"0";"0";"";"0"
"main_coder";2462724;"Zo zag je veldrijden nog nooit: wie zitten er achter die spectaculaire dronebeelden?";"2023-02-06";"https://nos.nl/artikel/2462724-zo-zag-je-veldrijden-nog-nooit-wie-zitten-er-achter-die-spectaculaire-dronebeelden";"NOS";"0";"0";"0";"0";"0";"0";"0";"0";"0";"0";"0";"0";"0";"0";"0";"0";"";"0"
"researcher";2462724;"Zo zag je veldrijden nog nooit: wie zitten er achter die spectaculaire dronebeelden?";"2023-02-06";"https://nos.nl/artikel/2462724-zo-zag-je-veldrijden-nog-nooit-wie-zitten-er-achter-die-spectaculaire-dronebeelden";"NOS";"0";"0";"0";"0";"0";"0";"0";"0";"0";"0";"0";"0";"0";"0";"0";"0";"";"0"
"second_coder";2463028;"Teamsprinters superieur naar zesde EK-titel, ook twee keer brons voor Oranje";"2023-02-08";"https://nos.nl/artikel/2463028-teamsprinters-superieur-naar-zesde-ek-titel-ook-twee-keer-brons-voor-oranje";"NOS";"0";"0";"0";"0";"0";"0";"0";"0";"0";"0";"0";"0";"0";"0";"0";"0";"";"0"
"main_coder";2463028;"Teamsprinters superieur naar zesde EK-titel, ook twee keer brons voor Oranje";"2023-02-08";"https://nos.nl/artikel/2463028-teamsprinters-superieur-naar-zesde-ek-titel-ook-twee-keer-brons-voor-oranje";"NOS";"0";"0";"0";"0";"0";"0";"0";"0";"0";"0";"0";"0";"0";"0";"0";"0";"";"0"
"researcher";2463028;"Teamsprinters superieur naar zesde EK-titel, ook twee keer brons voor Oranje";"2023-02-08";"https://nos.nl/artikel/2463028-teamsprinters-superieur-naar-zesde-ek-titel-ook-twee-keer-brons-voor-oranje";"NOS";"0";"0";"0";"0";"0";"0";"0";"0";"0";"0";"0";"0";"0";"0";"0";"0";"";"0"
"second_coder";2479493;"""Let bij long covid ook op maatschappelijke gevolgen""";"2023-06-19";"https://nos.nl/artikel/2479493-let-bij-long-covid-ook-op-maatschappelijke-gevolgen";"NOS";"1";"0";"0";"0";"0";"1";"0";"0";"0";"0";"0";"0";"0";"0";"0";"0";"";"1"
"main_coder";2479493;"""Let bij long covid ook op maatschappelijke gevolgen""";"2023-06-19";"https://nos.nl/artikel/2479493-let-bij-long-covid-ook-op-maatschappelijke-gevolgen";"NOS";"1";"0";"0";"0";"0";"1";"0";"0";"0";"0";"0";"0";"0";"0";"0";"0";"";"1"
"researcher";2479493;"""Let bij long covid ook op maatschappelijke gevolgen""";"2023-06-19";"https://nos.nl/artikel/2479493-let-bij-long-covid-ook-op-maatschappelijke-gevolgen";"NOS";"1";"0";"0";"0";"0";"1";"0";"0";"0";"0";"0";"0";"0";"0";"0";"0";"";"1"
