"coder";"article_id";"title";"date";"url";"actor_name";"actor_type";"actor_function";"actor_function_text";"actor_pp";"directly_quoted";"indirectly_quoted";"nr_words";"talks_covid_measures";"measure_1";"measure_1_positive";"measure_1_negative";"measure_1_neutral";"measure_2";"measure_2_positive";"measure_2_negative";"measure_2_neutral";"measure_3";"measure_3_positive";"measure_3_negative";"measure_3_neutral";"measure_4";"measure_4_positive";"measure_4_negative";"measure_4_neutral";"measure_5";"measure_5_positive";"measure_5_negative";"measure_5_neutral";"measure_6";"measure_6_positive";"measure_6_negative";"measure_6_neutral";"measure_7";"measure_7_positive";"measure_7_negative";"measure_7_neutral";"measure_8";"measure_8_positive";"measure_8_negative";"measure_8_neutral";"measure_9";"measure_9_positive";"measure_9_negative";"measure_9_neutral";"measure_10";"measure_10_positive";"measure_10_negative";"measure_10_neutral";"measure_11";"measure_11_positive";"measure_11_negative";"measure_11_neutral";"measure_12";"measure_12_positive";"measure_12_negative";"measure_12_neutral";"measure_13";"measure_13_positive";"measure_13_negative";"measure_13_neutral";"measure_14";"measure_14_positive";"measure_14_negative";"measure_14_neutral";"measure_15";"measure_15_positive";"measure_15_negative";"measure_15_neutral";"measure_16";"measure_16_positive";"measure_16_negative";"measure_16_neutral";"measure_17";"measure_17_positive";"measure_17_negative";"measure_17_neutral";"measure_other";"measure_other_positive";"measure_other_negative";"measure_other_neutral";"actor_id";"unique_id"
"researcher";2322751;"Een cruiseschip als mega-onderzoekslab voor het coronavirus";"2020-02-12";"https://nos.nl/artikel/2322751-een-cruiseschip-als-mega-onderzoekslab-voor-het-coronavirus";"Katsunobu Kato";"Persoon";"Regeringen/regeringsleiders/regeringsleden en/of andere politici in een ander land dan NL, op nationaal of lokaal niveau OF staatsorganisaties en hun ambtenaren";"";"";"1";"1";"29";"1";"0";"0";"0";"0";"0";"0";"0";"0";"0";"0";"0";"0";"0";"0";"0";"0";"0";"0";"0";"0";"0";"0";"0";"0";"0";"0";"0";"0";"0";"0";"0";"0";"0";"0";"0";"0";"0";"0";"0";"0";"0";"0";"0";"0";"0";"0";"0";"0";"0";"0";"0";"0";"0";"0";"0";"0";"1";"1";"0";"0";"0";"0";"0";"0";"0";"0";"0";"0";"0";"0";"0";"0";"1";"2322751_1"
"second_coder";2322751;"Een cruiseschip als mega-onderzoekslab voor het coronavirus";"2020-02-12";"https://nos.nl/artikel/2322751-een-cruiseschip-als-mega-onderzoekslab-voor-het-coronavirus";"Katsunobu Kato";"Persoon";"Regeringen/regeringsleiders/regeringsleden en/of andere politici in een ander land dan NL, op nationaal of lokaal niveau OF staatsorganisaties en hun ambtenaren";"";"";"1";"0";"23";"1";"0";"0";"0";"0";"0";"0";"0";"0";"0";"0";"0";"0";"0";"0";"0";"0";"0";"0";"0";"0";"0";"0";"0";"0";"0";"0";"0";"0";"0";"0";"0";"0";"0";"0";"0";"0";"0";"0";"0";"0";"0";"0";"0";"0";"0";"0";"0";"0";"0";"0";"0";"0";"0";"0";"0";"0";"1";"1";"0";"0";"0";"0";"0";"0";"0";"0";"0";"0";"0";"0";"0";"0";"1";"2322751_1"
"main_coder";2322751;"Een cruiseschip als mega-onderzoekslab voor het coronavirus";"2020-02-12";"https://nos.nl/artikel/2322751-een-cruiseschip-als-mega-onderzoekslab-voor-het-coronavirus";"Katsunobu Kato";"Persoon";"Regeringen/regeringsleiders/regeringsleden en/of andere politici in een ander land dan NL, op nationaal of lokaal niveau OF staatsorganisaties en hun ambtenaren";"";"";"1";"1";"29";"1";"0";"0";"0";"0";"0";"0";"0";"0";"0";"0";"0";"0";"0";"0";"0";"0";"0";"0";"0";"0";"0";"0";"0";"0";"0";"0";"0";"0";"0";"0";"0";"0";"0";"0";"0";"0";"0";"0";"0";"0";"0";"0";"0";"0";"0";"0";"0";"0";"0";"0";"0";"0";"0";"0";"0";"0";"1";"1";"0";"0";"0";"0";"0";"0";"0";"0";"0";"0";"0";"0";"0";"0";"1";"2322751_1"
"researcher";2322751;"Een cruiseschip als mega-onderzoekslab voor het coronavirus";"2020-02-12";"https://nos.nl/artikel/2322751-een-cruiseschip-als-mega-onderzoekslab-voor-het-coronavirus";"Patricia Bruijning";"Persoon";"Wetenschappelijke/medische organisaties en onderzoekers";"";"";"1";"1";"334";"0";"0";"0";"0";"0";"0";"0";"0";"0";"0";"0";"0";"0";"0";"0";"0";"0";"0";"0";"0";"0";"0";"0";"0";"0";"0";"0";"0";"0";"0";"0";"0";"0";"0";"0";"0";"0";"0";"0";"0";"0";"0";"0";"0";"0";"0";"0";"0";"0";"0";"0";"0";"0";"0";"0";"0";"0";"0";"0";"0";"0";"0";"0";"0";"0";"0";"0";"0";"0";"0";"0";"0";"0";"2";"2322751_2"
"second_coder";2322751;"Een cruiseschip als mega-onderzoekslab voor het coronavirus";"2020-02-12";"https://nos.nl/artikel/2322751-een-cruiseschip-als-mega-onderzoekslab-voor-het-coronavirus";"Patricia Bruijning";"Persoon";"Wetenschappelijke/medische organisaties en onderzoekers";"";"";"1";"0";"316";"0";"0";"0";"0";"0";"0";"0";"0";"0";"0";"0";"0";"0";"0";"0";"0";"0";"0";"0";"0";"0";"0";"0";"0";"0";"0";"0";"0";"0";"0";"0";"0";"0";"0";"0";"0";"0";"0";"0";"0";"0";"0";"0";"0";"0";"0";"0";"0";"0";"0";"0";"0";"0";"0";"0";"0";"0";"0";"0";"0";"0";"0";"0";"0";"0";"0";"0";"0";"0";"0";"0";"0";"0";"2";"2322751_2"
"main_coder";2322751;"Een cruiseschip als mega-onderzoekslab voor het coronavirus";"2020-02-12";"https://nos.nl/artikel/2322751-een-cruiseschip-als-mega-onderzoekslab-voor-het-coronavirus";"Patricia Bruijning";"Persoon";"Wetenschappelijke/medische organisaties en onderzoekers";"";"";"1";"1";"228";"0";"0";"0";"0";"0";"0";"0";"0";"0";"0";"0";"0";"0";"0";"0";"0";"0";"0";"0";"0";"0";"0";"0";"0";"0";"0";"0";"0";"0";"0";"0";"0";"0";"0";"0";"0";"0";"0";"0";"0";"0";"0";"0";"0";"0";"0";"0";"0";"0";"0";"0";"0";"0";"0";"0";"0";"0";"0";"0";"0";"0";"0";"0";"0";"0";"0";"0";"0";"0";"0";"0";"0";"0";"2";"2322751_2"
"researcher";2325123;"Opnieuw (of nog steeds) besmet met corona: hoe kan dat?";"2020-02-29";"https://nos.nl/artikel/2325123-opnieuw-of-nog-steeds-besmet-met-corona-hoe-kan-dat";"Mariet Feltkamp";"Persoon";"Wetenschappelijke/medische organisaties en onderzoekers";"";"";"1";"1";"232";"1";"0";"0";"0";"0";"0";"0";"0";"0";"0";"0";"0";"0";"0";"0";"0";"0";"0";"0";"0";"0";"0";"0";"0";"0";"0";"0";"0";"0";"0";"0";"0";"0";"0";"0";"0";"0";"0";"0";"0";"0";"0";"0";"0";"0";"0";"0";"0";"0";"0";"0";"0";"0";"0";"0";"0";"0";"1";"0";"0";"1";"0";"0";"0";"0";"0";"0";"0";"0";"0";"0";"0";"0";"3";"2325123_3"
"second_coder";2325123;"Opnieuw (of nog steeds) besmet met corona: hoe kan dat?";"2020-02-29";"https://nos.nl/artikel/2325123-opnieuw-of-nog-steeds-besmet-met-corona-hoe-kan-dat";"Mariet Feltkamp";"Persoon";"Wetenschappelijke/medische organisaties en onderzoekers";"";"";"1";"1";"232";"1";"0";"0";"0";"0";"0";"0";"0";"0";"0";"0";"0";"0";"0";"0";"0";"0";"0";"0";"0";"0";"0";"0";"0";"0";"0";"0";"0";"0";"0";"0";"0";"0";"0";"0";"0";"0";"0";"0";"0";"0";"0";"0";"0";"0";"0";"0";"0";"0";"0";"0";"0";"0";"0";"0";"0";"0";"1";"1";"1";"0";"0";"0";"0";"0";"0";"0";"0";"0";"0";"0";"0";"0";"3";"2325123_3"
"main_coder";2325123;"Opnieuw (of nog steeds) besmet met corona: hoe kan dat?";"2020-02-29";"https://nos.nl/artikel/2325123-opnieuw-of-nog-steeds-besmet-met-corona-hoe-kan-dat";"Mariet Feltkamp";"Persoon";"Wetenschappelijke/medische organisaties en onderzoekers";"";"";"1";"1";"221";"1";"0";"0";"0";"0";"0";"0";"0";"0";"0";"0";"0";"0";"0";"0";"0";"0";"0";"0";"0";"0";"0";"0";"0";"0";"0";"0";"0";"0";"0";"0";"0";"0";"0";"0";"0";"0";"0";"0";"0";"0";"0";"0";"0";"0";"0";"0";"0";"0";"0";"0";"0";"0";"0";"0";"0";"0";"1";"0";"0";"1";"0";"0";"0";"0";"0";"0";"0";"0";"0";"0";"0";"0";"3";"2325123_3"
"researcher";2325123;"Opnieuw (of nog steeds) besmet met corona: hoe kan dat?";"2020-02-29";"https://nos.nl/artikel/2325123-opnieuw-of-nog-steeds-besmet-met-corona-hoe-kan-dat";"Marion Koopmans";"Persoon";"Wetenschappelijke/medische organisaties en onderzoekers";"";"";"1";"1";"118";"1";"0";"0";"0";"0";"0";"0";"0";"0";"0";"0";"0";"0";"0";"0";"0";"0";"0";"0";"0";"0";"0";"0";"0";"0";"0";"0";"0";"0";"0";"0";"0";"0";"0";"0";"0";"0";"0";"0";"0";"0";"0";"0";"0";"0";"0";"0";"0";"0";"0";"0";"0";"0";"0";"0";"0";"0";"1";"0";"0";"1";"0";"0";"0";"0";"0";"0";"0";"0";"0";"0";"0";"0";"4";"2325123_4"
"second_coder";2325123;"Opnieuw (of nog steeds) besmet met corona: hoe kan dat?";"2020-02-29";"https://nos.nl/artikel/2325123-opnieuw-of-nog-steeds-besmet-met-corona-hoe-kan-dat";"Marion Koopmans";"Persoon";"Wetenschappelijke/medische organisaties en onderzoekers";"";"";"1";"1";"148";"1";"0";"0";"0";"0";"0";"0";"0";"0";"0";"0";"0";"0";"0";"0";"0";"0";"0";"0";"0";"0";"0";"0";"0";"0";"0";"0";"0";"0";"0";"0";"0";"0";"0";"0";"0";"0";"0";"0";"0";"0";"0";"0";"0";"0";"0";"0";"0";"0";"0";"0";"0";"0";"0";"0";"0";"0";"1";"0";"0";"1";"0";"0";"0";"0";"0";"0";"0";"0";"0";"0";"0";"0";"4";"2325123_4"
"main_coder";2325123;"Opnieuw (of nog steeds) besmet met corona: hoe kan dat?";"2020-02-29";"https://nos.nl/artikel/2325123-opnieuw-of-nog-steeds-besmet-met-corona-hoe-kan-dat";"Marion Koopmans";"Persoon";"Wetenschappelijke/medische organisaties en onderzoekers";"";"";"1";"1";"118";"1";"0";"0";"0";"0";"0";"0";"0";"0";"0";"0";"0";"0";"0";"0";"0";"0";"0";"0";"0";"0";"0";"0";"0";"0";"0";"0";"0";"0";"0";"0";"0";"0";"0";"0";"0";"0";"0";"0";"0";"0";"0";"0";"0";"0";"0";"0";"0";"0";"0";"0";"0";"0";"0";"0";"0";"0";"1";"0";"0";"1";"0";"0";"0";"0";"0";"0";"0";"0";"0";"0";"0";"0";"4";"2325123_4"
"researcher";2325123;"Opnieuw (of nog steeds) besmet met corona: hoe kan dat?";"2020-02-29";"https://nos.nl/artikel/2325123-opnieuw-of-nog-steeds-besmet-met-corona-hoe-kan-dat";"de Chinese gezondheidsfunctionaris uit Guangdong";"Persoon";"Wetenschappelijke/medische organisaties en onderzoekers";"";"";"0";"1";"33";"0";"0";"0";"0";"0";"0";"0";"0";"0";"0";"0";"0";"0";"0";"0";"0";"0";"0";"0";"0";"0";"0";"0";"0";"0";"0";"0";"0";"0";"0";"0";"0";"0";"0";"0";"0";"0";"0";"0";"0";"0";"0";"0";"0";"0";"0";"0";"0";"0";"0";"0";"0";"0";"0";"0";"0";"0";"0";"0";"0";"0";"0";"0";"0";"0";"0";"0";"0";"0";"0";"0";"0";"0";"5";"2325123_5"
"second_coder";2325123;"Opnieuw (of nog steeds) besmet met corona: hoe kan dat?";"2020-02-29";"https://nos.nl/artikel/2325123-opnieuw-of-nog-steeds-besmet-met-corona-hoe-kan-dat";"de Chinese gezondheidsfunctionaris uit Guangdong";"Persoon";"Wetenschappelijke/medische organisaties en onderzoekers";"";"";"0";"1";"33";"1";"0";"0";"0";"0";"0";"0";"0";"0";"0";"0";"0";"0";"0";"0";"0";"0";"0";"0";"0";"0";"0";"0";"0";"0";"0";"0";"0";"0";"0";"0";"0";"0";"0";"0";"0";"0";"0";"0";"0";"0";"0";"0";"0";"0";"0";"0";"0";"0";"0";"0";"0";"0";"0";"0";"0";"0";"1";"0";"0";"1";"0";"0";"0";"0";"0";"0";"0";"0";"0";"0";"0";"0";"5";"2325123_5"
"main_coder";2325123;"Opnieuw (of nog steeds) besmet met corona: hoe kan dat?";"2020-02-29";"https://nos.nl/artikel/2325123-opnieuw-of-nog-steeds-besmet-met-corona-hoe-kan-dat";"de Chinese gezondheidsfunctionaris uit Guangdong";"Persoon";"Wetenschappelijke/medische organisaties en onderzoekers";"";"";"0";"1";"28";"0";"0";"0";"0";"0";"0";"0";"0";"0";"0";"0";"0";"0";"0";"0";"0";"0";"0";"0";"0";"0";"0";"0";"0";"0";"0";"0";"0";"0";"0";"0";"0";"0";"0";"0";"0";"0";"0";"0";"0";"0";"0";"0";"0";"0";"0";"0";"0";"0";"0";"0";"0";"0";"0";"0";"0";"0";"0";"0";"0";"0";"0";"0";"0";"0";"0";"0";"0";"0";"0";"0";"0";"0";"5";"2325123_5"
"researcher";2326923;"Dit was de dag dat Nederland ""een patiënt"" werd";"2020-03-12";"https://nos.nl/artikel/2326923-dit-was-de-dag-dat-nederland-een-patient-werd";"Ron Fresen";"Persoon";"Journalisten anders dan de schrijver van het huidige artikel of nieuwsorganisaties anders dan de nieuwsorganisatie van het huidige artikel.";"";"";"1";"1";"72";"1";"1";"0";"0";"1";"0";"0";"0";"0";"0";"0";"0";"0";"0";"0";"0";"0";"0";"0";"0";"0";"0";"0";"0";"0";"0";"0";"0";"0";"0";"0";"0";"0";"0";"0";"0";"0";"0";"0";"0";"0";"0";"0";"0";"0";"0";"0";"0";"0";"0";"0";"0";"0";"0";"0";"0";"0";"0";"0";"0";"0";"0";"0";"0";"0";"0";"0";"0";"0";"0";"0";"0";"0";"10";"2326923_10"
"second_coder";2326923;"Dit was de dag dat Nederland ""een patiënt"" werd";"2020-03-12";"https://nos.nl/artikel/2326923-dit-was-de-dag-dat-nederland-een-patient-werd";"Ron Fresen";"Persoon";"Journalisten anders dan de schrijver van het huidige artikel of nieuwsorganisaties anders dan de nieuwsorganisatie van het huidige artikel.";"";"";"1";"1";"72";"1";"1";"0";"0";"1";"0";"0";"0";"0";"0";"0";"0";"0";"0";"0";"0";"0";"0";"0";"0";"0";"0";"0";"0";"0";"0";"0";"0";"0";"0";"0";"0";"0";"0";"0";"0";"0";"0";"0";"0";"0";"0";"0";"0";"0";"0";"0";"0";"0";"0";"0";"0";"0";"0";"0";"0";"0";"0";"0";"0";"0";"0";"0";"0";"0";"0";"0";"0";"0";"0";"0";"0";"0";"10";"2326923_10"
"main_coder";2326923;"Dit was de dag dat Nederland ""een patiënt"" werd";"2020-03-12";"https://nos.nl/artikel/2326923-dit-was-de-dag-dat-nederland-een-patient-werd";"Ron Fresen";"Persoon";"Journalisten anders dan de schrijver van het huidige artikel of nieuwsorganisaties anders dan de nieuwsorganisatie van het huidige artikel.";"";"";"1";"1";"72";"1";"1";"0";"0";"1";"0";"0";"0";"0";"0";"0";"0";"0";"0";"0";"0";"0";"0";"0";"0";"0";"0";"0";"0";"0";"0";"0";"0";"0";"0";"0";"0";"0";"0";"0";"0";"0";"0";"0";"0";"0";"0";"0";"0";"0";"0";"0";"0";"0";"0";"0";"0";"0";"0";"0";"0";"0";"0";"0";"0";"0";"0";"0";"0";"0";"0";"0";"0";"0";"0";"0";"0";"0";"10";"2326923_10"
"researcher";2326923;"Dit was de dag dat Nederland ""een patiënt"" werd";"2020-03-12";"https://nos.nl/artikel/2326923-dit-was-de-dag-dat-nederland-een-patient-werd";"Utrechtse studenten";"Persoon";"Publiek en leden van het publiek, publieke opiniepeilingen en hun respondenten";"";"";"1";"0";"2";"1";"0";"0";"0";"0";"0";"0";"0";"0";"0";"0";"0";"0";"0";"0";"0";"0";"0";"0";"0";"0";"0";"0";"0";"0";"0";"0";"0";"0";"1";"1";"0";"0";"0";"0";"0";"0";"0";"0";"0";"0";"0";"0";"0";"0";"0";"0";"0";"0";"0";"0";"0";"0";"0";"0";"0";"0";"0";"0";"0";"0";"0";"0";"0";"0";"0";"0";"0";"0";"0";"0";"0";"0";"11";"2326923_11"
"second_coder";2326923;"Dit was de dag dat Nederland ""een patiënt"" werd";"2020-03-12";"https://nos.nl/artikel/2326923-dit-was-de-dag-dat-nederland-een-patient-werd";"Utrechtse studenten";"Persoon";"Publiek en leden van het publiek, publieke opiniepeilingen en hun respondenten";"";"";"1";"0";"2";"1";"0";"0";"0";"0";"0";"0";"0";"0";"0";"0";"0";"0";"0";"0";"0";"0";"0";"0";"0";"0";"0";"0";"0";"0";"0";"0";"0";"0";"1";"1";"0";"0";"0";"0";"0";"0";"0";"0";"0";"0";"0";"0";"0";"0";"0";"0";"0";"0";"0";"0";"0";"0";"0";"0";"0";"0";"0";"0";"0";"0";"0";"0";"0";"0";"0";"0";"0";"0";"0";"0";"0";"0";"11";"2326923_11"
"main_coder";2326923;"Dit was de dag dat Nederland ""een patiënt"" werd";"2020-03-12";"https://nos.nl/artikel/2326923-dit-was-de-dag-dat-nederland-een-patient-werd";"Utrechtse studenten";"Persoon";"Publiek en leden van het publiek, publieke opiniepeilingen en hun respondenten";"";"";"1";"0";"2";"1";"0";"0";"0";"0";"0";"0";"0";"0";"0";"0";"0";"0";"0";"0";"0";"0";"0";"0";"0";"0";"0";"0";"0";"0";"0";"0";"0";"0";"0";"0";"0";"0";"0";"0";"0";"0";"0";"0";"0";"0";"0";"0";"0";"0";"0";"0";"0";"0";"0";"0";"0";"0";"0";"0";"0";"0";"0";"0";"0";"0";"0";"0";"0";"0";"0";"0";"0";"0";"1";"1";"0";"0";"11";"2326923_11"
"researcher";2326923;"Dit was de dag dat Nederland ""een patiënt"" werd";"2020-03-12";"https://nos.nl/artikel/2326923-dit-was-de-dag-dat-nederland-een-patient-werd";"premier Rutte";"Persoon";"NL - Nationale regering - executive / uitvoerende macht";"";"VVD";"1";"1";"115";"1";"1";"0";"0";"1";"0";"0";"0";"0";"0";"0";"0";"0";"0";"0";"0";"0";"0";"0";"0";"0";"0";"0";"0";"0";"0";"0";"0";"0";"1";"0";"1";"0";"0";"0";"0";"0";"0";"0";"0";"0";"0";"0";"0";"0";"0";"0";"0";"0";"0";"0";"0";"0";"0";"0";"0";"0";"0";"0";"0";"0";"0";"0";"0";"0";"0";"0";"0";"0";"0";"0";"0";"0";"12";"2326923_12"
"second_coder";2326923;"Dit was de dag dat Nederland ""een patiënt"" werd";"2020-03-12";"https://nos.nl/artikel/2326923-dit-was-de-dag-dat-nederland-een-patient-werd";"premier Rutte";"Persoon";"NL - Nationale regering - executive / uitvoerende macht";"";"VVD";"1";"1";"113";"1";"1";"0";"0";"1";"0";"0";"0";"0";"0";"0";"0";"0";"0";"0";"0";"0";"0";"0";"0";"0";"0";"0";"0";"0";"0";"0";"0";"0";"1";"0";"1";"0";"0";"0";"0";"0";"0";"0";"0";"0";"0";"0";"0";"0";"0";"0";"0";"0";"0";"0";"0";"0";"0";"0";"0";"0";"0";"0";"0";"0";"0";"0";"0";"0";"0";"0";"0";"0";"0";"0";"0";"0";"12";"2326923_12"
"main_coder";2326923;"Dit was de dag dat Nederland ""een patiënt"" werd";"2020-03-12";"https://nos.nl/artikel/2326923-dit-was-de-dag-dat-nederland-een-patient-werd";"premier Rutte";"Persoon";"NL - Nationale regering - executive / uitvoerende macht";"";"VVD";"1";"1";"115";"1";"0";"0";"0";"0";"0";"0";"0";"0";"0";"0";"0";"0";"0";"0";"0";"0";"0";"0";"0";"0";"0";"0";"0";"0";"0";"0";"0";"0";"1";"0";"1";"0";"0";"0";"0";"0";"0";"0";"0";"0";"0";"0";"0";"0";"0";"0";"0";"0";"0";"0";"0";"0";"0";"0";"0";"0";"0";"0";"0";"0";"0";"0";"0";"0";"0";"0";"0";"0";"0";"0";"0";"0";"12";"2326923_12"
"researcher";2326923;"Dit was de dag dat Nederland ""een patiënt"" werd";"2020-03-12";"https://nos.nl/artikel/2326923-dit-was-de-dag-dat-nederland-een-patient-werd";"Jaap van Dissel";"Persoon";"Openbare en semiopenbare instellingen";"";"";"1";"0";"10";"0";"0";"0";"0";"0";"0";"0";"0";"0";"0";"0";"0";"0";"0";"0";"0";"0";"0";"0";"0";"0";"0";"0";"0";"0";"0";"0";"0";"0";"0";"0";"0";"0";"0";"0";"0";"0";"0";"0";"0";"0";"0";"0";"0";"0";"0";"0";"0";"0";"0";"0";"0";"0";"0";"0";"0";"0";"0";"0";"0";"0";"0";"0";"0";"0";"0";"0";"0";"0";"0";"0";"0";"0";"6";"2326923_6"
"second_coder";2326923;"Dit was de dag dat Nederland ""een patiënt"" werd";"2020-03-12";"https://nos.nl/artikel/2326923-dit-was-de-dag-dat-nederland-een-patient-werd";"Jaap van Dissel";"Persoon";"Openbare en semiopenbare instellingen";"";"";"1";"0";"10";"0";"0";"0";"0";"0";"0";"0";"0";"0";"0";"0";"0";"0";"0";"0";"0";"0";"0";"0";"0";"0";"0";"0";"0";"0";"0";"0";"0";"0";"0";"0";"0";"0";"0";"0";"0";"0";"0";"0";"0";"0";"0";"0";"0";"0";"0";"0";"0";"0";"0";"0";"0";"0";"0";"0";"0";"0";"0";"0";"0";"0";"0";"0";"0";"0";"0";"0";"0";"0";"0";"0";"0";"0";"6";"2326923_6"
"main_coder";2326923;"Dit was de dag dat Nederland ""een patiënt"" werd";"2020-03-12";"https://nos.nl/artikel/2326923-dit-was-de-dag-dat-nederland-een-patient-werd";"Jaap van Dissel";"Persoon";"Openbare en semiopenbare instellingen";"";"";"1";"0";"10";"0";"0";"0";"0";"0";"0";"0";"0";"0";"0";"0";"0";"0";"0";"0";"0";"0";"0";"0";"0";"0";"0";"0";"0";"0";"0";"0";"0";"0";"0";"0";"0";"0";"0";"0";"0";"0";"0";"0";"0";"0";"0";"0";"0";"0";"0";"0";"0";"0";"0";"0";"0";"0";"0";"0";"0";"0";"0";"0";"0";"0";"0";"0";"0";"0";"0";"0";"0";"0";"0";"0";"0";"0";"6";"2326923_6"
"researcher";2326923;"Dit was de dag dat Nederland ""een patiënt"" werd";"2020-03-12";"https://nos.nl/artikel/2326923-dit-was-de-dag-dat-nederland-een-patient-werd";"Kabinet";"Organisatie";"NL - Nationale regering - executive / uitvoerende macht";"";"NvT";"1";"1";"13";"1";"0";"0";"0";"0";"0";"0";"0";"0";"0";"0";"0";"0";"0";"0";"0";"0";"0";"0";"0";"0";"0";"0";"0";"0";"0";"0";"0";"0";"1";"1";"0";"0";"0";"0";"0";"0";"0";"0";"0";"0";"0";"0";"0";"0";"0";"0";"0";"0";"0";"0";"0";"0";"0";"0";"0";"0";"0";"0";"0";"0";"0";"0";"0";"0";"0";"0";"0";"0";"0";"0";"0";"0";"7";"2326923_7"
"second_coder";2326923;"Dit was de dag dat Nederland ""een patiënt"" werd";"2020-03-12";"https://nos.nl/artikel/2326923-dit-was-de-dag-dat-nederland-een-patient-werd";"Kabinet";"Organisatie";"NL - Nationale regering - executive / uitvoerende macht";"";"NvT";"0";"1";"13";"1";"0";"0";"0";"0";"0";"0";"0";"0";"0";"0";"0";"0";"0";"0";"0";"0";"0";"0";"0";"0";"0";"0";"0";"0";"0";"0";"0";"0";"1";"1";"0";"0";"0";"0";"0";"0";"0";"0";"0";"0";"0";"0";"0";"0";"0";"0";"0";"0";"0";"0";"0";"0";"0";"0";"0";"0";"0";"0";"0";"0";"0";"0";"0";"0";"0";"0";"0";"0";"0";"0";"0";"0";"7";"2326923_7"
"main_coder";2326923;"Dit was de dag dat Nederland ""een patiënt"" werd";"2020-03-12";"https://nos.nl/artikel/2326923-dit-was-de-dag-dat-nederland-een-patient-werd";"Kabinet";"Organisatie";"NL - Nationale regering - executive / uitvoerende macht";"";"NvT";"1";"1";"15";"1";"0";"0";"0";"0";"0";"0";"0";"0";"0";"0";"0";"0";"0";"0";"0";"0";"0";"0";"0";"0";"0";"0";"0";"0";"0";"0";"0";"0";"0";"0";"0";"0";"0";"0";"0";"0";"0";"0";"0";"0";"0";"0";"0";"0";"0";"0";"0";"0";"0";"0";"0";"0";"0";"0";"0";"0";"0";"0";"0";"0";"0";"0";"0";"0";"0";"0";"0";"0";"1";"1";"0";"0";"7";"2326923_7"
"researcher";2326923;"Dit was de dag dat Nederland ""een patiënt"" werd";"2020-03-12";"https://nos.nl/artikel/2326923-dit-was-de-dag-dat-nederland-een-patient-werd";"Ministerie van Buitenlandse zaken";"Organisatie";"NL - Nationale regering - executive / uitvoerende macht";"";"NvT";"0";"1";"10";"1";"0";"0";"0";"0";"0";"0";"0";"0";"0";"0";"0";"0";"0";"0";"0";"0";"0";"0";"0";"0";"0";"0";"0";"0";"0";"0";"0";"0";"0";"0";"0";"0";"0";"0";"0";"0";"0";"0";"0";"0";"0";"0";"0";"0";"1";"1";"0";"0";"0";"0";"0";"0";"0";"0";"0";"0";"0";"0";"0";"0";"0";"0";"0";"0";"0";"0";"0";"0";"0";"0";"0";"0";"8";"2326923_8"
"second_coder";2326923;"Dit was de dag dat Nederland ""een patiënt"" werd";"2020-03-12";"https://nos.nl/artikel/2326923-dit-was-de-dag-dat-nederland-een-patient-werd";"Ministerie van Buitenlandse zaken";"Organisatie";"NL - Nationale regering - executive / uitvoerende macht";"";"NvT";"0";"1";"10";"1";"0";"0";"0";"0";"0";"0";"0";"0";"0";"0";"0";"0";"0";"0";"0";"0";"0";"0";"0";"0";"0";"0";"0";"0";"0";"0";"0";"0";"0";"0";"0";"0";"0";"0";"0";"0";"0";"0";"0";"0";"0";"0";"0";"0";"1";"1";"0";"0";"0";"0";"0";"0";"0";"0";"0";"0";"0";"0";"0";"0";"0";"0";"0";"0";"0";"0";"0";"0";"0";"0";"0";"0";"8";"2326923_8"
"main_coder";2326923;"Dit was de dag dat Nederland ""een patiënt"" werd";"2020-03-12";"https://nos.nl/artikel/2326923-dit-was-de-dag-dat-nederland-een-patient-werd";"Ministerie van Buitenlandse zaken";"Organisatie";"NL - Nationale regering - executive / uitvoerende macht";"";"NvT";"0";"1";"10";"1";"0";"0";"0";"0";"0";"0";"0";"0";"0";"0";"0";"0";"0";"0";"0";"0";"0";"0";"0";"0";"0";"0";"0";"0";"0";"0";"0";"0";"0";"0";"0";"0";"0";"0";"0";"0";"0";"0";"0";"0";"0";"0";"0";"0";"1";"1";"0";"0";"0";"0";"0";"0";"0";"0";"0";"0";"0";"0";"0";"0";"0";"0";"0";"0";"0";"0";"0";"0";"0";"0";"0";"0";"8";"2326923_8"
"researcher";2326923;"Dit was de dag dat Nederland ""een patiënt"" werd";"2020-03-12";"https://nos.nl/artikel/2326923-dit-was-de-dag-dat-nederland-een-patient-werd";"Mustafa Marghadi";"Persoon";"Journalisten anders dan de schrijver van het huidige artikel of nieuwsorganisaties anders dan de nieuwsorganisatie van het huidige artikel.";"";"";"1";"0";"1";"0";"0";"0";"0";"0";"0";"0";"0";"0";"0";"0";"0";"0";"0";"0";"0";"0";"0";"0";"0";"0";"0";"0";"0";"0";"0";"0";"0";"0";"0";"0";"0";"0";"0";"0";"0";"0";"0";"0";"0";"0";"0";"0";"0";"0";"0";"0";"0";"0";"0";"0";"0";"0";"0";"0";"0";"0";"0";"0";"0";"0";"0";"0";"0";"0";"0";"0";"0";"0";"0";"0";"0";"0";"9";"2326923_9"
"second_coder";2326923;"Dit was de dag dat Nederland ""een patiënt"" werd";"2020-03-12";"https://nos.nl/artikel/2326923-dit-was-de-dag-dat-nederland-een-patient-werd";"Mustafa Marghadi";"Persoon";"Journalisten anders dan de schrijver van het huidige artikel of nieuwsorganisaties anders dan de nieuwsorganisatie van het huidige artikel.";"";"";"1";"0";"1";"0";"0";"0";"0";"0";"0";"0";"0";"0";"0";"0";"0";"0";"0";"0";"0";"0";"0";"0";"0";"0";"0";"0";"0";"0";"0";"0";"0";"0";"0";"0";"0";"0";"0";"0";"0";"0";"0";"0";"0";"0";"0";"0";"0";"0";"0";"0";"0";"0";"0";"0";"0";"0";"0";"0";"0";"0";"0";"0";"0";"0";"0";"0";"0";"0";"0";"0";"0";"0";"0";"0";"0";"0";"9";"2326923_9"
"main_coder";2326923;"Dit was de dag dat Nederland ""een patiënt"" werd";"2020-03-12";"https://nos.nl/artikel/2326923-dit-was-de-dag-dat-nederland-een-patient-werd";"Mustafa Marghadi";"Persoon";"Journalisten anders dan de schrijver van het huidige artikel of nieuwsorganisaties anders dan de nieuwsorganisatie van het huidige artikel.";"";"";"1";"0";"1";"0";"0";"0";"0";"0";"0";"0";"0";"0";"0";"0";"0";"0";"0";"0";"0";"0";"0";"0";"0";"0";"0";"0";"0";"0";"0";"0";"0";"0";"0";"0";"0";"0";"0";"0";"0";"0";"0";"0";"0";"0";"0";"0";"0";"0";"0";"0";"0";"0";"0";"0";"0";"0";"0";"0";"0";"0";"0";"0";"0";"0";"0";"0";"0";"0";"0";"0";"0";"0";"0";"0";"0";"0";"9";"2326923_9"
"researcher";2328119;"Aanscherping coronamaatregelen is een hard gelag: ""Het valt ons zwaar""";"2020-03-23";"https://nos.nl/artikel/2328119-aanscherping-coronamaatregelen-is-een-hard-gelag-het-valt-ons-zwaar";"ACP";"Organisatie";"Niet-governementele organisaties (NGO), maatschappelijke organisaties, en hun leden";"";"";"1";"1";"34";"1";"0";"0";"0";"0";"0";"0";"0";"0";"0";"0";"0";"0";"0";"0";"0";"0";"0";"0";"0";"0";"0";"0";"0";"0";"0";"0";"0";"0";"0";"0";"0";"0";"0";"0";"0";"0";"0";"0";"0";"0";"0";"0";"0";"0";"0";"0";"0";"0";"0";"0";"0";"0";"1";"1";"0";"0";"0";"0";"0";"0";"0";"0";"0";"0";"0";"0";"0";"0";"0";"0";"0";"0";"13";"2328119_13"
"second_coder";2328119;"Aanscherping coronamaatregelen is een hard gelag: ""Het valt ons zwaar""";"2020-03-23";"https://nos.nl/artikel/2328119-aanscherping-coronamaatregelen-is-een-hard-gelag-het-valt-ons-zwaar";"ACP";"Organisatie";"Niet-governementele organisaties (NGO), maatschappelijke organisaties, en hun leden";"";"";"1";"1";"34";"1";"0";"0";"0";"0";"0";"0";"0";"0";"0";"0";"0";"0";"0";"0";"0";"0";"0";"0";"0";"0";"0";"0";"0";"0";"0";"0";"0";"0";"0";"0";"0";"0";"0";"0";"0";"0";"0";"0";"0";"0";"0";"0";"0";"0";"0";"0";"0";"0";"0";"0";"0";"0";"1";"1";"0";"0";"0";"0";"0";"0";"0";"0";"0";"0";"0";"0";"0";"0";"0";"0";"0";"0";"13";"2328119_13"
"main_coder";2328119;"Aanscherping coronamaatregelen is een hard gelag: ""Het valt ons zwaar""";"2020-03-23";"https://nos.nl/artikel/2328119-aanscherping-coronamaatregelen-is-een-hard-gelag-het-valt-ons-zwaar";"ACP";"Organisatie";"Niet-governementele organisaties (NGO), maatschappelijke organisaties, en hun leden";"";"";"1";"1";"33";"1";"0";"0";"0";"0";"0";"0";"0";"0";"0";"0";"0";"0";"0";"0";"0";"0";"0";"0";"0";"0";"0";"0";"0";"0";"0";"0";"0";"0";"0";"0";"0";"0";"0";"0";"0";"0";"0";"0";"0";"0";"0";"0";"0";"0";"0";"0";"0";"0";"0";"0";"0";"0";"1";"0";"0";"1";"0";"0";"0";"0";"0";"0";"0";"0";"0";"0";"0";"0";"0";"0";"0";"0";"13";"2328119_13"
"researcher";2328119;"Aanscherping coronamaatregelen is een hard gelag: ""Het valt ons zwaar""";"2020-03-23";"https://nos.nl/artikel/2328119-aanscherping-coronamaatregelen-is-een-hard-gelag-het-valt-ons-zwaar";"KNZB";"Organisatie";"Niet-governementele organisaties (NGO), maatschappelijke organisaties, en hun leden";"";"";"1";"0";"32";"1";"0";"0";"0";"0";"0";"0";"0";"0";"0";"0";"0";"0";"0";"0";"0";"0";"0";"0";"0";"0";"0";"0";"0";"0";"0";"0";"0";"0";"0";"0";"0";"0";"0";"0";"0";"0";"0";"0";"0";"0";"0";"0";"0";"0";"0";"0";"0";"0";"1";"0";"0";"1";"0";"0";"0";"0";"0";"0";"0";"0";"0";"0";"0";"0";"0";"0";"0";"0";"0";"0";"0";"0";"14";"2328119_14"
"second_coder";2328119;"Aanscherping coronamaatregelen is een hard gelag: ""Het valt ons zwaar""";"2020-03-23";"https://nos.nl/artikel/2328119-aanscherping-coronamaatregelen-is-een-hard-gelag-het-valt-ons-zwaar";"KNZB";"Organisatie";"Niet-governementele organisaties (NGO), maatschappelijke organisaties, en hun leden";"";"";"1";"0";"32";"1";"0";"0";"0";"0";"0";"0";"0";"0";"0";"0";"0";"0";"0";"0";"0";"0";"0";"0";"0";"0";"0";"0";"0";"0";"0";"0";"0";"0";"0";"0";"0";"0";"0";"0";"0";"0";"0";"0";"0";"0";"0";"0";"0";"0";"0";"0";"0";"0";"1";"0";"0";"1";"0";"0";"0";"0";"0";"0";"0";"0";"0";"0";"0";"0";"0";"0";"0";"0";"0";"0";"0";"0";"14";"2328119_14"
"main_coder";2328119;"Aanscherping coronamaatregelen is een hard gelag: ""Het valt ons zwaar""";"2020-03-23";"https://nos.nl/artikel/2328119-aanscherping-coronamaatregelen-is-een-hard-gelag-het-valt-ons-zwaar";"KNZB";"Organisatie";"Zakelijke organisaties en hun werknemers";"";"";"1";"0";"32";"1";"0";"0";"0";"0";"0";"0";"0";"0";"0";"0";"0";"0";"0";"0";"0";"0";"0";"0";"0";"0";"0";"0";"0";"0";"0";"0";"0";"0";"0";"0";"0";"0";"0";"0";"0";"0";"0";"0";"0";"0";"0";"0";"0";"0";"0";"0";"0";"0";"1";"0";"0";"1";"0";"0";"0";"0";"0";"0";"0";"0";"0";"0";"0";"0";"0";"0";"0";"0";"0";"0";"0";"0";"14";"2328119_14"
"researcher";2328119;"Aanscherping coronamaatregelen is een hard gelag: ""Het valt ons zwaar""";"2020-03-23";"https://nos.nl/artikel/2328119-aanscherping-coronamaatregelen-is-een-hard-gelag-het-valt-ons-zwaar";"NBB";"Organisatie";"Niet-governementele organisaties (NGO), maatschappelijke organisaties, en hun leden";"";"";"1";"1";"31";"1";"0";"0";"0";"0";"0";"0";"0";"0";"0";"0";"0";"0";"0";"0";"0";"0";"0";"0";"0";"0";"0";"0";"0";"0";"0";"0";"0";"0";"0";"0";"0";"0";"0";"0";"0";"0";"0";"0";"0";"0";"0";"0";"0";"0";"0";"0";"0";"0";"1";"0";"0";"1";"0";"0";"0";"0";"0";"0";"0";"0";"0";"0";"0";"0";"0";"0";"0";"0";"0";"0";"0";"0";"15";"2328119_15"
"second_coder";2328119;"Aanscherping coronamaatregelen is een hard gelag: ""Het valt ons zwaar""";"2020-03-23";"https://nos.nl/artikel/2328119-aanscherping-coronamaatregelen-is-een-hard-gelag-het-valt-ons-zwaar";"NBB";"Organisatie";"Niet-governementele organisaties (NGO), maatschappelijke organisaties, en hun leden";"";"";"1";"1";"31";"1";"0";"0";"0";"0";"0";"0";"0";"0";"0";"0";"0";"0";"0";"0";"0";"0";"0";"0";"0";"0";"0";"0";"0";"0";"0";"0";"0";"0";"0";"0";"0";"0";"0";"0";"0";"0";"0";"0";"0";"0";"0";"0";"0";"0";"0";"0";"0";"0";"1";"0";"0";"1";"0";"0";"0";"0";"0";"0";"0";"0";"0";"0";"0";"0";"0";"0";"0";"0";"0";"0";"0";"0";"15";"2328119_15"
"main_coder";2328119;"Aanscherping coronamaatregelen is een hard gelag: ""Het valt ons zwaar""";"2020-03-23";"https://nos.nl/artikel/2328119-aanscherping-coronamaatregelen-is-een-hard-gelag-het-valt-ons-zwaar";"NBB";"Organisatie";"Zakelijke organisaties en hun werknemers";"";"";"1";"1";"31";"0";"0";"0";"0";"0";"0";"0";"0";"0";"0";"0";"0";"0";"0";"0";"0";"0";"0";"0";"0";"0";"0";"0";"0";"0";"0";"0";"0";"0";"0";"0";"0";"0";"0";"0";"0";"0";"0";"0";"0";"0";"0";"0";"0";"0";"0";"0";"0";"0";"0";"0";"0";"0";"0";"0";"0";"0";"0";"0";"0";"0";"0";"0";"0";"0";"0";"0";"0";"0";"0";"0";"0";"0";"15";"2328119_15"
"researcher";2328119;"Aanscherping coronamaatregelen is een hard gelag: ""Het valt ons zwaar""";"2020-03-23";"https://nos.nl/artikel/2328119-aanscherping-coronamaatregelen-is-een-hard-gelag-het-valt-ons-zwaar";"Paaspop";"Organisatie";"Zakelijke organisaties en hun werknemers";"";"";"1";"1";"36";"1";"0";"0";"0";"0";"0";"0";"0";"0";"0";"0";"0";"0";"0";"0";"0";"0";"0";"0";"0";"0";"0";"0";"0";"0";"0";"0";"0";"0";"0";"0";"0";"0";"0";"0";"0";"0";"0";"0";"0";"0";"0";"0";"0";"0";"0";"0";"0";"0";"0";"0";"0";"0";"1";"0";"1";"0";"0";"0";"0";"0";"0";"0";"0";"0";"0";"0";"0";"0";"0";"0";"0";"0";"16";"2328119_16"
"second_coder";2328119;"Aanscherping coronamaatregelen is een hard gelag: ""Het valt ons zwaar""";"2020-03-23";"https://nos.nl/artikel/2328119-aanscherping-coronamaatregelen-is-een-hard-gelag-het-valt-ons-zwaar";"Paaspop";"Organisatie";"Zakelijke organisaties en hun werknemers";"";"";"1";"1";"36";"1";"1";"0";"0";"1";"0";"0";"0";"0";"0";"0";"0";"0";"0";"0";"0";"0";"0";"0";"0";"0";"0";"0";"0";"0";"0";"0";"0";"0";"0";"0";"0";"0";"0";"0";"0";"0";"0";"0";"0";"0";"0";"0";"0";"0";"0";"0";"0";"0";"0";"0";"0";"0";"0";"0";"0";"0";"0";"0";"0";"0";"0";"0";"0";"0";"0";"0";"0";"0";"0";"0";"0";"0";"16";"2328119_16"
"main_coder";2328119;"Aanscherping coronamaatregelen is een hard gelag: ""Het valt ons zwaar""";"2020-03-23";"https://nos.nl/artikel/2328119-aanscherping-coronamaatregelen-is-een-hard-gelag-het-valt-ons-zwaar";"Paaspop";"Organisatie";"Niet-governementele organisaties (NGO), maatschappelijke organisaties, en hun leden";"";"";"1";"0";"15";"1";"0";"0";"0";"0";"0";"0";"0";"0";"0";"0";"0";"0";"0";"0";"0";"0";"0";"0";"0";"0";"0";"0";"0";"0";"0";"0";"0";"0";"0";"0";"0";"0";"0";"0";"0";"0";"0";"0";"0";"0";"0";"0";"0";"0";"0";"0";"0";"0";"0";"0";"0";"0";"1";"0";"1";"0";"0";"0";"0";"0";"0";"0";"0";"0";"0";"0";"0";"0";"0";"0";"0";"0";"16";"2328119_16"
"researcher";2328119;"Aanscherping coronamaatregelen is een hard gelag: ""Het valt ons zwaar""";"2020-03-23";"https://nos.nl/artikel/2328119-aanscherping-coronamaatregelen-is-een-hard-gelag-het-valt-ons-zwaar";"The Passion";"Organisatie";"Zakelijke organisaties en hun werknemers";"";"";"0";"1";"9";"1";"0";"0";"0";"0";"0";"0";"0";"0";"0";"0";"0";"0";"0";"0";"0";"0";"0";"0";"0";"0";"0";"0";"0";"0";"0";"0";"0";"0";"0";"0";"0";"0";"0";"0";"0";"0";"0";"0";"0";"0";"0";"0";"0";"0";"0";"0";"0";"0";"0";"0";"0";"0";"1";"0";"0";"1";"0";"0";"0";"0";"0";"0";"0";"0";"0";"0";"0";"0";"0";"0";"0";"0";"17";"2328119_17"
"second_coder";2328119;"Aanscherping coronamaatregelen is een hard gelag: ""Het valt ons zwaar""";"2020-03-23";"https://nos.nl/artikel/2328119-aanscherping-coronamaatregelen-is-een-hard-gelag-het-valt-ons-zwaar";"The Passion";"Organisatie";"Zakelijke organisaties en hun werknemers";"";"";"0";"1";"9";"1";"0";"0";"0";"0";"0";"0";"0";"0";"0";"0";"0";"0";"0";"0";"0";"0";"0";"0";"0";"0";"0";"0";"0";"0";"0";"0";"0";"0";"0";"0";"0";"0";"0";"0";"0";"0";"0";"0";"0";"0";"0";"0";"0";"0";"0";"0";"0";"0";"0";"0";"0";"0";"1";"0";"0";"1";"0";"0";"0";"0";"0";"0";"0";"0";"0";"0";"0";"0";"0";"0";"0";"0";"17";"2328119_17"
"main_coder";2328119;"Aanscherping coronamaatregelen is een hard gelag: ""Het valt ons zwaar""";"2020-03-23";"https://nos.nl/artikel/2328119-aanscherping-coronamaatregelen-is-een-hard-gelag-het-valt-ons-zwaar";"The Passion";"Organisatie";"Niet-governementele organisaties (NGO), maatschappelijke organisaties, en hun leden";"";"";"0";"1";"8";"1";"0";"0";"0";"0";"0";"0";"0";"0";"0";"0";"0";"0";"0";"0";"0";"0";"0";"0";"0";"0";"0";"0";"0";"0";"0";"0";"0";"0";"0";"0";"0";"0";"0";"0";"0";"0";"0";"0";"0";"0";"0";"0";"0";"0";"0";"0";"0";"0";"0";"0";"0";"0";"1";"0";"0";"1";"0";"0";"0";"0";"0";"0";"0";"0";"0";"0";"0";"0";"0";"0";"0";"0";"17";"2328119_17"
"second_coder";2328119;"Aanscherping coronamaatregelen is een hard gelag: ""Het valt ons zwaar""";"2020-03-23";"https://nos.nl/artikel/2328119-aanscherping-coronamaatregelen-is-een-hard-gelag-het-valt-ons-zwaar";"Voetbalbond KNVB";"Organisatie";"Niet-governementele organisaties (NGO), maatschappelijke organisaties, en hun leden";"";"";"1";"1";"44";"1";"0";"0";"0";"0";"0";"0";"0";"0";"0";"0";"0";"0";"0";"0";"0";"0";"0";"0";"0";"0";"0";"0";"0";"0";"0";"0";"0";"0";"0";"0";"0";"0";"0";"0";"0";"0";"0";"0";"0";"0";"0";"0";"0";"0";"0";"0";"0";"0";"1";"0";"0";"1";"0";"0";"0";"0";"0";"0";"0";"0";"0";"0";"0";"0";"0";"0";"0";"0";"0";"0";"0";"0";"18";"2328119_18"
"researcher";2328119;"Aanscherping coronamaatregelen is een hard gelag: ""Het valt ons zwaar""";"2020-03-23";"https://nos.nl/artikel/2328119-aanscherping-coronamaatregelen-is-een-hard-gelag-het-valt-ons-zwaar";"woordvoerder van de KNVB";"Persoon";"Niet-governementele organisaties (NGO), maatschappelijke organisaties, en hun leden";"";"";"1";"0";"30";"1";"0";"0";"0";"0";"0";"0";"0";"0";"0";"0";"0";"0";"0";"0";"0";"0";"0";"0";"0";"0";"0";"0";"0";"0";"0";"0";"0";"0";"0";"0";"0";"0";"0";"0";"0";"0";"0";"0";"0";"0";"0";"0";"0";"0";"0";"0";"0";"0";"1";"0";"0";"1";"0";"0";"0";"0";"0";"0";"0";"0";"0";"0";"0";"0";"0";"0";"0";"0";"0";"0";"0";"0";"19";"2328119_19"
"main_coder";2328119;"Aanscherping coronamaatregelen is een hard gelag: ""Het valt ons zwaar""";"2020-03-23";"https://nos.nl/artikel/2328119-aanscherping-coronamaatregelen-is-een-hard-gelag-het-valt-ons-zwaar";"woordvoerder van de KNVB";"Persoon";"Zakelijke organisaties en hun werknemers";"";"";"1";"0";"30";"1";"0";"0";"0";"0";"0";"0";"0";"0";"0";"0";"0";"0";"0";"0";"0";"0";"0";"0";"0";"0";"0";"0";"0";"0";"0";"0";"0";"0";"0";"0";"0";"0";"0";"0";"0";"0";"0";"0";"0";"0";"0";"0";"0";"0";"0";"0";"0";"0";"1";"0";"0";"1";"0";"0";"0";"0";"0";"0";"0";"0";"0";"0";"0";"0";"0";"0";"0";"0";"0";"0";"0";"0";"19";"2328119_19"
"researcher";2328418;"Brabantse ziekenhuizen denken piek van IC-patiënten aan te kunnen";"2020-03-26";"https://nos.nl/artikel/2328418-brabantse-ziekenhuizen-denken-piek-van-ic-patienten-aan-te-kunnen";"Bart Berden";"Persoon";"Wetenschappelijke/medische organisaties en onderzoekers";"";"";"1";"1";"140";"0";"0";"0";"0";"0";"0";"0";"0";"0";"0";"0";"0";"0";"0";"0";"0";"0";"0";"0";"0";"0";"0";"0";"0";"0";"0";"0";"0";"0";"0";"0";"0";"0";"0";"0";"0";"0";"0";"0";"0";"0";"0";"0";"0";"0";"0";"0";"0";"0";"0";"0";"0";"0";"0";"0";"0";"0";"0";"0";"0";"0";"0";"0";"0";"0";"0";"0";"0";"0";"0";"0";"0";"0";"20";"2328418_20"
"second_coder";2328418;"Brabantse ziekenhuizen denken piek van IC-patiënten aan te kunnen";"2020-03-26";"https://nos.nl/artikel/2328418-brabantse-ziekenhuizen-denken-piek-van-ic-patienten-aan-te-kunnen";"Bart Berden";"Persoon";"Wetenschappelijke/medische organisaties en onderzoekers";"";"";"1";"1";"116";"0";"0";"0";"0";"0";"0";"0";"0";"0";"0";"0";"0";"0";"0";"0";"0";"0";"0";"0";"0";"0";"0";"0";"0";"0";"0";"0";"0";"0";"0";"0";"0";"0";"0";"0";"0";"0";"0";"0";"0";"0";"0";"0";"0";"0";"0";"0";"0";"0";"0";"0";"0";"0";"0";"0";"0";"0";"0";"0";"0";"0";"0";"0";"0";"0";"0";"0";"0";"0";"0";"0";"0";"0";"20";"2328418_20"
"main_coder";2328418;"Brabantse ziekenhuizen denken piek van IC-patiënten aan te kunnen";"2020-03-26";"https://nos.nl/artikel/2328418-brabantse-ziekenhuizen-denken-piek-van-ic-patienten-aan-te-kunnen";"Bart Berden";"Persoon";"Wetenschappelijke/medische organisaties en onderzoekers";"";"";"1";"1";"140";"0";"0";"0";"0";"0";"0";"0";"0";"0";"0";"0";"0";"0";"0";"0";"0";"0";"0";"0";"0";"0";"0";"0";"0";"0";"0";"0";"0";"0";"0";"0";"0";"0";"0";"0";"0";"0";"0";"0";"0";"0";"0";"0";"0";"0";"0";"0";"0";"0";"0";"0";"0";"0";"0";"0";"0";"0";"0";"0";"0";"0";"0";"0";"0";"0";"0";"0";"0";"0";"0";"0";"0";"0";"20";"2328418_20"
"second_coder";2328418;"Brabantse ziekenhuizen denken piek van IC-patiënten aan te kunnen";"2020-03-26";"https://nos.nl/artikel/2328418-brabantse-ziekenhuizen-denken-piek-van-ic-patienten-aan-te-kunnen";"Brabantse ziekenhuizen";"Organisatie";"Wetenschappelijke/medische organisaties en onderzoekers";"";"";"1";"0";"10";"0";"0";"0";"0";"0";"0";"0";"0";"0";"0";"0";"0";"0";"0";"0";"0";"0";"0";"0";"0";"0";"0";"0";"0";"0";"0";"0";"0";"0";"0";"0";"0";"0";"0";"0";"0";"0";"0";"0";"0";"0";"0";"0";"0";"0";"0";"0";"0";"0";"0";"0";"0";"0";"0";"0";"0";"0";"0";"0";"0";"0";"0";"0";"0";"0";"0";"0";"0";"0";"0";"0";"0";"0";"21";"2328418_21"
"researcher";2328418;"Brabantse ziekenhuizen denken piek van IC-patiënten aan te kunnen";"2020-03-26";"https://nos.nl/artikel/2328418-brabantse-ziekenhuizen-denken-piek-van-ic-patienten-aan-te-kunnen";"Diederik Gommers";"Persoon";"Niet-governementele organisaties (NGO), maatschappelijke organisaties, en hun leden";"";"";"1";"1";"81";"1";"1";"1";"0";"0";"0";"0";"0";"0";"0";"0";"0";"0";"0";"0";"0";"0";"0";"0";"0";"0";"0";"0";"0";"0";"0";"0";"0";"0";"0";"0";"0";"0";"0";"0";"0";"0";"0";"0";"0";"0";"0";"0";"0";"0";"0";"0";"0";"0";"0";"0";"0";"0";"0";"0";"0";"0";"0";"0";"0";"0";"0";"0";"0";"0";"0";"0";"0";"0";"0";"0";"0";"0";"22";"2328418_22"
"second_coder";2328418;"Brabantse ziekenhuizen denken piek van IC-patiënten aan te kunnen";"2020-03-26";"https://nos.nl/artikel/2328418-brabantse-ziekenhuizen-denken-piek-van-ic-patienten-aan-te-kunnen";"Diederik Gommers";"Persoon";"Niet-governementele organisaties (NGO), maatschappelijke organisaties, en hun leden";"";"";"1";"1";"73";"1";"1";"1";"0";"0";"0";"0";"0";"0";"0";"0";"0";"0";"0";"0";"0";"0";"0";"0";"0";"0";"0";"0";"0";"0";"0";"0";"0";"0";"0";"0";"0";"0";"0";"0";"0";"0";"0";"0";"0";"0";"0";"0";"0";"0";"0";"0";"0";"0";"0";"0";"0";"0";"0";"0";"0";"0";"0";"0";"0";"0";"0";"0";"0";"0";"0";"0";"0";"0";"0";"0";"0";"0";"22";"2328418_22"
"main_coder";2328418;"Brabantse ziekenhuizen denken piek van IC-patiënten aan te kunnen";"2020-03-26";"https://nos.nl/artikel/2328418-brabantse-ziekenhuizen-denken-piek-van-ic-patienten-aan-te-kunnen";"Diederik Gommers";"Persoon";"Wetenschappelijke/medische organisaties en onderzoekers";"";"";"1";"1";"81";"0";"0";"0";"0";"0";"0";"0";"0";"0";"0";"0";"0";"0";"0";"0";"0";"0";"0";"0";"0";"0";"0";"0";"0";"0";"0";"0";"0";"0";"0";"0";"0";"0";"0";"0";"0";"0";"0";"0";"0";"0";"0";"0";"0";"0";"0";"0";"0";"0";"0";"0";"0";"0";"0";"0";"0";"0";"0";"0";"0";"0";"0";"0";"0";"0";"0";"0";"0";"0";"0";"0";"0";"0";"22";"2328418_22"
"researcher";2328680;"Coronanieuws 28 maart: onveilige mondkapjes en ziekenhuis wil hulp van Duitsland";"2020-03-28";"https://nos.nl/artikel/2328680-coronanieuws-28-maart-onveilige-mondkapjes-en-ziekenhuis-wil-hulp-van-duitsland";"Het Brabants Dagblad";"Organisatie";"Journalisten anders dan de schrijver van het huidige artikel of nieuwsorganisaties anders dan de nieuwsorganisatie van het huidige artikel.";"";"";"0";"1";"9";"0";"0";"0";"0";"0";"0";"0";"0";"0";"0";"0";"0";"0";"0";"0";"0";"0";"0";"0";"0";"0";"0";"0";"0";"0";"0";"0";"0";"0";"0";"0";"0";"0";"0";"0";"0";"0";"0";"0";"0";"0";"0";"0";"0";"0";"0";"0";"0";"0";"0";"0";"0";"0";"0";"0";"0";"0";"0";"0";"0";"0";"0";"0";"0";"0";"0";"0";"0";"0";"0";"0";"0";"0";"23";"2328680_23"
"second_coder";2328680;"Coronanieuws 28 maart: onveilige mondkapjes en ziekenhuis wil hulp van Duitsland";"2020-03-28";"https://nos.nl/artikel/2328680-coronanieuws-28-maart-onveilige-mondkapjes-en-ziekenhuis-wil-hulp-van-duitsland";"Het Brabants Dagblad";"Organisatie";"Journalisten anders dan de schrijver van het huidige artikel of nieuwsorganisaties anders dan de nieuwsorganisatie van het huidige artikel.";"";"";"0";"1";"9";"0";"0";"0";"0";"0";"0";"0";"0";"0";"0";"0";"0";"0";"0";"0";"0";"0";"0";"0";"0";"0";"0";"0";"0";"0";"0";"0";"0";"0";"0";"0";"0";"0";"0";"0";"0";"0";"0";"0";"0";"0";"0";"0";"0";"0";"0";"0";"0";"0";"0";"0";"0";"0";"0";"0";"0";"0";"0";"0";"0";"0";"0";"0";"0";"0";"0";"0";"0";"0";"0";"0";"0";"0";"23";"2328680_23"
"main_coder";2328680;"Coronanieuws 28 maart: onveilige mondkapjes en ziekenhuis wil hulp van Duitsland";"2020-03-28";"https://nos.nl/artikel/2328680-coronanieuws-28-maart-onveilige-mondkapjes-en-ziekenhuis-wil-hulp-van-duitsland";"Het Brabants Dagblad";"Organisatie";"Journalisten anders dan de schrijver van het huidige artikel of nieuwsorganisaties anders dan de nieuwsorganisatie van het huidige artikel.";"";"";"0";"1";"9";"0";"0";"0";"0";"0";"0";"0";"0";"0";"0";"0";"0";"0";"0";"0";"0";"0";"0";"0";"0";"0";"0";"0";"0";"0";"0";"0";"0";"0";"0";"0";"0";"0";"0";"0";"0";"0";"0";"0";"0";"0";"0";"0";"0";"0";"0";"0";"0";"0";"0";"0";"0";"0";"0";"0";"0";"0";"0";"0";"0";"0";"0";"0";"0";"0";"0";"0";"0";"0";"0";"0";"0";"0";"23";"2328680_23"
"main_coder";2328680;"Coronanieuws 28 maart: onveilige mondkapjes en ziekenhuis wil hulp van Duitsland";"2020-03-28";"https://nos.nl/artikel/2328680-coronanieuws-28-maart-onveilige-mondkapjes-en-ziekenhuis-wil-hulp-van-duitsland";"Het Isala Ziekenhuis";"Organisatie";"Wetenschappelijke/medische organisaties en onderzoekers";"";"";"0";"1";"16";"0";"0";"0";"0";"0";"0";"0";"0";"0";"0";"0";"0";"0";"0";"0";"0";"0";"0";"0";"0";"0";"0";"0";"0";"0";"0";"0";"0";"0";"0";"0";"0";"0";"0";"0";"0";"0";"0";"0";"0";"0";"0";"0";"0";"0";"0";"0";"0";"0";"0";"0";"0";"0";"0";"0";"0";"0";"0";"0";"0";"0";"0";"0";"0";"0";"0";"0";"0";"0";"0";"0";"0";"0";"24";"2328680_24"
"researcher";2328680;"Coronanieuws 28 maart: onveilige mondkapjes en ziekenhuis wil hulp van Duitsland";"2020-03-28";"https://nos.nl/artikel/2328680-coronanieuws-28-maart-onveilige-mondkapjes-en-ziekenhuis-wil-hulp-van-duitsland";"Philips";"Organisatie";"Zakelijke organisaties en hun werknemers";"";"";"0";"1";"18";"0";"0";"0";"0";"0";"0";"0";"0";"0";"0";"0";"0";"0";"0";"0";"0";"0";"0";"0";"0";"0";"0";"0";"0";"0";"0";"0";"0";"0";"0";"0";"0";"0";"0";"0";"0";"0";"0";"0";"0";"0";"0";"0";"0";"0";"0";"0";"0";"0";"0";"0";"0";"0";"0";"0";"0";"0";"0";"0";"0";"0";"0";"0";"0";"0";"0";"0";"0";"0";"0";"0";"0";"0";"25";"2328680_25"
"second_coder";2328680;"Coronanieuws 28 maart: onveilige mondkapjes en ziekenhuis wil hulp van Duitsland";"2020-03-28";"https://nos.nl/artikel/2328680-coronanieuws-28-maart-onveilige-mondkapjes-en-ziekenhuis-wil-hulp-van-duitsland";"Philips";"Organisatie";"Zakelijke organisaties en hun werknemers";"";"";"0";"1";"18";"0";"0";"0";"0";"0";"0";"0";"0";"0";"0";"0";"0";"0";"0";"0";"0";"0";"0";"0";"0";"0";"0";"0";"0";"0";"0";"0";"0";"0";"0";"0";"0";"0";"0";"0";"0";"0";"0";"0";"0";"0";"0";"0";"0";"0";"0";"0";"0";"0";"0";"0";"0";"0";"0";"0";"0";"0";"0";"0";"0";"0";"0";"0";"0";"0";"0";"0";"0";"0";"0";"0";"0";"0";"25";"2328680_25"
"researcher";2328680;"Coronanieuws 28 maart: onveilige mondkapjes en ziekenhuis wil hulp van Duitsland";"2020-03-28";"https://nos.nl/artikel/2328680-coronanieuws-28-maart-onveilige-mondkapjes-en-ziekenhuis-wil-hulp-van-duitsland";"RIVM";"Organisatie";"NL - Nationale staatsorganisaties en hun ambtenaren";"";"";"1";"1";"44";"1";"1";"0";"0";"1";"0";"0";"0";"0";"0";"0";"0";"0";"0";"0";"0";"0";"0";"0";"0";"0";"0";"0";"0";"0";"0";"0";"0";"0";"0";"0";"0";"0";"0";"0";"0";"0";"0";"0";"0";"0";"0";"0";"0";"0";"0";"0";"0";"0";"0";"0";"0";"0";"0";"0";"0";"0";"0";"0";"0";"0";"0";"0";"0";"0";"0";"0";"0";"0";"0";"0";"0";"0";"26";"2328680_26"
"second_coder";2328680;"Coronanieuws 28 maart: onveilige mondkapjes en ziekenhuis wil hulp van Duitsland";"2020-03-28";"https://nos.nl/artikel/2328680-coronanieuws-28-maart-onveilige-mondkapjes-en-ziekenhuis-wil-hulp-van-duitsland";"RIVM";"Organisatie";"NL - Nationale staatsorganisaties en hun ambtenaren";"";"";"1";"1";"44";"1";"1";"0";"0";"1";"0";"0";"0";"0";"0";"0";"0";"0";"0";"0";"0";"0";"0";"0";"0";"0";"0";"0";"0";"0";"0";"0";"0";"0";"0";"0";"0";"0";"0";"0";"0";"0";"0";"0";"0";"0";"0";"0";"0";"0";"0";"0";"0";"0";"0";"0";"0";"0";"0";"0";"0";"0";"0";"0";"0";"0";"0";"0";"0";"0";"0";"0";"0";"0";"0";"0";"0";"0";"26";"2328680_26"
"main_coder";2328680;"Coronanieuws 28 maart: onveilige mondkapjes en ziekenhuis wil hulp van Duitsland";"2020-03-28";"https://nos.nl/artikel/2328680-coronanieuws-28-maart-onveilige-mondkapjes-en-ziekenhuis-wil-hulp-van-duitsland";"RIVM";"Organisatie";"Openbare en semiopenbare instellingen";"";"";"1";"1";"48";"1";"1";"0";"0";"1";"0";"0";"0";"0";"1";"0";"0";"1";"1";"0";"0";"1";"0";"0";"0";"0";"0";"0";"0";"0";"0";"0";"0";"0";"0";"0";"0";"0";"0";"0";"0";"0";"0";"0";"0";"0";"0";"0";"0";"0";"0";"0";"0";"0";"0";"0";"0";"0";"0";"0";"0";"0";"0";"0";"0";"0";"0";"0";"0";"0";"0";"0";"0";"0";"0";"0";"0";"0";"26";"2328680_26"
"researcher";2328680;"Coronanieuws 28 maart: onveilige mondkapjes en ziekenhuis wil hulp van Duitsland";"2020-03-28";"https://nos.nl/artikel/2328680-coronanieuws-28-maart-onveilige-mondkapjes-en-ziekenhuis-wil-hulp-van-duitsland";"de vereniging van ic-artsen";"Organisatie";"Wetenschappelijke/medische organisaties en onderzoekers";"";"";"0";"1";"11";"0";"0";"0";"0";"0";"0";"0";"0";"0";"0";"0";"0";"0";"0";"0";"0";"0";"0";"0";"0";"0";"0";"0";"0";"0";"0";"0";"0";"0";"0";"0";"0";"0";"0";"0";"0";"0";"0";"0";"0";"0";"0";"0";"0";"0";"0";"0";"0";"0";"0";"0";"0";"0";"0";"0";"0";"0";"0";"0";"0";"0";"0";"0";"0";"0";"0";"0";"0";"0";"0";"0";"0";"0";"27";"2328680_27"
"main_coder";2328680;"Coronanieuws 28 maart: onveilige mondkapjes en ziekenhuis wil hulp van Duitsland";"2020-03-28";"https://nos.nl/artikel/2328680-coronanieuws-28-maart-onveilige-mondkapjes-en-ziekenhuis-wil-hulp-van-duitsland";"de vereniging van ic-artsen";"Persoon";"Wetenschappelijke/medische organisaties en onderzoekers";"";"";"0";"1";"11";"0";"0";"0";"0";"0";"0";"0";"0";"0";"0";"0";"0";"0";"0";"0";"0";"0";"0";"0";"0";"0";"0";"0";"0";"0";"0";"0";"0";"0";"0";"0";"0";"0";"0";"0";"0";"0";"0";"0";"0";"0";"0";"0";"0";"0";"0";"0";"0";"0";"0";"0";"0";"0";"0";"0";"0";"0";"0";"0";"0";"0";"0";"0";"0";"0";"0";"0";"0";"0";"0";"0";"0";"0";"27";"2328680_27"
"researcher";2328680;"Coronanieuws 28 maart: onveilige mondkapjes en ziekenhuis wil hulp van Duitsland";"2020-03-28";"https://nos.nl/artikel/2328680-coronanieuws-28-maart-onveilige-mondkapjes-en-ziekenhuis-wil-hulp-van-duitsland";"minister De Jonge";"Persoon";"NL - Nationale regering - executive / uitvoerende macht";"";"CDA";"0";"1";"9";"0";"0";"0";"0";"0";"0";"0";"0";"0";"0";"0";"0";"0";"0";"0";"0";"0";"0";"0";"0";"0";"0";"0";"0";"0";"0";"0";"0";"0";"0";"0";"0";"0";"0";"0";"0";"0";"0";"0";"0";"0";"0";"0";"0";"0";"0";"0";"0";"0";"0";"0";"0";"0";"0";"0";"0";"0";"0";"0";"0";"0";"0";"0";"0";"0";"0";"0";"0";"0";"0";"0";"0";"0";"28";"2328680_28"
"second_coder";2328680;"Coronanieuws 28 maart: onveilige mondkapjes en ziekenhuis wil hulp van Duitsland";"2020-03-28";"https://nos.nl/artikel/2328680-coronanieuws-28-maart-onveilige-mondkapjes-en-ziekenhuis-wil-hulp-van-duitsland";"minister De Jonge";"Persoon";"NL - Nationale regering - executive / uitvoerende macht";"";"CDA";"0";"1";"9";"0";"0";"0";"0";"0";"0";"0";"0";"0";"0";"0";"0";"0";"0";"0";"0";"0";"0";"0";"0";"0";"0";"0";"0";"0";"0";"0";"0";"0";"0";"0";"0";"0";"0";"0";"0";"0";"0";"0";"0";"0";"0";"0";"0";"0";"0";"0";"0";"0";"0";"0";"0";"0";"0";"0";"0";"0";"0";"0";"0";"0";"0";"0";"0";"0";"0";"0";"0";"0";"0";"0";"0";"0";"28";"2328680_28"
"main_coder";2328680;"Coronanieuws 28 maart: onveilige mondkapjes en ziekenhuis wil hulp van Duitsland";"2020-03-28";"https://nos.nl/artikel/2328680-coronanieuws-28-maart-onveilige-mondkapjes-en-ziekenhuis-wil-hulp-van-duitsland";"minister De Jonge";"Persoon";"NL - Nationale regering - executive / uitvoerende macht";"";"CDA";"0";"1";"7";"0";"0";"0";"0";"0";"0";"0";"0";"0";"0";"0";"0";"0";"0";"0";"0";"0";"0";"0";"0";"0";"0";"0";"0";"0";"0";"0";"0";"0";"0";"0";"0";"0";"0";"0";"0";"0";"0";"0";"0";"0";"0";"0";"0";"0";"0";"0";"0";"0";"0";"0";"0";"0";"0";"0";"0";"0";"0";"0";"0";"0";"0";"0";"0";"0";"0";"0";"0";"0";"0";"0";"0";"0";"28";"2328680_28"
"researcher";2329762;"""We zijn nog lang niet van corona af, dus stop met gijzeling overige zorg""";"2020-04-07";"https://nos.nl/nieuwsuur/artikel/2329762-we-zijn-nog-lang-niet-van-corona-af-dus-stop-met-gijzeling-overige-zorg";"Ernst Kuipers";"Persoon";"Wetenschappelijke/medische organisaties en onderzoekers";"";"";"1";"1";"375";"0";"0";"0";"0";"0";"0";"0";"0";"0";"0";"0";"0";"0";"0";"0";"0";"0";"0";"0";"0";"0";"0";"0";"0";"0";"0";"0";"0";"0";"0";"0";"0";"0";"0";"0";"0";"0";"0";"0";"0";"0";"0";"0";"0";"0";"0";"0";"0";"0";"0";"0";"0";"0";"0";"0";"0";"0";"0";"0";"0";"0";"0";"0";"0";"0";"0";"0";"0";"0";"0";"0";"0";"0";"29";"2329762_29"
"second_coder";2329762;"""We zijn nog lang niet van corona af, dus stop met gijzeling overige zorg""";"2020-04-07";"https://nos.nl/nieuwsuur/artikel/2329762-we-zijn-nog-lang-niet-van-corona-af-dus-stop-met-gijzeling-overige-zorg";"Ernst Kuipers";"Persoon";"Wetenschappelijke/medische organisaties en onderzoekers";"";"";"1";"1";"349";"0";"0";"0";"0";"0";"0";"0";"0";"0";"0";"0";"0";"0";"0";"0";"0";"0";"0";"0";"0";"0";"0";"0";"0";"0";"0";"0";"0";"0";"0";"0";"0";"0";"0";"0";"0";"0";"0";"0";"0";"0";"0";"0";"0";"0";"0";"0";"0";"0";"0";"0";"0";"0";"0";"0";"0";"0";"0";"0";"0";"0";"0";"0";"0";"0";"0";"0";"0";"0";"0";"0";"0";"0";"29";"2329762_29"
"main_coder";2329762;"""We zijn nog lang niet van corona af, dus stop met gijzeling overige zorg""";"2020-04-07";"https://nos.nl/nieuwsuur/artikel/2329762-we-zijn-nog-lang-niet-van-corona-af-dus-stop-met-gijzeling-overige-zorg";"Ernst Kuipers";"Persoon";"Wetenschappelijke/medische organisaties en onderzoekers";"";"";"1";"1";"375";"1";"0";"0";"0";"0";"0";"0";"0";"0";"0";"0";"0";"0";"0";"0";"0";"0";"0";"0";"0";"0";"0";"0";"0";"0";"0";"0";"0";"0";"0";"0";"0";"0";"0";"0";"0";"0";"0";"0";"0";"0";"0";"0";"0";"0";"0";"0";"0";"0";"0";"0";"0";"0";"0";"0";"0";"0";"1";"1";"0";"0";"0";"0";"0";"0";"0";"0";"0";"0";"0";"0";"0";"0";"29";"2329762_29"
"researcher";2329762;"""We zijn nog lang niet van corona af, dus stop met gijzeling overige zorg""";"2020-04-07";"https://nos.nl/nieuwsuur/artikel/2329762-we-zijn-nog-lang-niet-van-corona-af-dus-stop-met-gijzeling-overige-zorg";"RIVM";"Organisatie";"Openbare en semiopenbare instellingen";"";"";"0";"1";"12";"1";"1";"0";"0";"1";"0";"0";"0";"0";"0";"0";"0";"0";"0";"0";"0";"0";"0";"0";"0";"0";"0";"0";"0";"0";"0";"0";"0";"0";"0";"0";"0";"0";"0";"0";"0";"0";"0";"0";"0";"0";"0";"0";"0";"0";"0";"0";"0";"0";"0";"0";"0";"0";"0";"0";"0";"0";"0";"0";"0";"0";"0";"0";"0";"0";"0";"0";"0";"0";"0";"0";"0";"0";"30";"2329762_30"
"second_coder";2329762;"""We zijn nog lang niet van corona af, dus stop met gijzeling overige zorg""";"2020-04-07";"https://nos.nl/nieuwsuur/artikel/2329762-we-zijn-nog-lang-niet-van-corona-af-dus-stop-met-gijzeling-overige-zorg";"RIVM";"Organisatie";"Openbare en semiopenbare instellingen";"";"";"0";"1";"12";"1";"1";"0";"0";"1";"0";"0";"0";"0";"0";"0";"0";"0";"0";"0";"0";"0";"0";"0";"0";"0";"0";"0";"0";"0";"0";"0";"0";"0";"0";"0";"0";"0";"0";"0";"0";"0";"0";"0";"0";"0";"0";"0";"0";"0";"0";"0";"0";"0";"0";"0";"0";"0";"0";"0";"0";"0";"0";"0";"0";"0";"0";"0";"0";"0";"0";"0";"0";"0";"0";"0";"0";"0";"30";"2329762_30"
"main_coder";2329762;"""We zijn nog lang niet van corona af, dus stop met gijzeling overige zorg""";"2020-04-07";"https://nos.nl/nieuwsuur/artikel/2329762-we-zijn-nog-lang-niet-van-corona-af-dus-stop-met-gijzeling-overige-zorg";"RIVM";"Organisatie";"Openbare en semiopenbare instellingen";"";"";"0";"1";"12";"1";"1";"0";"0";"1";"0";"0";"0";"0";"0";"0";"0";"0";"0";"0";"0";"0";"0";"0";"0";"0";"0";"0";"0";"0";"0";"0";"0";"0";"0";"0";"0";"0";"0";"0";"0";"0";"0";"0";"0";"0";"0";"0";"0";"0";"0";"0";"0";"0";"0";"0";"0";"0";"0";"0";"0";"0";"0";"0";"0";"0";"0";"0";"0";"0";"0";"0";"0";"0";"0";"0";"0";"0";"30";"2329762_30"
"researcher";2329762;"""We zijn nog lang niet van corona af, dus stop met gijzeling overige zorg""";"2020-04-07";"https://nos.nl/nieuwsuur/artikel/2329762-we-zijn-nog-lang-niet-van-corona-af-dus-stop-met-gijzeling-overige-zorg";"artsen";"Persoon";"Wetenschappelijke/medische organisaties en onderzoekers";"";"";"1";"0";"9";"0";"0";"0";"0";"0";"0";"0";"0";"0";"0";"0";"0";"0";"0";"0";"0";"0";"0";"0";"0";"0";"0";"0";"0";"0";"0";"0";"0";"0";"0";"0";"0";"0";"0";"0";"0";"0";"0";"0";"0";"0";"0";"0";"0";"0";"0";"0";"0";"0";"0";"0";"0";"0";"0";"0";"0";"0";"0";"0";"0";"0";"0";"0";"0";"0";"0";"0";"0";"0";"0";"0";"0";"0";"31";"2329762_31"
"second_coder";2329762;"""We zijn nog lang niet van corona af, dus stop met gijzeling overige zorg""";"2020-04-07";"https://nos.nl/nieuwsuur/artikel/2329762-we-zijn-nog-lang-niet-van-corona-af-dus-stop-met-gijzeling-overige-zorg";"artsen";"Persoon";"Wetenschappelijke/medische organisaties en onderzoekers";"";"";"1";"0";"9";"0";"0";"0";"0";"0";"0";"0";"0";"0";"0";"0";"0";"0";"0";"0";"0";"0";"0";"0";"0";"0";"0";"0";"0";"0";"0";"0";"0";"0";"0";"0";"0";"0";"0";"0";"0";"0";"0";"0";"0";"0";"0";"0";"0";"0";"0";"0";"0";"0";"0";"0";"0";"0";"0";"0";"0";"0";"0";"0";"0";"0";"0";"0";"0";"0";"0";"0";"0";"0";"0";"0";"0";"0";"31";"2329762_31"
"main_coder";2329762;"""We zijn nog lang niet van corona af, dus stop met gijzeling overige zorg""";"2020-04-07";"https://nos.nl/nieuwsuur/artikel/2329762-we-zijn-nog-lang-niet-van-corona-af-dus-stop-met-gijzeling-overige-zorg";"artsen";"Persoon";"Wetenschappelijke/medische organisaties en onderzoekers";"";"";"1";"0";"9";"0";"0";"0";"0";"0";"0";"0";"0";"0";"0";"0";"0";"0";"0";"0";"0";"0";"0";"0";"0";"0";"0";"0";"0";"0";"0";"0";"0";"0";"0";"0";"0";"0";"0";"0";"0";"0";"0";"0";"0";"0";"0";"0";"0";"0";"0";"0";"0";"0";"0";"0";"0";"0";"0";"0";"0";"0";"0";"0";"0";"0";"0";"0";"0";"0";"0";"0";"0";"0";"0";"0";"0";"0";"31";"2329762_31"
"researcher";2329762;"""We zijn nog lang niet van corona af, dus stop met gijzeling overige zorg""";"2020-04-07";"https://nos.nl/nieuwsuur/artikel/2329762-we-zijn-nog-lang-niet-van-corona-af-dus-stop-met-gijzeling-overige-zorg";"twee op de drie patiënten van wie een behandeling of operatie is afgezegd";"Persoon";"Publiek en leden van het publiek, publieke opiniepeilingen en hun respondenten";"";"";"0";"1";"5";"0";"0";"0";"0";"0";"0";"0";"0";"0";"0";"0";"0";"0";"0";"0";"0";"0";"0";"0";"0";"0";"0";"0";"0";"0";"0";"0";"0";"0";"0";"0";"0";"0";"0";"0";"0";"0";"0";"0";"0";"0";"0";"0";"0";"0";"0";"0";"0";"0";"0";"0";"0";"0";"0";"0";"0";"0";"0";"0";"0";"0";"0";"0";"0";"0";"0";"0";"0";"0";"0";"0";"0";"0";"32";"2329762_32"
"second_coder";2329762;"""We zijn nog lang niet van corona af, dus stop met gijzeling overige zorg""";"2020-04-07";"https://nos.nl/nieuwsuur/artikel/2329762-we-zijn-nog-lang-niet-van-corona-af-dus-stop-met-gijzeling-overige-zorg";"twee op de drie patiënten van wie een behandeling of operatie is afgezegd";"Persoon";"Publiek en leden van het publiek, publieke opiniepeilingen en hun respondenten";"";"";"0";"1";"5";"0";"0";"0";"0";"0";"0";"0";"0";"0";"0";"0";"0";"0";"0";"0";"0";"0";"0";"0";"0";"0";"0";"0";"0";"0";"0";"0";"0";"0";"0";"0";"0";"0";"0";"0";"0";"0";"0";"0";"0";"0";"0";"0";"0";"0";"0";"0";"0";"0";"0";"0";"0";"0";"0";"0";"0";"0";"0";"0";"0";"0";"0";"0";"0";"0";"0";"0";"0";"0";"0";"0";"0";"0";"32";"2329762_32"
"main_coder";2329762;"""We zijn nog lang niet van corona af, dus stop met gijzeling overige zorg""";"2020-04-07";"https://nos.nl/nieuwsuur/artikel/2329762-we-zijn-nog-lang-niet-van-corona-af-dus-stop-met-gijzeling-overige-zorg";"twee op de drie patiënten van wie een behandeling of operatie is afgezegd";"Persoon";"Publiek en leden van het publiek, publieke opiniepeilingen en hun respondenten";"";"";"0";"1";"4";"0";"0";"0";"0";"0";"0";"0";"0";"0";"0";"0";"0";"0";"0";"0";"0";"0";"0";"0";"0";"0";"0";"0";"0";"0";"0";"0";"0";"0";"0";"0";"0";"0";"0";"0";"0";"0";"0";"0";"0";"0";"0";"0";"0";"0";"0";"0";"0";"0";"0";"0";"0";"0";"0";"0";"0";"0";"0";"0";"0";"0";"0";"0";"0";"0";"0";"0";"0";"0";"0";"0";"0";"0";"32";"2329762_32"
"researcher";2331140;"""Nu de grootste coronapaniek weg is, neemt ook de saamhorigheid af""";"2020-04-20";"https://nos.nl/collectie/13839/artikel/2331140-nu-de-grootste-coronapaniek-weg-is-neemt-ook-de-saamhorigheid-af";"Marco Zannoni";"Persoon";"Wetenschappelijke/medische organisaties en onderzoekers";"";"";"1";"1";"398";"1";"1";"0";"0";"1";"0";"0";"0";"0";"0";"0";"0";"0";"1";"0";"0";"1";"0";"0";"0";"0";"0";"0";"0";"0";"0";"0";"0";"0";"1";"0";"0";"1";"0";"0";"0";"0";"0";"0";"0";"0";"0";"0";"0";"0";"0";"0";"0";"0";"0";"0";"0";"0";"0";"0";"0";"0";"0";"0";"0";"0";"0";"0";"0";"0";"0";"0";"0";"0";"0";"0";"0";"0";"33";"2331140_33"
"second_coder";2331140;"""Nu de grootste coronapaniek weg is, neemt ook de saamhorigheid af""";"2020-04-20";"https://nos.nl/collectie/13839/artikel/2331140-nu-de-grootste-coronapaniek-weg-is-neemt-ook-de-saamhorigheid-af";"Marco Zannoni";"Persoon";"Wetenschappelijke/medische organisaties en onderzoekers";"";"";"1";"1";"337";"1";"1";"0";"0";"1";"0";"0";"0";"0";"0";"0";"0";"0";"1";"0";"0";"1";"0";"0";"0";"0";"0";"0";"0";"0";"0";"0";"0";"0";"1";"0";"0";"1";"0";"0";"0";"0";"0";"0";"0";"0";"0";"0";"0";"0";"0";"0";"0";"0";"0";"0";"0";"0";"0";"0";"0";"0";"0";"0";"0";"0";"0";"0";"0";"0";"0";"0";"0";"0";"0";"0";"0";"0";"33";"2331140_33"
"main_coder";2331140;"""Nu de grootste coronapaniek weg is, neemt ook de saamhorigheid af""";"2020-04-20";"https://nos.nl/collectie/13839/artikel/2331140-nu-de-grootste-coronapaniek-weg-is-neemt-ook-de-saamhorigheid-af";"Marco Zannoni";"Persoon";"Wetenschappelijke/medische organisaties en onderzoekers";"";"";"1";"1";"398";"1";"1";"0";"0";"1";"0";"0";"0";"0";"0";"0";"0";"0";"0";"0";"0";"0";"0";"0";"0";"0";"0";"0";"0";"0";"0";"0";"0";"0";"0";"0";"0";"0";"0";"0";"0";"0";"0";"0";"0";"0";"0";"0";"0";"0";"0";"0";"0";"0";"0";"0";"0";"0";"0";"0";"0";"0";"0";"0";"0";"0";"0";"0";"0";"0";"0";"0";"0";"0";"0";"0";"0";"0";"33";"2331140_33"
"researcher";2331140;"""Nu de grootste coronapaniek weg is, neemt ook de saamhorigheid af""";"2020-04-20";"https://nos.nl/collectie/13839/artikel/2331140-nu-de-grootste-coronapaniek-weg-is-neemt-ook-de-saamhorigheid-af";"Marco de Baat";"Persoon";"Wetenschappelijke/medische organisaties en onderzoekers";"";"";"1";"1";"59";"1";"1";"0";"0";"1";"0";"0";"0";"0";"0";"0";"0";"0";"0";"0";"0";"0";"0";"0";"0";"0";"0";"0";"0";"0";"0";"0";"0";"0";"0";"0";"0";"0";"0";"0";"0";"0";"0";"0";"0";"0";"0";"0";"0";"0";"0";"0";"0";"0";"0";"0";"0";"0";"0";"0";"0";"0";"0";"0";"0";"0";"0";"0";"0";"0";"0";"0";"0";"0";"0";"0";"0";"0";"34";"2331140_34"
"second_coder";2331140;"""Nu de grootste coronapaniek weg is, neemt ook de saamhorigheid af""";"2020-04-20";"https://nos.nl/collectie/13839/artikel/2331140-nu-de-grootste-coronapaniek-weg-is-neemt-ook-de-saamhorigheid-af";"Marco de Baat";"Persoon";"Wetenschappelijke/medische organisaties en onderzoekers";"";"";"1";"1";"44";"1";"1";"1";"0";"0";"0";"0";"0";"0";"0";"0";"0";"0";"0";"0";"0";"0";"0";"0";"0";"0";"0";"0";"0";"0";"0";"0";"0";"0";"0";"0";"0";"0";"0";"0";"0";"0";"0";"0";"0";"0";"0";"0";"0";"0";"0";"0";"0";"0";"0";"0";"0";"0";"0";"0";"0";"0";"0";"0";"0";"0";"0";"0";"0";"0";"0";"0";"0";"0";"0";"0";"0";"0";"34";"2331140_34"
"main_coder";2331140;"""Nu de grootste coronapaniek weg is, neemt ook de saamhorigheid af""";"2020-04-20";"https://nos.nl/collectie/13839/artikel/2331140-nu-de-grootste-coronapaniek-weg-is-neemt-ook-de-saamhorigheid-af";"Marco de Baat";"Persoon";"Wetenschappelijke/medische organisaties en onderzoekers";"";"";"1";"1";"59";"1";"1";"0";"0";"1";"0";"0";"0";"0";"0";"0";"0";"0";"0";"0";"0";"0";"0";"0";"0";"0";"0";"0";"0";"0";"0";"0";"0";"0";"0";"0";"0";"0";"0";"0";"0";"0";"0";"0";"0";"0";"0";"0";"0";"0";"0";"0";"0";"0";"0";"0";"0";"0";"0";"0";"0";"0";"0";"0";"0";"0";"0";"0";"0";"0";"0";"0";"0";"0";"0";"0";"0";"0";"34";"2331140_34"
"researcher";2336043;"Nederland wil samen met andere landen aan coronavaccin komen";"2020-06-03";"https://nos.nl/artikel/2336043-nederland-wil-samen-met-andere-landen-aan-coronavaccin-komen.html";"Het kabinet";"Organisatie";"NL - Nationale regering - executive / uitvoerende macht";"";"NvT";"1";"1";"18";"1";"0";"0";"0";"0";"0";"0";"0";"0";"0";"0";"0";"0";"0";"0";"0";"0";"0";"0";"0";"0";"0";"0";"0";"0";"0";"0";"0";"0";"0";"0";"0";"0";"0";"0";"0";"0";"0";"0";"0";"0";"0";"0";"0";"0";"0";"0";"0";"0";"0";"0";"0";"0";"0";"0";"0";"0";"0";"0";"0";"0";"0";"0";"0";"0";"1";"0";"0";"1";"0";"0";"0";"0";"35";"2336043_35"
"second_coder";2336043;"Nederland wil samen met andere landen aan coronavaccin komen";"2020-06-03";"https://nos.nl/artikel/2336043-nederland-wil-samen-met-andere-landen-aan-coronavaccin-komen.html";"Het kabinet";"Organisatie";"NL - Nationale regering - executive / uitvoerende macht";"";"NvT";"1";"0";"3";"1";"0";"0";"0";"0";"0";"0";"0";"0";"0";"0";"0";"0";"0";"0";"0";"0";"0";"0";"0";"0";"0";"0";"0";"0";"0";"0";"0";"0";"0";"0";"0";"0";"0";"0";"0";"0";"0";"0";"0";"0";"0";"0";"0";"0";"0";"0";"0";"0";"0";"0";"0";"0";"0";"0";"0";"0";"0";"0";"0";"0";"0";"0";"0";"0";"1";"1";"0";"0";"0";"0";"0";"0";"35";"2336043_35"
"main_coder";2336043;"Nederland wil samen met andere landen aan coronavaccin komen";"2020-06-03";"https://nos.nl/artikel/2336043-nederland-wil-samen-met-andere-landen-aan-coronavaccin-komen.html";"Het kabinet";"Organisatie";"NL - Nationale regering - executive / uitvoerende macht";"";"NvT";"1";"1";"18";"1";"0";"0";"0";"0";"0";"0";"0";"0";"0";"0";"0";"0";"0";"0";"0";"0";"0";"0";"0";"0";"0";"0";"0";"0";"0";"0";"0";"0";"0";"0";"0";"0";"0";"0";"0";"0";"0";"0";"0";"0";"0";"0";"0";"0";"0";"0";"0";"0";"0";"0";"0";"0";"0";"0";"0";"0";"0";"0";"0";"0";"0";"0";"0";"0";"1";"0";"0";"1";"0";"0";"0";"0";"35";"2336043_35"
"researcher";2336043;"Nederland wil samen met andere landen aan coronavaccin komen";"2020-06-03";"https://nos.nl/artikel/2336043-nederland-wil-samen-met-andere-landen-aan-coronavaccin-komen.html";"Het ministerie van Volksgezondheid";"Organisatie";"NL - Nationale regering - executive / uitvoerende macht";"";"NvT";"0";"1";"12";"0";"0";"0";"0";"0";"0";"0";"0";"0";"0";"0";"0";"0";"0";"0";"0";"0";"0";"0";"0";"0";"0";"0";"0";"0";"0";"0";"0";"0";"0";"0";"0";"0";"0";"0";"0";"0";"0";"0";"0";"0";"0";"0";"0";"0";"0";"0";"0";"0";"0";"0";"0";"0";"0";"0";"0";"0";"0";"0";"0";"0";"0";"0";"0";"0";"0";"0";"0";"0";"0";"0";"0";"0";"36";"2336043_36"
"second_coder";2336043;"Nederland wil samen met andere landen aan coronavaccin komen";"2020-06-03";"https://nos.nl/artikel/2336043-nederland-wil-samen-met-andere-landen-aan-coronavaccin-komen.html";"Het ministerie van Volksgezondheid";"Organisatie";"NL - Nationale regering - executive / uitvoerende macht";"";"NvT";"0";"1";"9";"0";"0";"0";"0";"0";"0";"0";"0";"0";"0";"0";"0";"0";"0";"0";"0";"0";"0";"0";"0";"0";"0";"0";"0";"0";"0";"0";"0";"0";"0";"0";"0";"0";"0";"0";"0";"0";"0";"0";"0";"0";"0";"0";"0";"0";"0";"0";"0";"0";"0";"0";"0";"0";"0";"0";"0";"0";"0";"0";"0";"0";"0";"0";"0";"0";"0";"0";"0";"0";"0";"0";"0";"0";"36";"2336043_36"
"main_coder";2336043;"Nederland wil samen met andere landen aan coronavaccin komen";"2020-06-03";"https://nos.nl/artikel/2336043-nederland-wil-samen-met-andere-landen-aan-coronavaccin-komen.html";"Het ministerie van Volksgezondheid";"Organisatie";"NL - Nationale regering - executive / uitvoerende macht";"";"NvT";"0";"1";"12";"0";"0";"0";"0";"0";"0";"0";"0";"0";"0";"0";"0";"0";"0";"0";"0";"0";"0";"0";"0";"0";"0";"0";"0";"0";"0";"0";"0";"0";"0";"0";"0";"0";"0";"0";"0";"0";"0";"0";"0";"0";"0";"0";"0";"0";"0";"0";"0";"0";"0";"0";"0";"0";"0";"0";"0";"0";"0";"0";"0";"0";"0";"0";"0";"0";"0";"0";"0";"0";"0";"0";"0";"0";"36";"2336043_36"
"researcher";2336043;"Nederland wil samen met andere landen aan coronavaccin komen";"2020-06-03";"https://nos.nl/artikel/2336043-nederland-wil-samen-met-andere-landen-aan-coronavaccin-komen.html";"Minister De Jonge";"Persoon";"NL - Nationale regering - executive / uitvoerende macht";"";"CDA";"1";"0";"17";"1";"0";"0";"0";"0";"0";"0";"0";"0";"0";"0";"0";"0";"0";"0";"0";"0";"0";"0";"0";"0";"0";"0";"0";"0";"0";"0";"0";"0";"0";"0";"0";"0";"0";"0";"0";"0";"0";"0";"0";"0";"0";"0";"0";"0";"0";"0";"0";"0";"0";"0";"0";"0";"0";"0";"0";"0";"0";"0";"0";"0";"0";"0";"0";"0";"1";"1";"0";"0";"0";"0";"0";"0";"37";"2336043_37"
"second_coder";2336043;"Nederland wil samen met andere landen aan coronavaccin komen";"2020-06-03";"https://nos.nl/artikel/2336043-nederland-wil-samen-met-andere-landen-aan-coronavaccin-komen.html";"Minister De Jonge";"Persoon";"NL - Nationale regering - executive / uitvoerende macht";"";"CDA";"1";"0";"17";"1";"0";"0";"0";"0";"0";"0";"0";"0";"0";"0";"0";"0";"0";"0";"0";"0";"0";"0";"0";"0";"0";"0";"0";"0";"0";"0";"0";"0";"0";"0";"0";"0";"0";"0";"0";"0";"0";"0";"0";"0";"0";"0";"0";"0";"0";"0";"0";"0";"0";"0";"0";"0";"0";"0";"0";"0";"0";"0";"0";"0";"0";"0";"0";"0";"1";"1";"0";"0";"0";"0";"0";"0";"37";"2336043_37"
"main_coder";2336043;"Nederland wil samen met andere landen aan coronavaccin komen";"2020-06-03";"https://nos.nl/artikel/2336043-nederland-wil-samen-met-andere-landen-aan-coronavaccin-komen.html";"Minister De Jonge";"Persoon";"NL - Nationale regering - executive / uitvoerende macht";"";"CDA";"1";"0";"17";"1";"0";"0";"0";"0";"0";"0";"0";"0";"0";"0";"0";"0";"0";"0";"0";"0";"0";"0";"0";"0";"0";"0";"0";"0";"0";"0";"0";"0";"0";"0";"0";"0";"0";"0";"0";"0";"0";"0";"0";"0";"0";"0";"0";"0";"0";"0";"0";"0";"0";"0";"0";"0";"0";"0";"0";"0";"0";"0";"0";"0";"0";"0";"0";"0";"1";"1";"0";"0";"0";"0";"0";"0";"37";"2336043_37"
"main_coder";2336043;"Nederland wil samen met andere landen aan coronavaccin komen";"2020-06-03";"https://nos.nl/artikel/2336043-nederland-wil-samen-met-andere-landen-aan-coronavaccin-komen.html";"Nederland, Duitsland, Frankrijk en Italië";"Geopolitieke entiteit";"NL - Nationale regering - executive / uitvoerende macht";"";"NvT";"1";"1";"41";"1";"0";"0";"0";"0";"0";"0";"0";"0";"0";"0";"0";"0";"0";"0";"0";"0";"0";"0";"0";"0";"0";"0";"0";"0";"0";"0";"0";"0";"0";"0";"0";"0";"0";"0";"0";"0";"0";"0";"0";"0";"0";"0";"0";"0";"0";"0";"0";"0";"0";"0";"0";"0";"0";"0";"0";"0";"0";"0";"0";"0";"0";"0";"0";"0";"1";"0";"0";"1";"0";"0";"0";"0";"38";"2336043_38"
"researcher";2336349;"Israël sluit 90 scholen weer uit angst voor nieuwe corona-uitbraak";"2020-06-05";"https://nos.nl/artikel/2336349-israel-sluit-90-scholen-weer-uit-angst-voor-nieuwe-corona-uitbraak";"Asher Salmon";"Persoon";"Regeringen/regeringsleiders/regeringsleden en/of andere politici in een ander land dan NL, op nationaal of lokaal niveau OF staatsorganisaties en hun ambtenaren";"";"";"1";"1";"57";"1";"0";"0";"0";"0";"0";"0";"0";"0";"0";"0";"0";"0";"0";"0";"0";"0";"0";"0";"0";"0";"0";"0";"0";"0";"0";"0";"0";"0";"1";"0";"0";"1";"0";"0";"0";"0";"0";"0";"0";"0";"0";"0";"0";"0";"0";"0";"0";"0";"0";"0";"0";"0";"0";"0";"0";"0";"0";"0";"0";"0";"0";"0";"0";"0";"0";"0";"0";"0";"0";"0";"0";"0";"39";"2336349_39"
"second_coder";2336349;"Israël sluit 90 scholen weer uit angst voor nieuwe corona-uitbraak";"2020-06-05";"https://nos.nl/artikel/2336349-israel-sluit-90-scholen-weer-uit-angst-voor-nieuwe-corona-uitbraak";"Asher Salmon";"Persoon";"Regeringen/regeringsleiders/regeringsleden en/of andere politici in een ander land dan NL, op nationaal of lokaal niveau OF staatsorganisaties en hun ambtenaren";"";"";"1";"1";"57";"1";"0";"0";"0";"0";"0";"0";"0";"0";"0";"0";"0";"0";"0";"0";"0";"0";"0";"0";"0";"0";"0";"0";"0";"0";"0";"0";"0";"0";"1";"0";"0";"1";"0";"0";"0";"0";"0";"0";"0";"0";"0";"0";"0";"0";"0";"0";"0";"0";"0";"0";"0";"0";"0";"0";"0";"0";"0";"0";"0";"0";"0";"0";"0";"0";"0";"0";"0";"0";"0";"0";"0";"0";"39";"2336349_39"
"main_coder";2336349;"Israël sluit 90 scholen weer uit angst voor nieuwe corona-uitbraak";"2020-06-05";"https://nos.nl/artikel/2336349-israel-sluit-90-scholen-weer-uit-angst-voor-nieuwe-corona-uitbraak";"Asher Salmon";"Persoon";"Regeringen/regeringsleiders/regeringsleden en/of andere politici in een ander land dan NL, op nationaal of lokaal niveau OF staatsorganisaties en hun ambtenaren";"";"";"1";"1";"57";"1";"0";"0";"0";"0";"0";"0";"0";"0";"0";"0";"0";"0";"0";"0";"0";"0";"0";"0";"0";"0";"0";"0";"0";"0";"0";"0";"0";"0";"1";"0";"0";"1";"0";"0";"0";"0";"0";"0";"0";"0";"0";"0";"0";"0";"0";"0";"0";"0";"0";"0";"0";"0";"0";"0";"0";"0";"0";"0";"0";"0";"0";"0";"0";"0";"0";"0";"0";"0";"0";"0";"0";"0";"39";"2336349_39"
"researcher";2336349;"Israël sluit 90 scholen weer uit angst voor nieuwe corona-uitbraak";"2020-06-05";"https://nos.nl/artikel/2336349-israel-sluit-90-scholen-weer-uit-angst-voor-nieuwe-corona-uitbraak";"Gabi Barbash";"Persoon";"Wetenschappelijke/medische organisaties en onderzoekers";"";"";"1";"1";"37";"1";"0";"0";"0";"0";"0";"0";"0";"0";"0";"0";"0";"0";"0";"0";"0";"0";"0";"0";"0";"0";"0";"0";"0";"0";"0";"0";"0";"0";"1";"1";"0";"0";"0";"0";"0";"0";"0";"0";"0";"0";"0";"0";"0";"0";"0";"0";"0";"0";"0";"0";"0";"0";"0";"0";"0";"0";"0";"0";"0";"0";"0";"0";"0";"0";"0";"0";"0";"0";"0";"0";"0";"0";"40";"2336349_40"
"second_coder";2336349;"Israël sluit 90 scholen weer uit angst voor nieuwe corona-uitbraak";"2020-06-05";"https://nos.nl/artikel/2336349-israel-sluit-90-scholen-weer-uit-angst-voor-nieuwe-corona-uitbraak";"Gabi Barbash";"Persoon";"Wetenschappelijke/medische organisaties en onderzoekers";"";"";"1";"1";"37";"1";"0";"0";"0";"0";"0";"0";"0";"0";"0";"0";"0";"0";"0";"0";"0";"0";"0";"0";"0";"0";"0";"0";"0";"0";"0";"0";"0";"0";"1";"1";"0";"0";"0";"0";"0";"0";"0";"0";"0";"0";"0";"0";"0";"0";"0";"0";"0";"0";"0";"0";"0";"0";"0";"0";"0";"0";"0";"0";"0";"0";"0";"0";"0";"0";"0";"0";"0";"0";"0";"0";"0";"0";"40";"2336349_40"
"main_coder";2336349;"Israël sluit 90 scholen weer uit angst voor nieuwe corona-uitbraak";"2020-06-05";"https://nos.nl/artikel/2336349-israel-sluit-90-scholen-weer-uit-angst-voor-nieuwe-corona-uitbraak";"Gabi Barbash";"Persoon";"Wetenschappelijke/medische organisaties en onderzoekers";"";"";"1";"1";"37";"1";"0";"0";"0";"0";"0";"0";"0";"0";"0";"0";"0";"0";"0";"0";"0";"0";"0";"0";"0";"0";"0";"0";"0";"0";"0";"0";"0";"0";"0";"0";"0";"0";"0";"0";"0";"0";"0";"0";"0";"0";"0";"0";"0";"0";"0";"0";"0";"0";"0";"0";"0";"0";"0";"0";"0";"0";"0";"0";"0";"0";"0";"0";"0";"0";"0";"0";"0";"0";"1";"1";"0";"0";"40";"2336349_40"
"researcher";2336349;"Israël sluit 90 scholen weer uit angst voor nieuwe corona-uitbraak";"2020-06-05";"https://nos.nl/artikel/2336349-israel-sluit-90-scholen-weer-uit-angst-voor-nieuwe-corona-uitbraak";"Het ministerie van Volksgezondheid";"Organisatie";"Regeringen/regeringsleiders/regeringsleden en/of andere politici in een ander land dan NL, op nationaal of lokaal niveau OF staatsorganisaties en hun ambtenaren";"";"";"0";"1";"16";"1";"0";"0";"0";"0";"0";"0";"0";"0";"0";"0";"0";"0";"0";"0";"0";"0";"0";"0";"0";"0";"0";"0";"0";"0";"0";"0";"0";"0";"1";"0";"0";"1";"0";"0";"0";"0";"0";"0";"0";"0";"0";"0";"0";"0";"0";"0";"0";"0";"0";"0";"0";"0";"0";"0";"0";"0";"0";"0";"0";"0";"0";"0";"0";"0";"0";"0";"0";"0";"0";"0";"0";"0";"41";"2336349_41"
"second_coder";2336349;"Israël sluit 90 scholen weer uit angst voor nieuwe corona-uitbraak";"2020-06-05";"https://nos.nl/artikel/2336349-israel-sluit-90-scholen-weer-uit-angst-voor-nieuwe-corona-uitbraak";"Het ministerie van Volksgezondheid";"Organisatie";"Regeringen/regeringsleiders/regeringsleden en/of andere politici in een ander land dan NL, op nationaal of lokaal niveau OF staatsorganisaties en hun ambtenaren";"";"";"0";"1";"16";"1";"0";"0";"0";"0";"0";"0";"0";"0";"0";"0";"0";"0";"0";"0";"0";"0";"0";"0";"0";"0";"0";"0";"0";"0";"0";"0";"0";"0";"1";"0";"0";"1";"0";"0";"0";"0";"0";"0";"0";"0";"0";"0";"0";"0";"0";"0";"0";"0";"0";"0";"0";"0";"0";"0";"0";"0";"0";"0";"0";"0";"0";"0";"0";"0";"0";"0";"0";"0";"0";"0";"0";"0";"41";"2336349_41"
"main_coder";2336349;"Israël sluit 90 scholen weer uit angst voor nieuwe corona-uitbraak";"2020-06-05";"https://nos.nl/artikel/2336349-israel-sluit-90-scholen-weer-uit-angst-voor-nieuwe-corona-uitbraak";"Het ministerie van Volksgezondheid";"Organisatie";"Regeringen/regeringsleiders/regeringsleden en/of andere politici in een ander land dan NL, op nationaal of lokaal niveau OF staatsorganisaties en hun ambtenaren";"";"";"0";"1";"16";"0";"0";"0";"0";"0";"0";"0";"0";"0";"0";"0";"0";"0";"0";"0";"0";"0";"0";"0";"0";"0";"0";"0";"0";"0";"0";"0";"0";"0";"0";"0";"0";"0";"0";"0";"0";"0";"0";"0";"0";"0";"0";"0";"0";"0";"0";"0";"0";"0";"0";"0";"0";"0";"0";"0";"0";"0";"0";"0";"0";"0";"0";"0";"0";"0";"0";"0";"0";"0";"0";"0";"0";"0";"41";"2336349_41"
"researcher";2336349;"Israël sluit 90 scholen weer uit angst voor nieuwe corona-uitbraak";"2020-06-05";"https://nos.nl/artikel/2336349-israel-sluit-90-scholen-weer-uit-angst-voor-nieuwe-corona-uitbraak";"Marion Golany";"Persoon";"Openbare en semiopenbare instellingen";"";"";"1";"1";"96";"1";"0";"0";"0";"0";"0";"0";"0";"0";"1";"0";"0";"1";"0";"0";"0";"0";"0";"0";"0";"0";"0";"0";"0";"0";"0";"0";"0";"0";"0";"0";"0";"0";"0";"0";"0";"0";"0";"0";"0";"0";"0";"0";"0";"0";"0";"0";"0";"0";"0";"0";"0";"0";"0";"0";"0";"0";"0";"0";"0";"0";"1";"0";"0";"1";"0";"0";"0";"0";"0";"0";"0";"0";"42";"2336349_42"
"second_coder";2336349;"Israël sluit 90 scholen weer uit angst voor nieuwe corona-uitbraak";"2020-06-05";"https://nos.nl/artikel/2336349-israel-sluit-90-scholen-weer-uit-angst-voor-nieuwe-corona-uitbraak";"Marion Golany";"Persoon";"Andere functie:";"Lerares";"";"1";"1";"96";"1";"0";"0";"0";"0";"0";"0";"0";"0";"1";"0";"1";"0";"0";"0";"0";"0";"0";"0";"0";"0";"0";"0";"0";"0";"0";"0";"0";"0";"0";"0";"0";"0";"0";"0";"0";"0";"0";"0";"0";"0";"0";"0";"0";"0";"0";"0";"0";"0";"0";"0";"0";"0";"0";"0";"0";"0";"0";"0";"0";"0";"1";"0";"0";"1";"0";"0";"0";"0";"0";"0";"0";"0";"42";"2336349_42"
"main_coder";2336349;"Israël sluit 90 scholen weer uit angst voor nieuwe corona-uitbraak";"2020-06-05";"https://nos.nl/artikel/2336349-israel-sluit-90-scholen-weer-uit-angst-voor-nieuwe-corona-uitbraak";"Marion Golany";"Persoon";"Openbare en semiopenbare instellingen";"";"";"1";"1";"92";"1";"0";"0";"0";"0";"0";"0";"0";"0";"1";"0";"0";"1";"0";"0";"0";"0";"0";"0";"0";"0";"0";"0";"0";"0";"0";"0";"0";"0";"0";"0";"0";"0";"0";"0";"0";"0";"0";"0";"0";"0";"0";"0";"0";"0";"0";"0";"0";"0";"0";"0";"0";"0";"0";"0";"0";"0";"0";"0";"0";"0";"0";"0";"0";"0";"0";"0";"0";"0";"0";"0";"0";"0";"42";"2336349_42"
"researcher";2336349;"Israël sluit 90 scholen weer uit angst voor nieuwe corona-uitbraak";"2020-06-05";"https://nos.nl/artikel/2336349-israel-sluit-90-scholen-weer-uit-angst-voor-nieuwe-corona-uitbraak";"RIVM";"Organisatie";"Openbare en semiopenbare instellingen";"";"";"0";"1";"36";"0";"0";"0";"0";"0";"0";"0";"0";"0";"0";"0";"0";"0";"0";"0";"0";"0";"0";"0";"0";"0";"0";"0";"0";"0";"0";"0";"0";"0";"0";"0";"0";"0";"0";"0";"0";"0";"0";"0";"0";"0";"0";"0";"0";"0";"0";"0";"0";"0";"0";"0";"0";"0";"0";"0";"0";"0";"0";"0";"0";"0";"0";"0";"0";"0";"0";"0";"0";"0";"0";"0";"0";"0";"43";"2336349_43"
"second_coder";2336349;"Israël sluit 90 scholen weer uit angst voor nieuwe corona-uitbraak";"2020-06-05";"https://nos.nl/artikel/2336349-israel-sluit-90-scholen-weer-uit-angst-voor-nieuwe-corona-uitbraak";"RIVM";"Organisatie";"Openbare en semiopenbare instellingen";"";"";"0";"1";"36";"0";"0";"0";"0";"0";"0";"0";"0";"0";"0";"0";"0";"0";"0";"0";"0";"0";"0";"0";"0";"0";"0";"0";"0";"0";"0";"0";"0";"0";"0";"0";"0";"0";"0";"0";"0";"0";"0";"0";"0";"0";"0";"0";"0";"0";"0";"0";"0";"0";"0";"0";"0";"0";"0";"0";"0";"0";"0";"0";"0";"0";"0";"0";"0";"0";"0";"0";"0";"0";"0";"0";"0";"0";"43";"2336349_43"
"main_coder";2336349;"Israël sluit 90 scholen weer uit angst voor nieuwe corona-uitbraak";"2020-06-05";"https://nos.nl/artikel/2336349-israel-sluit-90-scholen-weer-uit-angst-voor-nieuwe-corona-uitbraak";"RIVM";"Organisatie";"Openbare en semiopenbare instellingen";"";"";"0";"1";"26";"0";"0";"0";"0";"0";"0";"0";"0";"0";"0";"0";"0";"0";"0";"0";"0";"0";"0";"0";"0";"0";"0";"0";"0";"0";"0";"0";"0";"0";"0";"0";"0";"0";"0";"0";"0";"0";"0";"0";"0";"0";"0";"0";"0";"0";"0";"0";"0";"0";"0";"0";"0";"0";"0";"0";"0";"0";"0";"0";"0";"0";"0";"0";"0";"0";"0";"0";"0";"0";"0";"0";"0";"0";"43";"2336349_43"
"researcher";2336823;"Wereldwijde coronatrends: voor het eerst in maanden weer meer doden";"2020-06-10";"https://nos.nl/artikel/2336823-wereldwijde-coronatrends-voor-het-eerst-in-maanden-weer-meer-doden";"Imran Kahn";"Persoon";"Regeringen/regeringsleiders/regeringsleden en/of andere politici in een ander land dan NL, op nationaal of lokaal niveau OF staatsorganisaties en hun ambtenaren";"";"";"1";"1";"33";"1";"0";"0";"0";"0";"0";"0";"0";"0";"0";"0";"0";"0";"0";"0";"0";"0";"0";"0";"0";"0";"0";"0";"0";"0";"0";"0";"0";"0";"0";"0";"0";"0";"0";"0";"0";"0";"0";"0";"0";"0";"0";"0";"0";"0";"0";"0";"0";"0";"0";"0";"0";"0";"0";"0";"0";"0";"0";"0";"0";"0";"1";"0";"1";"0";"0";"0";"0";"0";"0";"0";"0";"0";"44";"2336823_44"
"second_coder";2336823;"Wereldwijde coronatrends: voor het eerst in maanden weer meer doden";"2020-06-10";"https://nos.nl/artikel/2336823-wereldwijde-coronatrends-voor-het-eerst-in-maanden-weer-meer-doden";"Imran Kahn";"Persoon";"Regeringen/regeringsleiders/regeringsleden en/of andere politici in een ander land dan NL, op nationaal of lokaal niveau OF staatsorganisaties en hun ambtenaren";"";"";"1";"1";"33";"1";"0";"0";"0";"0";"0";"0";"0";"0";"0";"0";"0";"0";"0";"0";"0";"0";"0";"0";"0";"0";"0";"0";"0";"0";"0";"0";"0";"0";"0";"0";"0";"0";"0";"0";"0";"0";"0";"0";"0";"0";"0";"0";"0";"0";"0";"0";"0";"0";"0";"0";"0";"0";"0";"0";"0";"0";"0";"0";"0";"0";"1";"0";"1";"0";"0";"0";"0";"0";"0";"0";"0";"0";"44";"2336823_44"
"main_coder";2336823;"Wereldwijde coronatrends: voor het eerst in maanden weer meer doden";"2020-06-10";"https://nos.nl/artikel/2336823-wereldwijde-coronatrends-voor-het-eerst-in-maanden-weer-meer-doden";"Imran Kahn";"Persoon";"Regeringen/regeringsleiders/regeringsleden en/of andere politici in een ander land dan NL, op nationaal of lokaal niveau OF staatsorganisaties en hun ambtenaren";"";"";"0";"1";"33";"1";"0";"0";"0";"0";"0";"0";"0";"0";"0";"0";"0";"0";"0";"0";"0";"0";"0";"0";"0";"0";"0";"0";"0";"0";"0";"0";"0";"0";"0";"0";"0";"0";"0";"0";"0";"0";"0";"0";"0";"0";"0";"0";"0";"0";"0";"0";"0";"0";"0";"0";"0";"0";"0";"0";"0";"0";"0";"0";"0";"0";"1";"0";"1";"0";"0";"0";"0";"0";"0";"0";"0";"0";"44";"2336823_44"
"researcher";2336823;"Wereldwijde coronatrends: voor het eerst in maanden weer meer doden";"2020-06-10";"https://nos.nl/artikel/2336823-wereldwijde-coronatrends-voor-het-eerst-in-maanden-weer-meer-doden";"López Obrador";"Persoon";"Regeringen/regeringsleiders/regeringsleden en/of andere politici in een ander land dan NL, op nationaal of lokaal niveau OF staatsorganisaties en hun ambtenaren";"";"";"1";"1";"16";"0";"0";"0";"0";"0";"0";"0";"0";"0";"0";"0";"0";"0";"0";"0";"0";"0";"0";"0";"0";"0";"0";"0";"0";"0";"0";"0";"0";"0";"0";"0";"0";"0";"0";"0";"0";"0";"0";"0";"0";"0";"0";"0";"0";"0";"0";"0";"0";"0";"0";"0";"0";"0";"0";"0";"0";"0";"0";"0";"0";"0";"0";"0";"0";"0";"0";"0";"0";"0";"0";"0";"0";"0";"45";"2336823_45"
"second_coder";2336823;"Wereldwijde coronatrends: voor het eerst in maanden weer meer doden";"2020-06-10";"https://nos.nl/artikel/2336823-wereldwijde-coronatrends-voor-het-eerst-in-maanden-weer-meer-doden";"López Obrador";"Persoon";"Regeringen/regeringsleiders/regeringsleden en/of andere politici in een ander land dan NL, op nationaal of lokaal niveau OF staatsorganisaties en hun ambtenaren";"";"";"1";"0";"3";"0";"0";"0";"0";"0";"0";"0";"0";"0";"0";"0";"0";"0";"0";"0";"0";"0";"0";"0";"0";"0";"0";"0";"0";"0";"0";"0";"0";"0";"0";"0";"0";"0";"0";"0";"0";"0";"0";"0";"0";"0";"0";"0";"0";"0";"0";"0";"0";"0";"0";"0";"0";"0";"0";"0";"0";"0";"0";"0";"0";"0";"0";"0";"0";"0";"0";"0";"0";"0";"0";"0";"0";"0";"45";"2336823_45"
"main_coder";2336823;"Wereldwijde coronatrends: voor het eerst in maanden weer meer doden";"2020-06-10";"https://nos.nl/artikel/2336823-wereldwijde-coronatrends-voor-het-eerst-in-maanden-weer-meer-doden";"López Obrador";"Persoon";"Regeringen/regeringsleiders/regeringsleden en/of andere politici in een ander land dan NL, op nationaal of lokaal niveau OF staatsorganisaties en hun ambtenaren";"";"";"1";"1";"16";"0";"0";"0";"0";"0";"0";"0";"0";"0";"0";"0";"0";"0";"0";"0";"0";"0";"0";"0";"0";"0";"0";"0";"0";"0";"0";"0";"0";"0";"0";"0";"0";"0";"0";"0";"0";"0";"0";"0";"0";"0";"0";"0";"0";"0";"0";"0";"0";"0";"0";"0";"0";"0";"0";"0";"0";"0";"0";"0";"0";"0";"0";"0";"0";"0";"0";"0";"0";"0";"0";"0";"0";"0";"45";"2336823_45"
"researcher";2336823;"Wereldwijde coronatrends: voor het eerst in maanden weer meer doden";"2020-06-10";"https://nos.nl/artikel/2336823-wereldwijde-coronatrends-voor-het-eerst-in-maanden-weer-meer-doden";"Wereldgezondheidsorganisatie WHO";"Organisatie";"EU-instellingen en Internationale overheidsorganisaties (ook IGO’s) en hun leden";"";"";"0";"1";"14";"0";"0";"0";"0";"0";"0";"0";"0";"0";"0";"0";"0";"0";"0";"0";"0";"0";"0";"0";"0";"0";"0";"0";"0";"0";"0";"0";"0";"0";"0";"0";"0";"0";"0";"0";"0";"0";"0";"0";"0";"0";"0";"0";"0";"0";"0";"0";"0";"0";"0";"0";"0";"0";"0";"0";"0";"0";"0";"0";"0";"0";"0";"0";"0";"0";"0";"0";"0";"0";"0";"0";"0";"0";"46";"2336823_46"
"second_coder";2336823;"Wereldwijde coronatrends: voor het eerst in maanden weer meer doden";"2020-06-10";"https://nos.nl/artikel/2336823-wereldwijde-coronatrends-voor-het-eerst-in-maanden-weer-meer-doden";"Wereldgezondheidsorganisatie WHO";"Organisatie";"Wetenschappelijke/medische organisaties en onderzoekers";"";"";"0";"1";"14";"0";"0";"0";"0";"0";"0";"0";"0";"0";"0";"0";"0";"0";"0";"0";"0";"0";"0";"0";"0";"0";"0";"0";"0";"0";"0";"0";"0";"0";"0";"0";"0";"0";"0";"0";"0";"0";"0";"0";"0";"0";"0";"0";"0";"0";"0";"0";"0";"0";"0";"0";"0";"0";"0";"0";"0";"0";"0";"0";"0";"0";"0";"0";"0";"0";"0";"0";"0";"0";"0";"0";"0";"0";"46";"2336823_46"
"main_coder";2336823;"Wereldwijde coronatrends: voor het eerst in maanden weer meer doden";"2020-06-10";"https://nos.nl/artikel/2336823-wereldwijde-coronatrends-voor-het-eerst-in-maanden-weer-meer-doden";"Wereldgezondheidsorganisatie WHO";"Organisatie";"EU-instellingen en Internationale overheidsorganisaties (ook IGO’s) en hun leden";"";"";"0";"1";"14";"0";"0";"0";"0";"0";"0";"0";"0";"0";"0";"0";"0";"0";"0";"0";"0";"0";"0";"0";"0";"0";"0";"0";"0";"0";"0";"0";"0";"0";"0";"0";"0";"0";"0";"0";"0";"0";"0";"0";"0";"0";"0";"0";"0";"0";"0";"0";"0";"0";"0";"0";"0";"0";"0";"0";"0";"0";"0";"0";"0";"0";"0";"0";"0";"0";"0";"0";"0";"0";"0";"0";"0";"0";"46";"2336823_46"
"researcher";2339109;"1 juli: coronaregels verder versoepeld, wat mag er allemaal weer?";"2020-07-01";"https://nos.nl/artikel/2339109-1-juli-coronaregels-verder-versoepeld-wat-mag-er-allemaal-weer.html";"het kabinet";"Organisatie";"NL - Nationale regering - executive / uitvoerende macht";"";"NvT";"1";"1";"11";"1";"1";"0";"0";"1";"0";"0";"0";"0";"0";"0";"0";"0";"0";"0";"0";"0";"0";"0";"0";"0";"0";"0";"0";"0";"0";"0";"0";"0";"0";"0";"0";"0";"0";"0";"0";"0";"0";"0";"0";"0";"0";"0";"0";"0";"0";"0";"0";"0";"0";"0";"0";"0";"0";"0";"0";"0";"0";"0";"0";"0";"0";"0";"0";"0";"0";"0";"0";"0";"0";"0";"0";"0";"47";"2339109_47"
"second_coder";2339109;"1 juli: coronaregels verder versoepeld, wat mag er allemaal weer?";"2020-07-01";"https://nos.nl/artikel/2339109-1-juli-coronaregels-verder-versoepeld-wat-mag-er-allemaal-weer.html";"het kabinet";"Organisatie";"NL - Nationale regering - executive / uitvoerende macht";"";"NvT";"0";"1";"10";"1";"1";"1";"0";"0";"0";"0";"0";"0";"0";"0";"0";"0";"0";"0";"0";"0";"0";"0";"0";"0";"0";"0";"0";"0";"0";"0";"0";"0";"0";"0";"0";"0";"0";"0";"0";"0";"0";"0";"0";"0";"0";"0";"0";"0";"0";"0";"0";"0";"0";"0";"0";"0";"0";"0";"0";"0";"0";"0";"0";"0";"0";"0";"0";"0";"0";"0";"0";"0";"0";"0";"0";"0";"47";"2339109_47"
"main_coder";2339109;"1 juli: coronaregels verder versoepeld, wat mag er allemaal weer?";"2020-07-01";"https://nos.nl/artikel/2339109-1-juli-coronaregels-verder-versoepeld-wat-mag-er-allemaal-weer.html";"het kabinet";"Organisatie";"NL - Nationale regering - executive / uitvoerende macht";"";"NvT";"1";"1";"11";"1";"1";"0";"0";"1";"0";"0";"0";"0";"0";"0";"0";"0";"0";"0";"0";"0";"0";"0";"0";"0";"0";"0";"0";"0";"0";"0";"0";"0";"0";"0";"0";"0";"0";"0";"0";"0";"0";"0";"0";"0";"0";"0";"0";"0";"0";"0";"0";"0";"0";"0";"0";"0";"0";"0";"0";"0";"0";"0";"0";"0";"0";"0";"0";"0";"0";"0";"0";"0";"0";"0";"0";"0";"47";"2339109_47"
"researcher";2339595;"Modezaken worstelen met impact corona, veel uitverkoop en onverkochte voorraden";"2020-07-05";"https://nos.nl/artikel/2339595-modezaken-worstelen-met-impact-corona-veel-uitverkoop-en-onverkochte-voorraden.html";"Cécile Narinx";"Persoon";"Journalisten anders dan de schrijver van het huidige artikel of nieuwsorganisaties anders dan de nieuwsorganisatie van het huidige artikel.";"";"";"1";"1";"82";"0";"0";"0";"0";"0";"0";"0";"0";"0";"0";"0";"0";"0";"0";"0";"0";"0";"0";"0";"0";"0";"0";"0";"0";"0";"0";"0";"0";"0";"0";"0";"0";"0";"0";"0";"0";"0";"0";"0";"0";"0";"0";"0";"0";"0";"0";"0";"0";"0";"0";"0";"0";"0";"0";"0";"0";"0";"0";"0";"0";"0";"0";"0";"0";"0";"0";"0";"0";"0";"0";"0";"0";"0";"48";"2339595_48"
"main_coder";2339595;"Modezaken worstelen met impact corona, veel uitverkoop en onverkochte voorraden";"2020-07-05";"https://nos.nl/artikel/2339595-modezaken-worstelen-met-impact-corona-veel-uitverkoop-en-onverkochte-voorraden.html";"Cécile Narinx";"Persoon";"Journalisten anders dan de schrijver van het huidige artikel of nieuwsorganisaties anders dan de nieuwsorganisatie van het huidige artikel.";"";"";"1";"1";"82";"0";"0";"0";"0";"0";"0";"0";"0";"0";"0";"0";"0";"0";"0";"0";"0";"0";"0";"0";"0";"0";"0";"0";"0";"0";"0";"0";"0";"0";"0";"0";"0";"0";"0";"0";"0";"0";"0";"0";"0";"0";"0";"0";"0";"0";"0";"0";"0";"0";"0";"0";"0";"0";"0";"0";"0";"0";"0";"0";"0";"0";"0";"0";"0";"0";"0";"0";"0";"0";"0";"0";"0";"0";"48";"2339595_48"
"researcher";2339595;"Modezaken worstelen met impact corona, veel uitverkoop en onverkochte voorraden";"2020-07-05";"https://nos.nl/artikel/2339595-modezaken-worstelen-met-impact-corona-veel-uitverkoop-en-onverkochte-voorraden.html";"Edwin Belt";"Persoon";"Niet-governementele organisaties (NGO), maatschappelijke organisaties, en hun leden";"";"";"1";"0";"66";"0";"0";"0";"0";"0";"0";"0";"0";"0";"0";"0";"0";"0";"0";"0";"0";"0";"0";"0";"0";"0";"0";"0";"0";"0";"0";"0";"0";"0";"0";"0";"0";"0";"0";"0";"0";"0";"0";"0";"0";"0";"0";"0";"0";"0";"0";"0";"0";"0";"0";"0";"0";"0";"0";"0";"0";"0";"0";"0";"0";"0";"0";"0";"0";"0";"0";"0";"0";"0";"0";"0";"0";"0";"49";"2339595_49"
"second_coder";2339595;"Modezaken worstelen met impact corona, veel uitverkoop en onverkochte voorraden";"2020-07-05";"https://nos.nl/artikel/2339595-modezaken-worstelen-met-impact-corona-veel-uitverkoop-en-onverkochte-voorraden.html";"Edwin Belt";"Persoon";"Niet-governementele organisaties (NGO), maatschappelijke organisaties, en hun leden";"";"";"1";"0";"66";"0";"0";"0";"0";"0";"0";"0";"0";"0";"0";"0";"0";"0";"0";"0";"0";"0";"0";"0";"0";"0";"0";"0";"0";"0";"0";"0";"0";"0";"0";"0";"0";"0";"0";"0";"0";"0";"0";"0";"0";"0";"0";"0";"0";"0";"0";"0";"0";"0";"0";"0";"0";"0";"0";"0";"0";"0";"0";"0";"0";"0";"0";"0";"0";"0";"0";"0";"0";"0";"0";"0";"0";"0";"49";"2339595_49"
"main_coder";2339595;"Modezaken worstelen met impact corona, veel uitverkoop en onverkochte voorraden";"2020-07-05";"https://nos.nl/artikel/2339595-modezaken-worstelen-met-impact-corona-veel-uitverkoop-en-onverkochte-voorraden.html";"Edwin Belt";"Persoon";"Niet-governementele organisaties (NGO), maatschappelijke organisaties, en hun leden";"";"";"1";"0";"66";"0";"0";"0";"0";"0";"0";"0";"0";"0";"0";"0";"0";"0";"0";"0";"0";"0";"0";"0";"0";"0";"0";"0";"0";"0";"0";"0";"0";"0";"0";"0";"0";"0";"0";"0";"0";"0";"0";"0";"0";"0";"0";"0";"0";"0";"0";"0";"0";"0";"0";"0";"0";"0";"0";"0";"0";"0";"0";"0";"0";"0";"0";"0";"0";"0";"0";"0";"0";"0";"0";"0";"0";"0";"49";"2339595_49"
"researcher";2339595;"Modezaken worstelen met impact corona, veel uitverkoop en onverkochte voorraden";"2020-07-05";"https://nos.nl/artikel/2339595-modezaken-worstelen-met-impact-corona-veel-uitverkoop-en-onverkochte-voorraden.html";"Frederiek Waninge";"Persoon";"Publiek en leden van het publiek, publieke opiniepeilingen en hun respondenten";"";"";"1";"1";"49";"0";"0";"0";"0";"0";"0";"0";"0";"0";"0";"0";"0";"0";"0";"0";"0";"0";"0";"0";"0";"0";"0";"0";"0";"0";"0";"0";"0";"0";"0";"0";"0";"0";"0";"0";"0";"0";"0";"0";"0";"0";"0";"0";"0";"0";"0";"0";"0";"0";"0";"0";"0";"0";"0";"0";"0";"0";"0";"0";"0";"0";"0";"0";"0";"0";"0";"0";"0";"0";"0";"0";"0";"0";"50";"2339595_50"
"second_coder";2339595;"Modezaken worstelen met impact corona, veel uitverkoop en onverkochte voorraden";"2020-07-05";"https://nos.nl/artikel/2339595-modezaken-worstelen-met-impact-corona-veel-uitverkoop-en-onverkochte-voorraden.html";"Frederiek Waninge";"Persoon";"Publiek en leden van het publiek, publieke opiniepeilingen en hun respondenten";"";"";"1";"1";"49";"0";"0";"0";"0";"0";"0";"0";"0";"0";"0";"0";"0";"0";"0";"0";"0";"0";"0";"0";"0";"0";"0";"0";"0";"0";"0";"0";"0";"0";"0";"0";"0";"0";"0";"0";"0";"0";"0";"0";"0";"0";"0";"0";"0";"0";"0";"0";"0";"0";"0";"0";"0";"0";"0";"0";"0";"0";"0";"0";"0";"0";"0";"0";"0";"0";"0";"0";"0";"0";"0";"0";"0";"0";"50";"2339595_50"
"main_coder";2339595;"Modezaken worstelen met impact corona, veel uitverkoop en onverkochte voorraden";"2020-07-05";"https://nos.nl/artikel/2339595-modezaken-worstelen-met-impact-corona-veel-uitverkoop-en-onverkochte-voorraden.html";"Frederiek Waninge";"Persoon";"Zakelijke organisaties en hun werknemers";"";"";"1";"1";"48";"0";"0";"0";"0";"0";"0";"0";"0";"0";"0";"0";"0";"0";"0";"0";"0";"0";"0";"0";"0";"0";"0";"0";"0";"0";"0";"0";"0";"0";"0";"0";"0";"0";"0";"0";"0";"0";"0";"0";"0";"0";"0";"0";"0";"0";"0";"0";"0";"0";"0";"0";"0";"0";"0";"0";"0";"0";"0";"0";"0";"0";"0";"0";"0";"0";"0";"0";"0";"0";"0";"0";"0";"0";"50";"2339595_50"
"researcher";2339595;"Modezaken worstelen met impact corona, veel uitverkoop en onverkochte voorraden";"2020-07-05";"https://nos.nl/artikel/2339595-modezaken-worstelen-met-impact-corona-veel-uitverkoop-en-onverkochte-voorraden.html";"Petra Reuvers";"Persoon";"Publiek en leden van het publiek, publieke opiniepeilingen en hun respondenten";"";"";"1";"0";"57";"0";"0";"0";"0";"0";"0";"0";"0";"0";"0";"0";"0";"0";"0";"0";"0";"0";"0";"0";"0";"0";"0";"0";"0";"0";"0";"0";"0";"0";"0";"0";"0";"0";"0";"0";"0";"0";"0";"0";"0";"0";"0";"0";"0";"0";"0";"0";"0";"0";"0";"0";"0";"0";"0";"0";"0";"0";"0";"0";"0";"0";"0";"0";"0";"0";"0";"0";"0";"0";"0";"0";"0";"0";"51";"2339595_51"
"second_coder";2339595;"Modezaken worstelen met impact corona, veel uitverkoop en onverkochte voorraden";"2020-07-05";"https://nos.nl/artikel/2339595-modezaken-worstelen-met-impact-corona-veel-uitverkoop-en-onverkochte-voorraden.html";"Petra Reuvers";"Persoon";"Publiek en leden van het publiek, publieke opiniepeilingen en hun respondenten";"";"";"1";"0";"57";"0";"0";"0";"0";"0";"0";"0";"0";"0";"0";"0";"0";"0";"0";"0";"0";"0";"0";"0";"0";"0";"0";"0";"0";"0";"0";"0";"0";"0";"0";"0";"0";"0";"0";"0";"0";"0";"0";"0";"0";"0";"0";"0";"0";"0";"0";"0";"0";"0";"0";"0";"0";"0";"0";"0";"0";"0";"0";"0";"0";"0";"0";"0";"0";"0";"0";"0";"0";"0";"0";"0";"0";"0";"51";"2339595_51"
"main_coder";2339595;"Modezaken worstelen met impact corona, veel uitverkoop en onverkochte voorraden";"2020-07-05";"https://nos.nl/artikel/2339595-modezaken-worstelen-met-impact-corona-veel-uitverkoop-en-onverkochte-voorraden.html";"Petra Reuvers";"Persoon";"Zakelijke organisaties en hun werknemers";"";"";"1";"0";"56";"1";"0";"0";"0";"0";"0";"0";"0";"0";"0";"0";"0";"0";"0";"0";"0";"0";"0";"0";"0";"0";"0";"0";"0";"0";"0";"0";"0";"0";"0";"0";"0";"0";"0";"0";"0";"0";"1";"0";"0";"1";"0";"0";"0";"0";"0";"0";"0";"0";"0";"0";"0";"0";"0";"0";"0";"0";"0";"0";"0";"0";"0";"0";"0";"0";"0";"0";"0";"0";"0";"0";"0";"0";"51";"2339595_51"
"researcher";2339595;"Modezaken worstelen met impact corona, veel uitverkoop en onverkochte voorraden";"2020-07-05";"https://nos.nl/artikel/2339595-modezaken-worstelen-met-impact-corona-veel-uitverkoop-en-onverkochte-voorraden.html";"Rens Tap";"Persoon";"Niet-governementele organisaties (NGO), maatschappelijke organisaties, en hun leden";"";"";"1";"1";"100";"0";"0";"0";"0";"0";"0";"0";"0";"0";"0";"0";"0";"0";"0";"0";"0";"0";"0";"0";"0";"0";"0";"0";"0";"0";"0";"0";"0";"0";"0";"0";"0";"0";"0";"0";"0";"0";"0";"0";"0";"0";"0";"0";"0";"0";"0";"0";"0";"0";"0";"0";"0";"0";"0";"0";"0";"0";"0";"0";"0";"0";"0";"0";"0";"0";"0";"0";"0";"0";"0";"0";"0";"0";"52";"2339595_52"
"second_coder";2339595;"Modezaken worstelen met impact corona, veel uitverkoop en onverkochte voorraden";"2020-07-05";"https://nos.nl/artikel/2339595-modezaken-worstelen-met-impact-corona-veel-uitverkoop-en-onverkochte-voorraden.html";"Rens Tap";"Persoon";"Niet-governementele organisaties (NGO), maatschappelijke organisaties, en hun leden";"";"";"1";"1";"100";"0";"0";"0";"0";"0";"0";"0";"0";"0";"0";"0";"0";"0";"0";"0";"0";"0";"0";"0";"0";"0";"0";"0";"0";"0";"0";"0";"0";"0";"0";"0";"0";"0";"0";"0";"0";"0";"0";"0";"0";"0";"0";"0";"0";"0";"0";"0";"0";"0";"0";"0";"0";"0";"0";"0";"0";"0";"0";"0";"0";"0";"0";"0";"0";"0";"0";"0";"0";"0";"0";"0";"0";"0";"52";"2339595_52"
"main_coder";2339595;"Modezaken worstelen met impact corona, veel uitverkoop en onverkochte voorraden";"2020-07-05";"https://nos.nl/artikel/2339595-modezaken-worstelen-met-impact-corona-veel-uitverkoop-en-onverkochte-voorraden.html";"Rens Tap";"Persoon";"Niet-governementele organisaties (NGO), maatschappelijke organisaties, en hun leden";"";"";"1";"1";"99";"0";"0";"0";"0";"0";"0";"0";"0";"0";"0";"0";"0";"0";"0";"0";"0";"0";"0";"0";"0";"0";"0";"0";"0";"0";"0";"0";"0";"0";"0";"0";"0";"0";"0";"0";"0";"0";"0";"0";"0";"0";"0";"0";"0";"0";"0";"0";"0";"0";"0";"0";"0";"0";"0";"0";"0";"0";"0";"0";"0";"0";"0";"0";"0";"0";"0";"0";"0";"0";"0";"0";"0";"0";"52";"2339595_52"
"researcher";2339595;"Modezaken worstelen met impact corona, veel uitverkoop en onverkochte voorraden";"2020-07-05";"https://nos.nl/artikel/2339595-modezaken-worstelen-met-impact-corona-veel-uitverkoop-en-onverkochte-voorraden.html";"winkeliers";"Persoon";"Zakelijke organisaties en hun werknemers";"";"";"0";"1";"18";"0";"0";"0";"0";"0";"0";"0";"0";"0";"0";"0";"0";"0";"0";"0";"0";"0";"0";"0";"0";"0";"0";"0";"0";"0";"0";"0";"0";"0";"0";"0";"0";"0";"0";"0";"0";"0";"0";"0";"0";"0";"0";"0";"0";"0";"0";"0";"0";"0";"0";"0";"0";"0";"0";"0";"0";"0";"0";"0";"0";"0";"0";"0";"0";"0";"0";"0";"0";"0";"0";"0";"0";"0";"53";"2339595_53"
"second_coder";2339595;"Modezaken worstelen met impact corona, veel uitverkoop en onverkochte voorraden";"2020-07-05";"https://nos.nl/artikel/2339595-modezaken-worstelen-met-impact-corona-veel-uitverkoop-en-onverkochte-voorraden.html";"winkeliers";"Persoon";"Andere functie:";"handelaars";"";"0";"1";"9";"0";"0";"0";"0";"0";"0";"0";"0";"0";"0";"0";"0";"0";"0";"0";"0";"0";"0";"0";"0";"0";"0";"0";"0";"0";"0";"0";"0";"0";"0";"0";"0";"0";"0";"0";"0";"0";"0";"0";"0";"0";"0";"0";"0";"0";"0";"0";"0";"0";"0";"0";"0";"0";"0";"0";"0";"0";"0";"0";"0";"0";"0";"0";"0";"0";"0";"0";"0";"0";"0";"0";"0";"0";"53";"2339595_53"
"main_coder";2339595;"Modezaken worstelen met impact corona, veel uitverkoop en onverkochte voorraden";"2020-07-05";"https://nos.nl/artikel/2339595-modezaken-worstelen-met-impact-corona-veel-uitverkoop-en-onverkochte-voorraden.html";"winkeliers";"Persoon";"Zakelijke organisaties en hun werknemers";"";"";"0";"1";"18";"0";"0";"0";"0";"0";"0";"0";"0";"0";"0";"0";"0";"0";"0";"0";"0";"0";"0";"0";"0";"0";"0";"0";"0";"0";"0";"0";"0";"0";"0";"0";"0";"0";"0";"0";"0";"0";"0";"0";"0";"0";"0";"0";"0";"0";"0";"0";"0";"0";"0";"0";"0";"0";"0";"0";"0";"0";"0";"0";"0";"0";"0";"0";"0";"0";"0";"0";"0";"0";"0";"0";"0";"0";"53";"2339595_53"
"researcher";2340450;"MLS-duel net voor aftrap uitgesteld vanwege positieve coronatest";"2020-07-12";"https://nos.nl/artikel/2340450-mls-duel-net-voor-aftrap-uitgesteld-vanwege-positieve-coronatest";"Major League Soccer (MLS)";"Organisatie";"Zakelijke organisaties en hun werknemers";"";"";"1";"1";"42";"1";"0";"0";"0";"0";"0";"0";"0";"0";"0";"0";"0";"0";"0";"0";"0";"0";"0";"0";"0";"0";"0";"0";"0";"0";"0";"0";"0";"0";"0";"0";"0";"0";"0";"0";"0";"0";"0";"0";"0";"0";"0";"0";"0";"0";"0";"0";"0";"0";"0";"0";"0";"0";"0";"0";"0";"0";"1";"0";"0";"1";"0";"0";"0";"0";"0";"0";"0";"0";"0";"0";"0";"0";"54";"2340450_54"
"second_coder";2340450;"MLS-duel net voor aftrap uitgesteld vanwege positieve coronatest";"2020-07-12";"https://nos.nl/artikel/2340450-mls-duel-net-voor-aftrap-uitgesteld-vanwege-positieve-coronatest";"Major League Soccer (MLS)";"Organisatie";"Andere functie:";"Sportorganisatie";"";"1";"1";"42";"1";"0";"0";"0";"0";"0";"0";"0";"0";"0";"0";"0";"0";"0";"0";"0";"0";"0";"0";"0";"0";"0";"0";"0";"0";"0";"0";"0";"0";"0";"0";"0";"0";"0";"0";"0";"0";"0";"0";"0";"0";"0";"0";"0";"0";"0";"0";"0";"0";"0";"0";"0";"0";"0";"0";"0";"0";"1";"0";"0";"1";"0";"0";"0";"0";"0";"0";"0";"0";"0";"0";"0";"0";"54";"2340450_54"
"main_coder";2340450;"MLS-duel net voor aftrap uitgesteld vanwege positieve coronatest";"2020-07-12";"https://nos.nl/artikel/2340450-mls-duel-net-voor-aftrap-uitgesteld-vanwege-positieve-coronatest";"Major League Soccer (MLS)";"Organisatie";"Zakelijke organisaties en hun werknemers";"";"";"1";"0";"11";"1";"0";"0";"0";"0";"0";"0";"0";"0";"0";"0";"0";"0";"0";"0";"0";"0";"0";"0";"0";"0";"0";"0";"0";"0";"0";"0";"0";"0";"0";"0";"0";"0";"0";"0";"0";"0";"0";"0";"0";"0";"0";"0";"0";"0";"0";"0";"0";"0";"0";"0";"0";"0";"0";"0";"0";"0";"1";"0";"0";"1";"0";"0";"0";"0";"0";"0";"0";"0";"0";"0";"0";"0";"54";"2340450_54"
"second_coder";2344174;"Veiligheidsregio Zeeland verbiedt geluidsapparatuur voor illegale feesten";"2020-08-15";"https://nos.nl/artikel/2344174-veiligheidsregio-zeeland-verbiedt-geluidsapparatuur-voor-illegale-feesten.html";"De veiligheidsregio";"Organisatie";"Publiek en leden van het publiek, publieke opiniepeilingen en hun respondenten";"";"";"0";"1";"7";"1";"1";"0";"0";"1";"0";"0";"0";"0";"0";"0";"0";"0";"0";"0";"0";"0";"0";"0";"0";"0";"0";"0";"0";"0";"0";"0";"0";"0";"0";"0";"0";"0";"0";"0";"0";"0";"0";"0";"0";"0";"0";"0";"0";"0";"0";"0";"0";"0";"0";"0";"0";"0";"0";"0";"0";"0";"0";"0";"0";"0";"0";"0";"0";"0";"0";"0";"0";"0";"0";"0";"0";"0";"55";"2344174_55"
"researcher";2344174;"Veiligheidsregio Zeeland verbiedt geluidsapparatuur voor illegale feesten";"2020-08-15";"https://nos.nl/artikel/2344174-veiligheidsregio-zeeland-verbiedt-geluidsapparatuur-voor-illegale-feesten.html";"Jan Lonink";"Persoon";"Openbare en semiopenbare instellingen";"";"";"1";"1";"156";"1";"0";"0";"0";"0";"0";"0";"0";"0";"0";"0";"0";"0";"0";"0";"0";"0";"0";"0";"0";"0";"0";"0";"0";"0";"0";"0";"0";"0";"0";"0";"0";"0";"0";"0";"0";"0";"0";"0";"0";"0";"0";"0";"0";"0";"0";"0";"0";"0";"0";"0";"0";"0";"1";"1";"0";"0";"0";"0";"0";"0";"0";"0";"0";"0";"0";"0";"0";"0";"0";"0";"0";"0";"56";"2344174_56"
"second_coder";2344174;"Veiligheidsregio Zeeland verbiedt geluidsapparatuur voor illegale feesten";"2020-08-15";"https://nos.nl/artikel/2344174-veiligheidsregio-zeeland-verbiedt-geluidsapparatuur-voor-illegale-feesten.html";"Jan Lonink";"Persoon";"Publiek en leden van het publiek, publieke opiniepeilingen en hun respondenten";"";"";"1";"1";"156";"1";"0";"0";"0";"0";"0";"0";"0";"0";"0";"0";"0";"0";"0";"0";"0";"0";"0";"0";"0";"0";"0";"0";"0";"0";"0";"0";"0";"0";"0";"0";"0";"0";"0";"0";"0";"0";"0";"0";"0";"0";"0";"0";"0";"0";"1";"0";"0";"1";"0";"0";"0";"0";"0";"0";"0";"0";"0";"0";"0";"0";"0";"0";"0";"0";"0";"0";"0";"0";"0";"0";"0";"0";"56";"2344174_56"
"main_coder";2344174;"Veiligheidsregio Zeeland verbiedt geluidsapparatuur voor illegale feesten";"2020-08-15";"https://nos.nl/artikel/2344174-veiligheidsregio-zeeland-verbiedt-geluidsapparatuur-voor-illegale-feesten.html";"Jan Lonink";"Persoon";"Openbare en semiopenbare instellingen";"";"";"1";"1";"142";"1";"0";"0";"0";"0";"0";"0";"0";"0";"0";"0";"0";"0";"0";"0";"0";"0";"0";"0";"0";"0";"0";"0";"0";"0";"0";"0";"0";"0";"0";"0";"0";"0";"0";"0";"0";"0";"0";"0";"0";"0";"0";"0";"0";"0";"0";"0";"0";"0";"0";"0";"0";"0";"1";"1";"0";"0";"0";"0";"0";"0";"0";"0";"0";"0";"0";"0";"0";"0";"0";"0";"0";"0";"56";"2344174_56"
"researcher";2346916;"Evenementen in tijd van corona: ""Elke tribune heeft eigen parkeerplaatsen""";"2020-09-05";"https://nos.nl/artikel/2346916-evenementen-in-tijd-van-corona-elke-tribune-heeft-eigen-parkeerplaatsen.html";"Bezoekers van de DTM in Assen";"Persoon";"Publiek en leden van het publiek, publieke opiniepeilingen en hun respondenten";"";"";"1";"0";"19";"1";"1";"0";"0";"1";"0";"0";"0";"0";"0";"0";"0";"0";"0";"0";"0";"0";"0";"0";"0";"0";"0";"0";"0";"0";"0";"0";"0";"0";"0";"0";"0";"0";"0";"0";"0";"0";"0";"0";"0";"0";"0";"0";"0";"0";"0";"0";"0";"0";"0";"0";"0";"0";"0";"0";"0";"0";"0";"0";"0";"0";"0";"0";"0";"0";"0";"0";"0";"0";"0";"0";"0";"0";"57";"2346916_57"
"second_coder";2346916;"Evenementen in tijd van corona: ""Elke tribune heeft eigen parkeerplaatsen""";"2020-09-05";"https://nos.nl/artikel/2346916-evenementen-in-tijd-van-corona-elke-tribune-heeft-eigen-parkeerplaatsen.html";"Bezoekers van de DTM in Assen";"Persoon";"Publiek en leden van het publiek, publieke opiniepeilingen en hun respondenten";"";"";"1";"0";"19";"1";"1";"0";"1";"0";"0";"0";"0";"0";"0";"0";"0";"0";"0";"0";"0";"0";"0";"0";"0";"0";"0";"0";"0";"0";"0";"0";"0";"0";"0";"0";"0";"0";"0";"0";"0";"0";"0";"0";"0";"0";"0";"0";"0";"0";"0";"0";"0";"0";"0";"0";"0";"0";"0";"0";"0";"0";"0";"0";"0";"0";"0";"0";"0";"0";"0";"0";"0";"0";"0";"0";"0";"0";"57";"2346916_57"
"researcher";2346916;"Evenementen in tijd van corona: ""Elke tribune heeft eigen parkeerplaatsen""";"2020-09-05";"https://nos.nl/artikel/2346916-evenementen-in-tijd-van-corona-elke-tribune-heeft-eigen-parkeerplaatsen.html";"Bezoekers van de Indonesische beurs";"Persoon";"Publiek en leden van het publiek, publieke opiniepeilingen en hun respondenten";"";"";"1";"0";"9";"0";"0";"0";"0";"0";"0";"0";"0";"0";"0";"0";"0";"0";"0";"0";"0";"0";"0";"0";"0";"0";"0";"0";"0";"0";"0";"0";"0";"0";"0";"0";"0";"0";"0";"0";"0";"0";"0";"0";"0";"0";"0";"0";"0";"0";"0";"0";"0";"0";"0";"0";"0";"0";"0";"0";"0";"0";"0";"0";"0";"0";"0";"0";"0";"0";"0";"0";"0";"0";"0";"0";"0";"0";"58";"2346916_58"
"second_coder";2346916;"Evenementen in tijd van corona: ""Elke tribune heeft eigen parkeerplaatsen""";"2020-09-05";"https://nos.nl/artikel/2346916-evenementen-in-tijd-van-corona-elke-tribune-heeft-eigen-parkeerplaatsen.html";"Bezoekers van de Indonesische beurs";"Persoon";"Publiek en leden van het publiek, publieke opiniepeilingen en hun respondenten";"";"";"1";"0";"9";"0";"0";"0";"0";"0";"0";"0";"0";"0";"0";"0";"0";"0";"0";"0";"0";"0";"0";"0";"0";"0";"0";"0";"0";"0";"0";"0";"0";"0";"0";"0";"0";"0";"0";"0";"0";"0";"0";"0";"0";"0";"0";"0";"0";"0";"0";"0";"0";"0";"0";"0";"0";"0";"0";"0";"0";"0";"0";"0";"0";"0";"0";"0";"0";"0";"0";"0";"0";"0";"0";"0";"0";"0";"58";"2346916_58"
"main_coder";2346916;"Evenementen in tijd van corona: ""Elke tribune heeft eigen parkeerplaatsen""";"2020-09-05";"https://nos.nl/artikel/2346916-evenementen-in-tijd-van-corona-elke-tribune-heeft-eigen-parkeerplaatsen.html";"Bezoekers van de Indonesische beurs";"Persoon";"Publiek en leden van het publiek, publieke opiniepeilingen en hun respondenten";"";"";"1";"0";"9";"0";"0";"0";"0";"0";"0";"0";"0";"0";"0";"0";"0";"0";"0";"0";"0";"0";"0";"0";"0";"0";"0";"0";"0";"0";"0";"0";"0";"0";"0";"0";"0";"0";"0";"0";"0";"0";"0";"0";"0";"0";"0";"0";"0";"0";"0";"0";"0";"0";"0";"0";"0";"0";"0";"0";"0";"0";"0";"0";"0";"0";"0";"0";"0";"0";"0";"0";"0";"0";"0";"0";"0";"0";"58";"2346916_58"
"researcher";2346916;"Evenementen in tijd van corona: ""Elke tribune heeft eigen parkeerplaatsen""";"2020-09-05";"https://nos.nl/artikel/2346916-evenementen-in-tijd-van-corona-elke-tribune-heeft-eigen-parkeerplaatsen.html";"Lee van Dam";"Persoon";"Zakelijke organisaties en hun werknemers";"";"";"1";"0";"10";"0";"0";"0";"0";"0";"0";"0";"0";"0";"0";"0";"0";"0";"0";"0";"0";"0";"0";"0";"0";"0";"0";"0";"0";"0";"0";"0";"0";"0";"0";"0";"0";"0";"0";"0";"0";"0";"0";"0";"0";"0";"0";"0";"0";"0";"0";"0";"0";"0";"0";"0";"0";"0";"0";"0";"0";"0";"0";"0";"0";"0";"0";"0";"0";"0";"0";"0";"0";"0";"0";"0";"0";"0";"59";"2346916_59"
"second_coder";2346916;"Evenementen in tijd van corona: ""Elke tribune heeft eigen parkeerplaatsen""";"2020-09-05";"https://nos.nl/artikel/2346916-evenementen-in-tijd-van-corona-elke-tribune-heeft-eigen-parkeerplaatsen.html";"Lee van Dam";"Persoon";"Zakelijke organisaties en hun werknemers";"";"";"1";"1";"21";"0";"0";"0";"0";"0";"0";"0";"0";"0";"0";"0";"0";"0";"0";"0";"0";"0";"0";"0";"0";"0";"0";"0";"0";"0";"0";"0";"0";"0";"0";"0";"0";"0";"0";"0";"0";"0";"0";"0";"0";"0";"0";"0";"0";"0";"0";"0";"0";"0";"0";"0";"0";"0";"0";"0";"0";"0";"0";"0";"0";"0";"0";"0";"0";"0";"0";"0";"0";"0";"0";"0";"0";"0";"59";"2346916_59"
"main_coder";2346916;"Evenementen in tijd van corona: ""Elke tribune heeft eigen parkeerplaatsen""";"2020-09-05";"https://nos.nl/artikel/2346916-evenementen-in-tijd-van-corona-elke-tribune-heeft-eigen-parkeerplaatsen.html";"Lee van Dam";"Persoon";"Niet-governementele organisaties (NGO), maatschappelijke organisaties, en hun leden";"";"";"1";"0";"10";"0";"0";"0";"0";"0";"0";"0";"0";"0";"0";"0";"0";"0";"0";"0";"0";"0";"0";"0";"0";"0";"0";"0";"0";"0";"0";"0";"0";"0";"0";"0";"0";"0";"0";"0";"0";"0";"0";"0";"0";"0";"0";"0";"0";"0";"0";"0";"0";"0";"0";"0";"0";"0";"0";"0";"0";"0";"0";"0";"0";"0";"0";"0";"0";"0";"0";"0";"0";"0";"0";"0";"0";"0";"59";"2346916_59"
"researcher";2346916;"Evenementen in tijd van corona: ""Elke tribune heeft eigen parkeerplaatsen""";"2020-09-05";"https://nos.nl/artikel/2346916-evenementen-in-tijd-van-corona-elke-tribune-heeft-eigen-parkeerplaatsen.html";"Marcel Neervoort";"Persoon";"Zakelijke organisaties en hun werknemers";"";"";"1";"1";"47";"0";"0";"0";"0";"0";"0";"0";"0";"0";"0";"0";"0";"0";"0";"0";"0";"0";"0";"0";"0";"0";"0";"0";"0";"0";"0";"0";"0";"0";"0";"0";"0";"0";"0";"0";"0";"0";"0";"0";"0";"0";"0";"0";"0";"0";"0";"0";"0";"0";"0";"0";"0";"0";"0";"0";"0";"0";"0";"0";"0";"0";"0";"0";"0";"0";"0";"0";"0";"0";"0";"0";"0";"0";"60";"2346916_60"
"second_coder";2346916;"Evenementen in tijd van corona: ""Elke tribune heeft eigen parkeerplaatsen""";"2020-09-05";"https://nos.nl/artikel/2346916-evenementen-in-tijd-van-corona-elke-tribune-heeft-eigen-parkeerplaatsen.html";"Marcel Neervoort";"Persoon";"Zakelijke organisaties en hun werknemers";"";"";"1";"1";"47";"0";"0";"0";"0";"0";"0";"0";"0";"0";"0";"0";"0";"0";"0";"0";"0";"0";"0";"0";"0";"0";"0";"0";"0";"0";"0";"0";"0";"0";"0";"0";"0";"0";"0";"0";"0";"0";"0";"0";"0";"0";"0";"0";"0";"0";"0";"0";"0";"0";"0";"0";"0";"0";"0";"0";"0";"0";"0";"0";"0";"0";"0";"0";"0";"0";"0";"0";"0";"0";"0";"0";"0";"0";"60";"2346916_60"
"main_coder";2346916;"Evenementen in tijd van corona: ""Elke tribune heeft eigen parkeerplaatsen""";"2020-09-05";"https://nos.nl/artikel/2346916-evenementen-in-tijd-van-corona-elke-tribune-heeft-eigen-parkeerplaatsen.html";"Marcel Neervoort";"Persoon";"Niet-governementele organisaties (NGO), maatschappelijke organisaties, en hun leden";"";"";"1";"1";"46";"0";"0";"0";"0";"0";"0";"0";"0";"0";"0";"0";"0";"0";"0";"0";"0";"0";"0";"0";"0";"0";"0";"0";"0";"0";"0";"0";"0";"0";"0";"0";"0";"0";"0";"0";"0";"0";"0";"0";"0";"0";"0";"0";"0";"0";"0";"0";"0";"0";"0";"0";"0";"0";"0";"0";"0";"0";"0";"0";"0";"0";"0";"0";"0";"0";"0";"0";"0";"0";"0";"0";"0";"0";"60";"2346916_60"
"researcher";2346916;"Evenementen in tijd van corona: ""Elke tribune heeft eigen parkeerplaatsen""";"2020-09-05";"https://nos.nl/artikel/2346916-evenementen-in-tijd-van-corona-elke-tribune-heeft-eigen-parkeerplaatsen.html";"Willem Westermann";"Persoon";"Zakelijke organisaties en hun werknemers";"";"";"1";"0";"29";"1";"0";"0";"0";"0";"0";"0";"0";"0";"0";"0";"0";"0";"0";"0";"0";"0";"0";"0";"0";"0";"0";"0";"0";"0";"0";"0";"0";"0";"0";"0";"0";"0";"0";"0";"0";"0";"0";"0";"0";"0";"0";"0";"0";"0";"0";"0";"0";"0";"0";"0";"0";"0";"1";"0";"0";"1";"0";"0";"0";"0";"0";"0";"0";"0";"0";"0";"0";"0";"0";"0";"0";"0";"61";"2346916_61"
"second_coder";2346916;"Evenementen in tijd van corona: ""Elke tribune heeft eigen parkeerplaatsen""";"2020-09-05";"https://nos.nl/artikel/2346916-evenementen-in-tijd-van-corona-elke-tribune-heeft-eigen-parkeerplaatsen.html";"Willem Westermann";"Persoon";"Zakelijke organisaties en hun werknemers";"";"";"1";"0";"29";"1";"1";"1";"0";"0";"0";"0";"0";"0";"0";"0";"0";"0";"0";"0";"0";"0";"0";"0";"0";"0";"0";"0";"0";"0";"0";"0";"0";"0";"0";"0";"0";"0";"0";"0";"0";"0";"0";"0";"0";"0";"0";"0";"0";"0";"0";"0";"0";"0";"0";"0";"0";"0";"0";"0";"0";"0";"0";"0";"0";"0";"0";"0";"0";"0";"0";"0";"0";"0";"0";"0";"0";"0";"61";"2346916_61"
"main_coder";2346916;"Evenementen in tijd van corona: ""Elke tribune heeft eigen parkeerplaatsen""";"2020-09-05";"https://nos.nl/artikel/2346916-evenementen-in-tijd-van-corona-elke-tribune-heeft-eigen-parkeerplaatsen.html";"Willem Westermann";"Persoon";"Niet-governementele organisaties (NGO), maatschappelijke organisaties, en hun leden";"";"";"1";"0";"57";"1";"1";"0";"0";"1";"0";"0";"0";"0";"0";"0";"0";"0";"0";"0";"0";"0";"0";"0";"0";"0";"0";"0";"0";"0";"0";"0";"0";"0";"0";"0";"0";"0";"0";"0";"0";"0";"0";"0";"0";"0";"0";"0";"0";"0";"0";"0";"0";"0";"1";"0";"0";"1";"1";"0";"0";"1";"0";"0";"0";"0";"0";"0";"0";"0";"0";"0";"0";"0";"0";"0";"0";"0";"61";"2346916_61"
"researcher";2350260;"Lid OMT: mondkapjesplicht in verpleeghuizen in drie regio's onvoldoende ";"2020-09-29";"https://nos.nl/artikel/2350260-lid-omt-mondkapjesplicht-in-verpleeghuizen-in-drie-regio-s-onvoldoende.html";"Cees Hertogh";"Persoon";"Wetenschappelijke/medische organisaties en onderzoekers";"";"";"1";"1";"195";"1";"1";"1";"0";"0";"0";"0";"0";"0";"0";"0";"0";"0";"0";"0";"0";"0";"0";"0";"0";"0";"0";"0";"0";"0";"1";"1";"0";"0";"0";"0";"0";"0";"0";"0";"0";"0";"0";"0";"0";"0";"0";"0";"0";"0";"0";"0";"0";"0";"0";"0";"0";"0";"0";"0";"0";"0";"0";"0";"0";"0";"0";"0";"0";"0";"0";"0";"0";"0";"0";"0";"0";"0";"62";"2350260_62"
"second_coder";2350260;"Lid OMT: mondkapjesplicht in verpleeghuizen in drie regio's onvoldoende ";"2020-09-29";"https://nos.nl/artikel/2350260-lid-omt-mondkapjesplicht-in-verpleeghuizen-in-drie-regio-s-onvoldoende.html";"Cees Hertogh";"Persoon";"Wetenschappelijke/medische organisaties en onderzoekers";"";"";"1";"1";"195";"1";"1";"1";"0";"0";"0";"0";"0";"0";"0";"0";"0";"0";"0";"0";"0";"0";"0";"0";"0";"0";"0";"0";"0";"0";"1";"1";"0";"0";"0";"0";"0";"0";"0";"0";"0";"0";"0";"0";"0";"0";"0";"0";"0";"0";"0";"0";"0";"0";"0";"0";"0";"0";"0";"0";"0";"0";"0";"0";"0";"0";"0";"0";"0";"0";"0";"0";"0";"0";"0";"0";"0";"0";"62";"2350260_62"
"main_coder";2350260;"Lid OMT: mondkapjesplicht in verpleeghuizen in drie regio's onvoldoende ";"2020-09-29";"https://nos.nl/artikel/2350260-lid-omt-mondkapjesplicht-in-verpleeghuizen-in-drie-regio-s-onvoldoende.html";"Cees Hertogh";"Persoon";"Wetenschappelijke/medische organisaties en onderzoekers";"";"";"1";"1";"194";"1";"0";"0";"0";"0";"0";"0";"0";"0";"0";"0";"0";"0";"0";"0";"0";"0";"0";"0";"0";"0";"0";"0";"0";"0";"1";"1";"0";"0";"0";"0";"0";"0";"0";"0";"0";"0";"0";"0";"0";"0";"0";"0";"0";"0";"0";"0";"0";"0";"0";"0";"0";"0";"0";"0";"0";"0";"0";"0";"0";"0";"0";"0";"0";"0";"0";"0";"0";"0";"0";"0";"0";"0";"62";"2350260_62"
"researcher";2350260;"Lid OMT: mondkapjesplicht in verpleeghuizen in drie regio's onvoldoende ";"2020-09-29";"https://nos.nl/artikel/2350260-lid-omt-mondkapjesplicht-in-verpleeghuizen-in-drie-regio-s-onvoldoende.html";"De Jonge";"Persoon";"NL - Nationale regering - executive / uitvoerende macht";"";"CDA";"1";"1";"34";"1";"0";"0";"0";"0";"0";"0";"0";"0";"0";"0";"0";"0";"0";"0";"0";"0";"0";"0";"0";"0";"0";"0";"0";"0";"1";"0";"0";"1";"0";"0";"0";"0";"0";"0";"0";"0";"0";"0";"0";"0";"0";"0";"0";"0";"0";"0";"0";"0";"0";"0";"0";"0";"0";"0";"0";"0";"0";"0";"0";"0";"0";"0";"0";"0";"0";"0";"0";"0";"0";"0";"0";"0";"63";"2350260_63"
"second_coder";2350260;"Lid OMT: mondkapjesplicht in verpleeghuizen in drie regio's onvoldoende ";"2020-09-29";"https://nos.nl/artikel/2350260-lid-omt-mondkapjesplicht-in-verpleeghuizen-in-drie-regio-s-onvoldoende.html";"De Jonge";"Persoon";"NL - Nationale regering - executive / uitvoerende macht";"";"CDA";"1";"1";"34";"1";"0";"0";"0";"0";"0";"0";"0";"0";"0";"0";"0";"0";"0";"0";"0";"0";"0";"0";"0";"0";"0";"0";"0";"0";"1";"0";"0";"1";"0";"0";"0";"0";"0";"0";"0";"0";"0";"0";"0";"0";"0";"0";"0";"0";"0";"0";"0";"0";"0";"0";"0";"0";"0";"0";"0";"0";"0";"0";"0";"0";"0";"0";"0";"0";"0";"0";"0";"0";"0";"0";"0";"0";"63";"2350260_63"
"main_coder";2350260;"Lid OMT: mondkapjesplicht in verpleeghuizen in drie regio's onvoldoende ";"2020-09-29";"https://nos.nl/artikel/2350260-lid-omt-mondkapjesplicht-in-verpleeghuizen-in-drie-regio-s-onvoldoende.html";"De Jonge";"Persoon";"NL - Nationale regering - executive / uitvoerende macht";"";"CDA";"1";"1";"33";"1";"0";"0";"0";"0";"0";"0";"0";"0";"0";"0";"0";"0";"0";"0";"0";"0";"0";"0";"0";"0";"0";"0";"0";"0";"1";"0";"0";"1";"0";"0";"0";"0";"0";"0";"0";"0";"0";"0";"0";"0";"0";"0";"0";"0";"0";"0";"0";"0";"0";"0";"0";"0";"0";"0";"0";"0";"0";"0";"0";"0";"0";"0";"0";"0";"0";"0";"0";"0";"0";"0";"0";"0";"63";"2350260_63"
"researcher";2350775;"Republikeinen besmet die samen waren in tuin Witte Huis, coronaregels genegeerd";"2020-10-03";"https://nos.nl/artikel/2350775-republikeinen-besmet-die-samen-waren-in-tuin-witte-huis-coronaregels-genegeerd.html";"Chuck Schumer";"Persoon";"Regeringen/regeringsleiders/regeringsleden en/of andere politici in een ander land dan NL, op nationaal of lokaal niveau OF staatsorganisaties en hun ambtenaren";"";"";"0";"1";"9";"0";"0";"0";"0";"0";"0";"0";"0";"0";"0";"0";"0";"0";"0";"0";"0";"0";"0";"0";"0";"0";"0";"0";"0";"0";"0";"0";"0";"0";"0";"0";"0";"0";"0";"0";"0";"0";"0";"0";"0";"0";"0";"0";"0";"0";"0";"0";"0";"0";"0";"0";"0";"0";"0";"0";"0";"0";"0";"0";"0";"0";"0";"0";"0";"0";"0";"0";"0";"0";"0";"0";"0";"0";"64";"2350775_64"
"main_coder";2350775;"Republikeinen besmet die samen waren in tuin Witte Huis, coronaregels genegeerd";"2020-10-03";"https://nos.nl/artikel/2350775-republikeinen-besmet-die-samen-waren-in-tuin-witte-huis-coronaregels-genegeerd.html";"Chuck Schumer";"Persoon";"Regeringen/regeringsleiders/regeringsleden en/of andere politici in een ander land dan NL, op nationaal of lokaal niveau OF staatsorganisaties en hun ambtenaren";"";"";"0";"1";"9";"0";"0";"0";"0";"0";"0";"0";"0";"0";"0";"0";"0";"0";"0";"0";"0";"0";"0";"0";"0";"0";"0";"0";"0";"0";"0";"0";"0";"0";"0";"0";"0";"0";"0";"0";"0";"0";"0";"0";"0";"0";"0";"0";"0";"0";"0";"0";"0";"0";"0";"0";"0";"0";"0";"0";"0";"0";"0";"0";"0";"0";"0";"0";"0";"0";"0";"0";"0";"0";"0";"0";"0";"0";"64";"2350775_64"
"researcher";2350775;"Republikeinen besmet die samen waren in tuin Witte Huis, coronaregels genegeerd";"2020-10-03";"https://nos.nl/artikel/2350775-republikeinen-besmet-die-samen-waren-in-tuin-witte-huis-coronaregels-genegeerd.html";"Lucas Waagmeester";"Persoon";"Journalisten anders dan de schrijver van het huidige artikel of nieuwsorganisaties anders dan de nieuwsorganisatie van het huidige artikel.";"";"";"1";"0";"20";"0";"0";"0";"0";"0";"0";"0";"0";"0";"0";"0";"0";"0";"0";"0";"0";"0";"0";"0";"0";"0";"0";"0";"0";"0";"0";"0";"0";"0";"0";"0";"0";"0";"0";"0";"0";"0";"0";"0";"0";"0";"0";"0";"0";"0";"0";"0";"0";"0";"0";"0";"0";"0";"0";"0";"0";"0";"0";"0";"0";"0";"0";"0";"0";"0";"0";"0";"0";"0";"0";"0";"0";"0";"65";"2350775_65"
"second_coder";2350775;"Republikeinen besmet die samen waren in tuin Witte Huis, coronaregels genegeerd";"2020-10-03";"https://nos.nl/artikel/2350775-republikeinen-besmet-die-samen-waren-in-tuin-witte-huis-coronaregels-genegeerd.html";"Lucas Waagmeester";"Persoon";"Journalisten anders dan de schrijver van het huidige artikel of nieuwsorganisaties anders dan de nieuwsorganisatie van het huidige artikel.";"";"";"1";"0";"20";"0";"0";"0";"0";"0";"0";"0";"0";"0";"0";"0";"0";"0";"0";"0";"0";"0";"0";"0";"0";"0";"0";"0";"0";"0";"0";"0";"0";"0";"0";"0";"0";"0";"0";"0";"0";"0";"0";"0";"0";"0";"0";"0";"0";"0";"0";"0";"0";"0";"0";"0";"0";"0";"0";"0";"0";"0";"0";"0";"0";"0";"0";"0";"0";"0";"0";"0";"0";"0";"0";"0";"0";"0";"65";"2350775_65"
"main_coder";2350775;"Republikeinen besmet die samen waren in tuin Witte Huis, coronaregels genegeerd";"2020-10-03";"https://nos.nl/artikel/2350775-republikeinen-besmet-die-samen-waren-in-tuin-witte-huis-coronaregels-genegeerd.html";"Lucas Waagmeester";"Persoon";"Journalisten anders dan de schrijver van het huidige artikel of nieuwsorganisaties anders dan de nieuwsorganisatie van het huidige artikel.";"";"";"1";"0";"20";"0";"0";"0";"0";"0";"0";"0";"0";"0";"0";"0";"0";"0";"0";"0";"0";"0";"0";"0";"0";"0";"0";"0";"0";"0";"0";"0";"0";"0";"0";"0";"0";"0";"0";"0";"0";"0";"0";"0";"0";"0";"0";"0";"0";"0";"0";"0";"0";"0";"0";"0";"0";"0";"0";"0";"0";"0";"0";"0";"0";"0";"0";"0";"0";"0";"0";"0";"0";"0";"0";"0";"0";"0";"65";"2350775_65"
"researcher";2350775;"Republikeinen besmet die samen waren in tuin Witte Huis, coronaregels genegeerd";"2020-10-03";"https://nos.nl/artikel/2350775-republikeinen-besmet-die-samen-waren-in-tuin-witte-huis-coronaregels-genegeerd.html";"Mitch McConnell";"Persoon";"Regeringen/regeringsleiders/regeringsleden en/of andere politici in een ander land dan NL, op nationaal of lokaal niveau OF staatsorganisaties en hun ambtenaren";"";"";"1";"0";"3";"0";"0";"0";"0";"0";"0";"0";"0";"0";"0";"0";"0";"0";"0";"0";"0";"0";"0";"0";"0";"0";"0";"0";"0";"0";"0";"0";"0";"0";"0";"0";"0";"0";"0";"0";"0";"0";"0";"0";"0";"0";"0";"0";"0";"0";"0";"0";"0";"0";"0";"0";"0";"0";"0";"0";"0";"0";"0";"0";"0";"0";"0";"0";"0";"0";"0";"0";"0";"0";"0";"0";"0";"0";"66";"2350775_66"
"second_coder";2350775;"Republikeinen besmet die samen waren in tuin Witte Huis, coronaregels genegeerd";"2020-10-03";"https://nos.nl/artikel/2350775-republikeinen-besmet-die-samen-waren-in-tuin-witte-huis-coronaregels-genegeerd.html";"Mitch McConnell";"Persoon";"Regeringen/regeringsleiders/regeringsleden en/of andere politici in een ander land dan NL, op nationaal of lokaal niveau OF staatsorganisaties en hun ambtenaren";"";"";"1";"0";"3";"0";"0";"0";"0";"0";"0";"0";"0";"0";"0";"0";"0";"0";"0";"0";"0";"0";"0";"0";"0";"0";"0";"0";"0";"0";"0";"0";"0";"0";"0";"0";"0";"0";"0";"0";"0";"0";"0";"0";"0";"0";"0";"0";"0";"0";"0";"0";"0";"0";"0";"0";"0";"0";"0";"0";"0";"0";"0";"0";"0";"0";"0";"0";"0";"0";"0";"0";"0";"0";"0";"0";"0";"0";"66";"2350775_66"
"main_coder";2350775;"Republikeinen besmet die samen waren in tuin Witte Huis, coronaregels genegeerd";"2020-10-03";"https://nos.nl/artikel/2350775-republikeinen-besmet-die-samen-waren-in-tuin-witte-huis-coronaregels-genegeerd.html";"Mitch McConnell";"Persoon";"Regeringen/regeringsleiders/regeringsleden en/of andere politici in een ander land dan NL, op nationaal of lokaal niveau OF staatsorganisaties en hun ambtenaren";"";"";"1";"1";"8";"0";"0";"0";"0";"0";"0";"0";"0";"0";"0";"0";"0";"0";"0";"0";"0";"0";"0";"0";"0";"0";"0";"0";"0";"0";"0";"0";"0";"0";"0";"0";"0";"0";"0";"0";"0";"0";"0";"0";"0";"0";"0";"0";"0";"0";"0";"0";"0";"0";"0";"0";"0";"0";"0";"0";"0";"0";"0";"0";"0";"0";"0";"0";"0";"0";"0";"0";"0";"0";"0";"0";"0";"0";"66";"2350775_66"
"researcher";2350775;"Republikeinen besmet die samen waren in tuin Witte Huis, coronaregels genegeerd";"2020-10-03";"https://nos.nl/artikel/2350775-republikeinen-besmet-die-samen-waren-in-tuin-witte-huis-coronaregels-genegeerd.html";"het Witte Huis";"Organisatie";"Regeringen/regeringsleiders/regeringsleden en/of andere politici in een ander land dan NL, op nationaal of lokaal niveau OF staatsorganisaties en hun ambtenaren";"";"";"0";"1";"4";"1";"0";"0";"0";"0";"0";"0";"0";"0";"0";"0";"0";"0";"0";"0";"0";"0";"0";"0";"0";"0";"0";"0";"0";"0";"0";"0";"0";"0";"0";"0";"0";"0";"0";"0";"0";"0";"0";"0";"0";"0";"0";"0";"0";"0";"0";"0";"0";"0";"0";"0";"0";"0";"0";"0";"0";"0";"1";"0";"0";"1";"0";"0";"0";"0";"0";"0";"0";"0";"0";"0";"0";"0";"67";"2350775_67"
"second_coder";2350775;"Republikeinen besmet die samen waren in tuin Witte Huis, coronaregels genegeerd";"2020-10-03";"https://nos.nl/artikel/2350775-republikeinen-besmet-die-samen-waren-in-tuin-witte-huis-coronaregels-genegeerd.html";"het Witte Huis";"Organisatie";"Regeringen/regeringsleiders/regeringsleden en/of andere politici in een ander land dan NL, op nationaal of lokaal niveau OF staatsorganisaties en hun ambtenaren";"";"";"0";"1";"4";"1";"0";"0";"0";"0";"0";"0";"0";"0";"0";"0";"0";"0";"0";"0";"0";"0";"0";"0";"0";"0";"0";"0";"0";"0";"0";"0";"0";"0";"0";"0";"0";"0";"0";"0";"0";"0";"0";"0";"0";"0";"0";"0";"0";"0";"0";"0";"0";"0";"0";"0";"0";"0";"0";"0";"0";"0";"1";"0";"0";"1";"0";"0";"0";"0";"0";"0";"0";"0";"0";"0";"0";"0";"67";"2350775_67"
"main_coder";2350775;"Republikeinen besmet die samen waren in tuin Witte Huis, coronaregels genegeerd";"2020-10-03";"https://nos.nl/artikel/2350775-republikeinen-besmet-die-samen-waren-in-tuin-witte-huis-coronaregels-genegeerd.html";"het Witte Huis";"Organisatie";"Regeringen/regeringsleiders/regeringsleden en/of andere politici in een ander land dan NL, op nationaal of lokaal niveau OF staatsorganisaties en hun ambtenaren";"";"";"0";"1";"4";"1";"0";"0";"0";"0";"0";"0";"0";"0";"0";"0";"0";"0";"0";"0";"0";"0";"0";"0";"0";"0";"0";"0";"0";"0";"0";"0";"0";"0";"0";"0";"0";"0";"0";"0";"0";"0";"0";"0";"0";"0";"0";"0";"0";"0";"0";"0";"0";"0";"0";"0";"0";"0";"0";"0";"0";"0";"1";"0";"0";"1";"0";"0";"0";"0";"0";"0";"0";"0";"0";"0";"0";"0";"67";"2350775_67"
"researcher";2355910;"Van commerciële tests op het coronavirus is alleen topje van ijsberg bekend";"2020-11-09";"https://nos.nl/artikel/2355910-van-commerciele-tests-op-het-coronavirus-is-alleen-topje-van-ijsberg-bekend.html";"Het ministerie van Volksgezondheid";"Organisatie";"NL - Nationale regering - executive / uitvoerende macht";"";"NvT";"1";"1";"14";"1";"0";"0";"0";"0";"0";"0";"0";"0";"0";"0";"0";"0";"0";"0";"0";"0";"0";"0";"0";"0";"0";"0";"0";"0";"0";"0";"0";"0";"0";"0";"0";"0";"0";"0";"0";"0";"0";"0";"0";"0";"0";"0";"0";"0";"0";"0";"0";"0";"0";"0";"0";"0";"0";"0";"0";"0";"1";"0";"1";"0";"0";"0";"0";"0";"0";"0";"0";"0";"0";"0";"0";"0";"68";"2355910_68"
"second_coder";2355910;"Van commerciële tests op het coronavirus is alleen topje van ijsberg bekend";"2020-11-09";"https://nos.nl/artikel/2355910-van-commerciele-tests-op-het-coronavirus-is-alleen-topje-van-ijsberg-bekend.html";"Het ministerie van Volksgezondheid";"Organisatie";"NL - Nationale regering - executive / uitvoerende macht";"";"NvT";"1";"1";"14";"1";"0";"0";"0";"0";"0";"0";"0";"0";"0";"0";"0";"0";"0";"0";"0";"0";"0";"0";"0";"0";"0";"0";"0";"0";"0";"0";"0";"0";"0";"0";"0";"0";"0";"0";"0";"0";"0";"0";"0";"0";"0";"0";"0";"0";"0";"0";"0";"0";"0";"0";"0";"0";"0";"0";"0";"0";"1";"0";"1";"0";"0";"0";"0";"0";"0";"0";"0";"0";"0";"0";"0";"0";"68";"2355910_68"
"main_coder";2355910;"Van commerciële tests op het coronavirus is alleen topje van ijsberg bekend";"2020-11-09";"https://nos.nl/artikel/2355910-van-commerciele-tests-op-het-coronavirus-is-alleen-topje-van-ijsberg-bekend.html";"Het ministerie van Volksgezondheid";"Organisatie";"NL - Nationale regering - executive / uitvoerende macht";"";"NvT";"1";"1";"22";"1";"0";"0";"0";"0";"0";"0";"0";"0";"0";"0";"0";"0";"0";"0";"0";"0";"0";"0";"0";"0";"0";"0";"0";"0";"0";"0";"0";"0";"0";"0";"0";"0";"0";"0";"0";"0";"0";"0";"0";"0";"0";"0";"0";"0";"0";"0";"0";"0";"0";"0";"0";"0";"0";"0";"0";"0";"1";"0";"0";"1";"0";"0";"0";"0";"0";"0";"0";"0";"0";"0";"0";"0";"68";"2355910_68"
"researcher";2355910;"Van commerciële tests op het coronavirus is alleen topje van ijsberg bekend";"2020-11-09";"https://nos.nl/artikel/2355910-van-commerciele-tests-op-het-coronavirus-is-alleen-topje-van-ijsberg-bekend.html";"Jaap van Dissel";"Persoon";"Openbare en semiopenbare instellingen";"";"";"0";"1";"9";"1";"0";"0";"0";"0";"0";"0";"0";"0";"0";"0";"0";"0";"0";"0";"0";"0";"0";"0";"0";"0";"0";"0";"0";"0";"0";"0";"0";"0";"0";"0";"0";"0";"0";"0";"0";"0";"0";"0";"0";"0";"0";"0";"0";"0";"0";"0";"0";"0";"0";"0";"0";"0";"0";"0";"0";"0";"1";"0";"0";"1";"0";"0";"0";"0";"0";"0";"0";"0";"0";"0";"0";"0";"69";"2355910_69"
"second_coder";2355910;"Van commerciële tests op het coronavirus is alleen topje van ijsberg bekend";"2020-11-09";"https://nos.nl/artikel/2355910-van-commerciele-tests-op-het-coronavirus-is-alleen-topje-van-ijsberg-bekend.html";"Jaap van Dissel";"Persoon";"Openbare en semiopenbare instellingen";"";"";"0";"1";"11";"1";"0";"0";"0";"0";"0";"0";"0";"0";"0";"0";"0";"0";"0";"0";"0";"0";"0";"0";"0";"0";"0";"0";"0";"0";"0";"0";"0";"0";"0";"0";"0";"0";"0";"0";"0";"0";"0";"0";"0";"0";"0";"0";"0";"0";"0";"0";"0";"0";"0";"0";"0";"0";"0";"0";"0";"0";"1";"0";"0";"1";"0";"0";"0";"0";"0";"0";"0";"0";"0";"0";"0";"0";"69";"2355910_69"
"main_coder";2355910;"Van commerciële tests op het coronavirus is alleen topje van ijsberg bekend";"2020-11-09";"https://nos.nl/artikel/2355910-van-commerciele-tests-op-het-coronavirus-is-alleen-topje-van-ijsberg-bekend.html";"Jaap van Dissel";"Persoon";"Openbare en semiopenbare instellingen";"";"";"0";"1";"9";"1";"0";"0";"0";"0";"0";"0";"0";"0";"0";"0";"0";"0";"0";"0";"0";"0";"0";"0";"0";"0";"0";"0";"0";"0";"0";"0";"0";"0";"0";"0";"0";"0";"0";"0";"0";"0";"0";"0";"0";"0";"0";"0";"0";"0";"0";"0";"0";"0";"0";"0";"0";"0";"0";"0";"0";"0";"1";"0";"0";"1";"0";"0";"0";"0";"0";"0";"0";"0";"0";"0";"0";"0";"69";"2355910_69"
"researcher";2355910;"Van commerciële tests op het coronavirus is alleen topje van ijsberg bekend";"2020-11-09";"https://nos.nl/artikel/2355910-van-commerciele-tests-op-het-coronavirus-is-alleen-topje-van-ijsberg-bekend.html";"Marion Koopmans";"Persoon";"Wetenschappelijke/medische organisaties en onderzoekers";"";"";"1";"0";"61";"1";"0";"0";"0";"0";"0";"0";"0";"0";"0";"0";"0";"0";"0";"0";"0";"0";"0";"0";"0";"0";"0";"0";"0";"0";"0";"0";"0";"0";"0";"0";"0";"0";"0";"0";"0";"0";"0";"0";"0";"0";"0";"0";"0";"0";"0";"0";"0";"0";"0";"0";"0";"0";"0";"0";"0";"0";"1";"0";"0";"1";"0";"0";"0";"0";"0";"0";"0";"0";"0";"0";"0";"0";"70";"2355910_70"
"second_coder";2355910;"Van commerciële tests op het coronavirus is alleen topje van ijsberg bekend";"2020-11-09";"https://nos.nl/artikel/2355910-van-commerciele-tests-op-het-coronavirus-is-alleen-topje-van-ijsberg-bekend.html";"Marion Koopmans";"Persoon";"Wetenschappelijke/medische organisaties en onderzoekers";"";"";"1";"0";"61";"1";"0";"0";"0";"0";"0";"0";"0";"0";"0";"0";"0";"0";"0";"0";"0";"0";"0";"0";"0";"0";"0";"0";"0";"0";"0";"0";"0";"0";"0";"0";"0";"0";"0";"0";"0";"0";"0";"0";"0";"0";"0";"0";"0";"0";"0";"0";"0";"0";"0";"0";"0";"0";"0";"0";"0";"0";"1";"0";"1";"0";"0";"0";"0";"0";"0";"0";"0";"0";"0";"0";"0";"0";"70";"2355910_70"
"main_coder";2355910;"Van commerciële tests op het coronavirus is alleen topje van ijsberg bekend";"2020-11-09";"https://nos.nl/artikel/2355910-van-commerciele-tests-op-het-coronavirus-is-alleen-topje-van-ijsberg-bekend.html";"Marion Koopmans";"Persoon";"Wetenschappelijke/medische organisaties en onderzoekers";"";"";"1";"0";"61";"0";"0";"0";"0";"0";"0";"0";"0";"0";"0";"0";"0";"0";"0";"0";"0";"0";"0";"0";"0";"0";"0";"0";"0";"0";"0";"0";"0";"0";"0";"0";"0";"0";"0";"0";"0";"0";"0";"0";"0";"0";"0";"0";"0";"0";"0";"0";"0";"0";"0";"0";"0";"0";"0";"0";"0";"0";"0";"0";"0";"0";"0";"0";"0";"0";"0";"0";"0";"0";"0";"0";"0";"0";"70";"2355910_70"
"main_coder";2355910;"Van commerciële tests op het coronavirus is alleen topje van ijsberg bekend";"2020-11-09";"https://nos.nl/artikel/2355910-van-commerciele-tests-op-het-coronavirus-is-alleen-topje-van-ijsberg-bekend.html";"de woordvoerder";"Persoon";"Openbare en semiopenbare instellingen";"";"";"1";"0";"21";"0";"0";"0";"0";"0";"0";"0";"0";"0";"0";"0";"0";"0";"0";"0";"0";"0";"0";"0";"0";"0";"0";"0";"0";"0";"0";"0";"0";"0";"0";"0";"0";"0";"0";"0";"0";"0";"0";"0";"0";"0";"0";"0";"0";"0";"0";"0";"0";"0";"0";"0";"0";"0";"0";"0";"0";"0";"0";"0";"0";"0";"0";"0";"0";"0";"0";"0";"0";"0";"0";"0";"0";"0";"71";"2355910_71"
"researcher";2355910;"Van commerciële tests op het coronavirus is alleen topje van ijsberg bekend";"2020-11-09";"https://nos.nl/artikel/2355910-van-commerciele-tests-op-het-coronavirus-is-alleen-topje-van-ijsberg-bekend.html";"een RIVM-woordvoerder";"Persoon";"Openbare en semiopenbare instellingen";"";"";"1";"0";"55";"1";"0";"0";"0";"0";"0";"0";"0";"0";"0";"0";"0";"0";"0";"0";"0";"0";"0";"0";"0";"0";"0";"0";"0";"0";"0";"0";"0";"0";"0";"0";"0";"0";"0";"0";"0";"0";"0";"0";"0";"0";"0";"0";"0";"0";"0";"0";"0";"0";"0";"0";"0";"0";"0";"0";"0";"0";"1";"0";"0";"1";"0";"0";"0";"0";"0";"0";"0";"0";"0";"0";"0";"0";"72";"2355910_72"
"second_coder";2355910;"Van commerciële tests op het coronavirus is alleen topje van ijsberg bekend";"2020-11-09";"https://nos.nl/artikel/2355910-van-commerciele-tests-op-het-coronavirus-is-alleen-topje-van-ijsberg-bekend.html";"een RIVM-woordvoerder";"Persoon";"Openbare en semiopenbare instellingen";"";"";"1";"0";"33";"1";"0";"0";"0";"0";"0";"0";"0";"0";"0";"0";"0";"0";"0";"0";"0";"0";"0";"0";"0";"0";"0";"0";"0";"0";"0";"0";"0";"0";"0";"0";"0";"0";"0";"0";"0";"0";"0";"0";"0";"0";"0";"0";"0";"0";"0";"0";"0";"0";"0";"0";"0";"0";"0";"0";"0";"0";"1";"1";"0";"0";"0";"0";"0";"0";"0";"0";"0";"0";"0";"0";"0";"0";"72";"2355910_72"
"main_coder";2355910;"Van commerciële tests op het coronavirus is alleen topje van ijsberg bekend";"2020-11-09";"https://nos.nl/artikel/2355910-van-commerciele-tests-op-het-coronavirus-is-alleen-topje-van-ijsberg-bekend.html";"een RIVM-woordvoerder";"Persoon";"Openbare en semiopenbare instellingen";"";"";"1";"0";"55";"1";"0";"0";"0";"0";"0";"0";"0";"0";"0";"0";"0";"0";"0";"0";"0";"0";"0";"0";"0";"0";"0";"0";"0";"0";"0";"0";"0";"0";"0";"0";"0";"0";"0";"0";"0";"0";"0";"0";"0";"0";"0";"0";"0";"0";"0";"0";"0";"0";"0";"0";"0";"0";"0";"0";"0";"0";"1";"0";"0";"1";"0";"0";"0";"0";"0";"0";"0";"0";"0";"0";"0";"0";"72";"2355910_72"
"researcher";2355910;"Van commerciële tests op het coronavirus is alleen topje van ijsberg bekend";"2020-11-09";"https://nos.nl/artikel/2355910-van-commerciele-tests-op-het-coronavirus-is-alleen-topje-van-ijsberg-bekend.html";"een woordvoerder";"Persoon";"NL - Nationale regering - executive / uitvoerende macht";"";"NvT";"1";"0";"21";"0";"0";"0";"0";"0";"0";"0";"0";"0";"0";"0";"0";"0";"0";"0";"0";"0";"0";"0";"0";"0";"0";"0";"0";"0";"0";"0";"0";"0";"0";"0";"0";"0";"0";"0";"0";"0";"0";"0";"0";"0";"0";"0";"0";"0";"0";"0";"0";"0";"0";"0";"0";"0";"0";"0";"0";"0";"0";"0";"0";"0";"0";"0";"0";"0";"0";"0";"0";"0";"0";"0";"0";"0";"73";"2355910_73"
"second_coder";2355910;"Van commerciële tests op het coronavirus is alleen topje van ijsberg bekend";"2020-11-09";"https://nos.nl/artikel/2355910-van-commerciele-tests-op-het-coronavirus-is-alleen-topje-van-ijsberg-bekend.html";"een woordvoerder";"Persoon";"NL - Nationale regering - executive / uitvoerende macht";"";"NvT";"1";"0";"21";"0";"0";"0";"0";"0";"0";"0";"0";"0";"0";"0";"0";"0";"0";"0";"0";"0";"0";"0";"0";"0";"0";"0";"0";"0";"0";"0";"0";"0";"0";"0";"0";"0";"0";"0";"0";"0";"0";"0";"0";"0";"0";"0";"0";"0";"0";"0";"0";"0";"0";"0";"0";"0";"0";"0";"0";"0";"0";"0";"0";"0";"0";"0";"0";"0";"0";"0";"0";"0";"0";"0";"0";"0";"73";"2355910_73"
"main_coder";2355910;"Van commerciële tests op het coronavirus is alleen topje van ijsberg bekend";"2020-11-09";"https://nos.nl/artikel/2355910-van-commerciele-tests-op-het-coronavirus-is-alleen-topje-van-ijsberg-bekend.html";"een woordvoerder";"Persoon";"NL - Nationale regering - executive / uitvoerende macht";"";"NvT";"0";"1";"14";"0";"0";"0";"0";"0";"0";"0";"0";"0";"0";"0";"0";"0";"0";"0";"0";"0";"0";"0";"0";"0";"0";"0";"0";"0";"0";"0";"0";"0";"0";"0";"0";"0";"0";"0";"0";"0";"0";"0";"0";"0";"0";"0";"0";"0";"0";"0";"0";"0";"0";"0";"0";"0";"0";"0";"0";"0";"0";"0";"0";"0";"0";"0";"0";"0";"0";"0";"0";"0";"0";"0";"0";"0";"73";"2355910_73"
"second_coder";2355910;"Van commerciële tests op het coronavirus is alleen topje van ijsberg bekend";"2020-11-09";"https://nos.nl/artikel/2355910-van-commerciele-tests-op-het-coronavirus-is-alleen-topje-van-ijsberg-bekend.html";"een woordvoerder van het RIVM";"Persoon";"Openbare en semiopenbare instellingen";"";"";"1";"0";"11";"1";"0";"0";"0";"0";"0";"0";"0";"0";"0";"0";"0";"0";"0";"0";"0";"0";"0";"0";"0";"0";"0";"0";"0";"0";"0";"0";"0";"0";"0";"0";"0";"0";"0";"0";"0";"0";"0";"0";"0";"0";"0";"0";"0";"0";"0";"0";"0";"0";"0";"0";"0";"0";"0";"0";"0";"0";"1";"0";"0";"1";"0";"0";"0";"0";"0";"0";"0";"0";"0";"0";"0";"0";"74";"2355910_74"
"main_coder";2355910;"Van commerciële tests op het coronavirus is alleen topje van ijsberg bekend";"2020-11-09";"https://nos.nl/artikel/2355910-van-commerciele-tests-op-het-coronavirus-is-alleen-topje-van-ijsberg-bekend.html";"het RIVM";"Organisatie";"Openbare en semiopenbare instellingen";"";"";"0";"1";"7";"0";"0";"0";"0";"0";"0";"0";"0";"0";"0";"0";"0";"0";"0";"0";"0";"0";"0";"0";"0";"0";"0";"0";"0";"0";"0";"0";"0";"0";"0";"0";"0";"0";"0";"0";"0";"0";"0";"0";"0";"0";"0";"0";"0";"0";"0";"0";"0";"0";"0";"0";"0";"0";"0";"0";"0";"0";"0";"0";"0";"0";"0";"0";"0";"0";"0";"0";"0";"0";"0";"0";"0";"0";"75";"2355910_75"
"researcher";2358194;"Het is rustig in de teststraat, waarom wordt die capaciteit niet gebruikt? ";"2020-11-26";"https://nos.nl/artikel/2358194-het-is-rustig-in-de-teststraat-waarom-wordt-die-capaciteit-niet-gebruikt.html";"Alma Tostmann";"Persoon";"Wetenschappelijke/medische organisaties en onderzoekers";"";"";"1";"1";"81";"1";"0";"0";"0";"0";"0";"0";"0";"0";"0";"0";"0";"0";"0";"0";"0";"0";"0";"0";"0";"0";"0";"0";"0";"0";"0";"0";"0";"0";"0";"0";"0";"0";"0";"0";"0";"0";"0";"0";"0";"0";"0";"0";"0";"0";"0";"0";"0";"0";"0";"0";"0";"0";"0";"0";"0";"0";"1";"1";"0";"0";"0";"0";"0";"0";"0";"0";"0";"0";"0";"0";"0";"0";"76";"2358194_76"
"second_coder";2358194;"Het is rustig in de teststraat, waarom wordt die capaciteit niet gebruikt? ";"2020-11-26";"https://nos.nl/artikel/2358194-het-is-rustig-in-de-teststraat-waarom-wordt-die-capaciteit-niet-gebruikt.html";"Alma Tostmann";"Persoon";"Wetenschappelijke/medische organisaties en onderzoekers";"";"";"1";"1";"81";"1";"0";"0";"0";"0";"0";"0";"0";"0";"0";"0";"0";"0";"0";"0";"0";"0";"0";"0";"0";"0";"0";"0";"0";"0";"0";"0";"0";"0";"0";"0";"0";"0";"0";"0";"0";"0";"0";"0";"0";"0";"0";"0";"0";"0";"0";"0";"0";"0";"0";"0";"0";"0";"0";"0";"0";"0";"1";"1";"0";"0";"0";"0";"0";"0";"0";"0";"0";"0";"0";"0";"0";"0";"76";"2358194_76"
"main_coder";2358194;"Het is rustig in de teststraat, waarom wordt die capaciteit niet gebruikt? ";"2020-11-26";"https://nos.nl/artikel/2358194-het-is-rustig-in-de-teststraat-waarom-wordt-die-capaciteit-niet-gebruikt.html";"Alma Tostmann";"Persoon";"Wetenschappelijke/medische organisaties en onderzoekers";"";"";"1";"1";"74";"1";"0";"0";"0";"0";"0";"0";"0";"0";"0";"0";"0";"0";"0";"0";"0";"0";"0";"0";"0";"0";"0";"0";"0";"0";"0";"0";"0";"0";"0";"0";"0";"0";"0";"0";"0";"0";"0";"0";"0";"0";"0";"0";"0";"0";"0";"0";"0";"0";"0";"0";"0";"0";"0";"0";"0";"0";"1";"1";"0";"1";"0";"0";"0";"0";"0";"0";"0";"0";"0";"0";"0";"0";"76";"2358194_76"
"researcher";2358194;"Het is rustig in de teststraat, waarom wordt die capaciteit niet gebruikt? ";"2020-11-26";"https://nos.nl/artikel/2358194-het-is-rustig-in-de-teststraat-waarom-wordt-die-capaciteit-niet-gebruikt.html";"Bert Niesters";"Persoon";"Wetenschappelijke/medische organisaties en onderzoekers";"";"";"1";"1";"97";"1";"0";"0";"0";"0";"0";"0";"0";"0";"0";"0";"0";"0";"0";"0";"0";"0";"0";"0";"0";"0";"0";"0";"0";"0";"0";"0";"0";"0";"0";"0";"0";"0";"0";"0";"0";"0";"0";"0";"0";"0";"0";"0";"0";"0";"0";"0";"0";"0";"0";"0";"0";"0";"0";"0";"0";"0";"1";"1";"0";"0";"0";"0";"0";"0";"0";"0";"0";"0";"0";"0";"0";"0";"77";"2358194_77"
"second_coder";2358194;"Het is rustig in de teststraat, waarom wordt die capaciteit niet gebruikt? ";"2020-11-26";"https://nos.nl/artikel/2358194-het-is-rustig-in-de-teststraat-waarom-wordt-die-capaciteit-niet-gebruikt.html";"Bert Niesters";"Persoon";"Wetenschappelijke/medische organisaties en onderzoekers";"";"";"1";"1";"97";"1";"0";"0";"0";"0";"0";"0";"0";"0";"0";"0";"0";"0";"0";"0";"0";"0";"0";"0";"0";"0";"0";"0";"0";"0";"0";"0";"0";"0";"0";"0";"0";"0";"0";"0";"0";"0";"0";"0";"0";"0";"0";"0";"0";"0";"0";"0";"0";"0";"0";"0";"0";"0";"0";"0";"0";"0";"1";"1";"0";"0";"0";"0";"0";"0";"0";"0";"0";"0";"0";"0";"0";"0";"77";"2358194_77"
"main_coder";2358194;"Het is rustig in de teststraat, waarom wordt die capaciteit niet gebruikt? ";"2020-11-26";"https://nos.nl/artikel/2358194-het-is-rustig-in-de-teststraat-waarom-wordt-die-capaciteit-niet-gebruikt.html";"Bert Niesters";"Persoon";"Wetenschappelijke/medische organisaties en onderzoekers";"";"";"1";"1";"107";"1";"0";"0";"0";"0";"0";"0";"0";"0";"0";"0";"0";"0";"0";"0";"0";"0";"0";"0";"0";"0";"0";"0";"0";"0";"0";"0";"0";"0";"0";"0";"0";"0";"0";"0";"0";"0";"0";"0";"0";"0";"0";"0";"0";"0";"0";"0";"0";"0";"0";"0";"0";"0";"0";"0";"0";"0";"1";"1";"1";"0";"0";"0";"0";"0";"0";"0";"0";"0";"0";"0";"0";"0";"77";"2358194_77"
"researcher";2358194;"Het is rustig in de teststraat, waarom wordt die capaciteit niet gebruikt? ";"2020-11-26";"https://nos.nl/artikel/2358194-het-is-rustig-in-de-teststraat-waarom-wordt-die-capaciteit-niet-gebruikt.html";"Het Outbreak Management Team";"Organisatie";"NL - Nationale staatsorganisaties en hun ambtenaren";"";"";"1";"1";"26";"1";"0";"0";"0";"0";"0";"0";"0";"0";"0";"0";"0";"0";"0";"0";"0";"0";"0";"0";"0";"0";"0";"0";"0";"0";"0";"0";"0";"0";"0";"0";"0";"0";"0";"0";"0";"0";"0";"0";"0";"0";"0";"0";"0";"0";"0";"0";"0";"0";"0";"0";"0";"0";"0";"0";"0";"0";"1";"1";"0";"0";"0";"0";"0";"0";"0";"0";"0";"0";"0";"0";"0";"0";"78";"2358194_78"
"second_coder";2358194;"Het is rustig in de teststraat, waarom wordt die capaciteit niet gebruikt? ";"2020-11-26";"https://nos.nl/artikel/2358194-het-is-rustig-in-de-teststraat-waarom-wordt-die-capaciteit-niet-gebruikt.html";"Het Outbreak Management Team";"Organisatie";"NL - Nationale staatsorganisaties en hun ambtenaren";"";"";"1";"0";"12";"1";"0";"0";"0";"0";"0";"0";"0";"0";"0";"0";"0";"0";"0";"0";"0";"0";"0";"0";"0";"0";"0";"0";"0";"0";"0";"0";"0";"0";"0";"0";"0";"0";"0";"0";"0";"0";"0";"0";"0";"0";"0";"0";"0";"0";"0";"0";"0";"0";"0";"0";"0";"0";"0";"0";"0";"0";"1";"1";"0";"0";"0";"0";"0";"0";"0";"0";"0";"0";"0";"0";"0";"0";"78";"2358194_78"
"main_coder";2358194;"Het is rustig in de teststraat, waarom wordt die capaciteit niet gebruikt? ";"2020-11-26";"https://nos.nl/artikel/2358194-het-is-rustig-in-de-teststraat-waarom-wordt-die-capaciteit-niet-gebruikt.html";"Het Outbreak Management Team";"Organisatie";"Openbare en semiopenbare instellingen";"";"";"1";"1";"26";"1";"0";"0";"0";"0";"0";"0";"0";"0";"0";"0";"0";"0";"0";"0";"0";"0";"0";"0";"0";"0";"0";"0";"0";"0";"0";"0";"0";"0";"0";"0";"0";"0";"0";"0";"0";"0";"0";"0";"0";"0";"0";"0";"0";"0";"0";"0";"0";"0";"0";"0";"0";"0";"0";"0";"0";"0";"1";"1";"0";"0";"0";"0";"0";"0";"0";"0";"0";"0";"0";"0";"0";"0";"78";"2358194_78"
"researcher";2358194;"Het is rustig in de teststraat, waarom wordt die capaciteit niet gebruikt? ";"2020-11-26";"https://nos.nl/artikel/2358194-het-is-rustig-in-de-teststraat-waarom-wordt-die-capaciteit-niet-gebruikt.html";"Het ministerie van Volksgezondheid";"Organisatie";"NL - Nationale regering - executive / uitvoerende macht";"";"NvT";"1";"1";"68";"1";"0";"0";"0";"0";"0";"0";"0";"0";"0";"0";"0";"0";"0";"0";"0";"0";"0";"0";"0";"0";"0";"0";"0";"0";"0";"0";"0";"0";"0";"0";"0";"0";"0";"0";"0";"0";"0";"0";"0";"0";"0";"0";"0";"0";"0";"0";"0";"0";"0";"0";"0";"0";"0";"0";"0";"0";"1";"0";"0";"1";"0";"0";"0";"0";"0";"0";"0";"0";"0";"0";"0";"0";"79";"2358194_79"
"second_coder";2358194;"Het is rustig in de teststraat, waarom wordt die capaciteit niet gebruikt? ";"2020-11-26";"https://nos.nl/artikel/2358194-het-is-rustig-in-de-teststraat-waarom-wordt-die-capaciteit-niet-gebruikt.html";"Het ministerie van Volksgezondheid";"Organisatie";"NL - Nationale regering - executive / uitvoerende macht";"";"NvT";"0";"1";"20";"1";"0";"0";"0";"0";"0";"0";"0";"0";"0";"0";"0";"0";"0";"0";"0";"0";"0";"0";"0";"0";"0";"0";"0";"0";"0";"0";"0";"0";"0";"0";"0";"0";"0";"0";"0";"0";"0";"0";"0";"0";"0";"0";"0";"0";"0";"0";"0";"0";"0";"0";"0";"0";"0";"0";"0";"0";"1";"0";"1";"0";"0";"0";"0";"0";"0";"0";"0";"0";"0";"0";"0";"0";"79";"2358194_79"
"main_coder";2358194;"Het is rustig in de teststraat, waarom wordt die capaciteit niet gebruikt? ";"2020-11-26";"https://nos.nl/artikel/2358194-het-is-rustig-in-de-teststraat-waarom-wordt-die-capaciteit-niet-gebruikt.html";"Het ministerie van Volksgezondheid";"Organisatie";"NL - Nationale regering - executive / uitvoerende macht";"";"NvT";"1";"1";"68";"1";"0";"0";"0";"0";"0";"0";"0";"0";"0";"0";"0";"0";"0";"0";"0";"0";"0";"0";"0";"0";"0";"0";"0";"0";"0";"0";"0";"0";"0";"0";"0";"0";"0";"0";"0";"0";"0";"0";"0";"0";"0";"0";"0";"0";"0";"0";"0";"0";"0";"0";"0";"0";"0";"0";"0";"0";"1";"0";"0";"1";"0";"0";"0";"0";"0";"0";"0";"0";"0";"0";"0";"0";"79";"2358194_79"
"researcher";2358194;"Het is rustig in de teststraat, waarom wordt die capaciteit niet gebruikt? ";"2020-11-26";"https://nos.nl/artikel/2358194-het-is-rustig-in-de-teststraat-waarom-wordt-die-capaciteit-niet-gebruikt.html";"Sonja Kloppenburg";"Persoon";"Wetenschappelijke/medische organisaties en onderzoekers";"";"";"1";"0";"49";"1";"0";"0";"0";"0";"0";"0";"0";"0";"0";"0";"0";"0";"0";"0";"0";"0";"0";"0";"0";"0";"0";"0";"0";"0";"0";"0";"0";"0";"0";"0";"0";"0";"0";"0";"0";"0";"0";"0";"0";"0";"0";"0";"0";"0";"0";"0";"0";"0";"0";"0";"0";"0";"0";"0";"0";"0";"1";"1";"0";"0";"0";"0";"0";"0";"0";"0";"0";"0";"0";"0";"0";"0";"80";"2358194_80"
"second_coder";2358194;"Het is rustig in de teststraat, waarom wordt die capaciteit niet gebruikt? ";"2020-11-26";"https://nos.nl/artikel/2358194-het-is-rustig-in-de-teststraat-waarom-wordt-die-capaciteit-niet-gebruikt.html";"Sonja Kloppenburg";"Persoon";"Wetenschappelijke/medische organisaties en onderzoekers";"";"";"1";"0";"49";"1";"0";"0";"0";"0";"0";"0";"0";"0";"0";"0";"0";"0";"0";"0";"0";"0";"0";"0";"0";"0";"0";"0";"0";"0";"0";"0";"0";"0";"0";"0";"0";"0";"0";"0";"0";"0";"0";"0";"0";"0";"0";"0";"0";"0";"0";"0";"0";"0";"0";"0";"0";"0";"0";"0";"0";"0";"1";"1";"0";"0";"0";"0";"0";"0";"0";"0";"0";"0";"0";"0";"0";"0";"80";"2358194_80"
"main_coder";2358194;"Het is rustig in de teststraat, waarom wordt die capaciteit niet gebruikt? ";"2020-11-26";"https://nos.nl/artikel/2358194-het-is-rustig-in-de-teststraat-waarom-wordt-die-capaciteit-niet-gebruikt.html";"Sonja Kloppenburg";"Persoon";"Openbare en semiopenbare instellingen";"";"";"1";"0";"49";"1";"0";"0";"0";"0";"0";"0";"0";"0";"0";"0";"0";"0";"0";"0";"0";"0";"0";"0";"0";"0";"0";"0";"0";"0";"0";"0";"0";"0";"0";"0";"0";"0";"0";"0";"0";"0";"0";"0";"0";"0";"0";"0";"0";"0";"0";"0";"0";"0";"0";"0";"0";"0";"0";"0";"0";"0";"1";"1";"0";"0";"0";"0";"0";"0";"0";"0";"0";"0";"0";"0";"0";"0";"80";"2358194_80"
"researcher";2358194;"Het is rustig in de teststraat, waarom wordt die capaciteit niet gebruikt? ";"2020-11-26";"https://nos.nl/artikel/2358194-het-is-rustig-in-de-teststraat-waarom-wordt-die-capaciteit-niet-gebruikt.html";"de GGD";"Organisatie";"Openbare en semiopenbare instellingen";"";"";"0";"1";"9";"1";"0";"0";"0";"0";"0";"0";"0";"0";"0";"0";"0";"0";"0";"0";"0";"0";"0";"0";"0";"0";"0";"0";"0";"0";"0";"0";"0";"0";"0";"0";"0";"0";"0";"0";"0";"0";"0";"0";"0";"0";"0";"0";"0";"0";"0";"0";"0";"0";"0";"0";"0";"0";"0";"0";"0";"0";"1";"0";"0";"1";"0";"0";"0";"0";"0";"0";"0";"0";"0";"0";"0";"0";"81";"2358194_81"
"main_coder";2358194;"Het is rustig in de teststraat, waarom wordt die capaciteit niet gebruikt? ";"2020-11-26";"https://nos.nl/artikel/2358194-het-is-rustig-in-de-teststraat-waarom-wordt-die-capaciteit-niet-gebruikt.html";"de GGD";"Organisatie";"Openbare en semiopenbare instellingen";"";"";"0";"1";"9";"1";"0";"0";"0";"0";"0";"0";"0";"0";"0";"0";"0";"0";"0";"0";"0";"0";"0";"0";"0";"0";"0";"0";"0";"0";"0";"0";"0";"0";"0";"0";"0";"0";"0";"0";"0";"0";"0";"0";"0";"0";"0";"0";"0";"0";"0";"0";"0";"0";"0";"0";"0";"0";"0";"0";"0";"0";"1";"0";"0";"1";"0";"0";"0";"0";"0";"0";"0";"0";"0";"0";"0";"0";"81";"2358194_81"
"second_coder";2358194;"Het is rustig in de teststraat, waarom wordt die capaciteit niet gebruikt? ";"2020-11-26";"https://nos.nl/artikel/2358194-het-is-rustig-in-de-teststraat-waarom-wordt-die-capaciteit-niet-gebruikt.html";"een woordvoerder";"Persoon";"NL - Nationale regering - executive / uitvoerende macht";"";"NvT";"0";"1";"23";"1";"0";"0";"0";"0";"0";"0";"0";"0";"0";"0";"0";"0";"0";"0";"0";"0";"0";"0";"0";"0";"0";"0";"0";"0";"0";"0";"0";"0";"0";"0";"0";"0";"0";"0";"0";"0";"0";"0";"0";"0";"0";"0";"0";"0";"0";"0";"0";"0";"0";"0";"0";"0";"0";"0";"0";"0";"1";"0";"1";"0";"0";"0";"0";"0";"0";"0";"0";"0";"0";"0";"0";"0";"82";"2358194_82"
"researcher";2358194;"Het is rustig in de teststraat, waarom wordt die capaciteit niet gebruikt? ";"2020-11-26";"https://nos.nl/artikel/2358194-het-is-rustig-in-de-teststraat-waarom-wordt-die-capaciteit-niet-gebruikt.html";"een woordvoerder van het ministerie";"Persoon";"NL - Nationale regering - executive / uitvoerende macht";"";"NvT";"1";"0";"108";"1";"0";"0";"0";"0";"0";"0";"0";"0";"0";"0";"0";"0";"0";"0";"0";"0";"0";"0";"0";"0";"0";"0";"0";"0";"0";"0";"0";"0";"0";"0";"0";"0";"0";"0";"0";"0";"0";"0";"0";"0";"0";"0";"0";"0";"0";"0";"0";"0";"0";"0";"0";"0";"0";"0";"0";"0";"1";"0";"0";"1";"0";"0";"0";"0";"0";"0";"0";"0";"0";"0";"0";"0";"83";"2358194_83"
"second_coder";2358194;"Het is rustig in de teststraat, waarom wordt die capaciteit niet gebruikt? ";"2020-11-26";"https://nos.nl/artikel/2358194-het-is-rustig-in-de-teststraat-waarom-wordt-die-capaciteit-niet-gebruikt.html";"een woordvoerder van het ministerie";"Persoon";"NL - Nationale regering - executive / uitvoerende macht";"";"NvT";"1";"0";"85";"1";"0";"0";"0";"0";"0";"0";"0";"0";"0";"0";"0";"0";"0";"0";"0";"0";"0";"0";"0";"0";"0";"0";"0";"0";"0";"0";"0";"0";"0";"0";"0";"0";"0";"0";"0";"0";"0";"0";"0";"0";"0";"0";"0";"0";"1";"0";"0";"1";"0";"0";"0";"0";"0";"0";"0";"0";"1";"0";"0";"1";"0";"0";"0";"0";"0";"0";"0";"0";"0";"0";"0";"0";"83";"2358194_83"
"main_coder";2358194;"Het is rustig in de teststraat, waarom wordt die capaciteit niet gebruikt? ";"2020-11-26";"https://nos.nl/artikel/2358194-het-is-rustig-in-de-teststraat-waarom-wordt-die-capaciteit-niet-gebruikt.html";"een woordvoerder van het ministerie";"Persoon";"NL - Nationale regering - executive / uitvoerende macht";"";"NvT";"1";"0";"108";"1";"0";"0";"0";"0";"0";"0";"0";"0";"0";"0";"0";"0";"0";"0";"0";"0";"0";"0";"0";"0";"0";"0";"0";"0";"0";"0";"0";"0";"0";"0";"0";"0";"0";"0";"0";"0";"0";"0";"0";"0";"0";"0";"0";"0";"0";"0";"0";"0";"0";"0";"0";"0";"0";"0";"0";"0";"1";"0";"1";"1";"0";"0";"0";"0";"0";"0";"0";"0";"0";"0";"0";"0";"83";"2358194_83"
"second_coder";2358194;"Het is rustig in de teststraat, waarom wordt die capaciteit niet gebruikt? ";"2020-11-26";"https://nos.nl/artikel/2358194-het-is-rustig-in-de-teststraat-waarom-wordt-die-capaciteit-niet-gebruikt.html";"het OMT (Het Outbreak Management Team)";"Organisatie";"NL - Nationale regering - executive / uitvoerende macht";"";"NvT";"0";"1";"14";"0";"0";"0";"0";"0";"0";"0";"0";"0";"0";"0";"0";"0";"0";"0";"0";"0";"0";"0";"0";"0";"0";"0";"0";"0";"0";"0";"0";"0";"0";"0";"0";"0";"0";"0";"0";"0";"0";"0";"0";"0";"0";"0";"0";"0";"0";"0";"0";"0";"0";"0";"0";"0";"0";"0";"0";"0";"0";"0";"0";"0";"0";"0";"0";"0";"0";"0";"0";"0";"0";"0";"0";"0";"84";"2358194_84"
"researcher";2358194;"Het is rustig in de teststraat, waarom wordt die capaciteit niet gebruikt? ";"2020-11-26";"https://nos.nl/artikel/2358194-het-is-rustig-in-de-teststraat-waarom-wordt-die-capaciteit-niet-gebruikt.html";"het kabinet";"Organisatie";"NL - Nationale regering - executive / uitvoerende macht";"";"NvT";"0";"1";"10";"1";"0";"0";"0";"0";"0";"0";"0";"0";"0";"0";"0";"0";"0";"0";"0";"0";"0";"0";"0";"0";"0";"0";"0";"0";"0";"0";"0";"0";"0";"0";"0";"0";"0";"0";"0";"0";"0";"0";"0";"0";"0";"0";"0";"0";"0";"0";"0";"0";"0";"0";"0";"0";"0";"0";"0";"0";"1";"0";"0";"1";"0";"0";"0";"0";"0";"0";"0";"0";"0";"0";"0";"0";"85";"2358194_85"
"second_coder";2358194;"Het is rustig in de teststraat, waarom wordt die capaciteit niet gebruikt? ";"2020-11-26";"https://nos.nl/artikel/2358194-het-is-rustig-in-de-teststraat-waarom-wordt-die-capaciteit-niet-gebruikt.html";"het kabinet";"Organisatie";"NL - Nationale regering - executive / uitvoerende macht";"";"NvT";"0";"1";"11";"1";"0";"0";"0";"0";"0";"0";"0";"0";"0";"0";"0";"0";"0";"0";"0";"0";"0";"0";"0";"0";"0";"0";"0";"0";"0";"0";"0";"0";"0";"0";"0";"0";"0";"0";"0";"0";"0";"0";"0";"0";"0";"0";"0";"0";"0";"0";"0";"0";"0";"0";"0";"0";"0";"0";"0";"0";"1";"1";"0";"0";"0";"0";"0";"0";"0";"0";"0";"0";"0";"0";"0";"0";"85";"2358194_85"
"main_coder";2358194;"Het is rustig in de teststraat, waarom wordt die capaciteit niet gebruikt? ";"2020-11-26";"https://nos.nl/artikel/2358194-het-is-rustig-in-de-teststraat-waarom-wordt-die-capaciteit-niet-gebruikt.html";"het kabinet";"Organisatie";"NL - Nationale regering - executive / uitvoerende macht";"";"NvT";"0";"1";"10";"1";"0";"0";"0";"0";"0";"0";"0";"0";"0";"0";"0";"0";"0";"0";"0";"0";"0";"0";"0";"0";"0";"0";"0";"0";"0";"0";"0";"0";"0";"0";"0";"0";"0";"0";"0";"0";"0";"0";"0";"0";"0";"0";"0";"0";"0";"0";"0";"0";"0";"0";"0";"0";"0";"0";"0";"0";"1";"0";"0";"1";"0";"0";"0";"0";"0";"0";"0";"0";"0";"0";"0";"0";"85";"2358194_85"
"second_coder";2358194;"Het is rustig in de teststraat, waarom wordt die capaciteit niet gebruikt? ";"2020-11-26";"https://nos.nl/artikel/2358194-het-is-rustig-in-de-teststraat-waarom-wordt-die-capaciteit-niet-gebruikt.html";"het ministerie";"Organisatie";"NL - Nationale regering - executive / uitvoerende macht";"";"NvT";"1";"0";"20";"1";"0";"0";"0";"0";"0";"0";"0";"0";"0";"0";"0";"0";"0";"0";"0";"0";"0";"0";"0";"0";"0";"0";"0";"0";"0";"0";"0";"0";"0";"0";"0";"0";"0";"0";"0";"0";"0";"0";"0";"0";"0";"0";"0";"0";"0";"0";"0";"0";"0";"0";"0";"0";"0";"0";"0";"0";"1";"1";"0";"0";"0";"0";"0";"0";"0";"0";"0";"0";"0";"0";"0";"0";"86";"2358194_86"
"researcher";2358916;"Bedrijven worstelen met thuiswerken, ""mentale gesteldheid is ook belangrijk""";"2020-12-01";"https://nos.nl/artikel/2358916-bedrijven-worstelen-met-thuiswerken-mentale-gesteldheid-is-ook-belangrijk";"Erik Huizer";"Persoon";"Publiek en leden van het publiek, publieke opiniepeilingen en hun respondenten";"";"";"1";"1";"130";"1";"0";"0";"0";"0";"1";"0";"1";"0";"0";"0";"0";"0";"0";"0";"0";"0";"0";"0";"0";"0";"0";"0";"0";"0";"0";"0";"0";"0";"0";"0";"0";"0";"0";"0";"0";"0";"0";"0";"0";"0";"0";"0";"0";"0";"0";"0";"0";"0";"0";"0";"0";"0";"0";"0";"0";"0";"0";"0";"0";"0";"0";"0";"0";"0";"0";"0";"0";"0";"0";"0";"0";"0";"87";"2358916_87"
"second_coder";2358916;"Bedrijven worstelen met thuiswerken, ""mentale gesteldheid is ook belangrijk""";"2020-12-01";"https://nos.nl/artikel/2358916-bedrijven-worstelen-met-thuiswerken-mentale-gesteldheid-is-ook-belangrijk";"Erik Huizer";"Persoon";"Publiek en leden van het publiek, publieke opiniepeilingen en hun respondenten";"";"";"1";"1";"130";"1";"0";"0";"0";"0";"1";"0";"1";"0";"0";"0";"0";"0";"0";"0";"0";"0";"0";"0";"0";"0";"0";"0";"0";"0";"0";"0";"0";"0";"0";"0";"0";"0";"0";"0";"0";"0";"0";"0";"0";"0";"0";"0";"0";"0";"0";"0";"0";"0";"0";"0";"0";"0";"0";"0";"0";"0";"0";"0";"0";"0";"0";"0";"0";"0";"0";"0";"0";"0";"0";"0";"0";"0";"87";"2358916_87"
"main_coder";2358916;"Bedrijven worstelen met thuiswerken, ""mentale gesteldheid is ook belangrijk""";"2020-12-01";"https://nos.nl/artikel/2358916-bedrijven-worstelen-met-thuiswerken-mentale-gesteldheid-is-ook-belangrijk";"Erik Huizer";"Persoon";"Publiek en leden van het publiek, publieke opiniepeilingen en hun respondenten";"";"";"1";"1";"122";"1";"0";"0";"0";"0";"1";"1";"1";"0";"0";"0";"0";"0";"0";"0";"0";"0";"0";"0";"0";"0";"0";"0";"0";"0";"0";"0";"0";"0";"0";"0";"0";"0";"0";"0";"0";"0";"0";"0";"0";"0";"0";"0";"0";"0";"0";"0";"0";"0";"0";"0";"0";"0";"0";"0";"0";"0";"0";"0";"0";"0";"0";"0";"0";"0";"0";"0";"0";"0";"0";"0";"0";"0";"87";"2358916_87"
"researcher";2358916;"Bedrijven worstelen met thuiswerken, ""mentale gesteldheid is ook belangrijk""";"2020-12-01";"https://nos.nl/artikel/2358916-bedrijven-worstelen-met-thuiswerken-mentale-gesteldheid-is-ook-belangrijk";"Inger Kammeraat";"Persoon";"Publiek en leden van het publiek, publieke opiniepeilingen en hun respondenten";"";"";"1";"1";"172";"1";"0";"0";"0";"0";"1";"0";"1";"0";"1";"1";"0";"0";"0";"0";"0";"0";"0";"0";"0";"0";"0";"0";"0";"0";"0";"0";"0";"0";"0";"0";"0";"0";"0";"0";"0";"0";"0";"0";"0";"0";"0";"0";"0";"0";"0";"0";"0";"0";"0";"0";"0";"0";"0";"0";"0";"0";"0";"0";"0";"0";"0";"0";"0";"0";"0";"0";"0";"0";"0";"0";"0";"0";"88";"2358916_88"
"second_coder";2358916;"Bedrijven worstelen met thuiswerken, ""mentale gesteldheid is ook belangrijk""";"2020-12-01";"https://nos.nl/artikel/2358916-bedrijven-worstelen-met-thuiswerken-mentale-gesteldheid-is-ook-belangrijk";"Inger Kammeraat";"Persoon";"Publiek en leden van het publiek, publieke opiniepeilingen en hun respondenten";"";"";"1";"1";"172";"1";"0";"0";"0";"0";"1";"0";"1";"0";"0";"0";"0";"0";"0";"0";"0";"0";"0";"0";"0";"0";"0";"0";"0";"0";"0";"0";"0";"0";"0";"0";"0";"0";"0";"0";"0";"0";"0";"0";"0";"0";"0";"0";"0";"0";"0";"0";"0";"0";"0";"0";"0";"0";"0";"0";"0";"0";"0";"0";"0";"0";"0";"0";"0";"0";"0";"0";"0";"0";"0";"0";"0";"0";"88";"2358916_88"
"main_coder";2358916;"Bedrijven worstelen met thuiswerken, ""mentale gesteldheid is ook belangrijk""";"2020-12-01";"https://nos.nl/artikel/2358916-bedrijven-worstelen-met-thuiswerken-mentale-gesteldheid-is-ook-belangrijk";"Inger Kammeraat";"Persoon";"Publiek en leden van het publiek, publieke opiniepeilingen en hun respondenten";"";"";"1";"1";"163";"1";"0";"0";"0";"0";"1";"1";"1";"0";"1";"1";"0";"0";"0";"0";"0";"0";"0";"0";"0";"0";"0";"0";"0";"0";"0";"0";"0";"0";"0";"0";"0";"0";"0";"0";"0";"0";"0";"0";"0";"0";"0";"0";"0";"0";"0";"0";"0";"0";"0";"0";"0";"0";"0";"0";"0";"0";"0";"0";"0";"0";"0";"0";"0";"0";"0";"0";"0";"0";"0";"0";"0";"0";"88";"2358916_88"
"researcher";2358916;"Bedrijven worstelen met thuiswerken, ""mentale gesteldheid is ook belangrijk""";"2020-12-01";"https://nos.nl/artikel/2358916-bedrijven-worstelen-met-thuiswerken-mentale-gesteldheid-is-ook-belangrijk";"John Aartsen";"Persoon";"Publiek en leden van het publiek, publieke opiniepeilingen en hun respondenten";"";"";"1";"1";"95";"1";"0";"0";"0";"0";"1";"0";"1";"0";"0";"0";"0";"0";"0";"0";"0";"0";"0";"0";"0";"0";"0";"0";"0";"0";"0";"0";"0";"0";"0";"0";"0";"0";"0";"0";"0";"0";"0";"0";"0";"0";"0";"0";"0";"0";"0";"0";"0";"0";"0";"0";"0";"0";"0";"0";"0";"0";"1";"1";"0";"0";"0";"0";"0";"0";"0";"0";"0";"0";"0";"0";"0";"0";"89";"2358916_89"
"second_coder";2358916;"Bedrijven worstelen met thuiswerken, ""mentale gesteldheid is ook belangrijk""";"2020-12-01";"https://nos.nl/artikel/2358916-bedrijven-worstelen-met-thuiswerken-mentale-gesteldheid-is-ook-belangrijk";"John Aartsen";"Persoon";"Publiek en leden van het publiek, publieke opiniepeilingen en hun respondenten";"";"";"1";"1";"95";"1";"0";"0";"0";"0";"1";"0";"0";"1";"0";"0";"0";"0";"0";"0";"0";"0";"0";"0";"0";"0";"0";"0";"0";"0";"0";"0";"0";"0";"0";"0";"0";"0";"0";"0";"0";"0";"0";"0";"0";"0";"0";"0";"0";"0";"0";"0";"0";"0";"0";"0";"0";"0";"0";"0";"0";"0";"1";"1";"0";"0";"0";"0";"0";"0";"0";"0";"0";"0";"0";"0";"0";"0";"89";"2358916_89"
"main_coder";2358916;"Bedrijven worstelen met thuiswerken, ""mentale gesteldheid is ook belangrijk""";"2020-12-01";"https://nos.nl/artikel/2358916-bedrijven-worstelen-met-thuiswerken-mentale-gesteldheid-is-ook-belangrijk";"John Aartsen";"Persoon";"Publiek en leden van het publiek, publieke opiniepeilingen en hun respondenten";"";"";"1";"1";"95";"1";"0";"0";"0";"0";"1";"0";"1";"0";"0";"0";"0";"0";"0";"0";"0";"0";"0";"0";"0";"0";"0";"0";"0";"0";"0";"0";"0";"0";"0";"0";"0";"0";"0";"0";"0";"0";"0";"0";"0";"0";"0";"0";"0";"0";"0";"0";"0";"0";"0";"0";"0";"0";"0";"0";"0";"0";"1";"1";"0";"0";"0";"0";"0";"0";"0";"0";"0";"0";"0";"0";"0";"0";"89";"2358916_89"
"researcher";2358916;"Bedrijven worstelen met thuiswerken, ""mentale gesteldheid is ook belangrijk""";"2020-12-01";"https://nos.nl/artikel/2358916-bedrijven-worstelen-met-thuiswerken-mentale-gesteldheid-is-ook-belangrijk";"het RIVM";"Organisatie";"Openbare en semiopenbare instellingen";"";"";"1";"0";"35";"0";"0";"0";"0";"0";"0";"0";"0";"0";"0";"0";"0";"0";"0";"0";"0";"0";"0";"0";"0";"0";"0";"0";"0";"0";"0";"0";"0";"0";"0";"0";"0";"0";"0";"0";"0";"0";"0";"0";"0";"0";"0";"0";"0";"0";"0";"0";"0";"0";"0";"0";"0";"0";"0";"0";"0";"0";"0";"0";"0";"0";"0";"0";"0";"0";"0";"0";"0";"0";"0";"0";"0";"0";"90";"2358916_90"
"second_coder";2358916;"Bedrijven worstelen met thuiswerken, ""mentale gesteldheid is ook belangrijk""";"2020-12-01";"https://nos.nl/artikel/2358916-bedrijven-worstelen-met-thuiswerken-mentale-gesteldheid-is-ook-belangrijk";"het RIVM";"Organisatie";"Openbare en semiopenbare instellingen";"";"";"1";"0";"35";"0";"0";"0";"0";"0";"0";"0";"0";"0";"0";"0";"0";"0";"0";"0";"0";"0";"0";"0";"0";"0";"0";"0";"0";"0";"0";"0";"0";"0";"0";"0";"0";"0";"0";"0";"0";"0";"0";"0";"0";"0";"0";"0";"0";"0";"0";"0";"0";"0";"0";"0";"0";"0";"0";"0";"0";"0";"0";"0";"0";"0";"0";"0";"0";"0";"0";"0";"0";"0";"0";"0";"0";"0";"90";"2358916_90"
"main_coder";2358916;"Bedrijven worstelen met thuiswerken, ""mentale gesteldheid is ook belangrijk""";"2020-12-01";"https://nos.nl/artikel/2358916-bedrijven-worstelen-met-thuiswerken-mentale-gesteldheid-is-ook-belangrijk";"het RIVM";"Organisatie";"Openbare en semiopenbare instellingen";"";"";"1";"0";"35";"0";"0";"0";"0";"0";"0";"0";"0";"0";"0";"0";"0";"0";"0";"0";"0";"0";"0";"0";"0";"0";"0";"0";"0";"0";"0";"0";"0";"0";"0";"0";"0";"0";"0";"0";"0";"0";"0";"0";"0";"0";"0";"0";"0";"0";"0";"0";"0";"0";"0";"0";"0";"0";"0";"0";"0";"0";"0";"0";"0";"0";"0";"0";"0";"0";"0";"0";"0";"0";"0";"0";"0";"0";"90";"2358916_90"
"researcher";2358916;"Bedrijven worstelen met thuiswerken, ""mentale gesteldheid is ook belangrijk""";"2020-12-01";"https://nos.nl/artikel/2358916-bedrijven-worstelen-met-thuiswerken-mentale-gesteldheid-is-ook-belangrijk";"premier Rutte en minister De Jonge";"Persoon";"NL - Nationale regering - executive / uitvoerende macht";"";"VVD, CDA";"1";"0";"4";"1";"0";"0";"0";"0";"1";"1";"0";"0";"0";"0";"0";"0";"0";"0";"0";"0";"0";"0";"0";"0";"0";"0";"0";"0";"0";"0";"0";"0";"0";"0";"0";"0";"0";"0";"0";"0";"0";"0";"0";"0";"0";"0";"0";"0";"0";"0";"0";"0";"0";"0";"0";"0";"0";"0";"0";"0";"0";"0";"0";"0";"0";"0";"0";"0";"0";"0";"0";"0";"0";"0";"0";"0";"91";"2358916_91"
"second_coder";2358916;"Bedrijven worstelen met thuiswerken, ""mentale gesteldheid is ook belangrijk""";"2020-12-01";"https://nos.nl/artikel/2358916-bedrijven-worstelen-met-thuiswerken-mentale-gesteldheid-is-ook-belangrijk";"premier Rutte en minister De Jonge";"Persoon";"NL - Nationale regering - executive / uitvoerende macht";"";"VVD, CDA";"1";"0";"4";"1";"0";"0";"0";"0";"1";"1";"0";"0";"0";"0";"0";"0";"0";"0";"0";"0";"0";"0";"0";"0";"0";"0";"0";"0";"0";"0";"0";"0";"0";"0";"0";"0";"0";"0";"0";"0";"0";"0";"0";"0";"0";"0";"0";"0";"0";"0";"0";"0";"0";"0";"0";"0";"0";"0";"0";"0";"0";"0";"0";"0";"0";"0";"0";"0";"0";"0";"0";"0";"0";"0";"0";"0";"91";"2358916_91"
"main_coder";2358916;"Bedrijven worstelen met thuiswerken, ""mentale gesteldheid is ook belangrijk""";"2020-12-01";"https://nos.nl/artikel/2358916-bedrijven-worstelen-met-thuiswerken-mentale-gesteldheid-is-ook-belangrijk";"premier Rutte en minister De Jonge";"Persoon";"NL - Nationale regering - executive / uitvoerende macht";"";"VVD, CDA";"1";"0";"4";"1";"0";"0";"0";"0";"1";"1";"0";"0";"0";"0";"0";"0";"0";"0";"0";"0";"0";"0";"0";"0";"0";"0";"0";"0";"0";"0";"0";"0";"0";"0";"0";"0";"0";"0";"0";"0";"0";"0";"0";"0";"0";"0";"0";"0";"0";"0";"0";"0";"0";"0";"0";"0";"0";"0";"0";"0";"0";"0";"0";"0";"0";"0";"0";"0";"0";"0";"0";"0";"0";"0";"0";"0";"91";"2358916_91"
"researcher";2361815;"RIVM: Britse coronavariant verspreidt zich door Nederland";"2020-12-23";"https://nos.nl/artikel/2361815-rivm-britse-coronavariant-verspreidt-zich-door-nederland.html";"Chantal Reusken";"Persoon";"Wetenschappelijke/medische organisaties en onderzoekers";"";"";"1";"1";"156";"1";"1";"1";"0";"0";"0";"0";"0";"0";"0";"0";"0";"0";"0";"0";"0";"0";"0";"0";"0";"0";"0";"0";"0";"0";"0";"0";"0";"0";"0";"0";"0";"0";"0";"0";"0";"0";"0";"0";"0";"0";"0";"0";"0";"0";"0";"0";"0";"0";"0";"0";"0";"0";"0";"0";"0";"0";"1";"1";"0";"0";"0";"0";"0";"0";"0";"0";"0";"0";"0";"0";"0";"0";"92";"2361815_92"
"second_coder";2361815;"RIVM: Britse coronavariant verspreidt zich door Nederland";"2020-12-23";"https://nos.nl/artikel/2361815-rivm-britse-coronavariant-verspreidt-zich-door-nederland.html";"Chantal Reusken";"Persoon";"Wetenschappelijke/medische organisaties en onderzoekers";"";"";"1";"1";"156";"1";"1";"1";"0";"0";"0";"0";"0";"0";"0";"0";"0";"0";"0";"0";"0";"0";"0";"0";"0";"0";"0";"0";"0";"0";"0";"0";"0";"0";"0";"0";"0";"0";"0";"0";"0";"0";"0";"0";"0";"0";"0";"0";"0";"0";"0";"0";"0";"0";"0";"0";"0";"0";"0";"0";"0";"0";"1";"1";"0";"0";"0";"0";"0";"0";"0";"0";"0";"0";"0";"0";"0";"0";"92";"2361815_92"
"main_coder";2361815;"RIVM: Britse coronavariant verspreidt zich door Nederland";"2020-12-23";"https://nos.nl/artikel/2361815-rivm-britse-coronavariant-verspreidt-zich-door-nederland.html";"Chantal Reusken";"Persoon";"Openbare en semiopenbare instellingen";"";"";"1";"1";"175";"1";"1";"1";"0";"0";"0";"0";"0";"0";"0";"0";"0";"0";"0";"0";"0";"0";"0";"0";"0";"0";"0";"0";"0";"0";"0";"0";"0";"0";"0";"0";"0";"0";"0";"0";"0";"0";"0";"0";"0";"0";"0";"0";"0";"0";"0";"0";"0";"0";"0";"0";"0";"0";"0";"0";"0";"0";"1";"0";"0";"1";"0";"0";"0";"0";"0";"0";"0";"0";"0";"0";"0";"0";"92";"2361815_92"
"researcher";2361815;"RIVM: Britse coronavariant verspreidt zich door Nederland";"2020-12-23";"https://nos.nl/artikel/2361815-rivm-britse-coronavariant-verspreidt-zich-door-nederland.html";"Frits Rosendaal";"Persoon";"Wetenschappelijke/medische organisaties en onderzoekers";"";"";"1";"1";"97";"1";"1";"1";"0";"0";"0";"0";"0";"0";"0";"0";"0";"0";"0";"0";"0";"0";"1";"0";"0";"1";"0";"0";"0";"0";"0";"0";"0";"0";"0";"0";"0";"0";"0";"0";"0";"0";"0";"0";"0";"0";"0";"0";"0";"0";"0";"0";"0";"0";"0";"0";"0";"0";"0";"0";"0";"0";"0";"0";"0";"0";"0";"0";"0";"0";"0";"0";"0";"0";"0";"0";"0";"0";"93";"2361815_93"
"second_coder";2361815;"RIVM: Britse coronavariant verspreidt zich door Nederland";"2020-12-23";"https://nos.nl/artikel/2361815-rivm-britse-coronavariant-verspreidt-zich-door-nederland.html";"Frits Rosendaal";"Persoon";"Wetenschappelijke/medische organisaties en onderzoekers";"";"";"1";"1";"97";"1";"1";"0";"0";"1";"0";"0";"0";"0";"0";"0";"0";"0";"0";"0";"0";"0";"1";"0";"0";"1";"0";"0";"0";"0";"0";"0";"0";"0";"0";"0";"0";"0";"0";"0";"0";"0";"0";"0";"0";"0";"0";"0";"0";"0";"0";"0";"0";"0";"0";"0";"0";"0";"0";"0";"0";"0";"0";"0";"0";"0";"0";"0";"0";"0";"0";"0";"0";"0";"0";"0";"0";"0";"93";"2361815_93"
"main_coder";2361815;"RIVM: Britse coronavariant verspreidt zich door Nederland";"2020-12-23";"https://nos.nl/artikel/2361815-rivm-britse-coronavariant-verspreidt-zich-door-nederland.html";"Frits Rosendaal";"Persoon";"Wetenschappelijke/medische organisaties en onderzoekers";"";"";"1";"1";"97";"1";"1";"1";"0";"0";"0";"0";"0";"0";"0";"0";"0";"0";"0";"0";"0";"0";"1";"0";"0";"1";"0";"0";"0";"0";"0";"0";"0";"0";"0";"0";"0";"0";"0";"0";"0";"0";"0";"0";"0";"0";"0";"0";"0";"0";"0";"0";"0";"0";"0";"0";"0";"0";"0";"0";"0";"0";"0";"0";"0";"0";"0";"0";"0";"0";"0";"0";"0";"0";"0";"0";"0";"0";"93";"2361815_93"
"researcher";2361815;"RIVM: Britse coronavariant verspreidt zich door Nederland";"2020-12-23";"https://nos.nl/artikel/2361815-rivm-britse-coronavariant-verspreidt-zich-door-nederland.html";"GGD";"Organisatie";"Openbare en semiopenbare instellingen";"";"";"0";"1";"46";"0";"0";"0";"0";"0";"0";"0";"0";"0";"0";"0";"0";"0";"0";"0";"0";"0";"0";"0";"0";"0";"0";"0";"0";"0";"0";"0";"0";"0";"0";"0";"0";"0";"0";"0";"0";"0";"0";"0";"0";"0";"0";"0";"0";"0";"0";"0";"0";"0";"0";"0";"0";"0";"0";"0";"0";"0";"0";"0";"0";"0";"0";"0";"0";"0";"0";"0";"0";"0";"0";"0";"0";"0";"94";"2361815_94"
"second_coder";2361815;"RIVM: Britse coronavariant verspreidt zich door Nederland";"2020-12-23";"https://nos.nl/artikel/2361815-rivm-britse-coronavariant-verspreidt-zich-door-nederland.html";"GGD";"Organisatie";"Openbare en semiopenbare instellingen";"";"";"0";"1";"46";"0";"0";"0";"0";"0";"0";"0";"0";"0";"0";"0";"0";"0";"0";"0";"0";"0";"0";"0";"0";"0";"0";"0";"0";"0";"0";"0";"0";"0";"0";"0";"0";"0";"0";"0";"0";"0";"0";"0";"0";"0";"0";"0";"0";"0";"0";"0";"0";"0";"0";"0";"0";"0";"0";"0";"0";"0";"0";"0";"0";"0";"0";"0";"0";"0";"0";"0";"0";"0";"0";"0";"0";"0";"94";"2361815_94"
"main_coder";2361815;"RIVM: Britse coronavariant verspreidt zich door Nederland";"2020-12-23";"https://nos.nl/artikel/2361815-rivm-britse-coronavariant-verspreidt-zich-door-nederland.html";"GGD";"Organisatie";"Openbare en semiopenbare instellingen";"";"";"0";"1";"18";"0";"0";"0";"0";"0";"0";"0";"0";"0";"0";"0";"0";"0";"0";"0";"0";"0";"0";"0";"0";"0";"0";"0";"0";"0";"0";"0";"0";"0";"0";"0";"0";"0";"0";"0";"0";"0";"0";"0";"0";"0";"0";"0";"0";"0";"0";"0";"0";"0";"0";"0";"0";"0";"0";"0";"0";"0";"0";"0";"0";"0";"0";"0";"0";"0";"0";"0";"0";"0";"0";"0";"0";"0";"94";"2361815_94"
"researcher";2361815;"RIVM: Britse coronavariant verspreidt zich door Nederland";"2020-12-23";"https://nos.nl/artikel/2361815-rivm-britse-coronavariant-verspreidt-zich-door-nederland.html";"een woordvoerder van RIVM";"Persoon";"Openbare en semiopenbare instellingen";"";"";"1";"1";"32";"0";"0";"0";"0";"0";"0";"0";"0";"0";"0";"0";"0";"0";"0";"0";"0";"0";"0";"0";"0";"0";"0";"0";"0";"0";"0";"0";"0";"0";"0";"0";"0";"0";"0";"0";"0";"0";"0";"0";"0";"0";"0";"0";"0";"0";"0";"0";"0";"0";"0";"0";"0";"0";"0";"0";"0";"0";"0";"0";"0";"0";"0";"0";"0";"0";"0";"0";"0";"0";"0";"0";"0";"0";"95";"2361815_95"
"second_coder";2361815;"RIVM: Britse coronavariant verspreidt zich door Nederland";"2020-12-23";"https://nos.nl/artikel/2361815-rivm-britse-coronavariant-verspreidt-zich-door-nederland.html";"een woordvoerder van RIVM";"Persoon";"Openbare en semiopenbare instellingen";"";"";"1";"1";"32";"0";"0";"0";"0";"0";"0";"0";"0";"0";"0";"0";"0";"0";"0";"0";"0";"0";"0";"0";"0";"0";"0";"0";"0";"0";"0";"0";"0";"0";"0";"0";"0";"0";"0";"0";"0";"0";"0";"0";"0";"0";"0";"0";"0";"0";"0";"0";"0";"0";"0";"0";"0";"0";"0";"0";"0";"0";"0";"0";"0";"0";"0";"0";"0";"0";"0";"0";"0";"0";"0";"0";"0";"0";"95";"2361815_95"
"main_coder";2361815;"RIVM: Britse coronavariant verspreidt zich door Nederland";"2020-12-23";"https://nos.nl/artikel/2361815-rivm-britse-coronavariant-verspreidt-zich-door-nederland.html";"een woordvoerder van RIVM";"Persoon";"Openbare en semiopenbare instellingen";"";"";"1";"1";"32";"0";"0";"0";"0";"0";"0";"0";"0";"0";"0";"0";"0";"0";"0";"0";"0";"0";"0";"0";"0";"0";"0";"0";"0";"0";"0";"0";"0";"0";"0";"0";"0";"0";"0";"0";"0";"0";"0";"0";"0";"0";"0";"0";"0";"0";"0";"0";"0";"0";"0";"0";"0";"0";"0";"0";"0";"0";"0";"0";"0";"0";"0";"0";"0";"0";"0";"0";"0";"0";"0";"0";"0";"0";"95";"2361815_95"
"researcher";2361815;"RIVM: Britse coronavariant verspreidt zich door Nederland";"2020-12-23";"https://nos.nl/artikel/2361815-rivm-britse-coronavariant-verspreidt-zich-door-nederland.html";"het RIVM";"Organisatie";"Openbare en semiopenbare instellingen";"";"";"0";"1";"10";"0";"0";"0";"0";"0";"0";"0";"0";"0";"0";"0";"0";"0";"0";"0";"0";"0";"0";"0";"0";"0";"0";"0";"0";"0";"0";"0";"0";"0";"0";"0";"0";"0";"0";"0";"0";"0";"0";"0";"0";"0";"0";"0";"0";"0";"0";"0";"0";"0";"0";"0";"0";"0";"0";"0";"0";"0";"0";"0";"0";"0";"0";"0";"0";"0";"0";"0";"0";"0";"0";"0";"0";"0";"96";"2361815_96"
"second_coder";2361815;"RIVM: Britse coronavariant verspreidt zich door Nederland";"2020-12-23";"https://nos.nl/artikel/2361815-rivm-britse-coronavariant-verspreidt-zich-door-nederland.html";"het RIVM";"Organisatie";"Openbare en semiopenbare instellingen";"";"";"0";"1";"10";"0";"0";"0";"0";"0";"0";"0";"0";"0";"0";"0";"0";"0";"0";"0";"0";"0";"0";"0";"0";"0";"0";"0";"0";"0";"0";"0";"0";"0";"0";"0";"0";"0";"0";"0";"0";"0";"0";"0";"0";"0";"0";"0";"0";"0";"0";"0";"0";"0";"0";"0";"0";"0";"0";"0";"0";"0";"0";"0";"0";"0";"0";"0";"0";"0";"0";"0";"0";"0";"0";"0";"0";"0";"96";"2361815_96"
"main_coder";2361815;"RIVM: Britse coronavariant verspreidt zich door Nederland";"2020-12-23";"https://nos.nl/artikel/2361815-rivm-britse-coronavariant-verspreidt-zich-door-nederland.html";"het RIVM";"Organisatie";"Openbare en semiopenbare instellingen";"";"";"0";"1";"9";"0";"0";"0";"0";"0";"0";"0";"0";"0";"0";"0";"0";"0";"0";"0";"0";"0";"0";"0";"0";"0";"0";"0";"0";"0";"0";"0";"0";"0";"0";"0";"0";"0";"0";"0";"0";"0";"0";"0";"0";"0";"0";"0";"0";"0";"0";"0";"0";"0";"0";"0";"0";"0";"0";"0";"0";"0";"0";"0";"0";"0";"0";"0";"0";"0";"0";"0";"0";"0";"0";"0";"0";"0";"96";"2361815_96"
"researcher";2362513;"Zorgautoriteit: tientallen ziekenhuizen schrappen dringende operaties door corona";"2020-12-30";"https://nos.nl/artikel/2362513-zorgautoriteit-tientallen-ziekenhuizen-schrappen-dringende-operaties-door-corona.html";"Nederlandse Zorgautoriteit (NZa)";"Organisatie";"Openbare en semiopenbare instellingen";"";"";"0";"1";"23";"0";"0";"0";"0";"0";"0";"0";"0";"0";"0";"0";"0";"0";"0";"0";"0";"0";"0";"0";"0";"0";"0";"0";"0";"0";"0";"0";"0";"0";"0";"0";"0";"0";"0";"0";"0";"0";"0";"0";"0";"0";"0";"0";"0";"0";"0";"0";"0";"0";"0";"0";"0";"0";"0";"0";"0";"0";"0";"0";"0";"0";"0";"0";"0";"0";"0";"0";"0";"0";"0";"0";"0";"0";"100";"2362513_100"
"second_coder";2362513;"Zorgautoriteit: tientallen ziekenhuizen schrappen dringende operaties door corona";"2020-12-30";"https://nos.nl/artikel/2362513-zorgautoriteit-tientallen-ziekenhuizen-schrappen-dringende-operaties-door-corona.html";"Nederlandse Zorgautoriteit (NZa)";"Organisatie";"Niet-governementele organisaties (NGO), maatschappelijke organisaties, en hun leden";"";"";"0";"1";"23";"0";"0";"0";"0";"0";"0";"0";"0";"0";"0";"0";"0";"0";"0";"0";"0";"0";"0";"0";"0";"0";"0";"0";"0";"0";"0";"0";"0";"0";"0";"0";"0";"0";"0";"0";"0";"0";"0";"0";"0";"0";"0";"0";"0";"0";"0";"0";"0";"0";"0";"0";"0";"0";"0";"0";"0";"0";"0";"0";"0";"0";"0";"0";"0";"0";"0";"0";"0";"0";"0";"0";"0";"0";"100";"2362513_100"
"main_coder";2362513;"Zorgautoriteit: tientallen ziekenhuizen schrappen dringende operaties door corona";"2020-12-30";"https://nos.nl/artikel/2362513-zorgautoriteit-tientallen-ziekenhuizen-schrappen-dringende-operaties-door-corona.html";"Nederlandse Zorgautoriteit (NZa)";"Organisatie";"Openbare en semiopenbare instellingen";"";"";"0";"1";"23";"0";"0";"0";"0";"0";"0";"0";"0";"0";"0";"0";"0";"0";"0";"0";"0";"0";"0";"0";"0";"0";"0";"0";"0";"0";"0";"0";"0";"0";"0";"0";"0";"0";"0";"0";"0";"0";"0";"0";"0";"0";"0";"0";"0";"0";"0";"0";"0";"0";"0";"0";"0";"0";"0";"0";"0";"0";"0";"0";"0";"0";"0";"0";"0";"0";"0";"0";"0";"0";"0";"0";"0";"0";"100";"2362513_100"
"researcher";2362513;"Zorgautoriteit: tientallen ziekenhuizen schrappen dringende operaties door corona";"2020-12-30";"https://nos.nl/artikel/2362513-zorgautoriteit-tientallen-ziekenhuizen-schrappen-dringende-operaties-door-corona.html";"David Jongen";"Persoon";"Niet-governementele organisaties (NGO), maatschappelijke organisaties, en hun leden";"";"";"1";"1";"245";"1";"0";"0";"0";"0";"0";"0";"0";"0";"0";"0";"0";"0";"0";"0";"0";"0";"0";"0";"0";"0";"0";"0";"0";"0";"0";"0";"0";"0";"0";"0";"0";"0";"0";"0";"0";"0";"0";"0";"0";"0";"0";"0";"0";"0";"0";"0";"0";"0";"0";"0";"0";"0";"0";"0";"0";"0";"0";"0";"0";"0";"0";"0";"0";"0";"1";"1";"1";"0";"0";"0";"0";"0";"97";"2362513_97"
"second_coder";2362513;"Zorgautoriteit: tientallen ziekenhuizen schrappen dringende operaties door corona";"2020-12-30";"https://nos.nl/artikel/2362513-zorgautoriteit-tientallen-ziekenhuizen-schrappen-dringende-operaties-door-corona.html";"David Jongen";"Persoon";"Niet-governementele organisaties (NGO), maatschappelijke organisaties, en hun leden";"";"";"1";"1";"236";"1";"0";"0";"0";"0";"0";"0";"0";"0";"0";"0";"0";"0";"0";"0";"0";"0";"0";"0";"0";"0";"0";"0";"0";"0";"0";"0";"0";"0";"0";"0";"0";"0";"0";"0";"0";"0";"0";"0";"0";"0";"0";"0";"0";"0";"0";"0";"0";"0";"0";"0";"0";"0";"0";"0";"0";"0";"0";"0";"0";"0";"0";"0";"0";"0";"1";"1";"1";"0";"0";"0";"0";"0";"97";"2362513_97"
"main_coder";2362513;"Zorgautoriteit: tientallen ziekenhuizen schrappen dringende operaties door corona";"2020-12-30";"https://nos.nl/artikel/2362513-zorgautoriteit-tientallen-ziekenhuizen-schrappen-dringende-operaties-door-corona.html";"David Jongen";"Persoon";"Niet-governementele organisaties (NGO), maatschappelijke organisaties, en hun leden";"";"";"1";"1";"245";"1";"0";"0";"0";"0";"0";"0";"0";"0";"0";"0";"0";"0";"0";"0";"0";"0";"0";"0";"0";"0";"0";"0";"0";"0";"0";"0";"0";"0";"0";"0";"0";"0";"0";"0";"0";"0";"0";"0";"0";"0";"0";"0";"0";"0";"0";"0";"0";"0";"0";"0";"0";"0";"0";"0";"0";"0";"0";"0";"0";"0";"0";"0";"0";"0";"1";"1";"1";"0";"0";"0";"0";"0";"97";"2362513_97"
"researcher";2362513;"Zorgautoriteit: tientallen ziekenhuizen schrappen dringende operaties door corona";"2020-12-30";"https://nos.nl/artikel/2362513-zorgautoriteit-tientallen-ziekenhuizen-schrappen-dringende-operaties-door-corona.html";"Dianda Veldman";"Persoon";"Niet-governementele organisaties (NGO), maatschappelijke organisaties, en hun leden";"";"";"1";"1";"137";"1";"0";"0";"0";"0";"0";"0";"0";"0";"0";"0";"0";"0";"0";"0";"0";"0";"0";"0";"0";"0";"0";"0";"0";"0";"0";"0";"0";"0";"0";"0";"0";"0";"0";"0";"0";"0";"0";"0";"0";"0";"0";"0";"0";"0";"0";"0";"0";"0";"0";"0";"0";"0";"0";"0";"0";"0";"0";"0";"0";"0";"0";"0";"0";"0";"1";"0";"1";"0";"0";"0";"0";"0";"98";"2362513_98"
"second_coder";2362513;"Zorgautoriteit: tientallen ziekenhuizen schrappen dringende operaties door corona";"2020-12-30";"https://nos.nl/artikel/2362513-zorgautoriteit-tientallen-ziekenhuizen-schrappen-dringende-operaties-door-corona.html";"Dianda Veldman";"Persoon";"Niet-governementele organisaties (NGO), maatschappelijke organisaties, en hun leden";"";"";"1";"1";"137";"1";"0";"0";"0";"0";"0";"0";"0";"0";"0";"0";"0";"0";"0";"0";"0";"0";"0";"0";"0";"0";"0";"0";"0";"0";"0";"0";"0";"0";"0";"0";"0";"0";"0";"0";"0";"0";"0";"0";"0";"0";"0";"0";"0";"0";"0";"0";"0";"0";"0";"0";"0";"0";"0";"0";"0";"0";"0";"0";"0";"0";"0";"0";"0";"0";"1";"0";"1";"0";"0";"0";"0";"0";"98";"2362513_98"
"main_coder";2362513;"Zorgautoriteit: tientallen ziekenhuizen schrappen dringende operaties door corona";"2020-12-30";"https://nos.nl/artikel/2362513-zorgautoriteit-tientallen-ziekenhuizen-schrappen-dringende-operaties-door-corona.html";"Dianda Veldman";"Persoon";"Niet-governementele organisaties (NGO), maatschappelijke organisaties, en hun leden";"";"";"1";"1";"134";"1";"0";"0";"0";"0";"0";"0";"0";"0";"0";"0";"0";"0";"0";"0";"0";"0";"0";"0";"0";"0";"0";"0";"0";"0";"0";"0";"0";"0";"0";"0";"0";"0";"0";"0";"0";"0";"0";"0";"0";"0";"0";"0";"0";"0";"0";"0";"0";"0";"0";"0";"0";"0";"0";"0";"0";"0";"0";"0";"0";"0";"0";"0";"0";"0";"1";"0";"1";"0";"0";"0";"0";"0";"98";"2362513_98"
"researcher";2362513;"Zorgautoriteit: tientallen ziekenhuizen schrappen dringende operaties door corona";"2020-12-30";"https://nos.nl/artikel/2362513-zorgautoriteit-tientallen-ziekenhuizen-schrappen-dringende-operaties-door-corona.html";"NZa-woordvoerder";"Persoon";"Openbare en semiopenbare instellingen";"";"";"1";"0";"18";"0";"0";"0";"0";"0";"0";"0";"0";"0";"0";"0";"0";"0";"0";"0";"0";"0";"0";"0";"0";"0";"0";"0";"0";"0";"0";"0";"0";"0";"0";"0";"0";"0";"0";"0";"0";"0";"0";"0";"0";"0";"0";"0";"0";"0";"0";"0";"0";"0";"0";"0";"0";"0";"0";"0";"0";"0";"0";"0";"0";"0";"0";"0";"0";"0";"0";"0";"0";"0";"0";"0";"0";"0";"99";"2362513_99"
"second_coder";2362513;"Zorgautoriteit: tientallen ziekenhuizen schrappen dringende operaties door corona";"2020-12-30";"https://nos.nl/artikel/2362513-zorgautoriteit-tientallen-ziekenhuizen-schrappen-dringende-operaties-door-corona.html";"NZa-woordvoerder";"Persoon";"Niet-governementele organisaties (NGO), maatschappelijke organisaties, en hun leden";"";"";"1";"0";"18";"0";"0";"0";"0";"0";"0";"0";"0";"0";"0";"0";"0";"0";"0";"0";"0";"0";"0";"0";"0";"0";"0";"0";"0";"0";"0";"0";"0";"0";"0";"0";"0";"0";"0";"0";"0";"0";"0";"0";"0";"0";"0";"0";"0";"0";"0";"0";"0";"0";"0";"0";"0";"0";"0";"0";"0";"0";"0";"0";"0";"0";"0";"0";"0";"0";"0";"0";"0";"0";"0";"0";"0";"0";"99";"2362513_99"
"main_coder";2362513;"Zorgautoriteit: tientallen ziekenhuizen schrappen dringende operaties door corona";"2020-12-30";"https://nos.nl/artikel/2362513-zorgautoriteit-tientallen-ziekenhuizen-schrappen-dringende-operaties-door-corona.html";"NZa-woordvoerder";"Persoon";"Openbare en semiopenbare instellingen";"";"";"1";"0";"18";"0";"0";"0";"0";"0";"0";"0";"0";"0";"0";"0";"0";"0";"0";"0";"0";"0";"0";"0";"0";"0";"0";"0";"0";"0";"0";"0";"0";"0";"0";"0";"0";"0";"0";"0";"0";"0";"0";"0";"0";"0";"0";"0";"0";"0";"0";"0";"0";"0";"0";"0";"0";"0";"0";"0";"0";"0";"0";"0";"0";"0";"0";"0";"0";"0";"0";"0";"0";"0";"0";"0";"0";"0";"99";"2362513_99"
"researcher";2363133;"Kabinet wil geen leeftijdselectie op intensive care, artsen houden vast aan draaiboek";"2021-01-05";"https://nos.nl/artikel/2363133-kabinet-wil-geen-leeftijdselectie-op-intensive-care-artsen-houden-vast-aan-draaiboek.html";"ANBO";"Organisatie";"Niet-governementele organisaties (NGO), maatschappelijke organisaties, en hun leden";"";"";"1";"1";"48";"0";"0";"0";"0";"0";"0";"0";"0";"0";"0";"0";"0";"0";"0";"0";"0";"0";"0";"0";"0";"0";"0";"0";"0";"0";"0";"0";"0";"0";"0";"0";"0";"0";"0";"0";"0";"0";"0";"0";"0";"0";"0";"0";"0";"0";"0";"0";"0";"0";"0";"0";"0";"0";"0";"0";"0";"0";"0";"0";"0";"0";"0";"0";"0";"0";"0";"0";"0";"0";"0";"0";"0";"0";"101";"2363133_101"
"second_coder";2363133;"Kabinet wil geen leeftijdselectie op intensive care, artsen houden vast aan draaiboek";"2021-01-05";"https://nos.nl/artikel/2363133-kabinet-wil-geen-leeftijdselectie-op-intensive-care-artsen-houden-vast-aan-draaiboek.html";"ANBO";"Organisatie";"Niet-governementele organisaties (NGO), maatschappelijke organisaties, en hun leden";"";"";"1";"1";"48";"0";"0";"0";"0";"0";"0";"0";"0";"0";"0";"0";"0";"0";"0";"0";"0";"0";"0";"0";"0";"0";"0";"0";"0";"0";"0";"0";"0";"0";"0";"0";"0";"0";"0";"0";"0";"0";"0";"0";"0";"0";"0";"0";"0";"0";"0";"0";"0";"0";"0";"0";"0";"0";"0";"0";"0";"0";"0";"0";"0";"0";"0";"0";"0";"0";"0";"0";"0";"0";"0";"0";"0";"0";"101";"2363133_101"
"main_coder";2363133;"Kabinet wil geen leeftijdselectie op intensive care, artsen houden vast aan draaiboek";"2021-01-05";"https://nos.nl/artikel/2363133-kabinet-wil-geen-leeftijdselectie-op-intensive-care-artsen-houden-vast-aan-draaiboek.html";"ANBO";"Organisatie";"Niet-governementele organisaties (NGO), maatschappelijke organisaties, en hun leden";"";"";"1";"1";"46";"0";"0";"0";"0";"0";"0";"0";"0";"0";"0";"0";"0";"0";"0";"0";"0";"0";"0";"0";"0";"0";"0";"0";"0";"0";"0";"0";"0";"0";"0";"0";"0";"0";"0";"0";"0";"0";"0";"0";"0";"0";"0";"0";"0";"0";"0";"0";"0";"0";"0";"0";"0";"0";"0";"0";"0";"0";"0";"0";"0";"0";"0";"0";"0";"0";"0";"0";"0";"0";"0";"0";"0";"0";"101";"2363133_101"
"researcher";2363133;"Kabinet wil geen leeftijdselectie op intensive care, artsen houden vast aan draaiboek";"2021-01-05";"https://nos.nl/artikel/2363133-kabinet-wil-geen-leeftijdselectie-op-intensive-care-artsen-houden-vast-aan-draaiboek.html";"Artsenorganisaties Federatie Medisch Specialisten en KNMG";"Organisatie";"Niet-governementele organisaties (NGO), maatschappelijke organisaties, en hun leden";"";"";"0";"1";"17";"0";"0";"0";"0";"0";"0";"0";"0";"0";"0";"0";"0";"0";"0";"0";"0";"0";"0";"0";"0";"0";"0";"0";"0";"0";"0";"0";"0";"0";"0";"0";"0";"0";"0";"0";"0";"0";"0";"0";"0";"0";"0";"0";"0";"0";"0";"0";"0";"0";"0";"0";"0";"0";"0";"0";"0";"0";"0";"0";"0";"0";"0";"0";"0";"0";"0";"0";"0";"0";"0";"0";"0";"0";"102";"2363133_102"
"second_coder";2363133;"Kabinet wil geen leeftijdselectie op intensive care, artsen houden vast aan draaiboek";"2021-01-05";"https://nos.nl/artikel/2363133-kabinet-wil-geen-leeftijdselectie-op-intensive-care-artsen-houden-vast-aan-draaiboek.html";"Artsenorganisaties Federatie Medisch Specialisten en KNMG";"Organisatie";"Niet-governementele organisaties (NGO), maatschappelijke organisaties, en hun leden";"";"";"0";"1";"17";"0";"0";"0";"0";"0";"0";"0";"0";"0";"0";"0";"0";"0";"0";"0";"0";"0";"0";"0";"0";"0";"0";"0";"0";"0";"0";"0";"0";"0";"0";"0";"0";"0";"0";"0";"0";"0";"0";"0";"0";"0";"0";"0";"0";"0";"0";"0";"0";"0";"0";"0";"0";"0";"0";"0";"0";"0";"0";"0";"0";"0";"0";"0";"0";"0";"0";"0";"0";"0";"0";"0";"0";"0";"102";"2363133_102"
"researcher";2363133;"Kabinet wil geen leeftijdselectie op intensive care, artsen houden vast aan draaiboek";"2021-01-05";"https://nos.nl/artikel/2363133-kabinet-wil-geen-leeftijdselectie-op-intensive-care-artsen-houden-vast-aan-draaiboek.html";"ChristenUnie";"Organisatie";"NL - Nationaal parlement en nationale partijen – wetgevende macht";"";"ChristenUnie";"0";"1";"15";"0";"0";"0";"0";"0";"0";"0";"0";"0";"0";"0";"0";"0";"0";"0";"0";"0";"0";"0";"0";"0";"0";"0";"0";"0";"0";"0";"0";"0";"0";"0";"0";"0";"0";"0";"0";"0";"0";"0";"0";"0";"0";"0";"0";"0";"0";"0";"0";"0";"0";"0";"0";"0";"0";"0";"0";"0";"0";"0";"0";"0";"0";"0";"0";"0";"0";"0";"0";"0";"0";"0";"0";"0";"103";"2363133_103"
"second_coder";2363133;"Kabinet wil geen leeftijdselectie op intensive care, artsen houden vast aan draaiboek";"2021-01-05";"https://nos.nl/artikel/2363133-kabinet-wil-geen-leeftijdselectie-op-intensive-care-artsen-houden-vast-aan-draaiboek.html";"ChristenUnie";"Organisatie";"NL - Nationaal parlement en nationale partijen – wetgevende macht";"";"ChristenUnie";"0";"1";"15";"0";"0";"0";"0";"0";"0";"0";"0";"0";"0";"0";"0";"0";"0";"0";"0";"0";"0";"0";"0";"0";"0";"0";"0";"0";"0";"0";"0";"0";"0";"0";"0";"0";"0";"0";"0";"0";"0";"0";"0";"0";"0";"0";"0";"0";"0";"0";"0";"0";"0";"0";"0";"0";"0";"0";"0";"0";"0";"0";"0";"0";"0";"0";"0";"0";"0";"0";"0";"0";"0";"0";"0";"0";"103";"2363133_103"
"main_coder";2363133;"Kabinet wil geen leeftijdselectie op intensive care, artsen houden vast aan draaiboek";"2021-01-05";"https://nos.nl/artikel/2363133-kabinet-wil-geen-leeftijdselectie-op-intensive-care-artsen-houden-vast-aan-draaiboek.html";"ChristenUnie";"Organisatie";"NL - Nationaal parlement en nationale partijen – wetgevende macht";"";"ChristenUnie";"0";"1";"14";"0";"0";"0";"0";"0";"0";"0";"0";"0";"0";"0";"0";"0";"0";"0";"0";"0";"0";"0";"0";"0";"0";"0";"0";"0";"0";"0";"0";"0";"0";"0";"0";"0";"0";"0";"0";"0";"0";"0";"0";"0";"0";"0";"0";"0";"0";"0";"0";"0";"0";"0";"0";"0";"0";"0";"0";"0";"0";"0";"0";"0";"0";"0";"0";"0";"0";"0";"0";"0";"0";"0";"0";"0";"103";"2363133_103"
"researcher";2363133;"Kabinet wil geen leeftijdselectie op intensive care, artsen houden vast aan draaiboek";"2021-01-05";"https://nos.nl/artikel/2363133-kabinet-wil-geen-leeftijdselectie-op-intensive-care-artsen-houden-vast-aan-draaiboek.html";"Dijkhoff";"Persoon";"NL - Nationaal parlement en nationale partijen – wetgevende macht";"";"VVD";"1";"0";"31";"0";"0";"0";"0";"0";"0";"0";"0";"0";"0";"0";"0";"0";"0";"0";"0";"0";"0";"0";"0";"0";"0";"0";"0";"0";"0";"0";"0";"0";"0";"0";"0";"0";"0";"0";"0";"0";"0";"0";"0";"0";"0";"0";"0";"0";"0";"0";"0";"0";"0";"0";"0";"0";"0";"0";"0";"0";"0";"0";"0";"0";"0";"0";"0";"0";"0";"0";"0";"0";"0";"0";"0";"0";"104";"2363133_104"
"second_coder";2363133;"Kabinet wil geen leeftijdselectie op intensive care, artsen houden vast aan draaiboek";"2021-01-05";"https://nos.nl/artikel/2363133-kabinet-wil-geen-leeftijdselectie-op-intensive-care-artsen-houden-vast-aan-draaiboek.html";"Dijkhoff";"Persoon";"NL - Nationaal parlement en nationale partijen – wetgevende macht";"";"VVD";"1";"0";"31";"0";"0";"0";"0";"0";"0";"0";"0";"0";"0";"0";"0";"0";"0";"0";"0";"0";"0";"0";"0";"0";"0";"0";"0";"0";"0";"0";"0";"0";"0";"0";"0";"0";"0";"0";"0";"0";"0";"0";"0";"0";"0";"0";"0";"0";"0";"0";"0";"0";"0";"0";"0";"0";"0";"0";"0";"0";"0";"0";"0";"0";"0";"0";"0";"0";"0";"0";"0";"0";"0";"0";"0";"0";"104";"2363133_104"
"main_coder";2363133;"Kabinet wil geen leeftijdselectie op intensive care, artsen houden vast aan draaiboek";"2021-01-05";"https://nos.nl/artikel/2363133-kabinet-wil-geen-leeftijdselectie-op-intensive-care-artsen-houden-vast-aan-draaiboek.html";"Dijkhoff";"Persoon";"NL - Nationaal parlement en nationale partijen – wetgevende macht";"";"VVD";"1";"0";"30";"0";"0";"0";"0";"0";"0";"0";"0";"0";"0";"0";"0";"0";"0";"0";"0";"0";"0";"0";"0";"0";"0";"0";"0";"0";"0";"0";"0";"0";"0";"0";"0";"0";"0";"0";"0";"0";"0";"0";"0";"0";"0";"0";"0";"0";"0";"0";"0";"0";"0";"0";"0";"0";"0";"0";"0";"0";"0";"0";"0";"0";"0";"0";"0";"0";"0";"0";"0";"0";"0";"0";"0";"0";"104";"2363133_104"
"researcher";2363133;"Kabinet wil geen leeftijdselectie op intensive care, artsen houden vast aan draaiboek";"2021-01-05";"https://nos.nl/artikel/2363133-kabinet-wil-geen-leeftijdselectie-op-intensive-care-artsen-houden-vast-aan-draaiboek.html";"Jetten";"Persoon";"NL - Nationaal parlement en nationale partijen – wetgevende macht";"";"D66";"0";"1";"7";"0";"0";"0";"0";"0";"0";"0";"0";"0";"0";"0";"0";"0";"0";"0";"0";"0";"0";"0";"0";"0";"0";"0";"0";"0";"0";"0";"0";"0";"0";"0";"0";"0";"0";"0";"0";"0";"0";"0";"0";"0";"0";"0";"0";"0";"0";"0";"0";"0";"0";"0";"0";"0";"0";"0";"0";"0";"0";"0";"0";"0";"0";"0";"0";"0";"0";"0";"0";"0";"0";"0";"0";"0";"105";"2363133_105"
"second_coder";2363133;"Kabinet wil geen leeftijdselectie op intensive care, artsen houden vast aan draaiboek";"2021-01-05";"https://nos.nl/artikel/2363133-kabinet-wil-geen-leeftijdselectie-op-intensive-care-artsen-houden-vast-aan-draaiboek.html";"Jetten";"Persoon";"NL - Nationaal parlement en nationale partijen – wetgevende macht";"";"D66";"0";"1";"7";"0";"0";"0";"0";"0";"0";"0";"0";"0";"0";"0";"0";"0";"0";"0";"0";"0";"0";"0";"0";"0";"0";"0";"0";"0";"0";"0";"0";"0";"0";"0";"0";"0";"0";"0";"0";"0";"0";"0";"0";"0";"0";"0";"0";"0";"0";"0";"0";"0";"0";"0";"0";"0";"0";"0";"0";"0";"0";"0";"0";"0";"0";"0";"0";"0";"0";"0";"0";"0";"0";"0";"0";"0";"105";"2363133_105"
"main_coder";2363133;"Kabinet wil geen leeftijdselectie op intensive care, artsen houden vast aan draaiboek";"2021-01-05";"https://nos.nl/artikel/2363133-kabinet-wil-geen-leeftijdselectie-op-intensive-care-artsen-houden-vast-aan-draaiboek.html";"Jetten";"Persoon";"NL - Nationaal parlement en nationale partijen – wetgevende macht";"";"D66";"0";"1";"7";"0";"0";"0";"0";"0";"0";"0";"0";"0";"0";"0";"0";"0";"0";"0";"0";"0";"0";"0";"0";"0";"0";"0";"0";"0";"0";"0";"0";"0";"0";"0";"0";"0";"0";"0";"0";"0";"0";"0";"0";"0";"0";"0";"0";"0";"0";"0";"0";"0";"0";"0";"0";"0";"0";"0";"0";"0";"0";"0";"0";"0";"0";"0";"0";"0";"0";"0";"0";"0";"0";"0";"0";"0";"105";"2363133_105"
"researcher";2363133;"Kabinet wil geen leeftijdselectie op intensive care, artsen houden vast aan draaiboek";"2021-01-05";"https://nos.nl/artikel/2363133-kabinet-wil-geen-leeftijdselectie-op-intensive-care-artsen-houden-vast-aan-draaiboek.html";"VVD";"Organisatie";"NL - Nationaal parlement en nationale partijen – wetgevende macht";"";"VVD";"0";"1";"12";"0";"0";"0";"0";"0";"0";"0";"0";"0";"0";"0";"0";"0";"0";"0";"0";"0";"0";"0";"0";"0";"0";"0";"0";"0";"0";"0";"0";"0";"0";"0";"0";"0";"0";"0";"0";"0";"0";"0";"0";"0";"0";"0";"0";"0";"0";"0";"0";"0";"0";"0";"0";"0";"0";"0";"0";"0";"0";"0";"0";"0";"0";"0";"0";"0";"0";"0";"0";"0";"0";"0";"0";"0";"106";"2363133_106"
"second_coder";2363133;"Kabinet wil geen leeftijdselectie op intensive care, artsen houden vast aan draaiboek";"2021-01-05";"https://nos.nl/artikel/2363133-kabinet-wil-geen-leeftijdselectie-op-intensive-care-artsen-houden-vast-aan-draaiboek.html";"VVD";"Organisatie";"NL - Nationaal parlement en nationale partijen – wetgevende macht";"";"VVD";"0";"1";"12";"0";"0";"0";"0";"0";"0";"0";"0";"0";"0";"0";"0";"0";"0";"0";"0";"0";"0";"0";"0";"0";"0";"0";"0";"0";"0";"0";"0";"0";"0";"0";"0";"0";"0";"0";"0";"0";"0";"0";"0";"0";"0";"0";"0";"0";"0";"0";"0";"0";"0";"0";"0";"0";"0";"0";"0";"0";"0";"0";"0";"0";"0";"0";"0";"0";"0";"0";"0";"0";"0";"0";"0";"0";"106";"2363133_106"
"main_coder";2363133;"Kabinet wil geen leeftijdselectie op intensive care, artsen houden vast aan draaiboek";"2021-01-05";"https://nos.nl/artikel/2363133-kabinet-wil-geen-leeftijdselectie-op-intensive-care-artsen-houden-vast-aan-draaiboek.html";"VVD";"Organisatie";"NL - Nationaal parlement en nationale partijen – wetgevende macht";"";"VVD";"0";"1";"10";"0";"0";"0";"0";"0";"0";"0";"0";"0";"0";"0";"0";"0";"0";"0";"0";"0";"0";"0";"0";"0";"0";"0";"0";"0";"0";"0";"0";"0";"0";"0";"0";"0";"0";"0";"0";"0";"0";"0";"0";"0";"0";"0";"0";"0";"0";"0";"0";"0";"0";"0";"0";"0";"0";"0";"0";"0";"0";"0";"0";"0";"0";"0";"0";"0";"0";"0";"0";"0";"0";"0";"0";"0";"106";"2363133_106"
"researcher";2363133;"Kabinet wil geen leeftijdselectie op intensive care, artsen houden vast aan draaiboek";"2021-01-05";"https://nos.nl/artikel/2363133-kabinet-wil-geen-leeftijdselectie-op-intensive-care-artsen-houden-vast-aan-draaiboek.html";"Van Ark";"Persoon";"NL - Nationale regering - executive / uitvoerende macht";"";"VVD";"1";"1";"28";"0";"0";"0";"0";"0";"0";"0";"0";"0";"0";"0";"0";"0";"0";"0";"0";"0";"0";"0";"0";"0";"0";"0";"0";"0";"0";"0";"0";"0";"0";"0";"0";"0";"0";"0";"0";"0";"0";"0";"0";"0";"0";"0";"0";"0";"0";"0";"0";"0";"0";"0";"0";"0";"0";"0";"0";"0";"0";"0";"0";"0";"0";"0";"0";"0";"0";"0";"0";"0";"0";"0";"0";"0";"107";"2363133_107"
"second_coder";2363133;"Kabinet wil geen leeftijdselectie op intensive care, artsen houden vast aan draaiboek";"2021-01-05";"https://nos.nl/artikel/2363133-kabinet-wil-geen-leeftijdselectie-op-intensive-care-artsen-houden-vast-aan-draaiboek.html";"Van Ark";"Persoon";"NL - Nationale regering - executive / uitvoerende macht";"";"VVD";"1";"1";"46";"1";"0";"0";"0";"0";"0";"0";"0";"0";"0";"0";"0";"0";"0";"0";"0";"0";"0";"0";"0";"0";"0";"0";"0";"0";"0";"0";"0";"0";"0";"0";"0";"0";"0";"0";"0";"0";"0";"0";"0";"0";"0";"0";"0";"0";"0";"0";"0";"0";"0";"0";"0";"0";"0";"0";"0";"0";"0";"0";"0";"0";"0";"0";"0";"0";"0";"0";"0";"0";"1";"0";"1";"0";"107";"2363133_107"
"main_coder";2363133;"Kabinet wil geen leeftijdselectie op intensive care, artsen houden vast aan draaiboek";"2021-01-05";"https://nos.nl/artikel/2363133-kabinet-wil-geen-leeftijdselectie-op-intensive-care-artsen-houden-vast-aan-draaiboek.html";"Van Ark";"Persoon";"NL - Nationale regering - executive / uitvoerende macht";"";"VVD";"1";"1";"28";"0";"0";"0";"0";"0";"0";"0";"0";"0";"0";"0";"0";"0";"0";"0";"0";"0";"0";"0";"0";"0";"0";"0";"0";"0";"0";"0";"0";"0";"0";"0";"0";"0";"0";"0";"0";"0";"0";"0";"0";"0";"0";"0";"0";"0";"0";"0";"0";"0";"0";"0";"0";"0";"0";"0";"0";"0";"0";"0";"0";"0";"0";"0";"0";"0";"0";"0";"0";"0";"0";"0";"0";"0";"107";"2363133_107"
"researcher";2363133;"Kabinet wil geen leeftijdselectie op intensive care, artsen houden vast aan draaiboek";"2021-01-05";"https://nos.nl/artikel/2363133-kabinet-wil-geen-leeftijdselectie-op-intensive-care-artsen-houden-vast-aan-draaiboek.html";"Van Rijn";"Persoon";"NL - Nationaal parlement en nationale partijen – wetgevende macht";"";"PvDA";"0";"1";"29";"0";"0";"0";"0";"0";"0";"0";"0";"0";"0";"0";"0";"0";"0";"0";"0";"0";"0";"0";"0";"0";"0";"0";"0";"0";"0";"0";"0";"0";"0";"0";"0";"0";"0";"0";"0";"0";"0";"0";"0";"0";"0";"0";"0";"0";"0";"0";"0";"0";"0";"0";"0";"0";"0";"0";"0";"0";"0";"0";"0";"0";"0";"0";"0";"0";"0";"0";"0";"0";"0";"0";"0";"0";"108";"2363133_108"
"second_coder";2363133;"Kabinet wil geen leeftijdselectie op intensive care, artsen houden vast aan draaiboek";"2021-01-05";"https://nos.nl/artikel/2363133-kabinet-wil-geen-leeftijdselectie-op-intensive-care-artsen-houden-vast-aan-draaiboek.html";"Van Rijn";"Persoon";"NL - Nationaal parlement en nationale partijen – wetgevende macht";"";"PvDA";"0";"1";"33";"0";"0";"0";"0";"0";"0";"0";"0";"0";"0";"0";"0";"0";"0";"0";"0";"0";"0";"0";"0";"0";"0";"0";"0";"0";"0";"0";"0";"0";"0";"0";"0";"0";"0";"0";"0";"0";"0";"0";"0";"0";"0";"0";"0";"0";"0";"0";"0";"0";"0";"0";"0";"0";"0";"0";"0";"0";"0";"0";"0";"0";"0";"0";"0";"0";"0";"0";"0";"0";"0";"0";"0";"0";"108";"2363133_108"
"main_coder";2363133;"Kabinet wil geen leeftijdselectie op intensive care, artsen houden vast aan draaiboek";"2021-01-05";"https://nos.nl/artikel/2363133-kabinet-wil-geen-leeftijdselectie-op-intensive-care-artsen-houden-vast-aan-draaiboek.html";"Van Rijn";"Persoon";"NL - Nationale regering - executive / uitvoerende macht";"";"NvT";"0";"1";"23";"0";"0";"0";"0";"0";"0";"0";"0";"0";"0";"0";"0";"0";"0";"0";"0";"0";"0";"0";"0";"0";"0";"0";"0";"0";"0";"0";"0";"0";"0";"0";"0";"0";"0";"0";"0";"0";"0";"0";"0";"0";"0";"0";"0";"0";"0";"0";"0";"0";"0";"0";"0";"0";"0";"0";"0";"0";"0";"0";"0";"0";"0";"0";"0";"0";"0";"0";"0";"0";"0";"0";"0";"0";"108";"2363133_108"
"researcher";2363133;"Kabinet wil geen leeftijdselectie op intensive care, artsen houden vast aan draaiboek";"2021-01-05";"https://nos.nl/artikel/2363133-kabinet-wil-geen-leeftijdselectie-op-intensive-care-artsen-houden-vast-aan-draaiboek.html";"een meerderheid van de Tweede Kamer";"Organisatie";"NL - Nationaal parlement en nationale partijen – wetgevende macht";"";"NvT";"0";"1";"14";"0";"0";"0";"0";"0";"0";"0";"0";"0";"0";"0";"0";"0";"0";"0";"0";"0";"0";"0";"0";"0";"0";"0";"0";"0";"0";"0";"0";"0";"0";"0";"0";"0";"0";"0";"0";"0";"0";"0";"0";"0";"0";"0";"0";"0";"0";"0";"0";"0";"0";"0";"0";"0";"0";"0";"0";"0";"0";"0";"0";"0";"0";"0";"0";"0";"0";"0";"0";"0";"0";"0";"0";"0";"109";"2363133_109"
"second_coder";2363133;"Kabinet wil geen leeftijdselectie op intensive care, artsen houden vast aan draaiboek";"2021-01-05";"https://nos.nl/artikel/2363133-kabinet-wil-geen-leeftijdselectie-op-intensive-care-artsen-houden-vast-aan-draaiboek.html";"een meerderheid van de Tweede Kamer";"Organisatie";"NL - Nationaal parlement en nationale partijen – wetgevende macht";"";"NvT";"0";"1";"14";"0";"0";"0";"0";"0";"0";"0";"0";"0";"0";"0";"0";"0";"0";"0";"0";"0";"0";"0";"0";"0";"0";"0";"0";"0";"0";"0";"0";"0";"0";"0";"0";"0";"0";"0";"0";"0";"0";"0";"0";"0";"0";"0";"0";"0";"0";"0";"0";"0";"0";"0";"0";"0";"0";"0";"0";"0";"0";"0";"0";"0";"0";"0";"0";"0";"0";"0";"0";"0";"0";"0";"0";"0";"109";"2363133_109"
"main_coder";2363133;"Kabinet wil geen leeftijdselectie op intensive care, artsen houden vast aan draaiboek";"2021-01-05";"https://nos.nl/artikel/2363133-kabinet-wil-geen-leeftijdselectie-op-intensive-care-artsen-houden-vast-aan-draaiboek.html";"een meerderheid van de Tweede Kamer";"Organisatie";"NL - Nationaal parlement en nationale partijen – wetgevende macht";"";"NvT";"0";"1";"12";"0";"0";"0";"0";"0";"0";"0";"0";"0";"0";"0";"0";"0";"0";"0";"0";"0";"0";"0";"0";"0";"0";"0";"0";"0";"0";"0";"0";"0";"0";"0";"0";"0";"0";"0";"0";"0";"0";"0";"0";"0";"0";"0";"0";"0";"0";"0";"0";"0";"0";"0";"0";"0";"0";"0";"0";"0";"0";"0";"0";"0";"0";"0";"0";"0";"0";"0";"0";"0";"0";"0";"0";"0";"109";"2363133_109"
"main_coder";2363133;"Kabinet wil geen leeftijdselectie op intensive care, artsen houden vast aan draaiboek";"2021-01-05";"https://nos.nl/artikel/2363133-kabinet-wil-geen-leeftijdselectie-op-intensive-care-artsen-houden-vast-aan-draaiboek.html";"het kabinet";"Persoon";"NL - Nationale regering - executive / uitvoerende macht";"";"NvT";"0";"1";"19";"0";"0";"0";"0";"0";"0";"0";"0";"0";"0";"0";"0";"0";"0";"0";"0";"0";"0";"0";"0";"0";"0";"0";"0";"0";"0";"0";"0";"0";"0";"0";"0";"0";"0";"0";"0";"0";"0";"0";"0";"0";"0";"0";"0";"0";"0";"0";"0";"0";"0";"0";"0";"0";"0";"0";"0";"0";"0";"0";"0";"0";"0";"0";"0";"0";"0";"0";"0";"0";"0";"0";"0";"0";"110";"2363133_110"
"researcher";2363978;"Chinees vaccin is voor China ""kans om invloed in Afrika uit te breiden""";"2021-01-11";"https://nos.nl/artikel/2363978-chinees-vaccin-is-voor-china-kans-om-invloed-in-afrika-uit-te-breiden";"Akinyinka Akinyoade";"Persoon";"Wetenschappelijke/medische organisaties en onderzoekers";"";"";"1";"1";"52";"1";"0";"0";"0";"0";"0";"0";"0";"0";"0";"0";"0";"0";"0";"0";"0";"0";"0";"0";"0";"0";"0";"0";"0";"0";"0";"0";"0";"0";"0";"0";"0";"0";"0";"0";"0";"0";"0";"0";"0";"0";"0";"0";"0";"0";"0";"0";"0";"0";"0";"0";"0";"0";"0";"0";"0";"0";"0";"0";"0";"0";"0";"0";"0";"0";"1";"0";"0";"1";"0";"0";"0";"0";"111";"2363978_111"
"second_coder";2363978;"Chinees vaccin is voor China ""kans om invloed in Afrika uit te breiden""";"2021-01-11";"https://nos.nl/artikel/2363978-chinees-vaccin-is-voor-china-kans-om-invloed-in-afrika-uit-te-breiden";"Akinyinka Akinyoade";"Persoon";"Wetenschappelijke/medische organisaties en onderzoekers";"";"";"1";"1";"54";"1";"0";"0";"0";"0";"0";"0";"0";"0";"0";"0";"0";"0";"0";"0";"0";"0";"0";"0";"0";"0";"0";"0";"0";"0";"0";"0";"0";"0";"0";"0";"0";"0";"0";"0";"0";"0";"0";"0";"0";"0";"0";"0";"0";"0";"0";"0";"0";"0";"0";"0";"0";"0";"0";"0";"0";"0";"0";"0";"0";"0";"0";"0";"0";"0";"1";"0";"0";"1";"0";"0";"0";"0";"111";"2363978_111"
"main_coder";2363978;"Chinees vaccin is voor China ""kans om invloed in Afrika uit te breiden""";"2021-01-11";"https://nos.nl/artikel/2363978-chinees-vaccin-is-voor-china-kans-om-invloed-in-afrika-uit-te-breiden";"Akinyinka Akinyoade";"Persoon";"Wetenschappelijke/medische organisaties en onderzoekers";"";"";"1";"1";"52";"1";"0";"0";"0";"0";"0";"0";"0";"0";"0";"0";"0";"0";"0";"0";"0";"0";"0";"0";"0";"0";"0";"0";"0";"0";"0";"0";"0";"0";"0";"0";"0";"0";"0";"0";"0";"0";"0";"0";"0";"0";"0";"0";"0";"0";"0";"0";"0";"0";"0";"0";"0";"0";"0";"0";"0";"0";"0";"0";"0";"0";"0";"0";"0";"0";"1";"0";"0";"1";"0";"0";"0";"0";"111";"2363978_111"
"researcher";2363978;"Chinees vaccin is voor China ""kans om invloed in Afrika uit te breiden""";"2021-01-11";"https://nos.nl/artikel/2363978-chinees-vaccin-is-voor-china-kans-om-invloed-in-afrika-uit-te-breiden";"Elles van Gelder";"Persoon";"Journalisten anders dan de schrijver van het huidige artikel of nieuwsorganisaties anders dan de nieuwsorganisatie van het huidige artikel.";"";"";"1";"1";"71";"1";"0";"0";"0";"0";"0";"0";"0";"0";"0";"0";"0";"0";"0";"0";"0";"0";"0";"0";"0";"0";"0";"0";"0";"0";"0";"0";"0";"0";"0";"0";"0";"0";"0";"0";"0";"0";"0";"0";"0";"0";"0";"0";"0";"0";"0";"0";"0";"0";"0";"0";"0";"0";"0";"0";"0";"0";"0";"0";"0";"0";"0";"0";"0";"0";"1";"0";"0";"1";"0";"0";"0";"0";"112";"2363978_112"
"second_coder";2363978;"Chinees vaccin is voor China ""kans om invloed in Afrika uit te breiden""";"2021-01-11";"https://nos.nl/artikel/2363978-chinees-vaccin-is-voor-china-kans-om-invloed-in-afrika-uit-te-breiden";"Elles van Gelder";"Persoon";"Journalisten anders dan de schrijver van het huidige artikel of nieuwsorganisaties anders dan de nieuwsorganisatie van het huidige artikel.";"";"";"1";"1";"71";"1";"0";"0";"0";"0";"0";"0";"0";"0";"0";"0";"0";"0";"0";"0";"0";"0";"0";"0";"0";"0";"0";"0";"0";"0";"0";"0";"0";"0";"0";"0";"0";"0";"0";"0";"0";"0";"0";"0";"0";"0";"0";"0";"0";"0";"0";"0";"0";"0";"0";"0";"0";"0";"0";"0";"0";"0";"0";"0";"0";"0";"0";"0";"0";"0";"1";"0";"0";"1";"0";"0";"0";"0";"112";"2363978_112"
"main_coder";2363978;"Chinees vaccin is voor China ""kans om invloed in Afrika uit te breiden""";"2021-01-11";"https://nos.nl/artikel/2363978-chinees-vaccin-is-voor-china-kans-om-invloed-in-afrika-uit-te-breiden";"Elles van Gelder";"Persoon";"Journalisten anders dan de schrijver van het huidige artikel of nieuwsorganisaties anders dan de nieuwsorganisatie van het huidige artikel.";"";"";"1";"0";"57";"1";"0";"0";"0";"0";"0";"0";"0";"0";"0";"0";"0";"0";"0";"0";"0";"0";"0";"0";"0";"0";"0";"0";"0";"0";"0";"0";"0";"0";"0";"0";"0";"0";"0";"0";"0";"0";"0";"0";"0";"0";"0";"0";"0";"0";"0";"0";"0";"0";"0";"0";"0";"0";"0";"0";"0";"0";"0";"0";"0";"0";"0";"0";"0";"0";"1";"0";"0";"1";"0";"0";"0";"0";"112";"2363978_112"
"researcher";2363978;"Chinees vaccin is voor China ""kans om invloed in Afrika uit te breiden""";"2021-01-11";"https://nos.nl/artikel/2363978-chinees-vaccin-is-voor-china-kans-om-invloed-in-afrika-uit-te-breiden";"Frans-Paul van der Putten";"Persoon";"Openbare en semiopenbare instellingen";"";"";"1";"1";"113";"1";"0";"0";"0";"0";"0";"0";"0";"0";"0";"0";"0";"0";"0";"0";"0";"0";"0";"0";"0";"0";"0";"0";"0";"0";"0";"0";"0";"0";"0";"0";"0";"0";"0";"0";"0";"0";"0";"0";"0";"0";"0";"0";"0";"0";"0";"0";"0";"0";"0";"0";"0";"0";"0";"0";"0";"0";"0";"0";"0";"0";"0";"0";"0";"0";"1";"0";"0";"1";"0";"0";"0";"0";"113";"2363978_113"
"second_coder";2363978;"Chinees vaccin is voor China ""kans om invloed in Afrika uit te breiden""";"2021-01-11";"https://nos.nl/artikel/2363978-chinees-vaccin-is-voor-china-kans-om-invloed-in-afrika-uit-te-breiden";"Frans-Paul van der Putten";"Persoon";"Openbare en semiopenbare instellingen";"";"";"1";"1";"113";"1";"0";"0";"0";"0";"0";"0";"0";"0";"0";"0";"0";"0";"0";"0";"0";"0";"0";"0";"0";"0";"0";"0";"0";"0";"0";"0";"0";"0";"0";"0";"0";"0";"0";"0";"0";"0";"0";"0";"0";"0";"0";"0";"0";"0";"0";"0";"0";"0";"0";"0";"0";"0";"0";"0";"0";"0";"0";"0";"0";"0";"0";"0";"0";"0";"1";"0";"0";"1";"0";"0";"0";"0";"113";"2363978_113"
"main_coder";2363978;"Chinees vaccin is voor China ""kans om invloed in Afrika uit te breiden""";"2021-01-11";"https://nos.nl/artikel/2363978-chinees-vaccin-is-voor-china-kans-om-invloed-in-afrika-uit-te-breiden";"Frans-Paul van der Putten";"Persoon";"Wetenschappelijke/medische organisaties en onderzoekers";"";"";"1";"1";"85";"1";"0";"0";"0";"0";"0";"0";"0";"0";"0";"0";"0";"0";"0";"0";"0";"0";"0";"0";"0";"0";"0";"0";"0";"0";"0";"0";"0";"0";"0";"0";"0";"0";"0";"0";"0";"0";"0";"0";"0";"0";"0";"0";"0";"0";"0";"0";"0";"0";"0";"0";"0";"0";"0";"0";"0";"0";"0";"0";"0";"0";"0";"0";"0";"0";"1";"0";"0";"1";"0";"0";"0";"0";"113";"2363978_113"
"second_coder";2363978;"Chinees vaccin is voor China ""kans om invloed in Afrika uit te breiden""";"2021-01-11";"https://nos.nl/artikel/2363978-chinees-vaccin-is-voor-china-kans-om-invloed-in-afrika-uit-te-breiden";"Ramaphosa";"Persoon";"Regeringen/regeringsleiders/regeringsleden en/of andere politici in een ander land dan NL, op nationaal of lokaal niveau OF staatsorganisaties en hun ambtenaren";"";"";"0";"1";"25";"0";"0";"0";"0";"0";"0";"0";"0";"0";"0";"0";"0";"0";"0";"0";"0";"0";"0";"0";"0";"0";"0";"0";"0";"0";"0";"0";"0";"0";"0";"0";"0";"0";"0";"0";"0";"0";"0";"0";"0";"0";"0";"0";"0";"0";"0";"0";"0";"0";"0";"0";"0";"0";"0";"0";"0";"0";"0";"0";"0";"0";"0";"0";"0";"0";"0";"0";"0";"0";"0";"0";"0";"0";"114";"2363978_114"
"researcher";2363978;"Chinees vaccin is voor China ""kans om invloed in Afrika uit te breiden""";"2021-01-11";"https://nos.nl/artikel/2363978-chinees-vaccin-is-voor-china-kans-om-invloed-in-afrika-uit-te-breiden";"Sinopharm";"Organisatie";"Zakelijke organisaties en hun werknemers";"";"";"0";"1";"8";"1";"0";"0";"0";"0";"0";"0";"0";"0";"0";"0";"0";"0";"0";"0";"0";"0";"0";"0";"0";"0";"0";"0";"0";"0";"0";"0";"0";"0";"0";"0";"0";"0";"0";"0";"0";"0";"0";"0";"0";"0";"0";"0";"0";"0";"0";"0";"0";"0";"0";"0";"0";"0";"0";"0";"0";"0";"0";"0";"0";"0";"0";"0";"0";"0";"1";"0";"0";"1";"0";"0";"0";"0";"115";"2363978_115"
"second_coder";2363978;"Chinees vaccin is voor China ""kans om invloed in Afrika uit te breiden""";"2021-01-11";"https://nos.nl/artikel/2363978-chinees-vaccin-is-voor-china-kans-om-invloed-in-afrika-uit-te-breiden";"Sinopharm";"Organisatie";"Zakelijke organisaties en hun werknemers";"";"";"0";"1";"8";"1";"0";"0";"0";"0";"0";"0";"0";"0";"0";"0";"0";"0";"0";"0";"0";"0";"0";"0";"0";"0";"0";"0";"0";"0";"0";"0";"0";"0";"0";"0";"0";"0";"0";"0";"0";"0";"0";"0";"0";"0";"0";"0";"0";"0";"0";"0";"0";"0";"0";"0";"0";"0";"0";"0";"0";"0";"0";"0";"0";"0";"0";"0";"0";"0";"1";"0";"0";"1";"0";"0";"0";"0";"115";"2363978_115"
"main_coder";2363978;"Chinees vaccin is voor China ""kans om invloed in Afrika uit te breiden""";"2021-01-11";"https://nos.nl/artikel/2363978-chinees-vaccin-is-voor-china-kans-om-invloed-in-afrika-uit-te-breiden";"Sinopharm";"Organisatie";"Zakelijke organisaties en hun werknemers";"";"";"0";"1";"7";"1";"0";"0";"0";"0";"0";"0";"0";"0";"0";"0";"0";"0";"0";"0";"0";"0";"0";"0";"0";"0";"0";"0";"0";"0";"0";"0";"0";"0";"0";"0";"0";"0";"0";"0";"0";"0";"0";"0";"0";"0";"0";"0";"0";"0";"0";"0";"0";"0";"0";"0";"0";"0";"0";"0";"0";"0";"0";"0";"0";"0";"0";"0";"0";"0";"1";"0";"0";"1";"0";"0";"0";"0";"115";"2363978_115"
"researcher";2363978;"Chinees vaccin is voor China ""kans om invloed in Afrika uit te breiden""";"2021-01-11";"https://nos.nl/artikel/2363978-chinees-vaccin-is-voor-china-kans-om-invloed-in-afrika-uit-te-breiden";"de Verenigde Arabische Emiraten";"Geopolitieke entiteit";"Regeringen/regeringsleiders/regeringsleden en/of andere politici in een ander land dan NL, op nationaal of lokaal niveau OF staatsorganisaties en hun ambtenaren";"";"";"0";"1";"7";"1";"0";"0";"0";"0";"0";"0";"0";"0";"0";"0";"0";"0";"0";"0";"0";"0";"0";"0";"0";"0";"0";"0";"0";"0";"0";"0";"0";"0";"0";"0";"0";"0";"0";"0";"0";"0";"0";"0";"0";"0";"0";"0";"0";"0";"0";"0";"0";"0";"0";"0";"0";"0";"0";"0";"0";"0";"0";"0";"0";"0";"0";"0";"0";"0";"1";"0";"0";"1";"0";"0";"0";"0";"116";"2363978_116"
"second_coder";2363978;"Chinees vaccin is voor China ""kans om invloed in Afrika uit te breiden""";"2021-01-11";"https://nos.nl/artikel/2363978-chinees-vaccin-is-voor-china-kans-om-invloed-in-afrika-uit-te-breiden";"de Verenigde Arabische Emiraten";"Geopolitieke entiteit";"Landen die worden genoemd zonder enige functie zoals hierboven vermeld";"";"";"0";"1";"7";"0";"0";"0";"0";"0";"0";"0";"0";"0";"0";"0";"0";"0";"0";"0";"0";"0";"0";"0";"0";"0";"0";"0";"0";"0";"0";"0";"0";"0";"0";"0";"0";"0";"0";"0";"0";"0";"0";"0";"0";"0";"0";"0";"0";"0";"0";"0";"0";"0";"0";"0";"0";"0";"0";"0";"0";"0";"0";"0";"0";"0";"0";"0";"0";"0";"0";"0";"0";"0";"0";"0";"0";"0";"116";"2363978_116"
"main_coder";2363978;"Chinees vaccin is voor China ""kans om invloed in Afrika uit te breiden""";"2021-01-11";"https://nos.nl/artikel/2363978-chinees-vaccin-is-voor-china-kans-om-invloed-in-afrika-uit-te-breiden";"de Verenigde Arabische Emiraten";"Geopolitieke entiteit";"Regeringen/regeringsleiders/regeringsleden en/of andere politici in een ander land dan NL, op nationaal of lokaal niveau OF staatsorganisaties en hun ambtenaren";"";"";"0";"1";"7";"1";"0";"0";"0";"0";"0";"0";"0";"0";"0";"0";"0";"0";"0";"0";"0";"0";"0";"0";"0";"0";"0";"0";"0";"0";"0";"0";"0";"0";"0";"0";"0";"0";"0";"0";"0";"0";"0";"0";"0";"0";"0";"0";"0";"0";"0";"0";"0";"0";"0";"0";"0";"0";"0";"0";"0";"0";"0";"0";"0";"0";"0";"0";"0";"0";"1";"0";"0";"1";"0";"0";"0";"0";"116";"2363978_116"
"researcher";2365172;"Zuurstof en vaccins voor zwaar getroffen Braziliaanse stad Manaus";"2021-01-20";"https://nos.nl/artikel/2365172-zuurstof-en-vaccins-voor-zwaar-getroffen-braziliaanse-stad-manaus";"Bolsonaro";"Persoon";"Regeringen/regeringsleiders/regeringsleden en/of andere politici in een ander land dan NL, op nationaal of lokaal niveau OF staatsorganisaties en hun ambtenaren";"";"";"1";"0";"43";"0";"0";"0";"0";"0";"0";"0";"0";"0";"0";"0";"0";"0";"0";"0";"0";"0";"0";"0";"0";"0";"0";"0";"0";"0";"0";"0";"0";"0";"0";"0";"0";"0";"0";"0";"0";"0";"0";"0";"0";"0";"0";"0";"0";"0";"0";"0";"0";"0";"0";"0";"0";"0";"0";"0";"0";"0";"0";"0";"0";"0";"0";"0";"0";"0";"0";"0";"0";"0";"0";"0";"0";"0";"117";"2365172_117"
"second_coder";2365172;"Zuurstof en vaccins voor zwaar getroffen Braziliaanse stad Manaus";"2021-01-20";"https://nos.nl/artikel/2365172-zuurstof-en-vaccins-voor-zwaar-getroffen-braziliaanse-stad-manaus";"Bolsonaro";"Persoon";"Regeringen/regeringsleiders/regeringsleden en/of andere politici in een ander land dan NL, op nationaal of lokaal niveau OF staatsorganisaties en hun ambtenaren";"";"";"1";"0";"43";"0";"0";"0";"0";"0";"0";"0";"0";"0";"0";"0";"0";"0";"0";"0";"0";"0";"0";"0";"0";"0";"0";"0";"0";"0";"0";"0";"0";"0";"0";"0";"0";"0";"0";"0";"0";"0";"0";"0";"0";"0";"0";"0";"0";"0";"0";"0";"0";"0";"0";"0";"0";"0";"0";"0";"0";"0";"0";"0";"0";"0";"0";"0";"0";"0";"0";"0";"0";"0";"0";"0";"0";"0";"117";"2365172_117"
"main_coder";2365172;"Zuurstof en vaccins voor zwaar getroffen Braziliaanse stad Manaus";"2021-01-20";"https://nos.nl/artikel/2365172-zuurstof-en-vaccins-voor-zwaar-getroffen-braziliaanse-stad-manaus";"Bolsonaro";"Persoon";"Regeringen/regeringsleiders/regeringsleden en/of andere politici in een ander land dan NL, op nationaal of lokaal niveau OF staatsorganisaties en hun ambtenaren";"";"";"1";"0";"43";"0";"0";"0";"0";"0";"0";"0";"0";"0";"0";"0";"0";"0";"0";"0";"0";"0";"0";"0";"0";"0";"0";"0";"0";"0";"0";"0";"0";"0";"0";"0";"0";"0";"0";"0";"0";"0";"0";"0";"0";"0";"0";"0";"0";"0";"0";"0";"0";"0";"0";"0";"0";"0";"0";"0";"0";"0";"0";"0";"0";"0";"0";"0";"0";"0";"0";"0";"0";"0";"0";"0";"0";"0";"117";"2365172_117"
"main_coder";2365172;"Zuurstof en vaccins voor zwaar getroffen Braziliaanse stad Manaus";"2021-01-20";"https://nos.nl/artikel/2365172-zuurstof-en-vaccins-voor-zwaar-getroffen-braziliaanse-stad-manaus";"De minister van Volksgezondheid";"Persoon";"Regeringen/regeringsleiders/regeringsleden en/of andere politici in een ander land dan NL, op nationaal of lokaal niveau OF staatsorganisaties en hun ambtenaren";"";"";"0";"1";"14";"0";"0";"0";"0";"0";"0";"0";"0";"0";"0";"0";"0";"0";"0";"0";"0";"0";"0";"0";"0";"0";"0";"0";"0";"0";"0";"0";"0";"0";"0";"0";"0";"0";"0";"0";"0";"0";"0";"0";"0";"0";"0";"0";"0";"0";"0";"0";"0";"0";"0";"0";"0";"0";"0";"0";"0";"0";"0";"0";"0";"0";"0";"0";"0";"0";"0";"0";"0";"0";"0";"0";"0";"0";"118";"2365172_118"
"researcher";2365172;"Zuurstof en vaccins voor zwaar getroffen Braziliaanse stad Manaus";"2021-01-20";"https://nos.nl/artikel/2365172-zuurstof-en-vaccins-voor-zwaar-getroffen-braziliaanse-stad-manaus";"Virgílio Neto";"Persoon";"Regeringen/regeringsleiders/regeringsleden en/of andere politici in een ander land dan NL, op nationaal of lokaal niveau OF staatsorganisaties en hun ambtenaren";"";"";"1";"0";"32";"0";"0";"0";"0";"0";"0";"0";"0";"0";"0";"0";"0";"0";"0";"0";"0";"0";"0";"0";"0";"0";"0";"0";"0";"0";"0";"0";"0";"0";"0";"0";"0";"0";"0";"0";"0";"0";"0";"0";"0";"0";"0";"0";"0";"0";"0";"0";"0";"0";"0";"0";"0";"0";"0";"0";"0";"0";"0";"0";"0";"0";"0";"0";"0";"0";"0";"0";"0";"0";"0";"0";"0";"0";"119";"2365172_119"
"second_coder";2365172;"Zuurstof en vaccins voor zwaar getroffen Braziliaanse stad Manaus";"2021-01-20";"https://nos.nl/artikel/2365172-zuurstof-en-vaccins-voor-zwaar-getroffen-braziliaanse-stad-manaus";"Virgílio Neto";"Persoon";"Regeringen/regeringsleiders/regeringsleden en/of andere politici in een ander land dan NL, op nationaal of lokaal niveau OF staatsorganisaties en hun ambtenaren";"";"";"1";"0";"32";"0";"0";"0";"0";"0";"0";"0";"0";"0";"0";"0";"0";"0";"0";"0";"0";"0";"0";"0";"0";"0";"0";"0";"0";"0";"0";"0";"0";"0";"0";"0";"0";"0";"0";"0";"0";"0";"0";"0";"0";"0";"0";"0";"0";"0";"0";"0";"0";"0";"0";"0";"0";"0";"0";"0";"0";"0";"0";"0";"0";"0";"0";"0";"0";"0";"0";"0";"0";"0";"0";"0";"0";"0";"119";"2365172_119"
"main_coder";2365172;"Zuurstof en vaccins voor zwaar getroffen Braziliaanse stad Manaus";"2021-01-20";"https://nos.nl/artikel/2365172-zuurstof-en-vaccins-voor-zwaar-getroffen-braziliaanse-stad-manaus";"Virgílio Neto";"Persoon";"Regeringen/regeringsleiders/regeringsleden en/of andere politici in een ander land dan NL, op nationaal of lokaal niveau OF staatsorganisaties en hun ambtenaren";"";"";"1";"0";"32";"0";"0";"0";"0";"0";"0";"0";"0";"0";"0";"0";"0";"0";"0";"0";"0";"0";"0";"0";"0";"0";"0";"0";"0";"0";"0";"0";"0";"0";"0";"0";"0";"0";"0";"0";"0";"0";"0";"0";"0";"0";"0";"0";"0";"0";"0";"0";"0";"0";"0";"0";"0";"0";"0";"0";"0";"0";"0";"0";"0";"0";"0";"0";"0";"0";"0";"0";"0";"0";"0";"0";"0";"0";"119";"2365172_119"
"researcher";2365172;"Zuurstof en vaccins voor zwaar getroffen Braziliaanse stad Manaus";"2021-01-20";"https://nos.nl/artikel/2365172-zuurstof-en-vaccins-voor-zwaar-getroffen-braziliaanse-stad-manaus";"een inwoonster van Manaus";"Persoon";"Publiek en leden van het publiek, publieke opiniepeilingen en hun respondenten";"";"";"1";"0";"21";"0";"0";"0";"0";"0";"0";"0";"0";"0";"0";"0";"0";"0";"0";"0";"0";"0";"0";"0";"0";"0";"0";"0";"0";"0";"0";"0";"0";"0";"0";"0";"0";"0";"0";"0";"0";"0";"0";"0";"0";"0";"0";"0";"0";"0";"0";"0";"0";"0";"0";"0";"0";"0";"0";"0";"0";"0";"0";"0";"0";"0";"0";"0";"0";"0";"0";"0";"0";"0";"0";"0";"0";"0";"120";"2365172_120"
"second_coder";2365172;"Zuurstof en vaccins voor zwaar getroffen Braziliaanse stad Manaus";"2021-01-20";"https://nos.nl/artikel/2365172-zuurstof-en-vaccins-voor-zwaar-getroffen-braziliaanse-stad-manaus";"een inwoonster van Manaus";"Persoon";"Publiek en leden van het publiek, publieke opiniepeilingen en hun respondenten";"";"";"1";"0";"21";"0";"0";"0";"0";"0";"0";"0";"0";"0";"0";"0";"0";"0";"0";"0";"0";"0";"0";"0";"0";"0";"0";"0";"0";"0";"0";"0";"0";"0";"0";"0";"0";"0";"0";"0";"0";"0";"0";"0";"0";"0";"0";"0";"0";"0";"0";"0";"0";"0";"0";"0";"0";"0";"0";"0";"0";"0";"0";"0";"0";"0";"0";"0";"0";"0";"0";"0";"0";"0";"0";"0";"0";"0";"120";"2365172_120"
"main_coder";2365172;"Zuurstof en vaccins voor zwaar getroffen Braziliaanse stad Manaus";"2021-01-20";"https://nos.nl/artikel/2365172-zuurstof-en-vaccins-voor-zwaar-getroffen-braziliaanse-stad-manaus";"een inwoonster van Manaus";"Persoon";"Publiek en leden van het publiek, publieke opiniepeilingen en hun respondenten";"";"";"1";"0";"21";"0";"0";"0";"0";"0";"0";"0";"0";"0";"0";"0";"0";"0";"0";"0";"0";"0";"0";"0";"0";"0";"0";"0";"0";"0";"0";"0";"0";"0";"0";"0";"0";"0";"0";"0";"0";"0";"0";"0";"0";"0";"0";"0";"0";"0";"0";"0";"0";"0";"0";"0";"0";"0";"0";"0";"0";"0";"0";"0";"0";"0";"0";"0";"0";"0";"0";"0";"0";"0";"0";"0";"0";"0";"120";"2365172_120"
"main_coder";2365361;"Rutte: avondklok misschien iets later, maar niet na 21.00 uur";"2021-01-21";"https://nos.nl/artikel/2365361-rutte-avondklok-misschien-iets-later-maar-niet-na-21-00-uur";"De Kamer";"Organisatie";"NL - Nationaal parlement en nationale partijen – wetgevende macht";"";"NvT";"0";"1";"14";"0";"0";"0";"0";"0";"0";"0";"0";"0";"0";"0";"0";"0";"0";"0";"0";"0";"0";"0";"0";"0";"0";"0";"0";"0";"0";"0";"0";"0";"0";"0";"0";"0";"0";"0";"0";"0";"0";"0";"0";"0";"0";"0";"0";"0";"0";"0";"0";"0";"0";"0";"0";"0";"0";"0";"0";"0";"0";"0";"0";"0";"0";"0";"0";"0";"0";"0";"0";"0";"0";"0";"0";"0";"121";"2365361_121"
"researcher";2365361;"Rutte: avondklok misschien iets later, maar niet na 21.00 uur";"2021-01-21";"https://nos.nl/artikel/2365361-rutte-avondklok-misschien-iets-later-maar-niet-na-21-00-uur";"Grapperhaus";"Persoon";"NL - Nationale regering - executive / uitvoerende macht";"";"CDA";"0";"1";"39";"1";"0";"0";"0";"0";"0";"0";"0";"0";"0";"0";"0";"0";"0";"0";"0";"0";"1";"0";"0";"1";"0";"0";"0";"0";"0";"0";"0";"0";"0";"0";"0";"0";"0";"0";"0";"0";"0";"0";"0";"0";"0";"0";"0";"0";"0";"0";"0";"0";"0";"0";"0";"0";"0";"0";"0";"0";"0";"0";"0";"0";"0";"0";"0";"0";"0";"0";"0";"0";"0";"0";"0";"0";"122";"2365361_122"
"second_coder";2365361;"Rutte: avondklok misschien iets later, maar niet na 21.00 uur";"2021-01-21";"https://nos.nl/artikel/2365361-rutte-avondklok-misschien-iets-later-maar-niet-na-21-00-uur";"Grapperhaus";"Persoon";"NL - Nationale regering - executive / uitvoerende macht";"";"CDA";"0";"1";"48";"1";"0";"0";"0";"0";"0";"0";"0";"0";"0";"0";"0";"0";"0";"0";"0";"0";"1";"0";"0";"1";"0";"0";"0";"0";"0";"0";"0";"0";"0";"0";"0";"0";"0";"0";"0";"0";"0";"0";"0";"0";"0";"0";"0";"0";"0";"0";"0";"0";"0";"0";"0";"0";"0";"0";"0";"0";"0";"0";"0";"0";"0";"0";"0";"0";"0";"0";"0";"0";"0";"0";"0";"0";"122";"2365361_122"
"main_coder";2365361;"Rutte: avondklok misschien iets later, maar niet na 21.00 uur";"2021-01-21";"https://nos.nl/artikel/2365361-rutte-avondklok-misschien-iets-later-maar-niet-na-21-00-uur";"Grapperhaus";"Persoon";"NL - Nationale regering - executive / uitvoerende macht";"";"CDA";"0";"1";"39";"1";"0";"0";"0";"0";"0";"0";"0";"0";"0";"0";"0";"0";"0";"0";"0";"0";"1";"0";"0";"1";"0";"0";"0";"0";"0";"0";"0";"0";"0";"0";"0";"0";"0";"0";"0";"0";"0";"0";"0";"0";"0";"0";"0";"0";"0";"0";"0";"0";"0";"0";"0";"0";"0";"0";"0";"0";"0";"0";"0";"0";"0";"0";"0";"0";"0";"0";"0";"0";"0";"0";"0";"0";"122";"2365361_122"
"researcher";2365361;"Rutte: avondklok misschien iets later, maar niet na 21.00 uur";"2021-01-21";"https://nos.nl/artikel/2365361-rutte-avondklok-misschien-iets-later-maar-niet-na-21-00-uur";"Het kabinet";"Organisatie";"NL - Nationale regering - executive / uitvoerende macht";"";"NvT";"1";"1";"12";"1";"0";"0";"0";"0";"0";"0";"0";"0";"0";"0";"0";"0";"0";"0";"0";"0";"1";"0";"0";"1";"0";"0";"0";"0";"0";"0";"0";"0";"0";"0";"0";"0";"0";"0";"0";"0";"0";"0";"0";"0";"0";"0";"0";"0";"0";"0";"0";"0";"0";"0";"0";"0";"0";"0";"0";"0";"0";"0";"0";"0";"0";"0";"0";"0";"0";"0";"0";"0";"0";"0";"0";"0";"123";"2365361_123"
"second_coder";2365361;"Rutte: avondklok misschien iets later, maar niet na 21.00 uur";"2021-01-21";"https://nos.nl/artikel/2365361-rutte-avondklok-misschien-iets-later-maar-niet-na-21-00-uur";"Het kabinet";"Organisatie";"NL - Nationale regering - executive / uitvoerende macht";"";"NvT";"1";"1";"29";"1";"0";"0";"0";"0";"0";"0";"0";"0";"0";"0";"0";"0";"0";"0";"0";"0";"1";"0";"0";"1";"0";"0";"0";"0";"0";"0";"0";"0";"0";"0";"0";"0";"0";"0";"0";"0";"0";"0";"0";"0";"0";"0";"0";"0";"0";"0";"0";"0";"0";"0";"0";"0";"0";"0";"0";"0";"0";"0";"0";"0";"0";"0";"0";"0";"0";"0";"0";"0";"0";"0";"0";"0";"123";"2365361_123"
"main_coder";2365361;"Rutte: avondklok misschien iets later, maar niet na 21.00 uur";"2021-01-21";"https://nos.nl/artikel/2365361-rutte-avondklok-misschien-iets-later-maar-niet-na-21-00-uur";"Het kabinet";"Organisatie";"NL - Nationale regering - executive / uitvoerende macht";"";"NvT";"1";"1";"12";"1";"0";"0";"0";"0";"0";"0";"0";"0";"0";"0";"0";"0";"0";"0";"0";"0";"1";"0";"0";"1";"0";"0";"0";"0";"0";"0";"0";"0";"0";"0";"0";"0";"0";"0";"0";"0";"0";"0";"0";"0";"0";"0";"0";"0";"0";"0";"0";"0";"0";"0";"0";"0";"0";"0";"0";"0";"0";"0";"0";"0";"0";"0";"0";"0";"0";"0";"0";"0";"0";"0";"0";"0";"123";"2365361_123"
"researcher";2365361;"Rutte: avondklok misschien iets later, maar niet na 21.00 uur";"2021-01-21";"https://nos.nl/artikel/2365361-rutte-avondklok-misschien-iets-later-maar-niet-na-21-00-uur";"Jetten";"Persoon";"NL - Nationaal parlement en nationale partijen – wetgevende macht";"";"D66";"0";"1";"16";"1";"1";"0";"0";"1";"0";"0";"0";"0";"0";"0";"0";"0";"0";"0";"0";"0";"1";"0";"0";"1";"0";"0";"0";"0";"0";"0";"0";"0";"0";"0";"0";"0";"0";"0";"0";"0";"0";"0";"0";"0";"0";"0";"0";"0";"0";"0";"0";"0";"0";"0";"0";"0";"0";"0";"0";"0";"0";"0";"0";"0";"0";"0";"0";"0";"0";"0";"0";"0";"0";"0";"0";"0";"124";"2365361_124"
"second_coder";2365361;"Rutte: avondklok misschien iets later, maar niet na 21.00 uur";"2021-01-21";"https://nos.nl/artikel/2365361-rutte-avondklok-misschien-iets-later-maar-niet-na-21-00-uur";"Jetten";"Persoon";"NL - Nationaal parlement en nationale partijen – wetgevende macht";"";"D66";"0";"1";"16";"1";"1";"0";"0";"1";"0";"0";"0";"0";"0";"0";"0";"0";"0";"0";"0";"0";"1";"0";"0";"1";"0";"0";"0";"0";"0";"0";"0";"0";"0";"0";"0";"0";"0";"0";"0";"0";"0";"0";"0";"0";"0";"0";"0";"0";"0";"0";"0";"0";"0";"0";"0";"0";"0";"0";"0";"0";"0";"0";"0";"0";"0";"0";"0";"0";"0";"0";"0";"0";"0";"0";"0";"0";"124";"2365361_124"
"main_coder";2365361;"Rutte: avondklok misschien iets later, maar niet na 21.00 uur";"2021-01-21";"https://nos.nl/artikel/2365361-rutte-avondklok-misschien-iets-later-maar-niet-na-21-00-uur";"Jetten";"Persoon";"NL - Nationaal parlement en nationale partijen – wetgevende macht";"";"D66";"0";"1";"12";"1";"0";"0";"0";"0";"0";"0";"0";"0";"0";"0";"0";"0";"0";"0";"0";"0";"1";"0";"0";"1";"0";"0";"0";"0";"0";"0";"0";"0";"0";"0";"0";"0";"0";"0";"0";"0";"0";"0";"0";"0";"0";"0";"0";"0";"0";"0";"0";"0";"0";"0";"0";"0";"0";"0";"0";"0";"0";"0";"0";"0";"0";"0";"0";"0";"0";"0";"0";"0";"0";"0";"0";"0";"124";"2365361_124"
"researcher";2365361;"Rutte: avondklok misschien iets later, maar niet na 21.00 uur";"2021-01-21";"https://nos.nl/artikel/2365361-rutte-avondklok-misschien-iets-later-maar-niet-na-21-00-uur";"Rutte";"Persoon";"NL - Nationale regering - executive / uitvoerende macht";"";"VVD";"1";"1";"145";"1";"0";"0";"0";"0";"0";"0";"0";"0";"0";"0";"0";"0";"0";"0";"0";"0";"1";"1";"1";"0";"0";"0";"0";"0";"0";"0";"0";"0";"0";"0";"0";"0";"0";"0";"0";"0";"0";"0";"0";"0";"0";"0";"0";"0";"0";"0";"0";"0";"0";"0";"0";"0";"0";"0";"0";"0";"0";"0";"0";"0";"0";"0";"0";"0";"0";"0";"0";"0";"0";"0";"0";"0";"125";"2365361_125"
"second_coder";2365361;"Rutte: avondklok misschien iets later, maar niet na 21.00 uur";"2021-01-21";"https://nos.nl/artikel/2365361-rutte-avondklok-misschien-iets-later-maar-niet-na-21-00-uur";"Rutte";"Persoon";"NL - Nationale regering - executive / uitvoerende macht";"";"VVD";"1";"1";"145";"1";"0";"0";"0";"0";"0";"0";"0";"0";"0";"0";"0";"0";"0";"0";"0";"0";"1";"1";"1";"0";"0";"0";"0";"0";"0";"0";"0";"0";"0";"0";"0";"0";"0";"0";"0";"0";"0";"0";"0";"0";"0";"0";"0";"0";"0";"0";"0";"0";"0";"0";"0";"0";"0";"0";"0";"0";"0";"0";"0";"0";"0";"0";"0";"0";"0";"0";"0";"0";"0";"0";"0";"0";"125";"2365361_125"
"main_coder";2365361;"Rutte: avondklok misschien iets later, maar niet na 21.00 uur";"2021-01-21";"https://nos.nl/artikel/2365361-rutte-avondklok-misschien-iets-later-maar-niet-na-21-00-uur";"Rutte";"Persoon";"NL - Nationale regering - executive / uitvoerende macht";"";"VVD";"1";"1";"104";"1";"0";"0";"0";"0";"1";"1";"0";"0";"0";"0";"0";"0";"0";"0";"0";"0";"1";"1";"1";"0";"0";"0";"0";"0";"0";"0";"0";"0";"0";"0";"0";"0";"0";"0";"0";"0";"0";"0";"0";"0";"0";"0";"0";"0";"0";"0";"0";"0";"0";"0";"0";"0";"0";"0";"0";"0";"0";"0";"0";"0";"0";"0";"0";"0";"0";"0";"0";"0";"0";"0";"0";"0";"125";"2365361_125"
"researcher";2365361;"Rutte: avondklok misschien iets later, maar niet na 21.00 uur";"2021-01-21";"https://nos.nl/artikel/2365361-rutte-avondklok-misschien-iets-later-maar-niet-na-21-00-uur";"Wilders";"Persoon";"NL - Nationaal parlement en nationale partijen – wetgevende macht";"";"PVV";"1";"1";"33";"1";"0";"0";"0";"0";"0";"0";"0";"0";"0";"0";"0";"0";"0";"0";"0";"0";"1";"0";"1";"0";"0";"0";"0";"0";"0";"0";"0";"0";"0";"0";"0";"0";"0";"0";"0";"0";"0";"0";"0";"0";"0";"0";"0";"0";"0";"0";"0";"0";"0";"0";"0";"0";"0";"0";"0";"0";"0";"0";"0";"0";"0";"0";"0";"0";"0";"0";"0";"0";"0";"0";"0";"0";"126";"2365361_126"
"second_coder";2365361;"Rutte: avondklok misschien iets later, maar niet na 21.00 uur";"2021-01-21";"https://nos.nl/artikel/2365361-rutte-avondklok-misschien-iets-later-maar-niet-na-21-00-uur";"Wilders";"Persoon";"NL - Nationaal parlement en nationale partijen – wetgevende macht";"";"PVV";"1";"1";"33";"1";"1";"0";"0";"1";"0";"0";"0";"0";"0";"0";"0";"0";"0";"0";"0";"0";"1";"0";"1";"0";"0";"0";"0";"0";"0";"0";"0";"0";"0";"0";"0";"0";"0";"0";"0";"0";"0";"0";"0";"0";"0";"0";"0";"0";"0";"0";"0";"0";"0";"0";"0";"0";"0";"0";"0";"0";"0";"0";"0";"0";"0";"0";"0";"0";"0";"0";"0";"0";"0";"0";"0";"0";"126";"2365361_126"
"main_coder";2365361;"Rutte: avondklok misschien iets later, maar niet na 21.00 uur";"2021-01-21";"https://nos.nl/artikel/2365361-rutte-avondklok-misschien-iets-later-maar-niet-na-21-00-uur";"Wilders";"Persoon";"NL - Nationaal parlement en nationale partijen – wetgevende macht";"";"PVV";"1";"1";"25";"1";"0";"0";"0";"0";"0";"0";"0";"0";"0";"0";"0";"0";"0";"0";"0";"0";"1";"0";"1";"0";"0";"0";"0";"0";"0";"0";"0";"0";"0";"0";"0";"0";"0";"0";"0";"0";"0";"0";"0";"0";"0";"0";"0";"0";"0";"0";"0";"0";"0";"0";"0";"0";"0";"0";"0";"0";"0";"0";"0";"0";"0";"0";"0";"0";"0";"0";"0";"0";"0";"0";"0";"0";"126";"2365361_126"
"main_coder";2365361;"Rutte: avondklok misschien iets later, maar niet na 21.00 uur";"2021-01-21";"https://nos.nl/artikel/2365361-rutte-avondklok-misschien-iets-later-maar-niet-na-21-00-uur";"veel Kamerleden";"Persoon";"NL - Nationale regering - executive / uitvoerende macht";"";"NvT";"0";"1";"7";"1";"0";"0";"0";"0";"0";"0";"0";"0";"0";"0";"0";"0";"0";"0";"0";"0";"1";"0";"0";"1";"0";"0";"0";"0";"0";"0";"0";"0";"0";"0";"0";"0";"0";"0";"0";"0";"0";"0";"0";"0";"0";"0";"0";"0";"0";"0";"0";"0";"0";"0";"0";"0";"0";"0";"0";"0";"0";"0";"0";"0";"0";"0";"0";"0";"0";"0";"0";"0";"0";"0";"0";"0";"127";"2365361_127"
"researcher";2365392;"7,6 miljard euro voor verruiming steunpakket voor ondernemers";"2021-01-21";"https://nos.nl/artikel/2365392-7-6-miljard-euro-voor-verruiming-steunpakket-voor-ondernemers";"";"";"";"";"";"0";"0";"";"";"0";"0";"0";"0";"0";"0";"0";"0";"0";"0";"0";"0";"0";"0";"0";"0";"0";"0";"0";"0";"0";"0";"0";"0";"0";"0";"0";"0";"0";"0";"0";"0";"0";"0";"0";"0";"0";"0";"0";"0";"0";"0";"0";"0";"0";"0";"0";"0";"0";"0";"0";"0";"0";"0";"0";"0";"0";"0";"0";"0";"0";"0";"0";"0";"0";"0";"0";"0";"0";"0";"0";"0";"0";"2365392_0"
"second_coder";2365392;"7,6 miljard euro voor verruiming steunpakket voor ondernemers";"2021-01-21";"https://nos.nl/artikel/2365392-7-6-miljard-euro-voor-verruiming-steunpakket-voor-ondernemers";"";"";"";"";"";"0";"0";"";"";"0";"0";"0";"0";"0";"0";"0";"0";"0";"0";"0";"0";"0";"0";"0";"0";"0";"0";"0";"0";"0";"0";"0";"0";"0";"0";"0";"0";"0";"0";"0";"0";"0";"0";"0";"0";"0";"0";"0";"0";"0";"0";"0";"0";"0";"0";"0";"0";"0";"0";"0";"0";"0";"0";"0";"0";"0";"0";"0";"0";"0";"0";"0";"0";"0";"0";"0";"0";"0";"0";"0";"0";"0";"2365392_0"
"main_coder";2365392;"7,6 miljard euro voor verruiming steunpakket voor ondernemers";"2021-01-21";"https://nos.nl/artikel/2365392-7-6-miljard-euro-voor-verruiming-steunpakket-voor-ondernemers";"";"";"";"";"";"0";"0";"";"";"0";"0";"0";"0";"0";"0";"0";"0";"0";"0";"0";"0";"0";"0";"0";"0";"0";"0";"0";"0";"0";"0";"0";"0";"0";"0";"0";"0";"0";"0";"0";"0";"0";"0";"0";"0";"0";"0";"0";"0";"0";"0";"0";"0";"0";"0";"0";"0";"0";"0";"0";"0";"0";"0";"0";"0";"0";"0";"0";"0";"0";"0";"0";"0";"0";"0";"0";"0";"0";"0";"0";"0";"0";"2365392_0"
"researcher";2365836;"190 aanhoudingen bij protest Amsterdam, ambtswoning Halsema extra beveiligd";"2021-01-24";"https://nos.nl/artikel/2365836-190-aanhoudingen-bij-protest-amsterdam-ambtswoning-halsema-extra-beveiligd";"De politie";"Organisatie";"NL - Nationale staatsorganisaties en hun ambtenaren";"";"";"0";"1";"6";"0";"0";"0";"0";"0";"0";"0";"0";"0";"0";"0";"0";"0";"0";"0";"0";"0";"0";"0";"0";"0";"0";"0";"0";"0";"0";"0";"0";"0";"0";"0";"0";"0";"0";"0";"0";"0";"0";"0";"0";"0";"0";"0";"0";"0";"0";"0";"0";"0";"0";"0";"0";"0";"0";"0";"0";"0";"0";"0";"0";"0";"0";"0";"0";"0";"0";"0";"0";"0";"0";"0";"0";"0";"128";"2365836_128"
"second_coder";2365836;"190 aanhoudingen bij protest Amsterdam, ambtswoning Halsema extra beveiligd";"2021-01-24";"https://nos.nl/artikel/2365836-190-aanhoudingen-bij-protest-amsterdam-ambtswoning-halsema-extra-beveiligd";"De politie";"Organisatie";"Andere functie:";"Politie";"";"0";"1";"7";"0";"0";"0";"0";"0";"0";"0";"0";"0";"0";"0";"0";"0";"0";"0";"0";"0";"0";"0";"0";"0";"0";"0";"0";"0";"0";"0";"0";"0";"0";"0";"0";"0";"0";"0";"0";"0";"0";"0";"0";"0";"0";"0";"0";"0";"0";"0";"0";"0";"0";"0";"0";"0";"0";"0";"0";"0";"0";"0";"0";"0";"0";"0";"0";"0";"0";"0";"0";"0";"0";"0";"0";"0";"128";"2365836_128"
"main_coder";2365836;"190 aanhoudingen bij protest Amsterdam, ambtswoning Halsema extra beveiligd";"2021-01-24";"https://nos.nl/artikel/2365836-190-aanhoudingen-bij-protest-amsterdam-ambtswoning-halsema-extra-beveiligd";"De politie";"Organisatie";"NL - Nationale staatsorganisaties en hun ambtenaren";"";"";"0";"1";"6";"0";"0";"0";"0";"0";"0";"0";"0";"0";"0";"0";"0";"0";"0";"0";"0";"0";"0";"0";"0";"0";"0";"0";"0";"0";"0";"0";"0";"0";"0";"0";"0";"0";"0";"0";"0";"0";"0";"0";"0";"0";"0";"0";"0";"0";"0";"0";"0";"0";"0";"0";"0";"0";"0";"0";"0";"0";"0";"0";"0";"0";"0";"0";"0";"0";"0";"0";"0";"0";"0";"0";"0";"0";"128";"2365836_128"
"main_coder";2365836;"190 aanhoudingen bij protest Amsterdam, ambtswoning Halsema extra beveiligd";"2021-01-24";"https://nos.nl/artikel/2365836-190-aanhoudingen-bij-protest-amsterdam-ambtswoning-halsema-extra-beveiligd";"Een van de initiatiefnemers";"Persoon";"Publiek en leden van het publiek, publieke opiniepeilingen en hun respondenten";"";"";"1";"0";"1";"0";"0";"0";"0";"0";"0";"0";"0";"0";"0";"0";"0";"0";"0";"0";"0";"0";"0";"0";"0";"0";"0";"0";"0";"0";"0";"0";"0";"0";"0";"0";"0";"0";"0";"0";"0";"0";"0";"0";"0";"0";"0";"0";"0";"0";"0";"0";"0";"0";"0";"0";"0";"0";"0";"0";"0";"0";"0";"0";"0";"0";"0";"0";"0";"0";"0";"0";"0";"0";"0";"0";"0";"0";"129";"2365836_129"
"researcher";2365836;"190 aanhoudingen bij protest Amsterdam, ambtswoning Halsema extra beveiligd";"2021-01-24";"https://nos.nl/artikel/2365836-190-aanhoudingen-bij-protest-amsterdam-ambtswoning-halsema-extra-beveiligd";"de gemeente";"Organisatie";"NL - Nationale regionale en lokale politieke organisaties en hun ambtenaren";"";"NvT";"1";"0";"44";"0";"0";"0";"0";"0";"0";"0";"0";"0";"0";"0";"0";"0";"0";"0";"0";"0";"0";"0";"0";"0";"0";"0";"0";"0";"0";"0";"0";"0";"0";"0";"0";"0";"0";"0";"0";"0";"0";"0";"0";"0";"0";"0";"0";"0";"0";"0";"0";"0";"0";"0";"0";"0";"0";"0";"0";"0";"0";"0";"0";"0";"0";"0";"0";"0";"0";"0";"0";"0";"0";"0";"0";"0";"130";"2365836_130"
"second_coder";2365836;"190 aanhoudingen bij protest Amsterdam, ambtswoning Halsema extra beveiligd";"2021-01-24";"https://nos.nl/artikel/2365836-190-aanhoudingen-bij-protest-amsterdam-ambtswoning-halsema-extra-beveiligd";"de gemeente";"Organisatie";"NL - Nationale regionale en lokale politieke organisaties en hun ambtenaren";"";"NvT";"1";"0";"44";"0";"0";"0";"0";"0";"0";"0";"0";"0";"0";"0";"0";"0";"0";"0";"0";"0";"0";"0";"0";"0";"0";"0";"0";"0";"0";"0";"0";"0";"0";"0";"0";"0";"0";"0";"0";"0";"0";"0";"0";"0";"0";"0";"0";"0";"0";"0";"0";"0";"0";"0";"0";"0";"0";"0";"0";"0";"0";"0";"0";"0";"0";"0";"0";"0";"0";"0";"0";"0";"0";"0";"0";"0";"130";"2365836_130"
"main_coder";2365836;"190 aanhoudingen bij protest Amsterdam, ambtswoning Halsema extra beveiligd";"2021-01-24";"https://nos.nl/artikel/2365836-190-aanhoudingen-bij-protest-amsterdam-ambtswoning-halsema-extra-beveiligd";"de gemeente";"Organisatie";"NL - Nationale regionale en lokale politieke organisaties en hun ambtenaren";"";"NvT";"1";"0";"44";"0";"0";"0";"0";"0";"0";"0";"0";"0";"0";"0";"0";"0";"0";"0";"0";"0";"0";"0";"0";"0";"0";"0";"0";"0";"0";"0";"0";"0";"0";"0";"0";"0";"0";"0";"0";"0";"0";"0";"0";"0";"0";"0";"0";"0";"0";"0";"0";"0";"0";"0";"0";"0";"0";"0";"0";"0";"0";"0";"0";"0";"0";"0";"0";"0";"0";"0";"0";"0";"0";"0";"0";"0";"130";"2365836_130"
"researcher";2365867;"""Op dit soort momenten schaam ik me om Urker te zijn""";"2021-01-24";"https://nos.nl/artikel/2365867-op-dit-soort-momenten-schaam-ik-me-om-urker-te-zijn";"Cees van den Bos";"Persoon";"NL - Nationale regionale en lokale politieke organisaties en hun ambtenaren";"";"SGP";"1";"1";"63";"0";"0";"0";"0";"0";"0";"0";"0";"0";"0";"0";"0";"0";"0";"0";"0";"0";"0";"0";"0";"0";"0";"0";"0";"0";"0";"0";"0";"0";"0";"0";"0";"0";"0";"0";"0";"0";"0";"0";"0";"0";"0";"0";"0";"0";"0";"0";"0";"0";"0";"0";"0";"0";"0";"0";"0";"0";"0";"0";"0";"0";"0";"0";"0";"0";"0";"0";"0";"0";"0";"0";"0";"0";"131";"2365867_131"
"second_coder";2365867;"""Op dit soort momenten schaam ik me om Urker te zijn""";"2021-01-24";"https://nos.nl/artikel/2365867-op-dit-soort-momenten-schaam-ik-me-om-urker-te-zijn";"Cees van den Bos";"Persoon";"NL - Nationale regionale en lokale politieke organisaties en hun ambtenaren";"";"SGP";"1";"0";"54";"0";"0";"0";"0";"0";"0";"0";"0";"0";"0";"0";"0";"0";"0";"0";"0";"0";"0";"0";"0";"0";"0";"0";"0";"0";"0";"0";"0";"0";"0";"0";"0";"0";"0";"0";"0";"0";"0";"0";"0";"0";"0";"0";"0";"0";"0";"0";"0";"0";"0";"0";"0";"0";"0";"0";"0";"0";"0";"0";"0";"0";"0";"0";"0";"0";"0";"0";"0";"0";"0";"0";"0";"0";"131";"2365867_131"
"main_coder";2365867;"""Op dit soort momenten schaam ik me om Urker te zijn""";"2021-01-24";"https://nos.nl/artikel/2365867-op-dit-soort-momenten-schaam-ik-me-om-urker-te-zijn";"Cees van den Bos";"Persoon";"NL - Nationale regionale en lokale politieke organisaties en hun ambtenaren";"";"SGP";"1";"1";"63";"0";"0";"0";"0";"0";"0";"0";"0";"0";"0";"0";"0";"0";"0";"0";"0";"0";"0";"0";"0";"0";"0";"0";"0";"0";"0";"0";"0";"0";"0";"0";"0";"0";"0";"0";"0";"0";"0";"0";"0";"0";"0";"0";"0";"0";"0";"0";"0";"0";"0";"0";"0";"0";"0";"0";"0";"0";"0";"0";"0";"0";"0";"0";"0";"0";"0";"0";"0";"0";"0";"0";"0";"0";"131";"2365867_131"
"researcher";2365867;"""Op dit soort momenten schaam ik me om Urker te zijn""";"2021-01-24";"https://nos.nl/artikel/2365867-op-dit-soort-momenten-schaam-ik-me-om-urker-te-zijn";"De inwoners die de NOS sprak";"Persoon";"Publiek en leden van het publiek, publieke opiniepeilingen en hun respondenten";"";"";"0";"1";"7";"0";"0";"0";"0";"0";"0";"0";"0";"0";"0";"0";"0";"0";"0";"0";"0";"0";"0";"0";"0";"0";"0";"0";"0";"0";"0";"0";"0";"0";"0";"0";"0";"0";"0";"0";"0";"0";"0";"0";"0";"0";"0";"0";"0";"0";"0";"0";"0";"0";"0";"0";"0";"0";"0";"0";"0";"0";"0";"0";"0";"0";"0";"0";"0";"0";"0";"0";"0";"0";"0";"0";"0";"0";"132";"2365867_132"
"second_coder";2365867;"""Op dit soort momenten schaam ik me om Urker te zijn""";"2021-01-24";"https://nos.nl/artikel/2365867-op-dit-soort-momenten-schaam-ik-me-om-urker-te-zijn";"De inwoners die de NOS sprak";"Persoon";"Publiek en leden van het publiek, publieke opiniepeilingen en hun respondenten";"";"";"0";"1";"8";"0";"0";"0";"0";"0";"0";"0";"0";"0";"0";"0";"0";"0";"0";"0";"0";"0";"0";"0";"0";"0";"0";"0";"0";"0";"0";"0";"0";"0";"0";"0";"0";"0";"0";"0";"0";"0";"0";"0";"0";"0";"0";"0";"0";"0";"0";"0";"0";"0";"0";"0";"0";"0";"0";"0";"0";"0";"0";"0";"0";"0";"0";"0";"0";"0";"0";"0";"0";"0";"0";"0";"0";"0";"132";"2365867_132"
"main_coder";2365867;"""Op dit soort momenten schaam ik me om Urker te zijn""";"2021-01-24";"https://nos.nl/artikel/2365867-op-dit-soort-momenten-schaam-ik-me-om-urker-te-zijn";"De inwoners die de NOS sprak";"Persoon";"Publiek en leden van het publiek, publieke opiniepeilingen en hun respondenten";"";"";"0";"1";"7";"0";"0";"0";"0";"0";"0";"0";"0";"0";"0";"0";"0";"0";"0";"0";"0";"0";"0";"0";"0";"0";"0";"0";"0";"0";"0";"0";"0";"0";"0";"0";"0";"0";"0";"0";"0";"0";"0";"0";"0";"0";"0";"0";"0";"0";"0";"0";"0";"0";"0";"0";"0";"0";"0";"0";"0";"0";"0";"0";"0";"0";"0";"0";"0";"0";"0";"0";"0";"0";"0";"0";"0";"0";"132";"2365867_132"
"researcher";2365867;"""Op dit soort momenten schaam ik me om Urker te zijn""";"2021-01-24";"https://nos.nl/artikel/2365867-op-dit-soort-momenten-schaam-ik-me-om-urker-te-zijn";"Een Urker die liever anoniem wil blijven";"Persoon";"Publiek en leden van het publiek, publieke opiniepeilingen en hun respondenten";"";"";"1";"1";"160";"0";"0";"0";"0";"0";"0";"0";"0";"0";"0";"0";"0";"0";"0";"0";"0";"0";"0";"0";"0";"0";"0";"0";"0";"0";"0";"0";"0";"0";"0";"0";"0";"0";"0";"0";"0";"0";"0";"0";"0";"0";"0";"0";"0";"0";"0";"0";"0";"0";"0";"0";"0";"0";"0";"0";"0";"0";"0";"0";"0";"0";"0";"0";"0";"0";"0";"0";"0";"0";"0";"0";"0";"0";"133";"2365867_133"
"second_coder";2365867;"""Op dit soort momenten schaam ik me om Urker te zijn""";"2021-01-24";"https://nos.nl/artikel/2365867-op-dit-soort-momenten-schaam-ik-me-om-urker-te-zijn";"Een Urker die liever anoniem wil blijven";"Persoon";"Publiek en leden van het publiek, publieke opiniepeilingen en hun respondenten";"";"";"1";"1";"160";"0";"0";"0";"0";"0";"0";"0";"0";"0";"0";"0";"0";"0";"0";"0";"0";"0";"0";"0";"0";"0";"0";"0";"0";"0";"0";"0";"0";"0";"0";"0";"0";"0";"0";"0";"0";"0";"0";"0";"0";"0";"0";"0";"0";"0";"0";"0";"0";"0";"0";"0";"0";"0";"0";"0";"0";"0";"0";"0";"0";"0";"0";"0";"0";"0";"0";"0";"0";"0";"0";"0";"0";"0";"133";"2365867_133"
"main_coder";2365867;"""Op dit soort momenten schaam ik me om Urker te zijn""";"2021-01-24";"https://nos.nl/artikel/2365867-op-dit-soort-momenten-schaam-ik-me-om-urker-te-zijn";"Een Urker die liever anoniem wil blijven";"Persoon";"Publiek en leden van het publiek, publieke opiniepeilingen en hun respondenten";"";"";"1";"1";"124";"0";"0";"0";"0";"0";"0";"0";"0";"0";"0";"0";"0";"0";"0";"0";"0";"0";"0";"0";"0";"0";"0";"0";"0";"0";"0";"0";"0";"0";"0";"0";"0";"0";"0";"0";"0";"0";"0";"0";"0";"0";"0";"0";"0";"0";"0";"0";"0";"0";"0";"0";"0";"0";"0";"0";"0";"0";"0";"0";"0";"0";"0";"0";"0";"0";"0";"0";"0";"0";"0";"0";"0";"0";"133";"2365867_133"
"researcher";2365867;"""Op dit soort momenten schaam ik me om Urker te zijn""";"2021-01-24";"https://nos.nl/artikel/2365867-op-dit-soort-momenten-schaam-ik-me-om-urker-te-zijn";"Een inwoner";"Persoon";"Publiek en leden van het publiek, publieke opiniepeilingen en hun respondenten";"";"";"1";"0";"33";"0";"0";"0";"0";"0";"0";"0";"0";"0";"0";"0";"0";"0";"0";"0";"0";"0";"0";"0";"0";"0";"0";"0";"0";"0";"0";"0";"0";"0";"0";"0";"0";"0";"0";"0";"0";"0";"0";"0";"0";"0";"0";"0";"0";"0";"0";"0";"0";"0";"0";"0";"0";"0";"0";"0";"0";"0";"0";"0";"0";"0";"0";"0";"0";"0";"0";"0";"0";"0";"0";"0";"0";"0";"134";"2365867_134"
"second_coder";2365867;"""Op dit soort momenten schaam ik me om Urker te zijn""";"2021-01-24";"https://nos.nl/artikel/2365867-op-dit-soort-momenten-schaam-ik-me-om-urker-te-zijn";"Een inwoner";"Persoon";"Publiek en leden van het publiek, publieke opiniepeilingen en hun respondenten";"";"";"1";"0";"33";"0";"0";"0";"0";"0";"0";"0";"0";"0";"0";"0";"0";"0";"0";"0";"0";"0";"0";"0";"0";"0";"0";"0";"0";"0";"0";"0";"0";"0";"0";"0";"0";"0";"0";"0";"0";"0";"0";"0";"0";"0";"0";"0";"0";"0";"0";"0";"0";"0";"0";"0";"0";"0";"0";"0";"0";"0";"0";"0";"0";"0";"0";"0";"0";"0";"0";"0";"0";"0";"0";"0";"0";"0";"134";"2365867_134"
"main_coder";2365867;"""Op dit soort momenten schaam ik me om Urker te zijn""";"2021-01-24";"https://nos.nl/artikel/2365867-op-dit-soort-momenten-schaam-ik-me-om-urker-te-zijn";"Een inwoner";"Persoon";"Publiek en leden van het publiek, publieke opiniepeilingen en hun respondenten";"";"";"1";"0";"33";"0";"0";"0";"0";"0";"0";"0";"0";"0";"0";"0";"0";"0";"0";"0";"0";"0";"0";"0";"0";"0";"0";"0";"0";"0";"0";"0";"0";"0";"0";"0";"0";"0";"0";"0";"0";"0";"0";"0";"0";"0";"0";"0";"0";"0";"0";"0";"0";"0";"0";"0";"0";"0";"0";"0";"0";"0";"0";"0";"0";"0";"0";"0";"0";"0";"0";"0";"0";"0";"0";"0";"0";"0";"134";"2365867_134"
"researcher";2365867;"""Op dit soort momenten schaam ik me om Urker te zijn""";"2021-01-24";"https://nos.nl/artikel/2365867-op-dit-soort-momenten-schaam-ik-me-om-urker-te-zijn";"Johan van Slooten";"Persoon";"NL - Nationale regionale en lokale politieke organisaties en hun ambtenaren";"";"CDA";"1";"1";"185";"0";"0";"0";"0";"0";"0";"0";"0";"0";"0";"0";"0";"0";"0";"0";"0";"0";"0";"0";"0";"0";"0";"0";"0";"0";"0";"0";"0";"0";"0";"0";"0";"0";"0";"0";"0";"0";"0";"0";"0";"0";"0";"0";"0";"0";"0";"0";"0";"0";"0";"0";"0";"0";"0";"0";"0";"0";"0";"0";"0";"0";"0";"0";"0";"0";"0";"0";"0";"0";"0";"0";"0";"0";"135";"2365867_135"
"second_coder";2365867;"""Op dit soort momenten schaam ik me om Urker te zijn""";"2021-01-24";"https://nos.nl/artikel/2365867-op-dit-soort-momenten-schaam-ik-me-om-urker-te-zijn";"Johan van Slooten";"Persoon";"NL - Nationaal parlement en nationale partijen – wetgevende macht";"";"CDA";"1";"1";"185";"0";"0";"0";"0";"0";"0";"0";"0";"0";"0";"0";"0";"0";"0";"0";"0";"0";"0";"0";"0";"0";"0";"0";"0";"0";"0";"0";"0";"0";"0";"0";"0";"0";"0";"0";"0";"0";"0";"0";"0";"0";"0";"0";"0";"0";"0";"0";"0";"0";"0";"0";"0";"0";"0";"0";"0";"0";"0";"0";"0";"0";"0";"0";"0";"0";"0";"0";"0";"0";"0";"0";"0";"0";"135";"2365867_135"
"main_coder";2365867;"""Op dit soort momenten schaam ik me om Urker te zijn""";"2021-01-24";"https://nos.nl/artikel/2365867-op-dit-soort-momenten-schaam-ik-me-om-urker-te-zijn";"Johan van Slooten";"Persoon";"NL - Nationale regionale en lokale politieke organisaties en hun ambtenaren";"";"CDA";"1";"1";"196";"0";"0";"0";"0";"0";"0";"0";"0";"0";"0";"0";"0";"0";"0";"0";"0";"0";"0";"0";"0";"0";"0";"0";"0";"0";"0";"0";"0";"0";"0";"0";"0";"0";"0";"0";"0";"0";"0";"0";"0";"0";"0";"0";"0";"0";"0";"0";"0";"0";"0";"0";"0";"0";"0";"0";"0";"0";"0";"0";"0";"0";"0";"0";"0";"0";"0";"0";"0";"0";"0";"0";"0";"0";"135";"2365867_135"
"researcher";2365867;"""Op dit soort momenten schaam ik me om Urker te zijn""";"2021-01-24";"https://nos.nl/artikel/2365867-op-dit-soort-momenten-schaam-ik-me-om-urker-te-zijn";"Omroep Flevoland";"Organisatie";"Journalisten anders dan de schrijver van het huidige artikel of nieuwsorganisaties anders dan de nieuwsorganisatie van het huidige artikel.";"";"";"0";"1";"7";"0";"0";"0";"0";"0";"0";"0";"0";"0";"0";"0";"0";"0";"0";"0";"0";"0";"0";"0";"0";"0";"0";"0";"0";"0";"0";"0";"0";"0";"0";"0";"0";"0";"0";"0";"0";"0";"0";"0";"0";"0";"0";"0";"0";"0";"0";"0";"0";"0";"0";"0";"0";"0";"0";"0";"0";"0";"0";"0";"0";"0";"0";"0";"0";"0";"0";"0";"0";"0";"0";"0";"0";"0";"136";"2365867_136"
"main_coder";2365867;"""Op dit soort momenten schaam ik me om Urker te zijn""";"2021-01-24";"https://nos.nl/artikel/2365867-op-dit-soort-momenten-schaam-ik-me-om-urker-te-zijn";"Omroep Flevoland";"Organisatie";"Journalisten anders dan de schrijver van het huidige artikel of nieuwsorganisaties anders dan de nieuwsorganisatie van het huidige artikel.";"";"";"0";"1";"7";"0";"0";"0";"0";"0";"0";"0";"0";"0";"0";"0";"0";"0";"0";"0";"0";"0";"0";"0";"0";"0";"0";"0";"0";"0";"0";"0";"0";"0";"0";"0";"0";"0";"0";"0";"0";"0";"0";"0";"0";"0";"0";"0";"0";"0";"0";"0";"0";"0";"0";"0";"0";"0";"0";"0";"0";"0";"0";"0";"0";"0";"0";"0";"0";"0";"0";"0";"0";"0";"0";"0";"0";"0";"136";"2365867_136"
"researcher";2365867;"""Op dit soort momenten schaam ik me om Urker te zijn""";"2021-01-24";"https://nos.nl/artikel/2365867-op-dit-soort-momenten-schaam-ik-me-om-urker-te-zijn";"Sommige dorpelingen";"Persoon";"Publiek en leden van het publiek, publieke opiniepeilingen en hun respondenten";"";"";"0";"1";"6";"0";"0";"0";"0";"0";"0";"0";"0";"0";"0";"0";"0";"0";"0";"0";"0";"0";"0";"0";"0";"0";"0";"0";"0";"0";"0";"0";"0";"0";"0";"0";"0";"0";"0";"0";"0";"0";"0";"0";"0";"0";"0";"0";"0";"0";"0";"0";"0";"0";"0";"0";"0";"0";"0";"0";"0";"0";"0";"0";"0";"0";"0";"0";"0";"0";"0";"0";"0";"0";"0";"0";"0";"0";"137";"2365867_137"
"main_coder";2365867;"""Op dit soort momenten schaam ik me om Urker te zijn""";"2021-01-24";"https://nos.nl/artikel/2365867-op-dit-soort-momenten-schaam-ik-me-om-urker-te-zijn";"Sommige dorpelingen";"Persoon";"Publiek en leden van het publiek, publieke opiniepeilingen en hun respondenten";"";"";"0";"1";"6";"0";"0";"0";"0";"0";"0";"0";"0";"0";"0";"0";"0";"0";"0";"0";"0";"0";"0";"0";"0";"0";"0";"0";"0";"0";"0";"0";"0";"0";"0";"0";"0";"0";"0";"0";"0";"0";"0";"0";"0";"0";"0";"0";"0";"0";"0";"0";"0";"0";"0";"0";"0";"0";"0";"0";"0";"0";"0";"0";"0";"0";"0";"0";"0";"0";"0";"0";"0";"0";"0";"0";"0";"0";"137";"2365867_137"
"researcher";2365867;"""Op dit soort momenten schaam ik me om Urker te zijn""";"2021-01-24";"https://nos.nl/artikel/2365867-op-dit-soort-momenten-schaam-ik-me-om-urker-te-zijn";"deskundigen";"Persoon";"Wetenschappelijke/medische organisaties en onderzoekers";"";"";"0";"1";"19";"0";"0";"0";"0";"0";"0";"0";"0";"0";"0";"0";"0";"0";"0";"0";"0";"0";"0";"0";"0";"0";"0";"0";"0";"0";"0";"0";"0";"0";"0";"0";"0";"0";"0";"0";"0";"0";"0";"0";"0";"0";"0";"0";"0";"0";"0";"0";"0";"0";"0";"0";"0";"0";"0";"0";"0";"0";"0";"0";"0";"0";"0";"0";"0";"0";"0";"0";"0";"0";"0";"0";"0";"0";"138";"2365867_138"
"second_coder";2365867;"""Op dit soort momenten schaam ik me om Urker te zijn""";"2021-01-24";"https://nos.nl/artikel/2365867-op-dit-soort-momenten-schaam-ik-me-om-urker-te-zijn";"deskundigen";"Persoon";"Wetenschappelijke/medische organisaties en onderzoekers";"";"";"0";"1";"19";"0";"0";"0";"0";"0";"0";"0";"0";"0";"0";"0";"0";"0";"0";"0";"0";"0";"0";"0";"0";"0";"0";"0";"0";"0";"0";"0";"0";"0";"0";"0";"0";"0";"0";"0";"0";"0";"0";"0";"0";"0";"0";"0";"0";"0";"0";"0";"0";"0";"0";"0";"0";"0";"0";"0";"0";"0";"0";"0";"0";"0";"0";"0";"0";"0";"0";"0";"0";"0";"0";"0";"0";"0";"138";"2365867_138"
"main_coder";2365867;"""Op dit soort momenten schaam ik me om Urker te zijn""";"2021-01-24";"https://nos.nl/artikel/2365867-op-dit-soort-momenten-schaam-ik-me-om-urker-te-zijn";"deskundigen";"Persoon";"Wetenschappelijke/medische organisaties en onderzoekers";"";"";"0";"1";"19";"0";"0";"0";"0";"0";"0";"0";"0";"0";"0";"0";"0";"0";"0";"0";"0";"0";"0";"0";"0";"0";"0";"0";"0";"0";"0";"0";"0";"0";"0";"0";"0";"0";"0";"0";"0";"0";"0";"0";"0";"0";"0";"0";"0";"0";"0";"0";"0";"0";"0";"0";"0";"0";"0";"0";"0";"0";"0";"0";"0";"0";"0";"0";"0";"0";"0";"0";"0";"0";"0";"0";"0";"0";"138";"2365867_138"
"researcher";2365889;"Oxfam: ""Economische ongelijkheid neemt toe door corona"" ";"2021-01-25";"https://nos.nl/artikel/2365889-oxfam-economische-ongelijkheid-neemt-toe-door-corona";"Michiel Servaes";"Persoon";"Niet-governementele organisaties (NGO), maatschappelijke organisaties, en hun leden";"";"";"1";"0";"95";"1";"0";"0";"0";"0";"0";"0";"0";"0";"0";"0";"0";"0";"0";"0";"0";"0";"0";"0";"0";"0";"0";"0";"0";"0";"0";"0";"0";"0";"0";"0";"0";"0";"0";"0";"0";"0";"0";"0";"0";"0";"0";"0";"0";"0";"0";"0";"0";"0";"0";"0";"0";"0";"0";"0";"0";"0";"0";"0";"0";"0";"0";"0";"0";"0";"1";"1";"0";"0";"0";"0";"0";"0";"139";"2365889_139"
"second_coder";2365889;"Oxfam: ""Economische ongelijkheid neemt toe door corona"" ";"2021-01-25";"https://nos.nl/artikel/2365889-oxfam-economische-ongelijkheid-neemt-toe-door-corona";"Michiel Servaes";"Persoon";"Niet-governementele organisaties (NGO), maatschappelijke organisaties, en hun leden";"";"";"1";"0";"95";"1";"0";"0";"0";"0";"0";"0";"0";"0";"0";"0";"0";"0";"0";"0";"0";"0";"0";"0";"0";"0";"0";"0";"0";"0";"0";"0";"0";"0";"0";"0";"0";"0";"0";"0";"0";"0";"0";"0";"0";"0";"0";"0";"0";"0";"0";"0";"0";"0";"0";"0";"0";"0";"0";"0";"0";"0";"0";"0";"0";"0";"0";"0";"0";"0";"1";"0";"1";"0";"0";"0";"0";"0";"139";"2365889_139"
"main_coder";2365889;"Oxfam: ""Economische ongelijkheid neemt toe door corona"" ";"2021-01-25";"https://nos.nl/artikel/2365889-oxfam-economische-ongelijkheid-neemt-toe-door-corona";"Michiel Servaes";"Persoon";"Niet-governementele organisaties (NGO), maatschappelijke organisaties, en hun leden";"";"";"1";"0";"95";"1";"0";"0";"0";"0";"0";"0";"0";"0";"0";"0";"0";"0";"0";"0";"0";"0";"0";"0";"0";"0";"0";"0";"0";"0";"0";"0";"0";"0";"0";"0";"0";"0";"0";"0";"0";"0";"0";"0";"0";"0";"0";"0";"0";"0";"0";"0";"0";"0";"0";"0";"0";"0";"0";"0";"0";"0";"0";"0";"0";"0";"0";"0";"0";"0";"1";"1";"0";"1";"0";"0";"0";"0";"139";"2365889_139"
"researcher";2365889;"Oxfam: ""Economische ongelijkheid neemt toe door corona"" ";"2021-01-25";"https://nos.nl/artikel/2365889-oxfam-economische-ongelijkheid-neemt-toe-door-corona";"Oxfam Novib";"Organisatie";"Niet-governementele organisaties (NGO), maatschappelijke organisaties, en hun leden";"";"";"1";"1";"74";"1";"0";"0";"0";"0";"0";"0";"0";"0";"0";"0";"0";"0";"0";"0";"0";"0";"0";"0";"0";"0";"0";"0";"0";"0";"0";"0";"0";"0";"0";"0";"0";"0";"0";"0";"0";"0";"0";"0";"0";"0";"0";"0";"0";"0";"0";"0";"0";"0";"0";"0";"0";"0";"0";"0";"0";"0";"0";"0";"0";"0";"0";"0";"0";"0";"1";"0";"0";"1";"0";"0";"0";"0";"140";"2365889_140"
"second_coder";2365889;"Oxfam: ""Economische ongelijkheid neemt toe door corona"" ";"2021-01-25";"https://nos.nl/artikel/2365889-oxfam-economische-ongelijkheid-neemt-toe-door-corona";"Oxfam Novib";"Organisatie";"Niet-governementele organisaties (NGO), maatschappelijke organisaties, en hun leden";"";"";"1";"1";"79";"0";"0";"0";"0";"0";"0";"0";"0";"0";"0";"0";"0";"0";"0";"0";"0";"0";"0";"0";"0";"0";"0";"0";"0";"0";"0";"0";"0";"0";"0";"0";"0";"0";"0";"0";"0";"0";"0";"0";"0";"0";"0";"0";"0";"0";"0";"0";"0";"0";"0";"0";"0";"0";"0";"0";"0";"0";"0";"0";"0";"0";"0";"0";"0";"0";"0";"0";"0";"0";"0";"0";"0";"0";"140";"2365889_140"
"main_coder";2365889;"Oxfam: ""Economische ongelijkheid neemt toe door corona"" ";"2021-01-25";"https://nos.nl/artikel/2365889-oxfam-economische-ongelijkheid-neemt-toe-door-corona";"Oxfam Novib";"Organisatie";"Niet-governementele organisaties (NGO), maatschappelijke organisaties, en hun leden";"";"";"1";"1";"74";"1";"0";"0";"0";"0";"0";"0";"0";"0";"0";"0";"0";"0";"0";"0";"0";"0";"0";"0";"0";"0";"0";"0";"0";"0";"0";"0";"0";"0";"0";"0";"0";"0";"0";"0";"0";"0";"0";"0";"0";"0";"0";"0";"0";"0";"0";"0";"0";"0";"0";"0";"0";"0";"0";"0";"0";"0";"0";"0";"0";"0";"0";"0";"0";"0";"1";"0";"0";"1";"0";"0";"0";"0";"140";"2365889_140"
"researcher";2366056;"Grapperhaus: snelrecht tegen relschoppers, avondklok blijft ";"2021-01-26";"https://nos.nl/artikel/2366056-grapperhaus-snelrecht-tegen-relschoppers-avondklok-blijft";"Grapperhaus";"Persoon";"NL - Nationale regering - executive / uitvoerende macht";"";"CDA";"1";"1";"129";"1";"1";"1";"0";"0";"0";"0";"0";"0";"0";"0";"0";"0";"0";"0";"0";"0";"0";"0";"0";"0";"0";"0";"0";"0";"0";"0";"0";"0";"0";"0";"0";"0";"0";"0";"0";"0";"0";"0";"0";"0";"0";"0";"0";"0";"0";"0";"0";"0";"0";"0";"0";"0";"0";"0";"0";"0";"0";"0";"0";"0";"0";"0";"0";"0";"0";"0";"0";"0";"0";"0";"0";"0";"141";"2366056_141"
"second_coder";2366056;"Grapperhaus: snelrecht tegen relschoppers, avondklok blijft ";"2021-01-26";"https://nos.nl/artikel/2366056-grapperhaus-snelrecht-tegen-relschoppers-avondklok-blijft";"Grapperhaus";"Persoon";"NL - Nationale regering - executive / uitvoerende macht";"";"CDA";"1";"1";"129";"1";"1";"1";"0";"0";"0";"0";"0";"0";"0";"0";"0";"0";"0";"0";"0";"0";"1";"1";"0";"0";"0";"0";"0";"0";"0";"0";"0";"0";"0";"0";"0";"0";"0";"0";"0";"0";"0";"0";"0";"0";"0";"0";"0";"0";"0";"0";"0";"0";"0";"0";"0";"0";"0";"0";"0";"0";"0";"0";"0";"0";"0";"0";"0";"0";"0";"0";"0";"0";"0";"0";"0";"0";"141";"2366056_141"
"main_coder";2366056;"Grapperhaus: snelrecht tegen relschoppers, avondklok blijft ";"2021-01-26";"https://nos.nl/artikel/2366056-grapperhaus-snelrecht-tegen-relschoppers-avondklok-blijft";"Grapperhaus";"Persoon";"NL - Nationale regering - executive / uitvoerende macht";"";"CDA";"1";"1";"131";"0";"0";"0";"0";"0";"0";"0";"0";"0";"0";"0";"0";"0";"0";"0";"0";"0";"0";"0";"0";"0";"0";"0";"0";"0";"0";"0";"0";"0";"0";"0";"0";"0";"0";"0";"0";"0";"0";"0";"0";"0";"0";"0";"0";"0";"0";"0";"0";"0";"0";"0";"0";"0";"0";"0";"0";"0";"0";"0";"0";"0";"0";"0";"0";"0";"0";"0";"0";"0";"0";"0";"0";"0";"141";"2366056_141"
"researcher";2366056;"Grapperhaus: snelrecht tegen relschoppers, avondklok blijft ";"2021-01-26";"https://nos.nl/artikel/2366056-grapperhaus-snelrecht-tegen-relschoppers-avondklok-blijft";"Hoekstra";"Persoon";"NL - Nationale regering - executive / uitvoerende macht";"";"CDA";"1";"0";"8";"0";"0";"0";"0";"0";"0";"0";"0";"0";"0";"0";"0";"0";"0";"0";"0";"0";"0";"0";"0";"0";"0";"0";"0";"0";"0";"0";"0";"0";"0";"0";"0";"0";"0";"0";"0";"0";"0";"0";"0";"0";"0";"0";"0";"0";"0";"0";"0";"0";"0";"0";"0";"0";"0";"0";"0";"0";"0";"0";"0";"0";"0";"0";"0";"0";"0";"0";"0";"0";"0";"0";"0";"0";"142";"2366056_142"
"second_coder";2366056;"Grapperhaus: snelrecht tegen relschoppers, avondklok blijft ";"2021-01-26";"https://nos.nl/artikel/2366056-grapperhaus-snelrecht-tegen-relschoppers-avondklok-blijft";"Hoekstra";"Persoon";"NL - Nationale regering - executive / uitvoerende macht";"";"CDA";"1";"0";"8";"0";"0";"0";"0";"0";"0";"0";"0";"0";"0";"0";"0";"0";"0";"0";"0";"0";"0";"0";"0";"0";"0";"0";"0";"0";"0";"0";"0";"0";"0";"0";"0";"0";"0";"0";"0";"0";"0";"0";"0";"0";"0";"0";"0";"0";"0";"0";"0";"0";"0";"0";"0";"0";"0";"0";"0";"0";"0";"0";"0";"0";"0";"0";"0";"0";"0";"0";"0";"0";"0";"0";"0";"0";"142";"2366056_142"
"main_coder";2366056;"Grapperhaus: snelrecht tegen relschoppers, avondklok blijft ";"2021-01-26";"https://nos.nl/artikel/2366056-grapperhaus-snelrecht-tegen-relschoppers-avondklok-blijft";"Hoekstra";"Persoon";"NL - Nationale regering - executive / uitvoerende macht";"";"CDA";"1";"0";"8";"0";"0";"0";"0";"0";"0";"0";"0";"0";"0";"0";"0";"0";"0";"0";"0";"0";"0";"0";"0";"0";"0";"0";"0";"0";"0";"0";"0";"0";"0";"0";"0";"0";"0";"0";"0";"0";"0";"0";"0";"0";"0";"0";"0";"0";"0";"0";"0";"0";"0";"0";"0";"0";"0";"0";"0";"0";"0";"0";"0";"0";"0";"0";"0";"0";"0";"0";"0";"0";"0";"0";"0";"0";"142";"2366056_142"
"researcher";2366896;"Oproep uit IC-hoek: ""Versoepel aantal maatregelen, accepteer meer overlijdens""";"2021-02-01";"https://nos.nl/artikel/2366896-oproep-uit-ic-hoek-versoepel-aantal-maatregelen-accepteer-meer-overlijdens.html";"Alec Veenendaal";"Persoon";"Wetenschappelijke/medische organisaties en onderzoekers";"";"";"1";"1";"256";"1";"1";"0";"1";"0";"0";"0";"0";"0";"0";"0";"0";"0";"0";"0";"0";"0";"0";"0";"0";"0";"0";"0";"0";"0";"0";"0";"0";"0";"0";"0";"0";"0";"0";"0";"0";"0";"0";"0";"0";"0";"0";"0";"0";"0";"0";"0";"0";"0";"0";"0";"0";"0";"0";"0";"0";"0";"0";"0";"0";"0";"0";"0";"0";"0";"0";"0";"0";"0";"0";"0";"0";"0";"143";"2366896_143"
"second_coder";2366896;"Oproep uit IC-hoek: ""Versoepel aantal maatregelen, accepteer meer overlijdens""";"2021-02-01";"https://nos.nl/artikel/2366896-oproep-uit-ic-hoek-versoepel-aantal-maatregelen-accepteer-meer-overlijdens.html";"Alec Veenendaal";"Persoon";"Wetenschappelijke/medische organisaties en onderzoekers";"";"";"1";"1";"256";"1";"1";"0";"1";"0";"0";"0";"0";"0";"0";"0";"0";"0";"0";"0";"0";"0";"0";"0";"0";"0";"0";"0";"0";"0";"0";"0";"0";"0";"0";"0";"0";"0";"0";"0";"0";"0";"0";"0";"0";"0";"0";"0";"0";"0";"0";"0";"0";"0";"0";"0";"0";"0";"0";"0";"0";"0";"0";"0";"0";"0";"0";"0";"0";"0";"0";"0";"0";"0";"0";"0";"0";"0";"143";"2366896_143"
"researcher";2366896;"Oproep uit IC-hoek: ""Versoepel aantal maatregelen, accepteer meer overlijdens""";"2021-02-01";"https://nos.nl/artikel/2366896-oproep-uit-ic-hoek-versoepel-aantal-maatregelen-accepteer-meer-overlijdens.html";"Hans van der Hoeven";"Persoon";"Wetenschappelijke/medische organisaties en onderzoekers";"";"";"1";"1";"256";"1";"1";"0";"1";"0";"0";"0";"0";"0";"0";"0";"0";"0";"0";"0";"0";"0";"0";"0";"0";"0";"0";"0";"0";"0";"0";"0";"0";"0";"0";"0";"0";"0";"0";"0";"0";"0";"0";"0";"0";"0";"0";"0";"0";"0";"0";"0";"0";"0";"0";"0";"0";"0";"0";"0";"0";"0";"0";"0";"0";"0";"0";"0";"0";"0";"0";"0";"0";"0";"0";"0";"0";"0";"144";"2366896_144"
"second_coder";2366896;"Oproep uit IC-hoek: ""Versoepel aantal maatregelen, accepteer meer overlijdens""";"2021-02-01";"https://nos.nl/artikel/2366896-oproep-uit-ic-hoek-versoepel-aantal-maatregelen-accepteer-meer-overlijdens.html";"Hans van der Hoeven";"Persoon";"Wetenschappelijke/medische organisaties en onderzoekers";"";"";"1";"1";"256";"1";"1";"0";"1";"0";"0";"0";"0";"0";"0";"0";"0";"0";"0";"0";"0";"0";"0";"0";"0";"0";"0";"0";"0";"0";"0";"0";"0";"0";"0";"0";"0";"0";"0";"0";"0";"0";"0";"0";"0";"0";"0";"0";"0";"0";"0";"0";"0";"0";"0";"0";"0";"0";"0";"0";"0";"0";"0";"0";"0";"0";"0";"0";"0";"0";"0";"0";"0";"0";"0";"0";"0";"0";"144";"2366896_144"
"researcher";2366896;"Oproep uit IC-hoek: ""Versoepel aantal maatregelen, accepteer meer overlijdens""";"2021-02-01";"https://nos.nl/artikel/2366896-oproep-uit-ic-hoek-versoepel-aantal-maatregelen-accepteer-meer-overlijdens.html";"Hugo Touw";"Persoon";"Wetenschappelijke/medische organisaties en onderzoekers";"";"";"1";"1";"452";"1";"1";"1";"1";"0";"0";"0";"0";"0";"0";"0";"0";"0";"0";"0";"0";"0";"0";"0";"0";"0";"0";"0";"0";"0";"0";"0";"0";"0";"0";"0";"0";"0";"0";"0";"0";"0";"0";"0";"0";"0";"0";"0";"0";"0";"0";"0";"0";"0";"0";"0";"0";"0";"0";"0";"0";"0";"0";"0";"0";"0";"0";"0";"0";"0";"0";"0";"0";"0";"0";"0";"0";"0";"145";"2366896_145"
"second_coder";2366896;"Oproep uit IC-hoek: ""Versoepel aantal maatregelen, accepteer meer overlijdens""";"2021-02-01";"https://nos.nl/artikel/2366896-oproep-uit-ic-hoek-versoepel-aantal-maatregelen-accepteer-meer-overlijdens.html";"Hugo Touw";"Persoon";"Wetenschappelijke/medische organisaties en onderzoekers";"";"";"1";"1";"452";"1";"1";"0";"1";"0";"0";"0";"0";"0";"0";"0";"0";"0";"0";"0";"0";"0";"0";"0";"0";"0";"0";"0";"0";"0";"0";"0";"0";"0";"0";"0";"0";"0";"0";"0";"0";"0";"0";"0";"0";"0";"0";"0";"0";"0";"0";"0";"0";"0";"0";"0";"0";"0";"0";"0";"0";"0";"0";"0";"0";"0";"0";"0";"0";"0";"0";"0";"0";"0";"0";"0";"0";"0";"145";"2366896_145"
"main_coder";2366896;"Oproep uit IC-hoek: ""Versoepel aantal maatregelen, accepteer meer overlijdens""";"2021-02-01";"https://nos.nl/artikel/2366896-oproep-uit-ic-hoek-versoepel-aantal-maatregelen-accepteer-meer-overlijdens.html";"Hugo Touw";"Persoon";"Wetenschappelijke/medische organisaties en onderzoekers";"";"";"1";"1";"198";"1";"1";"1";"1";"0";"0";"0";"0";"0";"0";"0";"0";"0";"0";"0";"0";"0";"0";"0";"0";"0";"0";"0";"0";"0";"0";"0";"0";"0";"0";"0";"0";"0";"0";"0";"0";"0";"0";"0";"0";"0";"0";"0";"0";"0";"0";"0";"0";"0";"0";"0";"0";"0";"0";"0";"0";"0";"0";"0";"0";"0";"0";"0";"0";"0";"0";"0";"0";"0";"0";"0";"0";"0";"145";"2366896_145"
"main_coder";2366896;"Oproep uit IC-hoek: ""Versoepel aantal maatregelen, accepteer meer overlijdens""";"2021-02-01";"https://nos.nl/artikel/2366896-oproep-uit-ic-hoek-versoepel-aantal-maatregelen-accepteer-meer-overlijdens.html";"Hugo Touw, Hans van der Hoeven, Alec Veenendaal en Nynke Postma";"Persoon";"Wetenschappelijke/medische organisaties en onderzoekers";"";"";"1";"1";"186";"1";"1";"1";"1";"0";"0";"0";"0";"0";"0";"0";"0";"0";"0";"0";"0";"0";"0";"0";"0";"0";"0";"0";"0";"0";"0";"0";"0";"0";"0";"0";"0";"0";"0";"0";"0";"0";"0";"0";"0";"0";"0";"0";"0";"0";"0";"0";"0";"0";"0";"0";"0";"0";"0";"0";"0";"0";"0";"0";"0";"0";"0";"0";"0";"0";"0";"0";"0";"0";"0";"0";"0";"0";"146";"2366896_146"
"researcher";2366896;"Oproep uit IC-hoek: ""Versoepel aantal maatregelen, accepteer meer overlijdens""";"2021-02-01";"https://nos.nl/artikel/2366896-oproep-uit-ic-hoek-versoepel-aantal-maatregelen-accepteer-meer-overlijdens.html";"Nederlandse Vereniging voor Intensive Care";"Organisatie";"Wetenschappelijke/medische organisaties en onderzoekers";"";"";"1";"0";"55";"1";"1";"0";"0";"1";"0";"0";"0";"0";"0";"0";"0";"0";"0";"0";"0";"0";"0";"0";"0";"0";"0";"0";"0";"0";"0";"0";"0";"0";"0";"0";"0";"0";"0";"0";"0";"0";"0";"0";"0";"0";"0";"0";"0";"0";"0";"0";"0";"0";"0";"0";"0";"0";"0";"0";"0";"0";"0";"0";"0";"0";"0";"0";"0";"0";"0";"0";"0";"0";"0";"0";"0";"0";"147";"2366896_147"
"second_coder";2366896;"Oproep uit IC-hoek: ""Versoepel aantal maatregelen, accepteer meer overlijdens""";"2021-02-01";"https://nos.nl/artikel/2366896-oproep-uit-ic-hoek-versoepel-aantal-maatregelen-accepteer-meer-overlijdens.html";"Nederlandse Vereniging voor Intensive Care";"Organisatie";"Wetenschappelijke/medische organisaties en onderzoekers";"";"";"1";"0";"55";"1";"1";"0";"0";"1";"0";"0";"0";"0";"0";"0";"0";"0";"0";"0";"0";"0";"0";"0";"0";"0";"0";"0";"0";"0";"0";"0";"0";"0";"0";"0";"0";"0";"0";"0";"0";"0";"0";"0";"0";"0";"0";"0";"0";"0";"0";"0";"0";"0";"0";"0";"0";"0";"0";"0";"0";"0";"0";"0";"0";"0";"0";"0";"0";"0";"0";"0";"0";"0";"0";"0";"0";"0";"147";"2366896_147"
"main_coder";2366896;"Oproep uit IC-hoek: ""Versoepel aantal maatregelen, accepteer meer overlijdens""";"2021-02-01";"https://nos.nl/artikel/2366896-oproep-uit-ic-hoek-versoepel-aantal-maatregelen-accepteer-meer-overlijdens.html";"Nederlandse Vereniging voor Intensive Care";"Organisatie";"Wetenschappelijke/medische organisaties en onderzoekers";"";"";"1";"0";"55";"1";"1";"0";"0";"1";"0";"0";"0";"0";"0";"0";"0";"0";"0";"0";"0";"0";"0";"0";"0";"0";"0";"0";"0";"0";"0";"0";"0";"0";"0";"0";"0";"0";"0";"0";"0";"0";"0";"0";"0";"0";"0";"0";"0";"0";"0";"0";"0";"0";"0";"0";"0";"0";"0";"0";"0";"0";"0";"0";"0";"0";"0";"0";"0";"0";"0";"0";"0";"0";"0";"0";"0";"0";"147";"2366896_147"
"researcher";2366896;"Oproep uit IC-hoek: ""Versoepel aantal maatregelen, accepteer meer overlijdens""";"2021-02-01";"https://nos.nl/artikel/2366896-oproep-uit-ic-hoek-versoepel-aantal-maatregelen-accepteer-meer-overlijdens.html";"Nynke Postma";"Persoon";"Wetenschappelijke/medische organisaties en onderzoekers";"";"";"1";"1";"256";"1";"1";"0";"1";"0";"0";"0";"0";"0";"0";"0";"0";"0";"0";"0";"0";"0";"0";"0";"0";"0";"0";"0";"0";"0";"0";"0";"0";"0";"0";"0";"0";"0";"0";"0";"0";"0";"0";"0";"0";"0";"0";"0";"0";"0";"0";"0";"0";"0";"0";"0";"0";"0";"0";"0";"0";"0";"0";"0";"0";"0";"0";"0";"0";"0";"0";"0";"0";"0";"0";"0";"0";"0";"148";"2366896_148"
"second_coder";2366896;"Oproep uit IC-hoek: ""Versoepel aantal maatregelen, accepteer meer overlijdens""";"2021-02-01";"https://nos.nl/artikel/2366896-oproep-uit-ic-hoek-versoepel-aantal-maatregelen-accepteer-meer-overlijdens.html";"Nynke Postma";"Persoon";"Wetenschappelijke/medische organisaties en onderzoekers";"";"";"1";"1";"256";"1";"1";"0";"1";"0";"0";"0";"0";"0";"0";"0";"0";"0";"0";"0";"0";"0";"0";"0";"0";"0";"0";"0";"0";"0";"0";"0";"0";"0";"0";"0";"0";"0";"0";"0";"0";"0";"0";"0";"0";"0";"0";"0";"0";"0";"0";"0";"0";"0";"0";"0";"0";"0";"0";"0";"0";"0";"0";"0";"0";"0";"0";"0";"0";"0";"0";"0";"0";"0";"0";"0";"0";"0";"148";"2366896_148"
"researcher";2366896;"Oproep uit IC-hoek: ""Versoepel aantal maatregelen, accepteer meer overlijdens""";"2021-02-01";"https://nos.nl/artikel/2366896-oproep-uit-ic-hoek-versoepel-aantal-maatregelen-accepteer-meer-overlijdens.html";"Twitteraars";"Persoon";"Publiek en leden van het publiek, publieke opiniepeilingen en hun respondenten";"";"";"1";"0";"29";"1";"1";"0";"0";"1";"0";"0";"0";"0";"0";"0";"0";"0";"0";"0";"0";"0";"0";"0";"0";"0";"0";"0";"0";"0";"0";"0";"0";"0";"0";"0";"0";"0";"0";"0";"0";"0";"0";"0";"0";"0";"0";"0";"0";"0";"0";"0";"0";"0";"0";"0";"0";"0";"0";"0";"0";"0";"0";"0";"0";"0";"0";"0";"0";"0";"0";"0";"0";"0";"0";"0";"0";"0";"149";"2366896_149"
"second_coder";2366896;"Oproep uit IC-hoek: ""Versoepel aantal maatregelen, accepteer meer overlijdens""";"2021-02-01";"https://nos.nl/artikel/2366896-oproep-uit-ic-hoek-versoepel-aantal-maatregelen-accepteer-meer-overlijdens.html";"Twitteraars";"Persoon";"Publiek en leden van het publiek, publieke opiniepeilingen en hun respondenten";"";"";"1";"0";"29";"1";"1";"0";"1";"0";"0";"0";"0";"0";"0";"0";"0";"0";"0";"0";"0";"0";"0";"0";"0";"0";"0";"0";"0";"0";"0";"0";"0";"0";"0";"0";"0";"0";"0";"0";"0";"0";"0";"0";"0";"0";"0";"0";"0";"0";"0";"0";"0";"0";"0";"0";"0";"0";"0";"0";"0";"0";"0";"0";"0";"0";"0";"0";"0";"0";"0";"0";"0";"0";"0";"0";"0";"0";"149";"2366896_149"
"main_coder";2366896;"Oproep uit IC-hoek: ""Versoepel aantal maatregelen, accepteer meer overlijdens""";"2021-02-01";"https://nos.nl/artikel/2366896-oproep-uit-ic-hoek-versoepel-aantal-maatregelen-accepteer-meer-overlijdens.html";"Twitteraars";"Persoon";"Publiek en leden van het publiek, publieke opiniepeilingen en hun respondenten";"";"";"1";"0";"28";"1";"1";"0";"0";"1";"0";"0";"0";"0";"0";"0";"0";"0";"0";"0";"0";"0";"0";"0";"0";"0";"0";"0";"0";"0";"0";"0";"0";"0";"0";"0";"0";"0";"0";"0";"0";"0";"0";"0";"0";"0";"0";"0";"0";"0";"0";"0";"0";"0";"0";"0";"0";"0";"0";"0";"0";"0";"0";"0";"0";"0";"0";"0";"0";"0";"0";"0";"0";"0";"0";"0";"0";"0";"149";"2366896_149"
"researcher";2369393;"Hof doet over een week uitspraak, avondklok blijft tot die tijd van kracht";"2021-02-19";"https://nos.nl/artikel/2369393-hof-doet-over-een-week-uitspraak-avondklok-blijft-tot-die-tijd-van-kracht.html";"Jeroen Pols";"Persoon";"Publiek en leden van het publiek, publieke opiniepeilingen en hun respondenten";"";"";"1";"1";"38";"0";"0";"0";"0";"0";"0";"0";"0";"0";"0";"0";"0";"0";"0";"0";"0";"0";"0";"0";"0";"0";"0";"0";"0";"0";"0";"0";"0";"0";"0";"0";"0";"0";"0";"0";"0";"0";"0";"0";"0";"0";"0";"0";"0";"0";"0";"0";"0";"0";"0";"0";"0";"0";"0";"0";"0";"0";"0";"0";"0";"0";"0";"0";"0";"0";"0";"0";"0";"0";"0";"0";"0";"0";"150";"2369393_150"
"second_coder";2369393;"Hof doet over een week uitspraak, avondklok blijft tot die tijd van kracht";"2021-02-19";"https://nos.nl/artikel/2369393-hof-doet-over-een-week-uitspraak-avondklok-blijft-tot-die-tijd-van-kracht.html";"Jeroen Pols";"Persoon";"Publiek en leden van het publiek, publieke opiniepeilingen en hun respondenten";"";"";"1";"1";"45";"0";"0";"0";"0";"0";"0";"0";"0";"0";"0";"0";"0";"0";"0";"0";"0";"0";"0";"0";"0";"0";"0";"0";"0";"0";"0";"0";"0";"0";"0";"0";"0";"0";"0";"0";"0";"0";"0";"0";"0";"0";"0";"0";"0";"0";"0";"0";"0";"0";"0";"0";"0";"0";"0";"0";"0";"0";"0";"0";"0";"0";"0";"0";"0";"0";"0";"0";"0";"0";"0";"0";"0";"0";"150";"2369393_150"
"main_coder";2369393;"Hof doet over een week uitspraak, avondklok blijft tot die tijd van kracht";"2021-02-19";"https://nos.nl/artikel/2369393-hof-doet-over-een-week-uitspraak-avondklok-blijft-tot-die-tijd-van-kracht.html";"Jeroen Pols";"Persoon";"Niet-governementele organisaties (NGO), maatschappelijke organisaties, en hun leden";"";"";"1";"1";"38";"0";"0";"0";"0";"0";"0";"0";"0";"0";"0";"0";"0";"0";"0";"0";"0";"0";"0";"0";"0";"0";"0";"0";"0";"0";"0";"0";"0";"0";"0";"0";"0";"0";"0";"0";"0";"0";"0";"0";"0";"0";"0";"0";"0";"0";"0";"0";"0";"0";"0";"0";"0";"0";"0";"0";"0";"0";"0";"0";"0";"0";"0";"0";"0";"0";"0";"0";"0";"0";"0";"0";"0";"0";"150";"2369393_150"
"researcher";2369393;"Hof doet over een week uitspraak, avondklok blijft tot die tijd van kracht";"2021-02-19";"https://nos.nl/artikel/2369393-hof-doet-over-een-week-uitspraak-avondklok-blijft-tot-die-tijd-van-kracht.html";"Marie-Anne Tan-de Sonnaville";"Persoon";"Nationale en internationale rechterlijke macht";"";"";"1";"1";"41";"1";"0";"0";"0";"0";"0";"0";"0";"0";"0";"0";"0";"0";"0";"0";"0";"0";"1";"0";"0";"1";"0";"0";"0";"0";"0";"0";"0";"0";"0";"0";"0";"0";"0";"0";"0";"0";"0";"0";"0";"0";"0";"0";"0";"0";"0";"0";"0";"0";"0";"0";"0";"0";"0";"0";"0";"0";"0";"0";"0";"0";"0";"0";"0";"0";"0";"0";"0";"0";"0";"0";"0";"0";"151";"2369393_151"
"second_coder";2369393;"Hof doet over een week uitspraak, avondklok blijft tot die tijd van kracht";"2021-02-19";"https://nos.nl/artikel/2369393-hof-doet-over-een-week-uitspraak-avondklok-blijft-tot-die-tijd-van-kracht.html";"Marie-Anne Tan-de Sonnaville";"Persoon";"Nationale en internationale rechterlijke macht";"";"";"1";"1";"41";"1";"0";"0";"0";"0";"0";"0";"0";"0";"0";"0";"0";"0";"0";"0";"0";"0";"1";"0";"0";"1";"0";"0";"0";"0";"0";"0";"0";"0";"0";"0";"0";"0";"0";"0";"0";"0";"0";"0";"0";"0";"0";"0";"0";"0";"0";"0";"0";"0";"0";"0";"0";"0";"0";"0";"0";"0";"0";"0";"0";"0";"0";"0";"0";"0";"0";"0";"0";"0";"0";"0";"0";"0";"151";"2369393_151"
"main_coder";2369393;"Hof doet over een week uitspraak, avondklok blijft tot die tijd van kracht";"2021-02-19";"https://nos.nl/artikel/2369393-hof-doet-over-een-week-uitspraak-avondklok-blijft-tot-die-tijd-van-kracht.html";"Marie-Anne Tan-de Sonnaville";"Persoon";"Nationale en internationale rechterlijke macht";"";"";"1";"1";"42";"1";"0";"0";"0";"0";"0";"0";"0";"0";"0";"0";"0";"0";"0";"0";"0";"0";"1";"0";"0";"1";"0";"0";"0";"0";"0";"0";"0";"0";"0";"0";"0";"0";"0";"0";"0";"0";"0";"0";"0";"0";"0";"0";"0";"0";"0";"0";"0";"0";"0";"0";"0";"0";"0";"0";"0";"0";"0";"0";"0";"0";"0";"0";"0";"0";"0";"0";"0";"0";"0";"0";"0";"0";"151";"2369393_151"
"researcher";2369393;"Hof doet over een week uitspraak, avondklok blijft tot die tijd van kracht";"2021-02-19";"https://nos.nl/artikel/2369393-hof-doet-over-een-week-uitspraak-avondklok-blijft-tot-die-tijd-van-kracht.html";"Pierre Capel";"Persoon";"Wetenschappelijke/medische organisaties en onderzoekers";"";"";"1";"1";"23";"0";"0";"0";"0";"0";"0";"0";"0";"0";"0";"0";"0";"0";"0";"0";"0";"0";"0";"0";"0";"0";"0";"0";"0";"0";"0";"0";"0";"0";"0";"0";"0";"0";"0";"0";"0";"0";"0";"0";"0";"0";"0";"0";"0";"0";"0";"0";"0";"0";"0";"0";"0";"0";"0";"0";"0";"0";"0";"0";"0";"0";"0";"0";"0";"0";"0";"0";"0";"0";"0";"0";"0";"0";"152";"2369393_152"
"second_coder";2369393;"Hof doet over een week uitspraak, avondklok blijft tot die tijd van kracht";"2021-02-19";"https://nos.nl/artikel/2369393-hof-doet-over-een-week-uitspraak-avondklok-blijft-tot-die-tijd-van-kracht.html";"Pierre Capel";"Persoon";"Wetenschappelijke/medische organisaties en onderzoekers";"";"";"1";"1";"37";"0";"0";"0";"0";"0";"0";"0";"0";"0";"0";"0";"0";"0";"0";"0";"0";"0";"0";"0";"0";"0";"0";"0";"0";"0";"0";"0";"0";"0";"0";"0";"0";"0";"0";"0";"0";"0";"0";"0";"0";"0";"0";"0";"0";"0";"0";"0";"0";"0";"0";"0";"0";"0";"0";"0";"0";"0";"0";"0";"0";"0";"0";"0";"0";"0";"0";"0";"0";"0";"0";"0";"0";"0";"152";"2369393_152"
"main_coder";2369393;"Hof doet over een week uitspraak, avondklok blijft tot die tijd van kracht";"2021-02-19";"https://nos.nl/artikel/2369393-hof-doet-over-een-week-uitspraak-avondklok-blijft-tot-die-tijd-van-kracht.html";"Pierre Capel";"Persoon";"Wetenschappelijke/medische organisaties en onderzoekers";"";"";"1";"1";"23";"0";"0";"0";"0";"0";"0";"0";"0";"0";"0";"0";"0";"0";"0";"0";"0";"0";"0";"0";"0";"0";"0";"0";"0";"0";"0";"0";"0";"0";"0";"0";"0";"0";"0";"0";"0";"0";"0";"0";"0";"0";"0";"0";"0";"0";"0";"0";"0";"0";"0";"0";"0";"0";"0";"0";"0";"0";"0";"0";"0";"0";"0";"0";"0";"0";"0";"0";"0";"0";"0";"0";"0";"0";"152";"2369393_152"
"researcher";2369393;"Hof doet over een week uitspraak, avondklok blijft tot die tijd van kracht";"2021-02-19";"https://nos.nl/artikel/2369393-hof-doet-over-een-week-uitspraak-avondklok-blijft-tot-die-tijd-van-kracht.html";"Willem Engel";"Persoon";"Publiek en leden van het publiek, publieke opiniepeilingen en hun respondenten";"";"";"1";"1";"37";"0";"0";"0";"0";"0";"0";"0";"0";"0";"0";"0";"0";"0";"0";"0";"0";"0";"0";"0";"0";"0";"0";"0";"0";"0";"0";"0";"0";"0";"0";"0";"0";"0";"0";"0";"0";"0";"0";"0";"0";"0";"0";"0";"0";"0";"0";"0";"0";"0";"0";"0";"0";"0";"0";"0";"0";"0";"0";"0";"0";"0";"0";"0";"0";"0";"0";"0";"0";"0";"0";"0";"0";"0";"153";"2369393_153"
"second_coder";2369393;"Hof doet over een week uitspraak, avondklok blijft tot die tijd van kracht";"2021-02-19";"https://nos.nl/artikel/2369393-hof-doet-over-een-week-uitspraak-avondklok-blijft-tot-die-tijd-van-kracht.html";"Willem Engel";"Persoon";"Publiek en leden van het publiek, publieke opiniepeilingen en hun respondenten";"";"";"1";"1";"37";"0";"0";"0";"0";"0";"0";"0";"0";"0";"0";"0";"0";"0";"0";"0";"0";"0";"0";"0";"0";"0";"0";"0";"0";"0";"0";"0";"0";"0";"0";"0";"0";"0";"0";"0";"0";"0";"0";"0";"0";"0";"0";"0";"0";"0";"0";"0";"0";"0";"0";"0";"0";"0";"0";"0";"0";"0";"0";"0";"0";"0";"0";"0";"0";"0";"0";"0";"0";"0";"0";"0";"0";"0";"153";"2369393_153"
"main_coder";2369393;"Hof doet over een week uitspraak, avondklok blijft tot die tijd van kracht";"2021-02-19";"https://nos.nl/artikel/2369393-hof-doet-over-een-week-uitspraak-avondklok-blijft-tot-die-tijd-van-kracht.html";"Willem Engel";"Persoon";"Niet-governementele organisaties (NGO), maatschappelijke organisaties, en hun leden";"";"";"1";"1";"37";"0";"0";"0";"0";"0";"0";"0";"0";"0";"0";"0";"0";"0";"0";"0";"0";"0";"0";"0";"0";"0";"0";"0";"0";"0";"0";"0";"0";"0";"0";"0";"0";"0";"0";"0";"0";"0";"0";"0";"0";"0";"0";"0";"0";"0";"0";"0";"0";"0";"0";"0";"0";"0";"0";"0";"0";"0";"0";"0";"0";"0";"0";"0";"0";"0";"0";"0";"0";"0";"0";"0";"0";"0";"153";"2369393_153"
"researcher";2369393;"Hof doet over een week uitspraak, avondklok blijft tot die tijd van kracht";"2021-02-19";"https://nos.nl/artikel/2369393-hof-doet-over-een-week-uitspraak-avondklok-blijft-tot-die-tijd-van-kracht.html";"een Haagse voorzieningenrechter";"Persoon";"Nationale en internationale rechterlijke macht";"";"";"0";"1";"16";"1";"0";"0";"0";"0";"0";"0";"0";"0";"0";"0";"0";"0";"0";"0";"0";"0";"1";"0";"1";"0";"0";"0";"0";"0";"0";"0";"0";"0";"0";"0";"0";"0";"0";"0";"0";"0";"0";"0";"0";"0";"0";"0";"0";"0";"0";"0";"0";"0";"0";"0";"0";"0";"0";"0";"0";"0";"0";"0";"0";"0";"0";"0";"0";"0";"0";"0";"0";"0";"0";"0";"0";"0";"154";"2369393_154"
"second_coder";2369393;"Hof doet over een week uitspraak, avondklok blijft tot die tijd van kracht";"2021-02-19";"https://nos.nl/artikel/2369393-hof-doet-over-een-week-uitspraak-avondklok-blijft-tot-die-tijd-van-kracht.html";"een Haagse voorzieningenrechter";"Persoon";"Nationale en internationale rechterlijke macht";"";"";"0";"1";"16";"1";"0";"0";"0";"0";"0";"0";"0";"0";"0";"0";"0";"0";"0";"0";"0";"0";"1";"0";"1";"0";"0";"0";"0";"0";"0";"0";"0";"0";"0";"0";"0";"0";"0";"0";"0";"0";"0";"0";"0";"0";"0";"0";"0";"0";"0";"0";"0";"0";"0";"0";"0";"0";"0";"0";"0";"0";"0";"0";"0";"0";"0";"0";"0";"0";"0";"0";"0";"0";"0";"0";"0";"0";"154";"2369393_154"
"main_coder";2369393;"Hof doet over een week uitspraak, avondklok blijft tot die tijd van kracht";"2021-02-19";"https://nos.nl/artikel/2369393-hof-doet-over-een-week-uitspraak-avondklok-blijft-tot-die-tijd-van-kracht.html";"een Haagse voorzieningenrechter";"Persoon";"Nationale en internationale rechterlijke macht";"";"";"0";"1";"23";"1";"0";"0";"0";"0";"0";"0";"0";"0";"0";"0";"0";"0";"0";"0";"0";"0";"1";"0";"1";"0";"0";"0";"0";"0";"0";"0";"0";"0";"0";"0";"0";"0";"0";"0";"0";"0";"0";"0";"0";"0";"0";"0";"0";"0";"0";"0";"0";"0";"0";"0";"0";"0";"0";"0";"0";"0";"0";"0";"0";"0";"0";"0";"0";"0";"0";"0";"0";"0";"0";"0";"0";"0";"154";"2369393_154"
"researcher";2369393;"Hof doet over een week uitspraak, avondklok blijft tot die tijd van kracht";"2021-02-19";"https://nos.nl/artikel/2369393-hof-doet-over-een-week-uitspraak-avondklok-blijft-tot-die-tijd-van-kracht.html";"landsadvocaat";"Persoon";"Nationale en internationale rechterlijke macht";"";"";"1";"1";"35";"1";"0";"0";"0";"0";"0";"0";"0";"0";"0";"0";"0";"0";"0";"0";"0";"0";"1";"1";"0";"0";"0";"0";"0";"0";"0";"0";"0";"0";"0";"0";"0";"0";"0";"0";"0";"0";"0";"0";"0";"0";"0";"0";"0";"0";"0";"0";"0";"0";"0";"0";"0";"0";"0";"0";"0";"0";"0";"0";"0";"0";"0";"0";"0";"0";"0";"0";"0";"0";"0";"0";"0";"0";"155";"2369393_155"
"second_coder";2369393;"Hof doet over een week uitspraak, avondklok blijft tot die tijd van kracht";"2021-02-19";"https://nos.nl/artikel/2369393-hof-doet-over-een-week-uitspraak-avondklok-blijft-tot-die-tijd-van-kracht.html";"landsadvocaat";"Persoon";"Nationale en internationale rechterlijke macht";"";"";"1";"1";"35";"1";"0";"0";"0";"0";"0";"0";"0";"0";"0";"0";"0";"0";"0";"0";"0";"0";"1";"1";"0";"0";"0";"0";"0";"0";"0";"0";"0";"0";"0";"0";"0";"0";"0";"0";"0";"0";"0";"0";"0";"0";"0";"0";"0";"0";"0";"0";"0";"0";"0";"0";"0";"0";"0";"0";"0";"0";"0";"0";"0";"0";"0";"0";"0";"0";"0";"0";"0";"0";"0";"0";"0";"0";"155";"2369393_155"
"main_coder";2369393;"Hof doet over een week uitspraak, avondklok blijft tot die tijd van kracht";"2021-02-19";"https://nos.nl/artikel/2369393-hof-doet-over-een-week-uitspraak-avondklok-blijft-tot-die-tijd-van-kracht.html";"landsadvocaat";"Persoon";"Nationale en internationale rechterlijke macht";"";"";"1";"1";"8";"0";"0";"0";"0";"0";"0";"0";"0";"0";"0";"0";"0";"0";"0";"0";"0";"0";"0";"0";"0";"0";"0";"0";"0";"0";"0";"0";"0";"0";"0";"0";"0";"0";"0";"0";"0";"0";"0";"0";"0";"0";"0";"0";"0";"0";"0";"0";"0";"0";"0";"0";"0";"0";"0";"0";"0";"0";"0";"0";"0";"0";"0";"0";"0";"0";"0";"0";"0";"0";"0";"0";"0";"0";"155";"2369393_155"
"researcher";2369436;"Waarom veel zwarte Amerikanen het coronavaccin wantrouwen";"2021-02-19";"https://nos.nl/artikel/2369436-waarom-veel-zwarte-amerikanen-het-coronavaccin-wantrouwen.html";"Clinton";"Persoon";"Regeringen/regeringsleiders/regeringsleden en/of andere politici in een ander land dan NL, op nationaal of lokaal niveau OF staatsorganisaties en hun ambtenaren";"";"";"1";"0";"2";"0";"0";"0";"0";"0";"0";"0";"0";"0";"0";"0";"0";"0";"0";"0";"0";"0";"0";"0";"0";"0";"0";"0";"0";"0";"0";"0";"0";"0";"0";"0";"0";"0";"0";"0";"0";"0";"0";"0";"0";"0";"0";"0";"0";"0";"0";"0";"0";"0";"0";"0";"0";"0";"0";"0";"0";"0";"0";"0";"0";"0";"0";"0";"0";"0";"0";"0";"0";"0";"0";"0";"0";"0";"156";"2369436_156"
"main_coder";2369436;"Waarom veel zwarte Amerikanen het coronavaccin wantrouwen";"2021-02-19";"https://nos.nl/artikel/2369436-waarom-veel-zwarte-amerikanen-het-coronavaccin-wantrouwen.html";"Clinton";"Persoon";"Regeringen/regeringsleiders/regeringsleden en/of andere politici in een ander land dan NL, op nationaal of lokaal niveau OF staatsorganisaties en hun ambtenaren";"";"";"1";"0";"2";"0";"0";"0";"0";"0";"0";"0";"0";"0";"0";"0";"0";"0";"0";"0";"0";"0";"0";"0";"0";"0";"0";"0";"0";"0";"0";"0";"0";"0";"0";"0";"0";"0";"0";"0";"0";"0";"0";"0";"0";"0";"0";"0";"0";"0";"0";"0";"0";"0";"0";"0";"0";"0";"0";"0";"0";"0";"0";"0";"0";"0";"0";"0";"0";"0";"0";"0";"0";"0";"0";"0";"0";"0";"156";"2369436_156"
"researcher";2369436;"Waarom veel zwarte Amerikanen het coronavaccin wantrouwen";"2021-02-19";"https://nos.nl/artikel/2369436-waarom-veel-zwarte-amerikanen-het-coronavaccin-wantrouwen.html";"Kendrick Curry";"Persoon";"Religieuze instellingen en hun leden (ook gelovigen)";"";"";"1";"1";"136";"1";"0";"0";"0";"0";"0";"0";"0";"0";"0";"0";"0";"0";"0";"0";"0";"0";"0";"0";"0";"0";"0";"0";"0";"0";"0";"0";"0";"0";"0";"0";"0";"0";"0";"0";"0";"0";"0";"0";"0";"0";"0";"0";"0";"0";"0";"0";"0";"0";"0";"0";"0";"0";"0";"0";"0";"0";"0";"0";"0";"0";"0";"0";"0";"0";"1";"1";"0";"0";"0";"0";"0";"0";"157";"2369436_157"
"second_coder";2369436;"Waarom veel zwarte Amerikanen het coronavaccin wantrouwen";"2021-02-19";"https://nos.nl/artikel/2369436-waarom-veel-zwarte-amerikanen-het-coronavaccin-wantrouwen.html";"Kendrick Curry";"Persoon";"Religieuze instellingen en hun leden (ook gelovigen)";"";"";"1";"1";"136";"1";"0";"0";"0";"0";"0";"0";"0";"0";"0";"0";"0";"0";"0";"0";"0";"0";"0";"0";"0";"0";"0";"0";"0";"0";"0";"0";"0";"0";"0";"0";"0";"0";"0";"0";"0";"0";"0";"0";"0";"0";"0";"0";"0";"0";"0";"0";"0";"0";"0";"0";"0";"0";"0";"0";"0";"0";"0";"0";"0";"0";"0";"0";"0";"0";"1";"1";"0";"0";"0";"0";"0";"0";"157";"2369436_157"
"main_coder";2369436;"Waarom veel zwarte Amerikanen het coronavaccin wantrouwen";"2021-02-19";"https://nos.nl/artikel/2369436-waarom-veel-zwarte-amerikanen-het-coronavaccin-wantrouwen.html";"Kendrick Curry";"Persoon";"Religieuze instellingen en hun leden (ook gelovigen)";"";"";"1";"1";"135";"1";"0";"0";"0";"0";"0";"0";"0";"0";"0";"0";"0";"0";"0";"0";"0";"0";"0";"0";"0";"0";"0";"0";"0";"0";"0";"0";"0";"0";"0";"0";"0";"0";"0";"0";"0";"0";"0";"0";"0";"0";"0";"0";"0";"0";"0";"0";"0";"0";"0";"0";"0";"0";"0";"0";"0";"0";"0";"0";"0";"0";"0";"0";"0";"0";"1";"1";"0";"0";"0";"0";"0";"0";"157";"2369436_157"
"researcher";2369436;"Waarom veel zwarte Amerikanen het coronavaccin wantrouwen";"2021-02-19";"https://nos.nl/artikel/2369436-waarom-veel-zwarte-amerikanen-het-coronavaccin-wantrouwen.html";"Marvin McDowell";"Persoon";"Publiek en leden van het publiek, publieke opiniepeilingen en hun respondenten";"";"";"1";"0";"54";"1";"0";"0";"0";"0";"0";"0";"0";"0";"0";"0";"0";"0";"0";"0";"0";"0";"0";"0";"0";"0";"0";"0";"0";"0";"0";"0";"0";"0";"0";"0";"0";"0";"0";"0";"0";"0";"0";"0";"0";"0";"0";"0";"0";"0";"0";"0";"0";"0";"0";"0";"0";"0";"0";"0";"0";"0";"0";"0";"0";"0";"0";"0";"0";"0";"1";"0";"1";"0";"0";"0";"0";"0";"158";"2369436_158"
"second_coder";2369436;"Waarom veel zwarte Amerikanen het coronavaccin wantrouwen";"2021-02-19";"https://nos.nl/artikel/2369436-waarom-veel-zwarte-amerikanen-het-coronavaccin-wantrouwen.html";"Marvin McDowell";"Persoon";"Publiek en leden van het publiek, publieke opiniepeilingen en hun respondenten";"";"";"1";"1";"181";"1";"0";"0";"0";"0";"0";"0";"0";"0";"0";"0";"0";"0";"0";"0";"0";"0";"0";"0";"0";"0";"0";"0";"0";"0";"0";"0";"0";"0";"0";"0";"0";"0";"0";"0";"0";"0";"0";"0";"0";"0";"0";"0";"0";"0";"0";"0";"0";"0";"0";"0";"0";"0";"0";"0";"0";"0";"0";"0";"0";"0";"0";"0";"0";"0";"1";"0";"1";"0";"0";"0";"0";"0";"158";"2369436_158"
"main_coder";2369436;"Waarom veel zwarte Amerikanen het coronavaccin wantrouwen";"2021-02-19";"https://nos.nl/artikel/2369436-waarom-veel-zwarte-amerikanen-het-coronavaccin-wantrouwen.html";"Marvin McDowell";"Persoon";"Publiek en leden van het publiek, publieke opiniepeilingen en hun respondenten";"";"";"1";"0";"54";"1";"0";"0";"0";"0";"0";"0";"0";"0";"0";"0";"0";"0";"0";"0";"0";"0";"0";"0";"0";"0";"0";"0";"0";"0";"0";"0";"0";"0";"0";"0";"0";"0";"0";"0";"0";"0";"0";"0";"0";"0";"0";"0";"0";"0";"0";"0";"0";"0";"0";"0";"0";"0";"0";"0";"0";"0";"0";"0";"0";"0";"0";"0";"0";"0";"1";"0";"1";"0";"0";"0";"0";"0";"158";"2369436_158"
"researcher";2369444;"Ook Eerste Kamer stemt in met nieuwe avondklok-wet";"2021-02-19";"https://nos.nl/artikel/2369444-ook-eerste-kamer-stemt-in-met-nieuwe-avondklok-wet";"Eerste Kamervoorzitter Bruijn";"Persoon";"NL - Nationaal parlement en nationale partijen – wetgevende macht";"";"VVD";"1";"0";"5";"0";"0";"0";"0";"0";"0";"0";"0";"0";"0";"0";"0";"0";"0";"0";"0";"0";"0";"0";"0";"0";"0";"0";"0";"0";"0";"0";"0";"0";"0";"0";"0";"0";"0";"0";"0";"0";"0";"0";"0";"0";"0";"0";"0";"0";"0";"0";"0";"0";"0";"0";"0";"0";"0";"0";"0";"0";"0";"0";"0";"0";"0";"0";"0";"0";"0";"0";"0";"0";"0";"0";"0";"0";"159";"2369444_159"
"second_coder";2369444;"Ook Eerste Kamer stemt in met nieuwe avondklok-wet";"2021-02-19";"https://nos.nl/artikel/2369444-ook-eerste-kamer-stemt-in-met-nieuwe-avondklok-wet";"Eerste Kamervoorzitter Bruijn";"Persoon";"NL - Nationale regering - executive / uitvoerende macht";"";"D66";"1";"0";"5";"0";"0";"0";"0";"0";"0";"0";"0";"0";"0";"0";"0";"0";"0";"0";"0";"0";"0";"0";"0";"0";"0";"0";"0";"0";"0";"0";"0";"0";"0";"0";"0";"0";"0";"0";"0";"0";"0";"0";"0";"0";"0";"0";"0";"0";"0";"0";"0";"0";"0";"0";"0";"0";"0";"0";"0";"0";"0";"0";"0";"0";"0";"0";"0";"0";"0";"0";"0";"0";"0";"0";"0";"0";"159";"2369444_159"
"main_coder";2369444;"Ook Eerste Kamer stemt in met nieuwe avondklok-wet";"2021-02-19";"https://nos.nl/artikel/2369444-ook-eerste-kamer-stemt-in-met-nieuwe-avondklok-wet";"Eerste Kamervoorzitter Bruijn";"Persoon";"NL - Nationaal parlement en nationale partijen – wetgevende macht";"";"VVD";"1";"0";"5";"0";"0";"0";"0";"0";"0";"0";"0";"0";"0";"0";"0";"0";"0";"0";"0";"0";"0";"0";"0";"0";"0";"0";"0";"0";"0";"0";"0";"0";"0";"0";"0";"0";"0";"0";"0";"0";"0";"0";"0";"0";"0";"0";"0";"0";"0";"0";"0";"0";"0";"0";"0";"0";"0";"0";"0";"0";"0";"0";"0";"0";"0";"0";"0";"0";"0";"0";"0";"0";"0";"0";"0";"0";"159";"2369444_159"
"main_coder";2369444;"Ook Eerste Kamer stemt in met nieuwe avondklok-wet";"2021-02-19";"https://nos.nl/artikel/2369444-ook-eerste-kamer-stemt-in-met-nieuwe-avondklok-wet";"de rechtbank in Den Haag";"Organisatie";"Nationale en internationale rechterlijke macht";"";"";"0";"1";"9";"0";"0";"0";"0";"0";"0";"0";"0";"0";"0";"0";"0";"0";"0";"0";"0";"0";"0";"0";"0";"0";"0";"0";"0";"0";"0";"0";"0";"0";"0";"0";"0";"0";"0";"0";"0";"0";"0";"0";"0";"0";"0";"0";"0";"0";"0";"0";"0";"0";"0";"0";"0";"0";"0";"0";"0";"0";"0";"0";"0";"0";"0";"0";"0";"0";"0";"0";"0";"0";"0";"0";"0";"0";"160";"2369444_160"
"main_coder";2369444;"Ook Eerste Kamer stemt in met nieuwe avondklok-wet";"2021-02-19";"https://nos.nl/artikel/2369444-ook-eerste-kamer-stemt-in-met-nieuwe-avondklok-wet";"de rechter";"Persoon";"Nationale en internationale rechterlijke macht";"";"";"0";"1";"6";"0";"0";"0";"0";"0";"0";"0";"0";"0";"0";"0";"0";"0";"0";"0";"0";"0";"0";"0";"0";"0";"0";"0";"0";"0";"0";"0";"0";"0";"0";"0";"0";"0";"0";"0";"0";"0";"0";"0";"0";"0";"0";"0";"0";"0";"0";"0";"0";"0";"0";"0";"0";"0";"0";"0";"0";"0";"0";"0";"0";"0";"0";"0";"0";"0";"0";"0";"0";"0";"0";"0";"0";"0";"161";"2369444_161"
"main_coder";2370347;"Steun voor maatregelen sterk afgenomen, maar meeste mensen houden zich er nog aan";"2021-02-26";"https://nos.nl/artikel/2370347-steun-voor-maatregelen-sterk-afgenomen-maar-meeste-mensen-houden-zich-er-nog-aan.html";"22 procent";"Persoon";"Publiek en leden van het publiek, publieke opiniepeilingen en hun respondenten";"";"";"0";"1";"5";"1";"1";"0";"1";"0";"0";"0";"0";"0";"0";"0";"0";"0";"0";"0";"0";"0";"0";"0";"0";"0";"0";"0";"0";"0";"0";"0";"0";"0";"0";"0";"0";"0";"0";"0";"0";"0";"0";"0";"0";"0";"0";"0";"0";"0";"0";"0";"0";"0";"0";"0";"0";"0";"0";"0";"0";"0";"0";"0";"0";"0";"0";"0";"0";"0";"0";"0";"0";"0";"0";"0";"0";"0";"162";"2370347_162"
"main_coder";2370347;"Steun voor maatregelen sterk afgenomen, maar meeste mensen houden zich er nog aan";"2021-02-26";"https://nos.nl/artikel/2370347-steun-voor-maatregelen-sterk-afgenomen-maar-meeste-mensen-houden-zich-er-nog-aan.html";"25 procent";"Persoon";"Publiek en leden van het publiek, publieke opiniepeilingen en hun respondenten";"";"";"0";"1";"5";"1";"1";"0";"1";"0";"0";"0";"0";"0";"0";"0";"0";"0";"0";"0";"0";"0";"0";"0";"0";"0";"0";"0";"0";"0";"0";"0";"0";"0";"0";"0";"0";"0";"0";"0";"0";"0";"0";"0";"0";"0";"0";"0";"0";"0";"0";"0";"0";"0";"0";"0";"0";"0";"0";"0";"0";"0";"0";"0";"0";"0";"0";"0";"0";"0";"0";"0";"0";"0";"0";"0";"0";"0";"163";"2370347_163"
"researcher";2370347;"Steun voor maatregelen sterk afgenomen, maar meeste mensen houden zich er nog aan";"2021-02-26";"https://nos.nl/artikel/2370347-steun-voor-maatregelen-sterk-afgenomen-maar-meeste-mensen-houden-zich-er-nog-aan.html";"29 procent van de deelnemers";"Persoon";"Publiek en leden van het publiek, publieke opiniepeilingen en hun respondenten";"";"";"0";"1";"7";"0";"0";"0";"0";"0";"0";"0";"0";"0";"0";"0";"0";"0";"0";"0";"0";"0";"0";"0";"0";"0";"0";"0";"0";"0";"0";"0";"0";"0";"0";"0";"0";"0";"0";"0";"0";"0";"0";"0";"0";"0";"0";"0";"0";"0";"0";"0";"0";"0";"0";"0";"0";"0";"0";"0";"0";"0";"0";"0";"0";"0";"0";"0";"0";"0";"0";"0";"0";"0";"0";"0";"0";"0";"164";"2370347_164"
"second_coder";2370347;"Steun voor maatregelen sterk afgenomen, maar meeste mensen houden zich er nog aan";"2021-02-26";"https://nos.nl/artikel/2370347-steun-voor-maatregelen-sterk-afgenomen-maar-meeste-mensen-houden-zich-er-nog-aan.html";"29 procent van de deelnemers";"Persoon";"Publiek en leden van het publiek, publieke opiniepeilingen en hun respondenten";"";"";"0";"1";"7";"0";"0";"0";"0";"0";"0";"0";"0";"0";"0";"0";"0";"0";"0";"0";"0";"0";"0";"0";"0";"0";"0";"0";"0";"0";"0";"0";"0";"0";"0";"0";"0";"0";"0";"0";"0";"0";"0";"0";"0";"0";"0";"0";"0";"0";"0";"0";"0";"0";"0";"0";"0";"0";"0";"0";"0";"0";"0";"0";"0";"0";"0";"0";"0";"0";"0";"0";"0";"0";"0";"0";"0";"0";"164";"2370347_164"
"main_coder";2370347;"Steun voor maatregelen sterk afgenomen, maar meeste mensen houden zich er nog aan";"2021-02-26";"https://nos.nl/artikel/2370347-steun-voor-maatregelen-sterk-afgenomen-maar-meeste-mensen-houden-zich-er-nog-aan.html";"29 procent van de deelnemers";"Persoon";"Publiek en leden van het publiek, publieke opiniepeilingen en hun respondenten";"";"";"0";"1";"6";"0";"0";"0";"0";"0";"0";"0";"0";"0";"0";"0";"0";"0";"0";"0";"0";"0";"0";"0";"0";"0";"0";"0";"0";"0";"0";"0";"0";"0";"0";"0";"0";"0";"0";"0";"0";"0";"0";"0";"0";"0";"0";"0";"0";"0";"0";"0";"0";"0";"0";"0";"0";"0";"0";"0";"0";"0";"0";"0";"0";"0";"0";"0";"0";"0";"0";"0";"0";"0";"0";"0";"0";"0";"164";"2370347_164"
"main_coder";2370347;"Steun voor maatregelen sterk afgenomen, maar meeste mensen houden zich er nog aan";"2021-02-26";"https://nos.nl/artikel/2370347-steun-voor-maatregelen-sterk-afgenomen-maar-meeste-mensen-houden-zich-er-nog-aan.html";"41 procent van de deelnemers";"Persoon";"Publiek en leden van het publiek, publieke opiniepeilingen en hun respondenten";"";"";"0";"1";"5";"0";"0";"0";"0";"0";"0";"0";"0";"0";"0";"0";"0";"0";"0";"0";"0";"0";"0";"0";"0";"0";"0";"0";"0";"0";"0";"0";"0";"0";"0";"0";"0";"0";"0";"0";"0";"0";"0";"0";"0";"0";"0";"0";"0";"0";"0";"0";"0";"0";"0";"0";"0";"0";"0";"0";"0";"0";"0";"0";"0";"0";"0";"0";"0";"0";"0";"0";"0";"0";"0";"0";"0";"0";"165";"2370347_165"
"researcher";2370347;"Steun voor maatregelen sterk afgenomen, maar meeste mensen houden zich er nog aan";"2021-02-26";"https://nos.nl/artikel/2370347-steun-voor-maatregelen-sterk-afgenomen-maar-meeste-mensen-houden-zich-er-nog-aan.html";"42 procent van de ondervraagden";"Persoon";"Publiek en leden van het publiek, publieke opiniepeilingen en hun respondenten";"";"";"0";"1";"4";"1";"0";"0";"0";"0";"0";"0";"0";"0";"0";"0";"0";"0";"0";"0";"0";"0";"1";"1";"0";"0";"0";"0";"0";"0";"0";"0";"0";"0";"0";"0";"0";"0";"0";"0";"0";"0";"0";"0";"0";"0";"0";"0";"0";"0";"0";"0";"0";"0";"0";"0";"0";"0";"0";"0";"0";"0";"0";"0";"0";"0";"0";"0";"0";"0";"0";"0";"0";"0";"0";"0";"0";"0";"166";"2370347_166"
"second_coder";2370347;"Steun voor maatregelen sterk afgenomen, maar meeste mensen houden zich er nog aan";"2021-02-26";"https://nos.nl/artikel/2370347-steun-voor-maatregelen-sterk-afgenomen-maar-meeste-mensen-houden-zich-er-nog-aan.html";"42 procent van de ondervraagden";"Persoon";"Publiek en leden van het publiek, publieke opiniepeilingen en hun respondenten";"";"";"0";"1";"4";"1";"0";"0";"0";"0";"0";"0";"0";"0";"0";"0";"0";"0";"0";"0";"0";"0";"1";"1";"0";"0";"0";"0";"0";"0";"0";"0";"0";"0";"0";"0";"0";"0";"0";"0";"0";"0";"0";"0";"0";"0";"0";"0";"0";"0";"0";"0";"0";"0";"0";"0";"0";"0";"0";"0";"0";"0";"0";"0";"0";"0";"0";"0";"0";"0";"0";"0";"0";"0";"0";"0";"0";"0";"166";"2370347_166"
"main_coder";2370347;"Steun voor maatregelen sterk afgenomen, maar meeste mensen houden zich er nog aan";"2021-02-26";"https://nos.nl/artikel/2370347-steun-voor-maatregelen-sterk-afgenomen-maar-meeste-mensen-houden-zich-er-nog-aan.html";"42 procent van de ondervraagden";"Persoon";"Publiek en leden van het publiek, publieke opiniepeilingen en hun respondenten";"";"";"0";"1";"3";"1";"0";"0";"0";"0";"0";"0";"0";"0";"0";"0";"0";"0";"0";"0";"0";"0";"1";"1";"0";"0";"0";"0";"0";"0";"0";"0";"0";"0";"0";"0";"0";"0";"0";"0";"0";"0";"0";"0";"0";"0";"0";"0";"0";"0";"0";"0";"0";"0";"0";"0";"0";"0";"0";"0";"0";"0";"0";"0";"0";"0";"0";"0";"0";"0";"0";"0";"0";"0";"0";"0";"0";"0";"166";"2370347_166"
"main_coder";2370347;"Steun voor maatregelen sterk afgenomen, maar meeste mensen houden zich er nog aan";"2021-02-26";"https://nos.nl/artikel/2370347-steun-voor-maatregelen-sterk-afgenomen-maar-meeste-mensen-houden-zich-er-nog-aan.html";"67 procent";"Persoon";"Publiek en leden van het publiek, publieke opiniepeilingen en hun respondenten";"";"";"0";"1";"7";"0";"0";"0";"0";"0";"0";"0";"0";"0";"0";"0";"0";"0";"0";"0";"0";"0";"0";"0";"0";"0";"0";"0";"0";"0";"0";"0";"0";"0";"0";"0";"0";"0";"0";"0";"0";"0";"0";"0";"0";"0";"0";"0";"0";"0";"0";"0";"0";"0";"0";"0";"0";"0";"0";"0";"0";"0";"0";"0";"0";"0";"0";"0";"0";"0";"0";"0";"0";"0";"0";"0";"0";"0";"167";"2370347_167"
"main_coder";2370347;"Steun voor maatregelen sterk afgenomen, maar meeste mensen houden zich er nog aan";"2021-02-26";"https://nos.nl/artikel/2370347-steun-voor-maatregelen-sterk-afgenomen-maar-meeste-mensen-houden-zich-er-nog-aan.html";"69 procent";"Persoon";"Publiek en leden van het publiek, publieke opiniepeilingen en hun respondenten";"";"";"0";"1";"4";"0";"0";"0";"0";"0";"0";"0";"0";"0";"0";"0";"0";"0";"0";"0";"0";"0";"0";"0";"0";"0";"0";"0";"0";"0";"0";"0";"0";"0";"0";"0";"0";"0";"0";"0";"0";"0";"0";"0";"0";"0";"0";"0";"0";"0";"0";"0";"0";"0";"0";"0";"0";"0";"0";"0";"0";"0";"0";"0";"0";"0";"0";"0";"0";"0";"0";"0";"0";"0";"0";"0";"0";"0";"168";"2370347_168"
"main_coder";2370347;"Steun voor maatregelen sterk afgenomen, maar meeste mensen houden zich er nog aan";"2021-02-26";"https://nos.nl/artikel/2370347-steun-voor-maatregelen-sterk-afgenomen-maar-meeste-mensen-houden-zich-er-nog-aan.html";"80 procent";"Persoon";"Publiek en leden van het publiek, publieke opiniepeilingen en hun respondenten";"";"";"0";"1";"16";"0";"0";"0";"0";"0";"0";"0";"0";"0";"0";"0";"0";"0";"0";"0";"0";"0";"0";"0";"0";"0";"0";"0";"0";"0";"0";"0";"0";"0";"0";"0";"0";"0";"0";"0";"0";"0";"0";"0";"0";"0";"0";"0";"0";"0";"0";"0";"0";"0";"0";"0";"0";"0";"0";"0";"0";"0";"0";"0";"0";"0";"0";"0";"0";"0";"0";"0";"0";"0";"0";"0";"0";"0";"169";"2370347_169"
"main_coder";2370347;"Steun voor maatregelen sterk afgenomen, maar meeste mensen houden zich er nog aan";"2021-02-26";"https://nos.nl/artikel/2370347-steun-voor-maatregelen-sterk-afgenomen-maar-meeste-mensen-houden-zich-er-nog-aan.html";"88 procent";"Persoon";"Publiek en leden van het publiek, publieke opiniepeilingen en hun respondenten";"";"";"0";"1";"8";"0";"0";"0";"0";"0";"0";"0";"0";"0";"0";"0";"0";"0";"0";"0";"0";"0";"0";"0";"0";"0";"0";"0";"0";"0";"0";"0";"0";"0";"0";"0";"0";"0";"0";"0";"0";"0";"0";"0";"0";"0";"0";"0";"0";"0";"0";"0";"0";"0";"0";"0";"0";"0";"0";"0";"0";"0";"0";"0";"0";"0";"0";"0";"0";"0";"0";"0";"0";"0";"0";"0";"0";"0";"170";"2370347_170"
"researcher";2370347;"Steun voor maatregelen sterk afgenomen, maar meeste mensen houden zich er nog aan";"2021-02-26";"https://nos.nl/artikel/2370347-steun-voor-maatregelen-sterk-afgenomen-maar-meeste-mensen-houden-zich-er-nog-aan.html";"Iets meer dan de helft van de deelnemers";"Persoon";"Publiek en leden van het publiek, publieke opiniepeilingen en hun respondenten";"";"";"0";"1";"27";"1";"1";"1";"0";"0";"0";"0";"0";"0";"0";"0";"0";"0";"0";"0";"0";"0";"0";"0";"0";"0";"0";"0";"0";"0";"0";"0";"0";"0";"0";"0";"0";"0";"0";"0";"0";"0";"0";"0";"0";"0";"0";"0";"0";"0";"0";"0";"0";"0";"0";"0";"0";"0";"0";"0";"0";"0";"0";"0";"0";"0";"0";"0";"0";"0";"0";"0";"0";"0";"0";"0";"0";"0";"171";"2370347_171"
"main_coder";2370347;"Steun voor maatregelen sterk afgenomen, maar meeste mensen houden zich er nog aan";"2021-02-26";"https://nos.nl/artikel/2370347-steun-voor-maatregelen-sterk-afgenomen-maar-meeste-mensen-houden-zich-er-nog-aan.html";"Iets meer dan de helft van de deelnemers";"Persoon";"Publiek en leden van het publiek, publieke opiniepeilingen en hun respondenten";"";"";"0";"1";"12";"1";"1";"1";"0";"0";"0";"0";"0";"0";"0";"0";"0";"0";"0";"0";"0";"0";"0";"0";"0";"0";"0";"0";"0";"0";"0";"0";"0";"0";"0";"0";"0";"0";"0";"0";"0";"0";"0";"0";"0";"0";"0";"0";"0";"0";"0";"0";"0";"0";"0";"0";"0";"0";"0";"0";"0";"0";"0";"0";"0";"0";"0";"0";"0";"0";"0";"0";"0";"0";"0";"0";"0";"0";"171";"2370347_171"
"second_coder";2370347;"Steun voor maatregelen sterk afgenomen, maar meeste mensen houden zich er nog aan";"2021-02-26";"https://nos.nl/artikel/2370347-steun-voor-maatregelen-sterk-afgenomen-maar-meeste-mensen-houden-zich-er-nog-aan.html";"Iets meer dan de helft van de deelnemers (54 procent)";"Persoon";"Publiek en leden van het publiek, publieke opiniepeilingen en hun respondenten";"";"";"0";"1";"13";"1";"1";"1";"0";"0";"0";"0";"0";"0";"0";"0";"0";"0";"0";"0";"0";"0";"0";"0";"0";"0";"0";"0";"0";"0";"0";"0";"0";"0";"0";"0";"0";"0";"0";"0";"0";"0";"0";"0";"0";"0";"0";"0";"0";"0";"0";"0";"0";"0";"0";"0";"0";"0";"0";"0";"0";"0";"0";"0";"0";"0";"0";"0";"0";"0";"0";"0";"0";"0";"0";"0";"0";"0";"172";"2370347_172"
"main_coder";2370347;"Steun voor maatregelen sterk afgenomen, maar meeste mensen houden zich er nog aan";"2021-02-26";"https://nos.nl/artikel/2370347-steun-voor-maatregelen-sterk-afgenomen-maar-meeste-mensen-houden-zich-er-nog-aan.html";"Iets minder dan de helft van de Nederlanders";"Persoon";"Publiek en leden van het publiek, publieke opiniepeilingen en hun respondenten";"";"";"0";"1";"13";"1";"1";"1";"0";"0";"0";"0";"0";"0";"0";"0";"0";"0";"0";"0";"0";"0";"0";"0";"0";"0";"0";"0";"0";"0";"0";"0";"0";"0";"0";"0";"0";"0";"0";"0";"0";"0";"0";"0";"0";"0";"0";"0";"0";"0";"0";"0";"0";"0";"0";"0";"0";"0";"0";"0";"0";"0";"0";"0";"0";"0";"0";"0";"0";"0";"0";"0";"0";"0";"0";"0";"0";"0";"173";"2370347_173"
"second_coder";2370347;"Steun voor maatregelen sterk afgenomen, maar meeste mensen houden zich er nog aan";"2021-02-26";"https://nos.nl/artikel/2370347-steun-voor-maatregelen-sterk-afgenomen-maar-meeste-mensen-houden-zich-er-nog-aan.html";"Iets minder dan de helft van de Nederlanders (48 procent)";"Persoon";"Publiek en leden van het publiek, publieke opiniepeilingen en hun respondenten";"";"";"0";"1";"14";"1";"1";"1";"0";"0";"0";"0";"0";"0";"0";"0";"0";"0";"0";"0";"0";"0";"0";"0";"0";"0";"0";"0";"0";"0";"0";"0";"0";"0";"0";"0";"0";"0";"0";"0";"0";"0";"0";"0";"0";"0";"0";"0";"0";"0";"0";"0";"0";"0";"0";"0";"0";"0";"0";"0";"0";"0";"0";"0";"0";"0";"0";"0";"0";"0";"0";"0";"0";"0";"0";"0";"0";"0";"174";"2370347_174"
"researcher";2370347;"Steun voor maatregelen sterk afgenomen, maar meeste mensen houden zich er nog aan";"2021-02-26";"https://nos.nl/artikel/2370347-steun-voor-maatregelen-sterk-afgenomen-maar-meeste-mensen-houden-zich-er-nog-aan.html";"Marijn de Bruin";"Persoon";"Wetenschappelijke/medische organisaties en onderzoekers";"";"";"1";"0";"123";"1";"1";"0";"0";"1";"0";"0";"0";"0";"1";"0";"0";"1";"1";"0";"0";"1";"0";"0";"0";"0";"0";"0";"0";"0";"0";"0";"0";"0";"0";"0";"0";"0";"0";"0";"0";"0";"0";"0";"0";"0";"0";"0";"0";"0";"0";"0";"0";"0";"0";"0";"0";"0";"0";"0";"0";"0";"1";"1";"0";"0";"1";"1";"0";"0";"0";"0";"0";"0";"0";"0";"0";"0";"175";"2370347_175"
"second_coder";2370347;"Steun voor maatregelen sterk afgenomen, maar meeste mensen houden zich er nog aan";"2021-02-26";"https://nos.nl/artikel/2370347-steun-voor-maatregelen-sterk-afgenomen-maar-meeste-mensen-houden-zich-er-nog-aan.html";"Marijn de Bruin";"Persoon";"Wetenschappelijke/medische organisaties en onderzoekers";"";"";"1";"0";"123";"1";"1";"0";"0";"1";"0";"0";"0";"0";"1";"0";"0";"1";"0";"0";"0";"0";"0";"0";"0";"0";"0";"0";"0";"0";"0";"0";"0";"0";"0";"0";"0";"0";"0";"0";"0";"0";"0";"0";"0";"0";"0";"0";"0";"0";"0";"0";"0";"0";"0";"0";"0";"0";"0";"0";"0";"0";"1";"0";"0";"1";"1";"0";"0";"1";"0";"0";"0";"0";"0";"0";"0";"0";"175";"2370347_175"
"main_coder";2370347;"Steun voor maatregelen sterk afgenomen, maar meeste mensen houden zich er nog aan";"2021-02-26";"https://nos.nl/artikel/2370347-steun-voor-maatregelen-sterk-afgenomen-maar-meeste-mensen-houden-zich-er-nog-aan.html";"Marijn de Bruin";"Persoon";"Openbare en semiopenbare instellingen";"";"";"1";"0";"123";"1";"1";"0";"0";"1";"0";"0";"0";"0";"1";"0";"0";"1";"1";"0";"0";"1";"0";"0";"0";"0";"0";"0";"0";"0";"0";"0";"0";"0";"0";"0";"0";"0";"0";"0";"0";"0";"0";"0";"0";"0";"0";"0";"0";"0";"0";"0";"0";"0";"0";"0";"0";"0";"0";"0";"0";"0";"1";"1";"0";"0";"0";"0";"0";"0";"0";"0";"0";"0";"0";"0";"0";"0";"175";"2370347_175"
"main_coder";2370347;"Steun voor maatregelen sterk afgenomen, maar meeste mensen houden zich er nog aan";"2021-02-26";"https://nos.nl/artikel/2370347-steun-voor-maatregelen-sterk-afgenomen-maar-meeste-mensen-houden-zich-er-nog-aan.html";"Minder dan de helft van de Nederlanders";"Persoon";"Publiek en leden van het publiek, publieke opiniepeilingen en hun respondenten";"";"";"0";"1";"12";"1";"0";"0";"0";"0";"0";"0";"0";"0";"0";"0";"0";"0";"1";"0";"1";"0";"1";"0";"1";"0";"0";"0";"0";"0";"0";"0";"0";"0";"0";"0";"0";"0";"0";"0";"0";"0";"0";"0";"0";"0";"0";"0";"0";"0";"0";"0";"0";"0";"0";"0";"0";"0";"0";"0";"0";"0";"0";"0";"0";"0";"0";"0";"0";"0";"0";"0";"0";"0";"0";"0";"0";"0";"176";"2370347_176"
"researcher";2370347;"Steun voor maatregelen sterk afgenomen, maar meeste mensen houden zich er nog aan";"2021-02-26";"https://nos.nl/artikel/2370347-steun-voor-maatregelen-sterk-afgenomen-maar-meeste-mensen-houden-zich-er-nog-aan.html";"Personen boven de 70 jaar";"Persoon";"Publiek en leden van het publiek, publieke opiniepeilingen en hun respondenten";"";"";"0";"1";"8";"0";"0";"0";"0";"0";"0";"0";"0";"0";"0";"0";"0";"0";"0";"0";"0";"0";"0";"0";"0";"0";"0";"0";"0";"0";"0";"0";"0";"0";"0";"0";"0";"0";"0";"0";"0";"0";"0";"0";"0";"0";"0";"0";"0";"0";"0";"0";"0";"0";"0";"0";"0";"0";"0";"0";"0";"0";"0";"0";"0";"0";"0";"0";"0";"0";"0";"0";"0";"0";"0";"0";"0";"0";"177";"2370347_177"
"second_coder";2370347;"Steun voor maatregelen sterk afgenomen, maar meeste mensen houden zich er nog aan";"2021-02-26";"https://nos.nl/artikel/2370347-steun-voor-maatregelen-sterk-afgenomen-maar-meeste-mensen-houden-zich-er-nog-aan.html";"Personen boven de 70 jaar";"Persoon";"Publiek en leden van het publiek, publieke opiniepeilingen en hun respondenten";"";"";"0";"1";"8";"0";"0";"0";"0";"0";"0";"0";"0";"0";"0";"0";"0";"0";"0";"0";"0";"0";"0";"0";"0";"0";"0";"0";"0";"0";"0";"0";"0";"0";"0";"0";"0";"0";"0";"0";"0";"0";"0";"0";"0";"0";"0";"0";"0";"0";"0";"0";"0";"0";"0";"0";"0";"0";"0";"0";"0";"0";"0";"0";"0";"0";"0";"0";"0";"0";"0";"0";"0";"0";"0";"0";"0";"0";"177";"2370347_177"
"main_coder";2370347;"Steun voor maatregelen sterk afgenomen, maar meeste mensen houden zich er nog aan";"2021-02-26";"https://nos.nl/artikel/2370347-steun-voor-maatregelen-sterk-afgenomen-maar-meeste-mensen-houden-zich-er-nog-aan.html";"Personen boven de 70 jaar";"Persoon";"Publiek en leden van het publiek, publieke opiniepeilingen en hun respondenten";"";"";"0";"1";"7";"0";"0";"0";"0";"0";"0";"0";"0";"0";"0";"0";"0";"0";"0";"0";"0";"0";"0";"0";"0";"0";"0";"0";"0";"0";"0";"0";"0";"0";"0";"0";"0";"0";"0";"0";"0";"0";"0";"0";"0";"0";"0";"0";"0";"0";"0";"0";"0";"0";"0";"0";"0";"0";"0";"0";"0";"0";"0";"0";"0";"0";"0";"0";"0";"0";"0";"0";"0";"0";"0";"0";"0";"0";"177";"2370347_177"
"researcher";2370347;"Steun voor maatregelen sterk afgenomen, maar meeste mensen houden zich er nog aan";"2021-02-26";"https://nos.nl/artikel/2370347-steun-voor-maatregelen-sterk-afgenomen-maar-meeste-mensen-houden-zich-er-nog-aan.html";"Vier op de tien";"Persoon";"Publiek en leden van het publiek, publieke opiniepeilingen en hun respondenten";"";"";"0";"1";"16";"1";"0";"0";"0";"0";"0";"0";"0";"0";"0";"0";"0";"0";"0";"0";"0";"0";"0";"0";"0";"0";"0";"0";"0";"0";"0";"0";"0";"0";"0";"0";"0";"0";"0";"0";"0";"0";"0";"0";"0";"0";"0";"0";"0";"0";"0";"0";"0";"0";"0";"0";"0";"0";"0";"0";"0";"0";"0";"0";"0";"0";"0";"0";"0";"0";"1";"0";"1";"0";"0";"0";"0";"0";"178";"2370347_178"
"second_coder";2370347;"Steun voor maatregelen sterk afgenomen, maar meeste mensen houden zich er nog aan";"2021-02-26";"https://nos.nl/artikel/2370347-steun-voor-maatregelen-sterk-afgenomen-maar-meeste-mensen-houden-zich-er-nog-aan.html";"Vier op de tien";"Persoon";"Publiek en leden van het publiek, publieke opiniepeilingen en hun respondenten";"";"";"0";"1";"16";"1";"0";"0";"0";"0";"0";"0";"0";"0";"0";"0";"0";"0";"0";"0";"0";"0";"0";"0";"0";"0";"0";"0";"0";"0";"0";"0";"0";"0";"0";"0";"0";"0";"0";"0";"0";"0";"0";"0";"0";"0";"0";"0";"0";"0";"0";"0";"0";"0";"0";"0";"0";"0";"0";"0";"0";"0";"0";"0";"0";"0";"0";"0";"0";"0";"1";"0";"1";"0";"0";"0";"0";"0";"178";"2370347_178"
"main_coder";2370347;"Steun voor maatregelen sterk afgenomen, maar meeste mensen houden zich er nog aan";"2021-02-26";"https://nos.nl/artikel/2370347-steun-voor-maatregelen-sterk-afgenomen-maar-meeste-mensen-houden-zich-er-nog-aan.html";"Vier op de tien";"Persoon";"Publiek en leden van het publiek, publieke opiniepeilingen en hun respondenten";"";"";"0";"1";"15";"1";"0";"0";"0";"0";"0";"0";"0";"0";"0";"0";"0";"0";"0";"0";"0";"0";"0";"0";"0";"0";"0";"0";"0";"0";"0";"0";"0";"0";"0";"0";"0";"0";"0";"0";"0";"0";"0";"0";"0";"0";"0";"0";"0";"0";"0";"0";"0";"0";"0";"0";"0";"0";"0";"0";"0";"0";"0";"0";"0";"0";"0";"0";"0";"0";"1";"1";"0";"0";"0";"0";"0";"0";"178";"2370347_178"
"main_coder";2370347;"Steun voor maatregelen sterk afgenomen, maar meeste mensen houden zich er nog aan";"2021-02-26";"https://nos.nl/artikel/2370347-steun-voor-maatregelen-sterk-afgenomen-maar-meeste-mensen-houden-zich-er-nog-aan.html";"de Gedragsunit van het RIVM";"Organisatie";"Openbare en semiopenbare instellingen";"";"";"0";"1";"19";"1";"1";"0";"0";"1";"0";"0";"0";"0";"0";"0";"0";"0";"0";"0";"0";"0";"0";"0";"0";"0";"0";"0";"0";"0";"0";"0";"0";"0";"0";"0";"0";"0";"0";"0";"0";"0";"0";"0";"0";"0";"0";"0";"0";"0";"0";"0";"0";"0";"0";"0";"0";"0";"0";"0";"0";"0";"0";"0";"0";"0";"0";"0";"0";"0";"0";"0";"0";"0";"0";"0";"0";"0";"179";"2370347_179"
"main_coder";2370347;"Steun voor maatregelen sterk afgenomen, maar meeste mensen houden zich er nog aan";"2021-02-26";"https://nos.nl/artikel/2370347-steun-voor-maatregelen-sterk-afgenomen-maar-meeste-mensen-houden-zich-er-nog-aan.html";"de meerderheid";"Persoon";"Publiek en leden van het publiek, publieke opiniepeilingen en hun respondenten";"";"";"0";"1";"4";"0";"0";"0";"0";"0";"0";"0";"0";"0";"0";"0";"0";"0";"0";"0";"0";"0";"0";"0";"0";"0";"0";"0";"0";"0";"0";"0";"0";"0";"0";"0";"0";"0";"0";"0";"0";"0";"0";"0";"0";"0";"0";"0";"0";"0";"0";"0";"0";"0";"0";"0";"0";"0";"0";"0";"0";"0";"0";"0";"0";"0";"0";"0";"0";"0";"0";"0";"0";"0";"0";"0";"0";"0";"180";"2370347_180"
"researcher";2370347;"Steun voor maatregelen sterk afgenomen, maar meeste mensen houden zich er nog aan";"2021-02-26";"https://nos.nl/artikel/2370347-steun-voor-maatregelen-sterk-afgenomen-maar-meeste-mensen-houden-zich-er-nog-aan.html";"veel respondenten";"Persoon";"Publiek en leden van het publiek, publieke opiniepeilingen en hun respondenten";"";"";"1";"0";"15";"1";"0";"0";"0";"0";"0";"0";"0";"0";"0";"0";"0";"0";"1";"0";"0";"1";"0";"0";"0";"0";"0";"0";"0";"0";"0";"0";"0";"0";"0";"0";"0";"0";"0";"0";"0";"0";"0";"0";"0";"0";"0";"0";"0";"0";"0";"0";"0";"0";"0";"0";"0";"0";"0";"0";"0";"0";"0";"0";"0";"0";"0";"0";"0";"0";"0";"0";"0";"0";"0";"0";"0";"0";"181";"2370347_181"
"second_coder";2370347;"Steun voor maatregelen sterk afgenomen, maar meeste mensen houden zich er nog aan";"2021-02-26";"https://nos.nl/artikel/2370347-steun-voor-maatregelen-sterk-afgenomen-maar-meeste-mensen-houden-zich-er-nog-aan.html";"veel respondenten";"Persoon";"Publiek en leden van het publiek, publieke opiniepeilingen en hun respondenten";"";"";"1";"0";"15";"1";"0";"0";"0";"0";"0";"0";"0";"0";"0";"0";"0";"0";"1";"0";"1";"0";"0";"0";"0";"0";"0";"0";"0";"0";"0";"0";"0";"0";"0";"0";"0";"0";"0";"0";"0";"0";"0";"0";"0";"0";"0";"0";"0";"0";"0";"0";"0";"0";"0";"0";"0";"0";"0";"0";"0";"0";"0";"0";"0";"0";"0";"0";"0";"0";"0";"0";"0";"0";"0";"0";"0";"0";"181";"2370347_181"
"main_coder";2370347;"Steun voor maatregelen sterk afgenomen, maar meeste mensen houden zich er nog aan";"2021-02-26";"https://nos.nl/artikel/2370347-steun-voor-maatregelen-sterk-afgenomen-maar-meeste-mensen-houden-zich-er-nog-aan.html";"veel respondenten";"Persoon";"Publiek en leden van het publiek, publieke opiniepeilingen en hun respondenten";"";"";"1";"0";"15";"1";"0";"0";"0";"0";"0";"0";"0";"0";"0";"0";"0";"0";"1";"0";"0";"1";"0";"0";"0";"0";"0";"0";"0";"0";"0";"0";"0";"0";"0";"0";"0";"0";"0";"0";"0";"0";"0";"0";"0";"0";"0";"0";"0";"0";"0";"0";"0";"0";"0";"0";"0";"0";"0";"0";"0";"0";"0";"0";"0";"0";"0";"0";"0";"0";"0";"0";"0";"0";"0";"0";"0";"0";"181";"2370347_181"
"researcher";2373350;"RIVM: ""Oplopend aantal besmettingen betekent niet per se meer ziekenhuisopnames""";"2021-03-20";"https://nos.nl/artikel/2373350-rivm-oplopend-aantal-besmettingen-betekent-niet-per-se-meer-ziekenhuisopnames";"Hugo de Jonge";"Persoon";"NL - Nationale regering - executive / uitvoerende macht";"";"CDA";"1";"0";"31";"1";"1";"0";"0";"1";"0";"0";"0";"0";"0";"0";"0";"0";"0";"0";"0";"0";"0";"0";"0";"0";"0";"0";"0";"0";"0";"0";"0";"0";"0";"0";"0";"0";"0";"0";"0";"0";"0";"0";"0";"0";"0";"0";"0";"0";"0";"0";"0";"0";"0";"0";"0";"0";"0";"0";"0";"0";"0";"0";"0";"0";"0";"0";"0";"0";"0";"0";"0";"0";"0";"0";"0";"0";"182";"2373350_182"
"second_coder";2373350;"RIVM: ""Oplopend aantal besmettingen betekent niet per se meer ziekenhuisopnames""";"2021-03-20";"https://nos.nl/artikel/2373350-rivm-oplopend-aantal-besmettingen-betekent-niet-per-se-meer-ziekenhuisopnames";"Hugo de Jonge";"Persoon";"NL - Nationale regering - executive / uitvoerende macht";"";"CDA";"1";"0";"31";"1";"0";"0";"0";"0";"0";"0";"0";"0";"0";"0";"0";"0";"0";"0";"0";"0";"0";"0";"0";"0";"0";"0";"0";"0";"0";"0";"0";"0";"0";"0";"0";"0";"0";"0";"0";"0";"0";"0";"0";"0";"0";"0";"0";"0";"0";"0";"0";"0";"0";"0";"0";"0";"0";"0";"0";"0";"1";"1";"0";"0";"0";"0";"0";"0";"0";"0";"0";"0";"0";"0";"0";"0";"182";"2373350_182"
"main_coder";2373350;"RIVM: ""Oplopend aantal besmettingen betekent niet per se meer ziekenhuisopnames""";"2021-03-20";"https://nos.nl/artikel/2373350-rivm-oplopend-aantal-besmettingen-betekent-niet-per-se-meer-ziekenhuisopnames";"Hugo de Jonge";"Persoon";"NL - Nationale regering - executive / uitvoerende macht";"";"CDA";"1";"0";"31";"1";"1";"0";"0";"1";"0";"0";"0";"0";"0";"0";"0";"0";"0";"0";"0";"0";"0";"0";"0";"0";"0";"0";"0";"0";"0";"0";"0";"0";"0";"0";"0";"0";"0";"0";"0";"0";"0";"0";"0";"0";"0";"0";"0";"0";"0";"0";"0";"0";"0";"0";"0";"0";"0";"0";"0";"0";"0";"0";"0";"0";"0";"0";"0";"0";"0";"0";"0";"0";"0";"0";"0";"0";"182";"2373350_182"
"researcher";2373350;"RIVM: ""Oplopend aantal besmettingen betekent niet per se meer ziekenhuisopnames""";"2021-03-20";"https://nos.nl/artikel/2373350-rivm-oplopend-aantal-besmettingen-betekent-niet-per-se-meer-ziekenhuisopnames";"Jaap van Dissel";"Persoon";"Wetenschappelijke/medische organisaties en onderzoekers";"";"";"1";"0";"356";"1";"0";"0";"0";"0";"0";"0";"0";"0";"0";"0";"0";"0";"0";"0";"0";"0";"0";"0";"0";"0";"0";"0";"0";"0";"0";"0";"0";"0";"0";"0";"0";"0";"0";"0";"0";"0";"0";"0";"0";"0";"0";"0";"0";"0";"0";"0";"0";"0";"0";"0";"0";"0";"0";"0";"0";"0";"1";"0";"0";"1";"0";"0";"0";"0";"0";"0";"0";"0";"0";"0";"0";"0";"183";"2373350_183"
"second_coder";2373350;"RIVM: ""Oplopend aantal besmettingen betekent niet per se meer ziekenhuisopnames""";"2021-03-20";"https://nos.nl/artikel/2373350-rivm-oplopend-aantal-besmettingen-betekent-niet-per-se-meer-ziekenhuisopnames";"Jaap van Dissel";"Persoon";"Wetenschappelijke/medische organisaties en onderzoekers";"";"";"1";"0";"356";"1";"0";"0";"0";"0";"0";"0";"0";"0";"0";"0";"0";"0";"0";"0";"0";"0";"0";"0";"0";"0";"0";"0";"0";"0";"0";"0";"0";"0";"0";"0";"0";"0";"0";"0";"0";"0";"0";"0";"0";"0";"0";"0";"0";"0";"0";"0";"0";"0";"0";"0";"0";"0";"0";"0";"0";"0";"1";"0";"0";"1";"0";"0";"0";"0";"0";"0";"0";"0";"0";"0";"0";"0";"183";"2373350_183"
"main_coder";2373350;"RIVM: ""Oplopend aantal besmettingen betekent niet per se meer ziekenhuisopnames""";"2021-03-20";"https://nos.nl/artikel/2373350-rivm-oplopend-aantal-besmettingen-betekent-niet-per-se-meer-ziekenhuisopnames";"Jaap van Dissel";"Persoon";"Openbare en semiopenbare instellingen";"";"";"1";"0";"356";"1";"0";"0";"0";"0";"0";"0";"0";"0";"0";"0";"0";"0";"0";"0";"0";"0";"0";"0";"0";"0";"0";"0";"0";"0";"0";"0";"0";"0";"0";"0";"0";"0";"0";"0";"0";"0";"0";"0";"0";"0";"0";"0";"0";"0";"0";"0";"0";"0";"0";"0";"0";"0";"0";"0";"0";"0";"1";"0";"0";"1";"0";"0";"0";"0";"0";"0";"0";"0";"0";"0";"0";"0";"183";"2373350_183"
"researcher";2373350;"RIVM: ""Oplopend aantal besmettingen betekent niet per se meer ziekenhuisopnames""";"2021-03-20";"https://nos.nl/artikel/2373350-rivm-oplopend-aantal-besmettingen-betekent-niet-per-se-meer-ziekenhuisopnames";"Jacco Wallinga";"Persoon";"Openbare en semiopenbare instellingen";"";"";"1";"0";"329";"0";"0";"0";"0";"0";"0";"0";"0";"0";"0";"0";"0";"0";"0";"0";"0";"0";"0";"0";"0";"0";"0";"0";"0";"0";"0";"0";"0";"0";"0";"0";"0";"0";"0";"0";"0";"0";"0";"0";"0";"0";"0";"0";"0";"0";"0";"0";"0";"0";"0";"0";"0";"0";"0";"0";"0";"0";"0";"0";"0";"0";"0";"0";"0";"0";"0";"0";"0";"0";"0";"0";"0";"0";"184";"2373350_184"
"second_coder";2373350;"RIVM: ""Oplopend aantal besmettingen betekent niet per se meer ziekenhuisopnames""";"2021-03-20";"https://nos.nl/artikel/2373350-rivm-oplopend-aantal-besmettingen-betekent-niet-per-se-meer-ziekenhuisopnames";"Jacco Wallinga";"Persoon";"Openbare en semiopenbare instellingen";"";"";"1";"0";"329";"0";"0";"0";"0";"0";"0";"0";"0";"0";"0";"0";"0";"0";"0";"0";"0";"0";"0";"0";"0";"0";"0";"0";"0";"0";"0";"0";"0";"0";"0";"0";"0";"0";"0";"0";"0";"0";"0";"0";"0";"0";"0";"0";"0";"0";"0";"0";"0";"0";"0";"0";"0";"0";"0";"0";"0";"0";"0";"0";"0";"0";"0";"0";"0";"0";"0";"0";"0";"0";"0";"0";"0";"0";"184";"2373350_184"
"main_coder";2373350;"RIVM: ""Oplopend aantal besmettingen betekent niet per se meer ziekenhuisopnames""";"2021-03-20";"https://nos.nl/artikel/2373350-rivm-oplopend-aantal-besmettingen-betekent-niet-per-se-meer-ziekenhuisopnames";"Jacco Wallinga";"Persoon";"Openbare en semiopenbare instellingen";"";"";"1";"0";"329";"0";"0";"0";"0";"0";"0";"0";"0";"0";"0";"0";"0";"0";"0";"0";"0";"0";"0";"0";"0";"0";"0";"0";"0";"0";"0";"0";"0";"0";"0";"0";"0";"0";"0";"0";"0";"0";"0";"0";"0";"0";"0";"0";"0";"0";"0";"0";"0";"0";"0";"0";"0";"0";"0";"0";"0";"0";"0";"0";"0";"0";"0";"0";"0";"0";"0";"0";"0";"0";"0";"0";"0";"0";"184";"2373350_184"
"second_coder";2373350;"RIVM: ""Oplopend aantal besmettingen betekent niet per se meer ziekenhuisopnames""";"2021-03-20";"https://nos.nl/artikel/2373350-rivm-oplopend-aantal-besmettingen-betekent-niet-per-se-meer-ziekenhuisopnames";"RIVM";"Organisatie";"Openbare en semiopenbare instellingen";"";"";"1";"0";"9";"0";"0";"0";"0";"0";"0";"0";"0";"0";"0";"0";"0";"0";"0";"0";"0";"0";"0";"0";"0";"0";"0";"0";"0";"0";"0";"0";"0";"0";"0";"0";"0";"0";"0";"0";"0";"0";"0";"0";"0";"0";"0";"0";"0";"0";"0";"0";"0";"0";"0";"0";"0";"0";"0";"0";"0";"0";"0";"0";"0";"0";"0";"0";"0";"0";"0";"0";"0";"0";"0";"0";"0";"0";"185";"2373350_185"
"researcher";2374653;"Oxfam Novib: coronavaccins snel ineffectief door vaccingebrek in arme landen";"2021-03-30";"https://nos.nl/artikel/2374653-oxfam-novib-coronavaccins-snel-ineffectief-door-vaccingebrek-in-arme-landen";"Amrish Baidjoe";"Persoon";"Wetenschappelijke/medische organisaties en onderzoekers";"";"";"1";"0";"34";"1";"0";"0";"0";"0";"0";"0";"0";"0";"0";"0";"0";"0";"0";"0";"0";"0";"0";"0";"0";"0";"0";"0";"0";"0";"0";"0";"0";"0";"0";"0";"0";"0";"0";"0";"0";"0";"0";"0";"0";"0";"0";"0";"0";"0";"0";"0";"0";"0";"0";"0";"0";"0";"0";"0";"0";"0";"0";"0";"0";"0";"0";"0";"0";"0";"1";"1";"0";"0";"0";"0";"0";"0";"186";"2374653_186"
"second_coder";2374653;"Oxfam Novib: coronavaccins snel ineffectief door vaccingebrek in arme landen";"2021-03-30";"https://nos.nl/artikel/2374653-oxfam-novib-coronavaccins-snel-ineffectief-door-vaccingebrek-in-arme-landen";"Amrish Baidjoe";"Persoon";"Wetenschappelijke/medische organisaties en onderzoekers";"";"";"1";"0";"34";"1";"0";"0";"0";"0";"0";"0";"0";"0";"0";"0";"0";"0";"0";"0";"0";"0";"0";"0";"0";"0";"0";"0";"0";"0";"0";"0";"0";"0";"0";"0";"0";"0";"0";"0";"0";"0";"0";"0";"0";"0";"0";"0";"0";"0";"0";"0";"0";"0";"0";"0";"0";"0";"0";"0";"0";"0";"0";"0";"0";"0";"0";"0";"0";"0";"1";"0";"1";"0";"0";"0";"0";"0";"186";"2374653_186"
"main_coder";2374653;"Oxfam Novib: coronavaccins snel ineffectief door vaccingebrek in arme landen";"2021-03-30";"https://nos.nl/artikel/2374653-oxfam-novib-coronavaccins-snel-ineffectief-door-vaccingebrek-in-arme-landen";"Amrish Baidjoe";"Persoon";"Wetenschappelijke/medische organisaties en onderzoekers";"";"";"1";"0";"34";"1";"0";"0";"0";"0";"0";"0";"0";"0";"0";"0";"0";"0";"0";"0";"0";"0";"0";"0";"0";"0";"0";"0";"0";"0";"0";"0";"0";"0";"0";"0";"0";"0";"0";"0";"0";"0";"0";"0";"0";"0";"0";"0";"0";"0";"0";"0";"0";"0";"0";"0";"0";"0";"0";"0";"0";"0";"0";"0";"0";"0";"0";"0";"0";"0";"1";"1";"1";"0";"0";"0";"0";"0";"186";"2374653_186"
"main_coder";2374653;"Oxfam Novib: coronavaccins snel ineffectief door vaccingebrek in arme landen";"2021-03-30";"https://nos.nl/artikel/2374653-oxfam-novib-coronavaccins-snel-ineffectief-door-vaccingebrek-in-arme-landen";"Een meerderheid";"Persoon";"Wetenschappelijke/medische organisaties en onderzoekers";"";"";"0";"1";"7";"0";"0";"0";"0";"0";"0";"0";"0";"0";"0";"0";"0";"0";"0";"0";"0";"0";"0";"0";"0";"0";"0";"0";"0";"0";"0";"0";"0";"0";"0";"0";"0";"0";"0";"0";"0";"0";"0";"0";"0";"0";"0";"0";"0";"0";"0";"0";"0";"0";"0";"0";"0";"0";"0";"0";"0";"0";"0";"0";"0";"0";"0";"0";"0";"0";"0";"0";"0";"0";"0";"0";"0";"0";"187";"2374653_187"
"researcher";2374653;"Oxfam Novib: coronavaccins snel ineffectief door vaccingebrek in arme landen";"2021-03-30";"https://nos.nl/artikel/2374653-oxfam-novib-coronavaccins-snel-ineffectief-door-vaccingebrek-in-arme-landen";"Epodemiologen";"Persoon";"Wetenschappelijke/medische organisaties en onderzoekers";"";"";"0";"1";"9";"0";"0";"0";"0";"0";"0";"0";"0";"0";"0";"0";"0";"0";"0";"0";"0";"0";"0";"0";"0";"0";"0";"0";"0";"0";"0";"0";"0";"0";"0";"0";"0";"0";"0";"0";"0";"0";"0";"0";"0";"0";"0";"0";"0";"0";"0";"0";"0";"0";"0";"0";"0";"0";"0";"0";"0";"0";"0";"0";"0";"0";"0";"0";"0";"0";"0";"0";"0";"0";"0";"0";"0";"0";"188";"2374653_188"
"second_coder";2374653;"Oxfam Novib: coronavaccins snel ineffectief door vaccingebrek in arme landen";"2021-03-30";"https://nos.nl/artikel/2374653-oxfam-novib-coronavaccins-snel-ineffectief-door-vaccingebrek-in-arme-landen";"Epodemiologen";"Persoon";"Wetenschappelijke/medische organisaties en onderzoekers";"";"";"0";"1";"25";"1";"0";"0";"0";"0";"0";"0";"0";"0";"0";"0";"0";"0";"0";"0";"0";"0";"0";"0";"0";"0";"0";"0";"0";"0";"0";"0";"0";"0";"0";"0";"0";"0";"0";"0";"0";"0";"0";"0";"0";"0";"0";"0";"0";"0";"0";"0";"0";"0";"0";"0";"0";"0";"0";"0";"0";"0";"0";"0";"0";"0";"0";"0";"0";"0";"1";"0";"1";"0";"0";"0";"0";"0";"188";"2374653_188"
"main_coder";2374653;"Oxfam Novib: coronavaccins snel ineffectief door vaccingebrek in arme landen";"2021-03-30";"https://nos.nl/artikel/2374653-oxfam-novib-coronavaccins-snel-ineffectief-door-vaccingebrek-in-arme-landen";"Epodemiologen";"Persoon";"Wetenschappelijke/medische organisaties en onderzoekers";"";"";"0";"1";"9";"0";"0";"0";"0";"0";"0";"0";"0";"0";"0";"0";"0";"0";"0";"0";"0";"0";"0";"0";"0";"0";"0";"0";"0";"0";"0";"0";"0";"0";"0";"0";"0";"0";"0";"0";"0";"0";"0";"0";"0";"0";"0";"0";"0";"0";"0";"0";"0";"0";"0";"0";"0";"0";"0";"0";"0";"0";"0";"0";"0";"0";"0";"0";"0";"0";"0";"0";"0";"0";"0";"0";"0";"0";"188";"2374653_188"
"researcher";2374653;"Oxfam Novib: coronavaccins snel ineffectief door vaccingebrek in arme landen";"2021-03-30";"https://nos.nl/artikel/2374653-oxfam-novib-coronavaccins-snel-ineffectief-door-vaccingebrek-in-arme-landen";"Europese Unie";"Organisatie";"EU-instellingen en Internationale overheidsorganisaties (ook IGO’s) en hun leden";"";"";"0";"1";"19";"1";"0";"0";"0";"0";"0";"0";"0";"0";"0";"0";"0";"0";"0";"0";"0";"0";"0";"0";"0";"0";"0";"0";"0";"0";"0";"0";"0";"0";"0";"0";"0";"0";"0";"0";"0";"0";"0";"0";"0";"0";"0";"0";"0";"0";"0";"0";"0";"0";"0";"0";"0";"0";"0";"0";"0";"0";"0";"0";"0";"0";"0";"0";"0";"0";"1";"0";"0";"1";"0";"0";"0";"0";"189";"2374653_189"
"second_coder";2374653;"Oxfam Novib: coronavaccins snel ineffectief door vaccingebrek in arme landen";"2021-03-30";"https://nos.nl/artikel/2374653-oxfam-novib-coronavaccins-snel-ineffectief-door-vaccingebrek-in-arme-landen";"Europese Unie";"Organisatie";"EU-instellingen en Internationale overheidsorganisaties (ook IGO’s) en hun leden";"";"";"0";"1";"19";"1";"0";"0";"0";"0";"0";"0";"0";"0";"0";"0";"0";"0";"0";"0";"0";"0";"0";"0";"0";"0";"0";"0";"0";"0";"0";"0";"0";"0";"0";"0";"0";"0";"0";"0";"0";"0";"0";"0";"0";"0";"0";"0";"0";"0";"0";"0";"0";"0";"0";"0";"0";"0";"0";"0";"0";"0";"0";"0";"0";"0";"0";"0";"0";"0";"1";"1";"0";"0";"0";"0";"0";"0";"189";"2374653_189"
"main_coder";2374653;"Oxfam Novib: coronavaccins snel ineffectief door vaccingebrek in arme landen";"2021-03-30";"https://nos.nl/artikel/2374653-oxfam-novib-coronavaccins-snel-ineffectief-door-vaccingebrek-in-arme-landen";"Europese Unie";"Organisatie";"EU-instellingen en Internationale overheidsorganisaties (ook IGO’s) en hun leden";"";"";"0";"1";"18";"1";"0";"0";"0";"0";"0";"0";"0";"0";"0";"0";"0";"0";"0";"0";"0";"0";"0";"0";"0";"0";"0";"0";"0";"0";"0";"0";"0";"0";"0";"0";"0";"0";"0";"0";"0";"0";"0";"0";"0";"0";"0";"0";"0";"0";"0";"0";"0";"0";"0";"0";"0";"0";"0";"0";"0";"0";"0";"0";"0";"0";"0";"0";"0";"0";"1";"0";"0";"1";"0";"0";"0";"0";"189";"2374653_189"
"researcher";2374653;"Oxfam Novib: coronavaccins snel ineffectief door vaccingebrek in arme landen";"2021-03-30";"https://nos.nl/artikel/2374653-oxfam-novib-coronavaccins-snel-ineffectief-door-vaccingebrek-in-arme-landen";"Marion Koopmans";"Persoon";"Wetenschappelijke/medische organisaties en onderzoekers";"";"";"1";"1";"169";"1";"0";"0";"0";"0";"0";"0";"0";"0";"0";"0";"0";"0";"0";"0";"0";"0";"0";"0";"0";"0";"0";"0";"0";"0";"0";"0";"0";"0";"0";"0";"0";"0";"0";"0";"0";"0";"0";"0";"0";"0";"0";"0";"0";"0";"0";"0";"0";"0";"0";"0";"0";"0";"0";"0";"0";"0";"0";"0";"0";"0";"0";"0";"0";"0";"1";"1";"0";"0";"0";"0";"0";"0";"190";"2374653_190"
"second_coder";2374653;"Oxfam Novib: coronavaccins snel ineffectief door vaccingebrek in arme landen";"2021-03-30";"https://nos.nl/artikel/2374653-oxfam-novib-coronavaccins-snel-ineffectief-door-vaccingebrek-in-arme-landen";"Marion Koopmans";"Persoon";"Wetenschappelijke/medische organisaties en onderzoekers";"";"";"1";"1";"185";"1";"0";"0";"0";"0";"0";"0";"0";"0";"0";"0";"0";"0";"0";"0";"0";"0";"0";"0";"0";"0";"0";"0";"0";"0";"0";"0";"0";"0";"0";"0";"0";"0";"0";"0";"0";"0";"0";"0";"0";"0";"0";"0";"0";"0";"0";"0";"0";"0";"0";"0";"0";"0";"0";"0";"0";"0";"0";"0";"0";"0";"0";"0";"0";"0";"1";"1";"0";"0";"0";"0";"0";"0";"190";"2374653_190"
"main_coder";2374653;"Oxfam Novib: coronavaccins snel ineffectief door vaccingebrek in arme landen";"2021-03-30";"https://nos.nl/artikel/2374653-oxfam-novib-coronavaccins-snel-ineffectief-door-vaccingebrek-in-arme-landen";"Marion Koopmans";"Persoon";"Wetenschappelijke/medische organisaties en onderzoekers";"";"";"1";"1";"169";"1";"0";"0";"0";"0";"0";"0";"0";"0";"0";"0";"0";"0";"0";"0";"0";"0";"0";"0";"0";"0";"0";"0";"0";"0";"0";"0";"0";"0";"0";"0";"0";"0";"0";"0";"0";"0";"0";"0";"0";"0";"0";"0";"0";"0";"0";"0";"0";"0";"0";"0";"0";"0";"0";"0";"0";"0";"0";"0";"0";"0";"0";"0";"0";"0";"1";"1";"1";"0";"0";"0";"0";"0";"190";"2374653_190"
"researcher";2374653;"Oxfam Novib: coronavaccins snel ineffectief door vaccingebrek in arme landen";"2021-03-30";"https://nos.nl/artikel/2374653-oxfam-novib-coronavaccins-snel-ineffectief-door-vaccingebrek-in-arme-landen";"Negen van de tien wetenschappers";"Persoon";"Wetenschappelijke/medische organisaties en onderzoekers";"";"";"0";"1";"21";"1";"0";"0";"0";"0";"0";"0";"0";"0";"0";"0";"0";"0";"0";"0";"0";"0";"0";"0";"0";"0";"0";"0";"0";"0";"0";"0";"0";"0";"0";"0";"0";"0";"0";"0";"0";"0";"0";"0";"0";"0";"0";"0";"0";"0";"0";"0";"0";"0";"0";"0";"0";"0";"0";"0";"0";"0";"0";"0";"0";"0";"0";"0";"0";"0";"1";"0";"1";"0";"0";"0";"0";"0";"191";"2374653_191"
"second_coder";2374653;"Oxfam Novib: coronavaccins snel ineffectief door vaccingebrek in arme landen";"2021-03-30";"https://nos.nl/artikel/2374653-oxfam-novib-coronavaccins-snel-ineffectief-door-vaccingebrek-in-arme-landen";"Negen van de tien wetenschappers";"Persoon";"Wetenschappelijke/medische organisaties en onderzoekers";"";"";"0";"1";"21";"1";"0";"0";"0";"0";"0";"0";"0";"0";"0";"0";"0";"0";"0";"0";"0";"0";"0";"0";"0";"0";"0";"0";"0";"0";"0";"0";"0";"0";"0";"0";"0";"0";"0";"0";"0";"0";"0";"0";"0";"0";"0";"0";"0";"0";"0";"0";"0";"0";"0";"0";"0";"0";"0";"0";"0";"0";"0";"0";"0";"0";"0";"0";"0";"0";"1";"0";"1";"0";"0";"0";"0";"0";"191";"2374653_191"
"main_coder";2374653;"Oxfam Novib: coronavaccins snel ineffectief door vaccingebrek in arme landen";"2021-03-30";"https://nos.nl/artikel/2374653-oxfam-novib-coronavaccins-snel-ineffectief-door-vaccingebrek-in-arme-landen";"Negen van de tien wetenschappers";"Persoon";"Wetenschappelijke/medische organisaties en onderzoekers";"";"";"0";"1";"20";"0";"0";"0";"0";"0";"0";"0";"0";"0";"0";"0";"0";"0";"0";"0";"0";"0";"0";"0";"0";"0";"0";"0";"0";"0";"0";"0";"0";"0";"0";"0";"0";"0";"0";"0";"0";"0";"0";"0";"0";"0";"0";"0";"0";"0";"0";"0";"0";"0";"0";"0";"0";"0";"0";"0";"0";"0";"0";"0";"0";"0";"0";"0";"0";"0";"0";"0";"0";"0";"0";"0";"0";"0";"191";"2374653_191"
"researcher";2374653;"Oxfam Novib: coronavaccins snel ineffectief door vaccingebrek in arme landen";"2021-03-30";"https://nos.nl/artikel/2374653-oxfam-novib-coronavaccins-snel-ineffectief-door-vaccingebrek-in-arme-landen";"Oxfam Novib";"Organisatie";"Niet-governementele organisaties (NGO), maatschappelijke organisaties, en hun leden";"";"";"0";"1";"18";"1";"0";"0";"0";"0";"0";"0";"0";"0";"0";"0";"0";"0";"0";"0";"0";"0";"0";"0";"0";"0";"0";"0";"0";"0";"0";"0";"0";"0";"0";"0";"0";"0";"0";"0";"0";"0";"0";"0";"0";"0";"0";"0";"0";"0";"0";"0";"0";"0";"0";"0";"0";"0";"0";"0";"0";"0";"0";"0";"0";"0";"0";"0";"0";"0";"1";"0";"1";"0";"0";"0";"0";"0";"192";"2374653_192"
"second_coder";2374653;"Oxfam Novib: coronavaccins snel ineffectief door vaccingebrek in arme landen";"2021-03-30";"https://nos.nl/artikel/2374653-oxfam-novib-coronavaccins-snel-ineffectief-door-vaccingebrek-in-arme-landen";"Oxfam Novib";"Organisatie";"Wetenschappelijke/medische organisaties en onderzoekers";"";"";"0";"1";"18";"1";"0";"0";"0";"0";"0";"0";"0";"0";"0";"0";"0";"0";"0";"0";"0";"0";"0";"0";"0";"0";"0";"0";"0";"0";"0";"0";"0";"0";"0";"0";"0";"0";"0";"0";"0";"0";"0";"0";"0";"0";"0";"0";"0";"0";"0";"0";"0";"0";"0";"0";"0";"0";"0";"0";"0";"0";"0";"0";"0";"0";"0";"0";"0";"0";"1";"0";"1";"0";"0";"0";"0";"0";"192";"2374653_192"
"main_coder";2374653;"Oxfam Novib: coronavaccins snel ineffectief door vaccingebrek in arme landen";"2021-03-30";"https://nos.nl/artikel/2374653-oxfam-novib-coronavaccins-snel-ineffectief-door-vaccingebrek-in-arme-landen";"Oxfam Novib";"Organisatie";"Niet-governementele organisaties (NGO), maatschappelijke organisaties, en hun leden";"";"";"0";"1";"18";"1";"0";"0";"0";"0";"0";"0";"0";"0";"0";"0";"0";"0";"0";"0";"0";"0";"0";"0";"0";"0";"0";"0";"0";"0";"0";"0";"0";"0";"0";"0";"0";"0";"0";"0";"0";"0";"0";"0";"0";"0";"0";"0";"0";"0";"0";"0";"0";"0";"0";"0";"0";"0";"0";"0";"0";"0";"0";"0";"0";"0";"0";"0";"0";"0";"1";"0";"1";"0";"0";"0";"0";"0";"192";"2374653_192"
"researcher";2374653;"Oxfam Novib: coronavaccins snel ineffectief door vaccingebrek in arme landen";"2021-03-30";"https://nos.nl/artikel/2374653-oxfam-novib-coronavaccins-snel-ineffectief-door-vaccingebrek-in-arme-landen";"People's Vaccine Alliance";"Organisatie";"Niet-governementele organisaties (NGO), maatschappelijke organisaties, en hun leden";"";"";"0";"1";"16";"0";"0";"0";"0";"0";"0";"0";"0";"0";"0";"0";"0";"0";"0";"0";"0";"0";"0";"0";"0";"0";"0";"0";"0";"0";"0";"0";"0";"0";"0";"0";"0";"0";"0";"0";"0";"0";"0";"0";"0";"0";"0";"0";"0";"0";"0";"0";"0";"0";"0";"0";"0";"0";"0";"0";"0";"0";"0";"0";"0";"0";"0";"0";"0";"0";"0";"0";"0";"0";"0";"0";"0";"0";"193";"2374653_193"
"second_coder";2374653;"Oxfam Novib: coronavaccins snel ineffectief door vaccingebrek in arme landen";"2021-03-30";"https://nos.nl/artikel/2374653-oxfam-novib-coronavaccins-snel-ineffectief-door-vaccingebrek-in-arme-landen";"People's Vaccine Alliance";"Organisatie";"Niet-governementele organisaties (NGO), maatschappelijke organisaties, en hun leden";"";"";"0";"1";"16";"0";"0";"0";"0";"0";"0";"0";"0";"0";"0";"0";"0";"0";"0";"0";"0";"0";"0";"0";"0";"0";"0";"0";"0";"0";"0";"0";"0";"0";"0";"0";"0";"0";"0";"0";"0";"0";"0";"0";"0";"0";"0";"0";"0";"0";"0";"0";"0";"0";"0";"0";"0";"0";"0";"0";"0";"0";"0";"0";"0";"0";"0";"0";"0";"0";"0";"0";"0";"0";"0";"0";"0";"0";"193";"2374653_193"
"main_coder";2374653;"Oxfam Novib: coronavaccins snel ineffectief door vaccingebrek in arme landen";"2021-03-30";"https://nos.nl/artikel/2374653-oxfam-novib-coronavaccins-snel-ineffectief-door-vaccingebrek-in-arme-landen";"People's Vaccine Alliance";"Organisatie";"Niet-governementele organisaties (NGO), maatschappelijke organisaties, en hun leden";"";"";"0";"1";"15";"1";"0";"0";"0";"0";"0";"0";"0";"0";"0";"0";"0";"0";"0";"0";"0";"0";"0";"0";"0";"0";"0";"0";"0";"0";"0";"0";"0";"0";"0";"0";"0";"0";"0";"0";"0";"0";"0";"0";"0";"0";"0";"0";"0";"0";"0";"0";"0";"0";"0";"0";"0";"0";"0";"0";"0";"0";"0";"0";"0";"0";"0";"0";"0";"0";"1";"1";"0";"0";"0";"0";"0";"0";"193";"2374653_193"
"researcher";2375503;"Servië heeft zo veel vaccins dat er keuze is, en bussen uit buurland toestromen";"2021-04-05";"https://nos.nl/artikel/2375503-servie-heeft-zo-veel-vaccins-dat-er-keuze-is-en-bussen-uit-buurland-toestromen";"David Jan Godfroid";"Persoon";"Journalisten anders dan de schrijver van het huidige artikel of nieuwsorganisaties anders dan de nieuwsorganisatie van het huidige artikel.";"";"";"1";"1";"67";"1";"0";"0";"0";"0";"0";"0";"0";"0";"0";"0";"0";"0";"0";"0";"0";"0";"0";"0";"0";"0";"0";"0";"0";"0";"0";"0";"0";"0";"0";"0";"0";"0";"0";"0";"0";"0";"0";"0";"0";"0";"0";"0";"0";"0";"0";"0";"0";"0";"0";"0";"0";"0";"0";"0";"0";"0";"0";"0";"0";"0";"0";"0";"0";"0";"1";"0";"1";"0";"0";"0";"0";"0";"194";"2375503_194"
"second_coder";2375503;"Servië heeft zo veel vaccins dat er keuze is, en bussen uit buurland toestromen";"2021-04-05";"https://nos.nl/artikel/2375503-servie-heeft-zo-veel-vaccins-dat-er-keuze-is-en-bussen-uit-buurland-toestromen";"David Jan Godfroid";"Persoon";"Journalisten anders dan de schrijver van het huidige artikel of nieuwsorganisaties anders dan de nieuwsorganisatie van het huidige artikel.";"";"";"1";"1";"67";"1";"0";"0";"0";"0";"0";"0";"0";"0";"0";"0";"0";"0";"0";"0";"0";"0";"0";"0";"0";"0";"0";"0";"0";"0";"0";"0";"0";"0";"0";"0";"0";"0";"0";"0";"0";"0";"0";"0";"0";"0";"0";"0";"0";"0";"0";"0";"0";"0";"0";"0";"0";"0";"0";"0";"0";"0";"0";"0";"0";"0";"0";"0";"0";"0";"1";"0";"0";"1";"0";"0";"0";"0";"194";"2375503_194"
"main_coder";2375503;"Servië heeft zo veel vaccins dat er keuze is, en bussen uit buurland toestromen";"2021-04-05";"https://nos.nl/artikel/2375503-servie-heeft-zo-veel-vaccins-dat-er-keuze-is-en-bussen-uit-buurland-toestromen";"David Jan Godfroid";"Persoon";"Journalisten anders dan de schrijver van het huidige artikel of nieuwsorganisaties anders dan de nieuwsorganisatie van het huidige artikel.";"";"";"1";"1";"67";"1";"0";"0";"0";"0";"0";"0";"0";"0";"0";"0";"0";"0";"0";"0";"0";"0";"0";"0";"0";"0";"0";"0";"0";"0";"0";"0";"0";"0";"0";"0";"0";"0";"0";"0";"0";"0";"0";"0";"0";"0";"0";"0";"0";"0";"0";"0";"0";"0";"0";"0";"0";"0";"0";"0";"0";"0";"0";"0";"0";"0";"0";"0";"0";"0";"1";"1";"1";"0";"0";"0";"0";"0";"194";"2375503_194"
"researcher";2375503;"Servië heeft zo veel vaccins dat er keuze is, en bussen uit buurland toestromen";"2021-04-05";"https://nos.nl/artikel/2375503-servie-heeft-zo-veel-vaccins-dat-er-keuze-is-en-bussen-uit-buurland-toestromen";"Fabian Vendrig";"Persoon";"Publiek en leden van het publiek, publieke opiniepeilingen en hun respondenten";"";"";"1";"0";"61";"1";"0";"0";"0";"0";"0";"0";"0";"0";"0";"0";"0";"0";"0";"0";"0";"0";"0";"0";"0";"0";"0";"0";"0";"0";"0";"0";"0";"0";"0";"0";"0";"0";"0";"0";"0";"0";"0";"0";"0";"0";"0";"0";"0";"0";"0";"0";"0";"0";"0";"0";"0";"0";"0";"0";"0";"0";"0";"0";"0";"0";"0";"0";"0";"0";"1";"1";"0";"0";"0";"0";"0";"0";"195";"2375503_195"
"main_coder";2375503;"Servië heeft zo veel vaccins dat er keuze is, en bussen uit buurland toestromen";"2021-04-05";"https://nos.nl/artikel/2375503-servie-heeft-zo-veel-vaccins-dat-er-keuze-is-en-bussen-uit-buurland-toestromen";"Fabian Vendrig";"Persoon";"Publiek en leden van het publiek, publieke opiniepeilingen en hun respondenten";"";"";"1";"1";"72";"1";"0";"0";"0";"0";"0";"0";"0";"0";"0";"0";"0";"0";"0";"0";"0";"0";"0";"0";"0";"0";"0";"0";"0";"0";"0";"0";"0";"0";"0";"0";"0";"0";"0";"0";"0";"0";"0";"0";"0";"0";"0";"0";"0";"0";"0";"0";"0";"0";"0";"0";"0";"0";"0";"0";"0";"0";"0";"0";"0";"0";"0";"0";"0";"0";"1";"1";"0";"0";"0";"0";"0";"0";"195";"2375503_195"
"second_coder";2375503;"Servië heeft zo veel vaccins dat er keuze is, en bussen uit buurland toestromen";"2021-04-05";"https://nos.nl/artikel/2375503-servie-heeft-zo-veel-vaccins-dat-er-keuze-is-en-bussen-uit-buurland-toestromen";"Fabian Verdrig";"Persoon";"Publiek en leden van het publiek, publieke opiniepeilingen en hun respondenten";"";"";"1";"0";"61";"1";"0";"0";"0";"0";"0";"0";"0";"0";"0";"0";"0";"0";"0";"0";"0";"0";"0";"0";"0";"0";"0";"0";"0";"0";"0";"0";"0";"0";"0";"0";"0";"0";"0";"0";"0";"0";"0";"0";"0";"0";"0";"0";"0";"0";"0";"0";"0";"0";"0";"0";"0";"0";"0";"0";"0";"0";"0";"0";"0";"0";"0";"0";"0";"0";"1";"1";"0";"0";"0";"0";"0";"0";"196";"2375503_196"
"researcher";2375503;"Servië heeft zo veel vaccins dat er keuze is, en bussen uit buurland toestromen";"2021-04-05";"https://nos.nl/artikel/2375503-servie-heeft-zo-veel-vaccins-dat-er-keuze-is-en-bussen-uit-buurland-toestromen";"Servische media";"Organisatie";"Journalisten anders dan de schrijver van het huidige artikel of nieuwsorganisaties anders dan de nieuwsorganisatie van het huidige artikel.";"";"";"0";"1";"14";"1";"0";"0";"0";"0";"0";"0";"0";"0";"0";"0";"0";"0";"0";"0";"0";"0";"0";"0";"0";"0";"0";"0";"0";"0";"0";"0";"0";"0";"0";"0";"0";"0";"0";"0";"0";"0";"0";"0";"0";"0";"0";"0";"0";"0";"0";"0";"0";"0";"0";"0";"0";"0";"0";"0";"0";"0";"0";"0";"0";"0";"0";"0";"0";"0";"1";"0";"0";"1";"0";"0";"0";"0";"197";"2375503_197"
"second_coder";2375503;"Servië heeft zo veel vaccins dat er keuze is, en bussen uit buurland toestromen";"2021-04-05";"https://nos.nl/artikel/2375503-servie-heeft-zo-veel-vaccins-dat-er-keuze-is-en-bussen-uit-buurland-toestromen";"Servische media";"Organisatie";"Journalisten anders dan de schrijver van het huidige artikel of nieuwsorganisaties anders dan de nieuwsorganisatie van het huidige artikel.";"";"";"0";"1";"14";"1";"0";"0";"0";"0";"0";"0";"0";"0";"0";"0";"0";"0";"0";"0";"0";"0";"0";"0";"0";"0";"0";"0";"0";"0";"0";"0";"0";"0";"0";"0";"0";"0";"0";"0";"0";"0";"0";"0";"0";"0";"0";"0";"0";"0";"0";"0";"0";"0";"0";"0";"0";"0";"0";"0";"0";"0";"0";"0";"0";"0";"0";"0";"0";"0";"1";"0";"0";"1";"0";"0";"0";"0";"197";"2375503_197"
"main_coder";2375503;"Servië heeft zo veel vaccins dat er keuze is, en bussen uit buurland toestromen";"2021-04-05";"https://nos.nl/artikel/2375503-servie-heeft-zo-veel-vaccins-dat-er-keuze-is-en-bussen-uit-buurland-toestromen";"Servische media";"Organisatie";"Journalisten anders dan de schrijver van het huidige artikel of nieuwsorganisaties anders dan de nieuwsorganisatie van het huidige artikel.";"";"";"0";"1";"15";"1";"0";"0";"0";"0";"0";"0";"0";"0";"0";"0";"0";"0";"0";"0";"0";"0";"0";"0";"0";"0";"0";"0";"0";"0";"0";"0";"0";"0";"0";"0";"0";"0";"0";"0";"0";"0";"0";"0";"0";"0";"0";"0";"0";"0";"0";"0";"0";"0";"0";"0";"0";"0";"0";"0";"0";"0";"0";"0";"0";"0";"0";"0";"0";"0";"1";"0";"0";"1";"0";"0";"0";"0";"197";"2375503_197"
"researcher";2376137;"Demonstratie tegen coronabeleid in Baarn en omgeving ";"2021-04-10";"https://nos.nl/artikel/2376137-demonstratie-tegen-coronabeleid-in-baarn-en-omgeving";"Marlo Reeders";"Persoon";"Niet-governementele organisaties (NGO), maatschappelijke organisaties, en hun leden";"";"";"1";"0";"120";"1";"0";"0";"0";"0";"0";"0";"0";"0";"0";"0";"0";"0";"0";"0";"0";"0";"0";"0";"0";"0";"0";"0";"0";"0";"1";"0";"0";"1";"0";"0";"0";"0";"0";"0";"0";"0";"0";"0";"0";"0";"0";"0";"0";"0";"0";"0";"0";"0";"0";"0";"0";"0";"0";"0";"0";"0";"0";"0";"0";"0";"0";"0";"0";"0";"0";"0";"0";"0";"0";"0";"0";"0";"198";"2376137_198"
"second_coder";2376137;"Demonstratie tegen coronabeleid in Baarn en omgeving ";"2021-04-10";"https://nos.nl/artikel/2376137-demonstratie-tegen-coronabeleid-in-baarn-en-omgeving";"Marlo Reeders";"Persoon";"Niet-governementele organisaties (NGO), maatschappelijke organisaties, en hun leden";"";"";"1";"0";"120";"1";"0";"0";"0";"0";"0";"0";"0";"0";"0";"0";"0";"0";"0";"0";"0";"0";"0";"0";"0";"0";"0";"0";"0";"0";"1";"0";"0";"1";"0";"0";"0";"0";"0";"0";"0";"0";"0";"0";"0";"0";"0";"0";"0";"0";"0";"0";"0";"0";"0";"0";"0";"0";"0";"0";"0";"0";"0";"0";"0";"0";"0";"0";"0";"0";"0";"0";"0";"0";"0";"0";"0";"0";"198";"2376137_198"
"main_coder";2376137;"Demonstratie tegen coronabeleid in Baarn en omgeving ";"2021-04-10";"https://nos.nl/artikel/2376137-demonstratie-tegen-coronabeleid-in-baarn-en-omgeving";"Marlo Reeders";"Persoon";"Niet-governementele organisaties (NGO), maatschappelijke organisaties, en hun leden";"";"";"1";"1";"120";"1";"0";"0";"0";"0";"0";"0";"0";"0";"0";"0";"0";"0";"0";"0";"0";"0";"0";"0";"0";"0";"0";"0";"0";"0";"1";"0";"0";"1";"0";"0";"0";"0";"0";"0";"0";"0";"0";"0";"0";"0";"0";"0";"0";"0";"0";"0";"0";"0";"0";"0";"0";"0";"0";"0";"0";"0";"1";"0";"0";"1";"0";"0";"0";"0";"0";"0";"0";"0";"0";"0";"0";"0";"198";"2376137_198"
"researcher";2376137;"Demonstratie tegen coronabeleid in Baarn en omgeving ";"2021-04-10";"https://nos.nl/artikel/2376137-demonstratie-tegen-coronabeleid-in-baarn-en-omgeving";"Omroep Gelderland";"Organisatie";"Journalisten anders dan de schrijver van het huidige artikel of nieuwsorganisaties anders dan de nieuwsorganisatie van het huidige artikel.";"";"";"0";"1";"24";"0";"0";"0";"0";"0";"0";"0";"0";"0";"0";"0";"0";"0";"0";"0";"0";"0";"0";"0";"0";"0";"0";"0";"0";"0";"0";"0";"0";"0";"0";"0";"0";"0";"0";"0";"0";"0";"0";"0";"0";"0";"0";"0";"0";"0";"0";"0";"0";"0";"0";"0";"0";"0";"0";"0";"0";"0";"0";"0";"0";"0";"0";"0";"0";"0";"0";"0";"0";"0";"0";"0";"0";"0";"199";"2376137_199"
"second_coder";2376137;"Demonstratie tegen coronabeleid in Baarn en omgeving ";"2021-04-10";"https://nos.nl/artikel/2376137-demonstratie-tegen-coronabeleid-in-baarn-en-omgeving";"Omroep Gelderland";"Organisatie";"Journalisten anders dan de schrijver van het huidige artikel of nieuwsorganisaties anders dan de nieuwsorganisatie van het huidige artikel.";"";"";"0";"1";"24";"0";"0";"0";"0";"0";"0";"0";"0";"0";"0";"0";"0";"0";"0";"0";"0";"0";"0";"0";"0";"0";"0";"0";"0";"0";"0";"0";"0";"0";"0";"0";"0";"0";"0";"0";"0";"0";"0";"0";"0";"0";"0";"0";"0";"0";"0";"0";"0";"0";"0";"0";"0";"0";"0";"0";"0";"0";"0";"0";"0";"0";"0";"0";"0";"0";"0";"0";"0";"0";"0";"0";"0";"0";"199";"2376137_199"
"main_coder";2376137;"Demonstratie tegen coronabeleid in Baarn en omgeving ";"2021-04-10";"https://nos.nl/artikel/2376137-demonstratie-tegen-coronabeleid-in-baarn-en-omgeving";"Omroep Gelderland";"Organisatie";"Journalisten anders dan de schrijver van het huidige artikel of nieuwsorganisaties anders dan de nieuwsorganisatie van het huidige artikel.";"";"";"0";"1";"24";"0";"0";"0";"0";"0";"0";"0";"0";"0";"0";"0";"0";"0";"0";"0";"0";"0";"0";"0";"0";"0";"0";"0";"0";"0";"0";"0";"0";"0";"0";"0";"0";"0";"0";"0";"0";"0";"0";"0";"0";"0";"0";"0";"0";"0";"0";"0";"0";"0";"0";"0";"0";"0";"0";"0";"0";"0";"0";"0";"0";"0";"0";"0";"0";"0";"0";"0";"0";"0";"0";"0";"0";"0";"199";"2376137_199"
"researcher";2376137;"Demonstratie tegen coronabeleid in Baarn en omgeving ";"2021-04-10";"https://nos.nl/artikel/2376137-demonstratie-tegen-coronabeleid-in-baarn-en-omgeving";"Police for freedom";"Organisatie";"Niet-governementele organisaties (NGO), maatschappelijke organisaties, en hun leden";"";"";"0";"1";"13";"0";"0";"0";"0";"0";"0";"0";"0";"0";"0";"0";"0";"0";"0";"0";"0";"0";"0";"0";"0";"0";"0";"0";"0";"0";"0";"0";"0";"0";"0";"0";"0";"0";"0";"0";"0";"0";"0";"0";"0";"0";"0";"0";"0";"0";"0";"0";"0";"0";"0";"0";"0";"0";"0";"0";"0";"0";"0";"0";"0";"0";"0";"0";"0";"0";"0";"0";"0";"0";"0";"0";"0";"0";"200";"2376137_200"
"second_coder";2376137;"Demonstratie tegen coronabeleid in Baarn en omgeving ";"2021-04-10";"https://nos.nl/artikel/2376137-demonstratie-tegen-coronabeleid-in-baarn-en-omgeving";"Police for freedom";"Organisatie";"Niet-governementele organisaties (NGO), maatschappelijke organisaties, en hun leden";"";"";"0";"1";"13";"0";"0";"0";"0";"0";"0";"0";"0";"0";"0";"0";"0";"0";"0";"0";"0";"0";"0";"0";"0";"0";"0";"0";"0";"0";"0";"0";"0";"0";"0";"0";"0";"0";"0";"0";"0";"0";"0";"0";"0";"0";"0";"0";"0";"0";"0";"0";"0";"0";"0";"0";"0";"0";"0";"0";"0";"0";"0";"0";"0";"0";"0";"0";"0";"0";"0";"0";"0";"0";"0";"0";"0";"0";"200";"2376137_200"
"main_coder";2376137;"Demonstratie tegen coronabeleid in Baarn en omgeving ";"2021-04-10";"https://nos.nl/artikel/2376137-demonstratie-tegen-coronabeleid-in-baarn-en-omgeving";"Police for freedom";"Organisatie";"Niet-governementele organisaties (NGO), maatschappelijke organisaties, en hun leden";"";"";"0";"1";"13";"0";"0";"0";"0";"0";"0";"0";"0";"0";"0";"0";"0";"0";"0";"0";"0";"0";"0";"0";"0";"0";"0";"0";"0";"0";"0";"0";"0";"0";"0";"0";"0";"0";"0";"0";"0";"0";"0";"0";"0";"0";"0";"0";"0";"0";"0";"0";"0";"0";"0";"0";"0";"0";"0";"0";"0";"0";"0";"0";"0";"0";"0";"0";"0";"0";"0";"0";"0";"0";"0";"0";"0";"0";"200";"2376137_200"
"researcher";2376137;"Demonstratie tegen coronabeleid in Baarn en omgeving ";"2021-04-10";"https://nos.nl/artikel/2376137-demonstratie-tegen-coronabeleid-in-baarn-en-omgeving";"RTV Utrecht";"Organisatie";"Journalisten anders dan de schrijver van het huidige artikel of nieuwsorganisaties anders dan de nieuwsorganisatie van het huidige artikel.";"";"";"0";"1";"13";"0";"0";"0";"0";"0";"0";"0";"0";"0";"0";"0";"0";"0";"0";"0";"0";"0";"0";"0";"0";"0";"0";"0";"0";"0";"0";"0";"0";"0";"0";"0";"0";"0";"0";"0";"0";"0";"0";"0";"0";"0";"0";"0";"0";"0";"0";"0";"0";"0";"0";"0";"0";"0";"0";"0";"0";"0";"0";"0";"0";"0";"0";"0";"0";"0";"0";"0";"0";"0";"0";"0";"0";"0";"201";"2376137_201"
"second_coder";2376137;"Demonstratie tegen coronabeleid in Baarn en omgeving ";"2021-04-10";"https://nos.nl/artikel/2376137-demonstratie-tegen-coronabeleid-in-baarn-en-omgeving";"RTV Utrecht";"Organisatie";"Journalisten anders dan de schrijver van het huidige artikel of nieuwsorganisaties anders dan de nieuwsorganisatie van het huidige artikel.";"";"";"0";"1";"13";"0";"0";"0";"0";"0";"0";"0";"0";"0";"0";"0";"0";"0";"0";"0";"0";"0";"0";"0";"0";"0";"0";"0";"0";"0";"0";"0";"0";"0";"0";"0";"0";"0";"0";"0";"0";"0";"0";"0";"0";"0";"0";"0";"0";"0";"0";"0";"0";"0";"0";"0";"0";"0";"0";"0";"0";"0";"0";"0";"0";"0";"0";"0";"0";"0";"0";"0";"0";"0";"0";"0";"0";"0";"201";"2376137_201"
"main_coder";2376137;"Demonstratie tegen coronabeleid in Baarn en omgeving ";"2021-04-10";"https://nos.nl/artikel/2376137-demonstratie-tegen-coronabeleid-in-baarn-en-omgeving";"RTV Utrecht";"Organisatie";"Journalisten anders dan de schrijver van het huidige artikel of nieuwsorganisaties anders dan de nieuwsorganisatie van het huidige artikel.";"";"";"0";"1";"13";"0";"0";"0";"0";"0";"0";"0";"0";"0";"0";"0";"0";"0";"0";"0";"0";"0";"0";"0";"0";"0";"0";"0";"0";"0";"0";"0";"0";"0";"0";"0";"0";"0";"0";"0";"0";"0";"0";"0";"0";"0";"0";"0";"0";"0";"0";"0";"0";"0";"0";"0";"0";"0";"0";"0";"0";"0";"0";"0";"0";"0";"0";"0";"0";"0";"0";"0";"0";"0";"0";"0";"0";"0";"201";"2376137_201"
"researcher";2376137;"Demonstratie tegen coronabeleid in Baarn en omgeving ";"2021-04-10";"https://nos.nl/artikel/2376137-demonstratie-tegen-coronabeleid-in-baarn-en-omgeving";"Ton Heerts";"Persoon";"NL - Nationale regionale en lokale politieke organisaties en hun ambtenaren";"";"PvdA";"0";"1";"16";"0";"0";"0";"0";"0";"0";"0";"0";"0";"0";"0";"0";"0";"0";"0";"0";"0";"0";"0";"0";"0";"0";"0";"0";"0";"0";"0";"0";"0";"0";"0";"0";"0";"0";"0";"0";"0";"0";"0";"0";"0";"0";"0";"0";"0";"0";"0";"0";"0";"0";"0";"0";"0";"0";"0";"0";"0";"0";"0";"0";"0";"0";"0";"0";"0";"0";"0";"0";"0";"0";"0";"0";"0";"202";"2376137_202"
"second_coder";2376137;"Demonstratie tegen coronabeleid in Baarn en omgeving ";"2021-04-10";"https://nos.nl/artikel/2376137-demonstratie-tegen-coronabeleid-in-baarn-en-omgeving";"Ton Heerts";"Persoon";"NL - Nationale regionale en lokale politieke organisaties en hun ambtenaren";"";"PvdA";"0";"1";"29";"0";"0";"0";"0";"0";"0";"0";"0";"0";"0";"0";"0";"0";"0";"0";"0";"0";"0";"0";"0";"0";"0";"0";"0";"0";"0";"0";"0";"0";"0";"0";"0";"0";"0";"0";"0";"0";"0";"0";"0";"0";"0";"0";"0";"0";"0";"0";"0";"0";"0";"0";"0";"0";"0";"0";"0";"0";"0";"0";"0";"0";"0";"0";"0";"0";"0";"0";"0";"0";"0";"0";"0";"0";"202";"2376137_202"
"main_coder";2376137;"Demonstratie tegen coronabeleid in Baarn en omgeving ";"2021-04-10";"https://nos.nl/artikel/2376137-demonstratie-tegen-coronabeleid-in-baarn-en-omgeving";"Ton Heerts";"Persoon";"NL - Nationale regionale en lokale politieke organisaties en hun ambtenaren";"";"PvdA";"0";"1";"16";"0";"0";"0";"0";"0";"0";"0";"0";"0";"0";"0";"0";"0";"0";"0";"0";"0";"0";"0";"0";"0";"0";"0";"0";"0";"0";"0";"0";"0";"0";"0";"0";"0";"0";"0";"0";"0";"0";"0";"0";"0";"0";"0";"0";"0";"0";"0";"0";"0";"0";"0";"0";"0";"0";"0";"0";"0";"0";"0";"0";"0";"0";"0";"0";"0";"0";"0";"0";"0";"0";"0";"0";"0";"202";"2376137_202"
"researcher";2377898;"Zorgen bij Gommers over aantal IC-opnames, vrees voor ""code zwart""";"2021-04-23";"https://nos.nl/artikel/2377898-zorgen-bij-gommers-over-aantal-ic-opnames-vrees-voor-code-zwart";"Diederik Gommers";"Persoon";"Wetenschappelijke/medische organisaties en onderzoekers";"";"";"1";"1";"183";"0";"0";"0";"0";"0";"0";"0";"0";"0";"0";"0";"0";"0";"0";"0";"0";"0";"0";"0";"0";"0";"0";"0";"0";"0";"0";"0";"0";"0";"0";"0";"0";"0";"0";"0";"0";"0";"0";"0";"0";"0";"0";"0";"0";"0";"0";"0";"0";"0";"0";"0";"0";"0";"0";"0";"0";"0";"0";"0";"0";"0";"0";"0";"0";"0";"0";"0";"0";"0";"0";"0";"0";"0";"203";"2377898_203"
"second_coder";2377898;"Zorgen bij Gommers over aantal IC-opnames, vrees voor ""code zwart""";"2021-04-23";"https://nos.nl/artikel/2377898-zorgen-bij-gommers-over-aantal-ic-opnames-vrees-voor-code-zwart";"Diederik Gommers";"Persoon";"Wetenschappelijke/medische organisaties en onderzoekers";"";"";"1";"1";"183";"0";"0";"0";"0";"0";"0";"0";"0";"0";"0";"0";"0";"0";"0";"0";"0";"0";"0";"0";"0";"0";"0";"0";"0";"0";"0";"0";"0";"0";"0";"0";"0";"0";"0";"0";"0";"0";"0";"0";"0";"0";"0";"0";"0";"0";"0";"0";"0";"0";"0";"0";"0";"0";"0";"0";"0";"0";"0";"0";"0";"0";"0";"0";"0";"0";"0";"0";"0";"0";"0";"0";"0";"0";"203";"2377898_203"
"main_coder";2377898;"Zorgen bij Gommers over aantal IC-opnames, vrees voor ""code zwart""";"2021-04-23";"https://nos.nl/artikel/2377898-zorgen-bij-gommers-over-aantal-ic-opnames-vrees-voor-code-zwart";"Diederik Gommers";"Persoon";"Wetenschappelijke/medische organisaties en onderzoekers";"";"";"1";"1";"178";"0";"0";"0";"0";"0";"0";"0";"0";"0";"0";"0";"0";"0";"0";"0";"0";"0";"0";"0";"0";"0";"0";"0";"0";"0";"0";"0";"0";"0";"0";"0";"0";"0";"0";"0";"0";"0";"0";"0";"0";"0";"0";"0";"0";"0";"0";"0";"0";"0";"0";"0";"0";"0";"0";"0";"0";"0";"0";"0";"0";"0";"0";"0";"0";"0";"0";"0";"0";"0";"0";"0";"0";"0";"203";"2377898_203"
"researcher";2377898;"Zorgen bij Gommers over aantal IC-opnames, vrees voor ""code zwart""";"2021-04-23";"https://nos.nl/artikel/2377898-zorgen-bij-gommers-over-aantal-ic-opnames-vrees-voor-code-zwart";"Het OMT";"Organisatie";"Openbare en semiopenbare instellingen";"";"";"1";"0";"56";"0";"0";"0";"0";"0";"0";"0";"0";"0";"0";"0";"0";"0";"0";"0";"0";"0";"0";"0";"0";"0";"0";"0";"0";"0";"0";"0";"0";"0";"0";"0";"0";"0";"0";"0";"0";"0";"0";"0";"0";"0";"0";"0";"0";"0";"0";"0";"0";"0";"0";"0";"0";"0";"0";"0";"0";"0";"0";"0";"0";"0";"0";"0";"0";"0";"0";"0";"0";"0";"0";"0";"0";"0";"204";"2377898_204"
"second_coder";2377898;"Zorgen bij Gommers over aantal IC-opnames, vrees voor ""code zwart""";"2021-04-23";"https://nos.nl/artikel/2377898-zorgen-bij-gommers-over-aantal-ic-opnames-vrees-voor-code-zwart";"Het OMT";"Organisatie";"Openbare en semiopenbare instellingen";"";"";"1";"0";"56";"0";"0";"0";"0";"0";"0";"0";"0";"0";"0";"0";"0";"0";"0";"0";"0";"0";"0";"0";"0";"0";"0";"0";"0";"0";"0";"0";"0";"0";"0";"0";"0";"0";"0";"0";"0";"0";"0";"0";"0";"0";"0";"0";"0";"0";"0";"0";"0";"0";"0";"0";"0";"0";"0";"0";"0";"0";"0";"0";"0";"0";"0";"0";"0";"0";"0";"0";"0";"0";"0";"0";"0";"0";"204";"2377898_204"
"main_coder";2377898;"Zorgen bij Gommers over aantal IC-opnames, vrees voor ""code zwart""";"2021-04-23";"https://nos.nl/artikel/2377898-zorgen-bij-gommers-over-aantal-ic-opnames-vrees-voor-code-zwart";"Het OMT";"Organisatie";"Openbare en semiopenbare instellingen";"";"";"1";"0";"56";"0";"0";"0";"0";"0";"0";"0";"0";"0";"0";"0";"0";"0";"0";"0";"0";"0";"0";"0";"0";"0";"0";"0";"0";"0";"0";"0";"0";"0";"0";"0";"0";"0";"0";"0";"0";"0";"0";"0";"0";"0";"0";"0";"0";"0";"0";"0";"0";"0";"0";"0";"0";"0";"0";"0";"0";"0";"0";"0";"0";"0";"0";"0";"0";"0";"0";"0";"0";"0";"0";"0";"0";"0";"204";"2377898_204"
"researcher";2377898;"Zorgen bij Gommers over aantal IC-opnames, vrees voor ""code zwart""";"2021-04-23";"https://nos.nl/artikel/2377898-zorgen-bij-gommers-over-aantal-ic-opnames-vrees-voor-code-zwart";"Het kabinet";"Organisatie";"NL - Nationale regering - executive / uitvoerende macht";"";"NvT";"0";"1";"11";"1";"1";"0";"0";"1";"0";"0";"0";"0";"0";"0";"0";"0";"0";"0";"0";"0";"0";"0";"0";"0";"0";"0";"0";"0";"0";"0";"0";"0";"0";"0";"0";"0";"0";"0";"0";"0";"0";"0";"0";"0";"0";"0";"0";"0";"0";"0";"0";"0";"0";"0";"0";"0";"0";"0";"0";"0";"0";"0";"0";"0";"0";"0";"0";"0";"0";"0";"0";"0";"0";"0";"0";"0";"205";"2377898_205"
"second_coder";2377898;"Zorgen bij Gommers over aantal IC-opnames, vrees voor ""code zwart""";"2021-04-23";"https://nos.nl/artikel/2377898-zorgen-bij-gommers-over-aantal-ic-opnames-vrees-voor-code-zwart";"Het kabinet";"Organisatie";"NL - Nationale regering - executive / uitvoerende macht";"";"NvT";"0";"1";"43";"1";"1";"0";"0";"1";"0";"0";"0";"0";"0";"0";"0";"0";"0";"0";"0";"0";"1";"0";"0";"1";"0";"0";"0";"0";"0";"0";"0";"0";"0";"0";"0";"0";"1";"0";"0";"1";"1";"0";"0";"1";"0";"0";"0";"0";"0";"0";"0";"0";"0";"0";"0";"0";"0";"0";"0";"0";"0";"0";"0";"0";"0";"0";"0";"0";"0";"0";"0";"0";"0";"0";"0";"0";"205";"2377898_205"
"main_coder";2377898;"Zorgen bij Gommers over aantal IC-opnames, vrees voor ""code zwart""";"2021-04-23";"https://nos.nl/artikel/2377898-zorgen-bij-gommers-over-aantal-ic-opnames-vrees-voor-code-zwart";"Het kabinet";"Organisatie";"NL - Nationale regering - executive / uitvoerende macht";"";"NvT";"0";"1";"11";"1";"1";"0";"0";"1";"0";"0";"0";"0";"0";"0";"0";"0";"0";"0";"0";"0";"0";"0";"0";"0";"0";"0";"0";"0";"0";"0";"0";"0";"0";"0";"0";"0";"0";"0";"0";"0";"0";"0";"0";"0";"0";"0";"0";"0";"0";"0";"0";"0";"0";"0";"0";"0";"0";"0";"0";"0";"0";"0";"0";"0";"0";"0";"0";"0";"0";"0";"0";"0";"0";"0";"0";"0";"205";"2377898_205"
"researcher";2377898;"Zorgen bij Gommers over aantal IC-opnames, vrees voor ""code zwart""";"2021-04-23";"https://nos.nl/artikel/2377898-zorgen-bij-gommers-over-aantal-ic-opnames-vrees-voor-code-zwart";"Jaap van Dissel";"Persoon";"Openbare en semiopenbare instellingen";"";"";"0";"1";"5";"0";"0";"0";"0";"0";"0";"0";"0";"0";"0";"0";"0";"0";"0";"0";"0";"0";"0";"0";"0";"0";"0";"0";"0";"0";"0";"0";"0";"0";"0";"0";"0";"0";"0";"0";"0";"0";"0";"0";"0";"0";"0";"0";"0";"0";"0";"0";"0";"0";"0";"0";"0";"0";"0";"0";"0";"0";"0";"0";"0";"0";"0";"0";"0";"0";"0";"0";"0";"0";"0";"0";"0";"0";"206";"2377898_206"
"second_coder";2377898;"Zorgen bij Gommers over aantal IC-opnames, vrees voor ""code zwart""";"2021-04-23";"https://nos.nl/artikel/2377898-zorgen-bij-gommers-over-aantal-ic-opnames-vrees-voor-code-zwart";"Jaap van Dissel";"Persoon";"Openbare en semiopenbare instellingen";"";"";"0";"1";"8";"0";"0";"0";"0";"0";"0";"0";"0";"0";"0";"0";"0";"0";"0";"0";"0";"0";"0";"0";"0";"0";"0";"0";"0";"0";"0";"0";"0";"0";"0";"0";"0";"0";"0";"0";"0";"0";"0";"0";"0";"0";"0";"0";"0";"0";"0";"0";"0";"0";"0";"0";"0";"0";"0";"0";"0";"0";"0";"0";"0";"0";"0";"0";"0";"0";"0";"0";"0";"0";"0";"0";"0";"0";"206";"2377898_206"
"main_coder";2377898;"Zorgen bij Gommers over aantal IC-opnames, vrees voor ""code zwart""";"2021-04-23";"https://nos.nl/artikel/2377898-zorgen-bij-gommers-over-aantal-ic-opnames-vrees-voor-code-zwart";"Jaap van Dissel";"Persoon";"Openbare en semiopenbare instellingen";"";"";"0";"1";"5";"0";"0";"0";"0";"0";"0";"0";"0";"0";"0";"0";"0";"0";"0";"0";"0";"0";"0";"0";"0";"0";"0";"0";"0";"0";"0";"0";"0";"0";"0";"0";"0";"0";"0";"0";"0";"0";"0";"0";"0";"0";"0";"0";"0";"0";"0";"0";"0";"0";"0";"0";"0";"0";"0";"0";"0";"0";"0";"0";"0";"0";"0";"0";"0";"0";"0";"0";"0";"0";"0";"0";"0";"0";"206";"2377898_206"
"researcher";2378929;"Lange wachttijden en vaak jonge patiënten bij nazorgpoli's corona";"2021-05-01";"https://nos.nl/artikel/2378929-lange-wachttijden-en-vaak-jonge-patienten-bij-nazorgpoli-s-corona";"Andere artsen";"Persoon";"Wetenschappelijke/medische organisaties en onderzoekers";"";"";"0";"1";"7";"0";"0";"0";"0";"0";"0";"0";"0";"0";"0";"0";"0";"0";"0";"0";"0";"0";"0";"0";"0";"0";"0";"0";"0";"0";"0";"0";"0";"0";"0";"0";"0";"0";"0";"0";"0";"0";"0";"0";"0";"0";"0";"0";"0";"0";"0";"0";"0";"0";"0";"0";"0";"0";"0";"0";"0";"0";"0";"0";"0";"0";"0";"0";"0";"0";"0";"0";"0";"0";"0";"0";"0";"0";"207";"2378929_207"
"second_coder";2378929;"Lange wachttijden en vaak jonge patiënten bij nazorgpoli's corona";"2021-05-01";"https://nos.nl/artikel/2378929-lange-wachttijden-en-vaak-jonge-patienten-bij-nazorgpoli-s-corona";"Andere artsen";"Persoon";"Wetenschappelijke/medische organisaties en onderzoekers";"";"";"0";"1";"8";"0";"0";"0";"0";"0";"0";"0";"0";"0";"0";"0";"0";"0";"0";"0";"0";"0";"0";"0";"0";"0";"0";"0";"0";"0";"0";"0";"0";"0";"0";"0";"0";"0";"0";"0";"0";"0";"0";"0";"0";"0";"0";"0";"0";"0";"0";"0";"0";"0";"0";"0";"0";"0";"0";"0";"0";"0";"0";"0";"0";"0";"0";"0";"0";"0";"0";"0";"0";"0";"0";"0";"0";"0";"207";"2378929_207"
"main_coder";2378929;"Lange wachttijden en vaak jonge patiënten bij nazorgpoli's corona";"2021-05-01";"https://nos.nl/artikel/2378929-lange-wachttijden-en-vaak-jonge-patienten-bij-nazorgpoli-s-corona";"Andere artsen";"Persoon";"Wetenschappelijke/medische organisaties en onderzoekers";"";"";"0";"1";"7";"0";"0";"0";"0";"0";"0";"0";"0";"0";"0";"0";"0";"0";"0";"0";"0";"0";"0";"0";"0";"0";"0";"0";"0";"0";"0";"0";"0";"0";"0";"0";"0";"0";"0";"0";"0";"0";"0";"0";"0";"0";"0";"0";"0";"0";"0";"0";"0";"0";"0";"0";"0";"0";"0";"0";"0";"0";"0";"0";"0";"0";"0";"0";"0";"0";"0";"0";"0";"0";"0";"0";"0";"0";"207";"2378929_207"
"researcher";2378929;"Lange wachttijden en vaak jonge patiënten bij nazorgpoli's corona";"2021-05-01";"https://nos.nl/artikel/2378929-lange-wachttijden-en-vaak-jonge-patienten-bij-nazorgpoli-s-corona";"Arno Maas";"Persoon";"Wetenschappelijke/medische organisaties en onderzoekers";"";"";"1";"0";"86";"0";"0";"0";"0";"0";"0";"0";"0";"0";"0";"0";"0";"0";"0";"0";"0";"0";"0";"0";"0";"0";"0";"0";"0";"0";"0";"0";"0";"0";"0";"0";"0";"0";"0";"0";"0";"0";"0";"0";"0";"0";"0";"0";"0";"0";"0";"0";"0";"0";"0";"0";"0";"0";"0";"0";"0";"0";"0";"0";"0";"0";"0";"0";"0";"0";"0";"0";"0";"0";"0";"0";"0";"0";"208";"2378929_208"
"second_coder";2378929;"Lange wachttijden en vaak jonge patiënten bij nazorgpoli's corona";"2021-05-01";"https://nos.nl/artikel/2378929-lange-wachttijden-en-vaak-jonge-patienten-bij-nazorgpoli-s-corona";"Arno Maas";"Persoon";"Wetenschappelijke/medische organisaties en onderzoekers";"";"";"1";"0";"86";"0";"0";"0";"0";"0";"0";"0";"0";"0";"0";"0";"0";"0";"0";"0";"0";"0";"0";"0";"0";"0";"0";"0";"0";"0";"0";"0";"0";"0";"0";"0";"0";"0";"0";"0";"0";"0";"0";"0";"0";"0";"0";"0";"0";"0";"0";"0";"0";"0";"0";"0";"0";"0";"0";"0";"0";"0";"0";"0";"0";"0";"0";"0";"0";"0";"0";"0";"0";"0";"0";"0";"0";"0";"208";"2378929_208"
"main_coder";2378929;"Lange wachttijden en vaak jonge patiënten bij nazorgpoli's corona";"2021-05-01";"https://nos.nl/artikel/2378929-lange-wachttijden-en-vaak-jonge-patienten-bij-nazorgpoli-s-corona";"Arno Maas";"Persoon";"Wetenschappelijke/medische organisaties en onderzoekers";"";"";"1";"0";"76";"0";"0";"0";"0";"0";"0";"0";"0";"0";"0";"0";"0";"0";"0";"0";"0";"0";"0";"0";"0";"0";"0";"0";"0";"0";"0";"0";"0";"0";"0";"0";"0";"0";"0";"0";"0";"0";"0";"0";"0";"0";"0";"0";"0";"0";"0";"0";"0";"0";"0";"0";"0";"0";"0";"0";"0";"0";"0";"0";"0";"0";"0";"0";"0";"0";"0";"0";"0";"0";"0";"0";"0";"0";"208";"2378929_208"
"researcher";2378929;"Lange wachttijden en vaak jonge patiënten bij nazorgpoli's corona";"2021-05-01";"https://nos.nl/artikel/2378929-lange-wachttijden-en-vaak-jonge-patienten-bij-nazorgpoli-s-corona";"Bram van den Borst";"Persoon";"Wetenschappelijke/medische organisaties en onderzoekers";"";"";"1";"1";"77";"0";"0";"0";"0";"0";"0";"0";"0";"0";"0";"0";"0";"0";"0";"0";"0";"0";"0";"0";"0";"0";"0";"0";"0";"0";"0";"0";"0";"0";"0";"0";"0";"0";"0";"0";"0";"0";"0";"0";"0";"0";"0";"0";"0";"0";"0";"0";"0";"0";"0";"0";"0";"0";"0";"0";"0";"0";"0";"0";"0";"0";"0";"0";"0";"0";"0";"0";"0";"0";"0";"0";"0";"0";"209";"2378929_209"
"second_coder";2378929;"Lange wachttijden en vaak jonge patiënten bij nazorgpoli's corona";"2021-05-01";"https://nos.nl/artikel/2378929-lange-wachttijden-en-vaak-jonge-patienten-bij-nazorgpoli-s-corona";"Bram van den Borst";"Persoon";"Wetenschappelijke/medische organisaties en onderzoekers";"";"";"1";"1";"77";"0";"0";"0";"0";"0";"0";"0";"0";"0";"0";"0";"0";"0";"0";"0";"0";"0";"0";"0";"0";"0";"0";"0";"0";"0";"0";"0";"0";"0";"0";"0";"0";"0";"0";"0";"0";"0";"0";"0";"0";"0";"0";"0";"0";"0";"0";"0";"0";"0";"0";"0";"0";"0";"0";"0";"0";"0";"0";"0";"0";"0";"0";"0";"0";"0";"0";"0";"0";"0";"0";"0";"0";"0";"209";"2378929_209"
"main_coder";2378929;"Lange wachttijden en vaak jonge patiënten bij nazorgpoli's corona";"2021-05-01";"https://nos.nl/artikel/2378929-lange-wachttijden-en-vaak-jonge-patienten-bij-nazorgpoli-s-corona";"Bram van den Borst";"Persoon";"Wetenschappelijke/medische organisaties en onderzoekers";"";"";"1";"1";"77";"0";"0";"0";"0";"0";"0";"0";"0";"0";"0";"0";"0";"0";"0";"0";"0";"0";"0";"0";"0";"0";"0";"0";"0";"0";"0";"0";"0";"0";"0";"0";"0";"0";"0";"0";"0";"0";"0";"0";"0";"0";"0";"0";"0";"0";"0";"0";"0";"0";"0";"0";"0";"0";"0";"0";"0";"0";"0";"0";"0";"0";"0";"0";"0";"0";"0";"0";"0";"0";"0";"0";"0";"0";"209";"2378929_209"
"researcher";2378929;"Lange wachttijden en vaak jonge patiënten bij nazorgpoli's corona";"2021-05-01";"https://nos.nl/artikel/2378929-lange-wachttijden-en-vaak-jonge-patienten-bij-nazorgpoli-s-corona";"C-support";"Organisatie";"Niet-governementele organisaties (NGO), maatschappelijke organisaties, en hun leden";"";"";"0";"1";"14";"0";"0";"0";"0";"0";"0";"0";"0";"0";"0";"0";"0";"0";"0";"0";"0";"0";"0";"0";"0";"0";"0";"0";"0";"0";"0";"0";"0";"0";"0";"0";"0";"0";"0";"0";"0";"0";"0";"0";"0";"0";"0";"0";"0";"0";"0";"0";"0";"0";"0";"0";"0";"0";"0";"0";"0";"0";"0";"0";"0";"0";"0";"0";"0";"0";"0";"0";"0";"0";"0";"0";"0";"0";"210";"2378929_210"
"main_coder";2378929;"Lange wachttijden en vaak jonge patiënten bij nazorgpoli's corona";"2021-05-01";"https://nos.nl/artikel/2378929-lange-wachttijden-en-vaak-jonge-patienten-bij-nazorgpoli-s-corona";"C-support";"Organisatie";"Niet-governementele organisaties (NGO), maatschappelijke organisaties, en hun leden";"";"";"0";"1";"14";"0";"0";"0";"0";"0";"0";"0";"0";"0";"0";"0";"0";"0";"0";"0";"0";"0";"0";"0";"0";"0";"0";"0";"0";"0";"0";"0";"0";"0";"0";"0";"0";"0";"0";"0";"0";"0";"0";"0";"0";"0";"0";"0";"0";"0";"0";"0";"0";"0";"0";"0";"0";"0";"0";"0";"0";"0";"0";"0";"0";"0";"0";"0";"0";"0";"0";"0";"0";"0";"0";"0";"0";"0";"210";"2378929_210"
"researcher";2378929;"Lange wachttijden en vaak jonge patiënten bij nazorgpoli's corona";"2021-05-01";"https://nos.nl/artikel/2378929-lange-wachttijden-en-vaak-jonge-patienten-bij-nazorgpoli-s-corona";"Jürgen Hölters";"Persoon";"Wetenschappelijke/medische organisaties en onderzoekers";"";"";"0";"1";"16";"0";"0";"0";"0";"0";"0";"0";"0";"0";"0";"0";"0";"0";"0";"0";"0";"0";"0";"0";"0";"0";"0";"0";"0";"0";"0";"0";"0";"0";"0";"0";"0";"0";"0";"0";"0";"0";"0";"0";"0";"0";"0";"0";"0";"0";"0";"0";"0";"0";"0";"0";"0";"0";"0";"0";"0";"0";"0";"0";"0";"0";"0";"0";"0";"0";"0";"0";"0";"0";"0";"0";"0";"0";"211";"2378929_211"
"main_coder";2378929;"Lange wachttijden en vaak jonge patiënten bij nazorgpoli's corona";"2021-05-01";"https://nos.nl/artikel/2378929-lange-wachttijden-en-vaak-jonge-patienten-bij-nazorgpoli-s-corona";"Jürgen Hölters";"Persoon";"Wetenschappelijke/medische organisaties en onderzoekers";"";"";"0";"1";"16";"0";"0";"0";"0";"0";"0";"0";"0";"0";"0";"0";"0";"0";"0";"0";"0";"0";"0";"0";"0";"0";"0";"0";"0";"0";"0";"0";"0";"0";"0";"0";"0";"0";"0";"0";"0";"0";"0";"0";"0";"0";"0";"0";"0";"0";"0";"0";"0";"0";"0";"0";"0";"0";"0";"0";"0";"0";"0";"0";"0";"0";"0";"0";"0";"0";"0";"0";"0";"0";"0";"0";"0";"0";"211";"2378929_211"
"researcher";2378929;"Lange wachttijden en vaak jonge patiënten bij nazorgpoli's corona";"2021-05-01";"https://nos.nl/artikel/2378929-lange-wachttijden-en-vaak-jonge-patienten-bij-nazorgpoli-s-corona";"Natasja Jelsma";"Persoon";"Wetenschappelijke/medische organisaties en onderzoekers";"";"";"1";"0";"26";"0";"0";"0";"0";"0";"0";"0";"0";"0";"0";"0";"0";"0";"0";"0";"0";"0";"0";"0";"0";"0";"0";"0";"0";"0";"0";"0";"0";"0";"0";"0";"0";"0";"0";"0";"0";"0";"0";"0";"0";"0";"0";"0";"0";"0";"0";"0";"0";"0";"0";"0";"0";"0";"0";"0";"0";"0";"0";"0";"0";"0";"0";"0";"0";"0";"0";"0";"0";"0";"0";"0";"0";"0";"212";"2378929_212"
"second_coder";2378929;"Lange wachttijden en vaak jonge patiënten bij nazorgpoli's corona";"2021-05-01";"https://nos.nl/artikel/2378929-lange-wachttijden-en-vaak-jonge-patienten-bij-nazorgpoli-s-corona";"Natasja Jelsma";"Persoon";"Wetenschappelijke/medische organisaties en onderzoekers";"";"";"1";"0";"26";"0";"0";"0";"0";"0";"0";"0";"0";"0";"0";"0";"0";"0";"0";"0";"0";"0";"0";"0";"0";"0";"0";"0";"0";"0";"0";"0";"0";"0";"0";"0";"0";"0";"0";"0";"0";"0";"0";"0";"0";"0";"0";"0";"0";"0";"0";"0";"0";"0";"0";"0";"0";"0";"0";"0";"0";"0";"0";"0";"0";"0";"0";"0";"0";"0";"0";"0";"0";"0";"0";"0";"0";"0";"212";"2378929_212"
"main_coder";2378929;"Lange wachttijden en vaak jonge patiënten bij nazorgpoli's corona";"2021-05-01";"https://nos.nl/artikel/2378929-lange-wachttijden-en-vaak-jonge-patienten-bij-nazorgpoli-s-corona";"Natasja Jelsma";"Persoon";"Wetenschappelijke/medische organisaties en onderzoekers";"";"";"1";"0";"26";"0";"0";"0";"0";"0";"0";"0";"0";"0";"0";"0";"0";"0";"0";"0";"0";"0";"0";"0";"0";"0";"0";"0";"0";"0";"0";"0";"0";"0";"0";"0";"0";"0";"0";"0";"0";"0";"0";"0";"0";"0";"0";"0";"0";"0";"0";"0";"0";"0";"0";"0";"0";"0";"0";"0";"0";"0";"0";"0";"0";"0";"0";"0";"0";"0";"0";"0";"0";"0";"0";"0";"0";"0";"212";"2378929_212"
"researcher";2378929;"Lange wachttijden en vaak jonge patiënten bij nazorgpoli's corona";"2021-05-01";"https://nos.nl/artikel/2378929-lange-wachttijden-en-vaak-jonge-patienten-bij-nazorgpoli-s-corona";"Nederlands Huisartsen Genootschap";"Organisatie";"Niet-governementele organisaties (NGO), maatschappelijke organisaties, en hun leden";"";"";"1";"1";"25";"0";"0";"0";"0";"0";"0";"0";"0";"0";"0";"0";"0";"0";"0";"0";"0";"0";"0";"0";"0";"0";"0";"0";"0";"0";"0";"0";"0";"0";"0";"0";"0";"0";"0";"0";"0";"0";"0";"0";"0";"0";"0";"0";"0";"0";"0";"0";"0";"0";"0";"0";"0";"0";"0";"0";"0";"0";"0";"0";"0";"0";"0";"0";"0";"0";"0";"0";"0";"0";"0";"0";"0";"0";"213";"2378929_213"
"second_coder";2378929;"Lange wachttijden en vaak jonge patiënten bij nazorgpoli's corona";"2021-05-01";"https://nos.nl/artikel/2378929-lange-wachttijden-en-vaak-jonge-patienten-bij-nazorgpoli-s-corona";"Nederlands Huisartsen Genootschap";"Organisatie";"Niet-governementele organisaties (NGO), maatschappelijke organisaties, en hun leden";"";"";"1";"1";"25";"0";"0";"0";"0";"0";"0";"0";"0";"0";"0";"0";"0";"0";"0";"0";"0";"0";"0";"0";"0";"0";"0";"0";"0";"0";"0";"0";"0";"0";"0";"0";"0";"0";"0";"0";"0";"0";"0";"0";"0";"0";"0";"0";"0";"0";"0";"0";"0";"0";"0";"0";"0";"0";"0";"0";"0";"0";"0";"0";"0";"0";"0";"0";"0";"0";"0";"0";"0";"0";"0";"0";"0";"0";"213";"2378929_213"
"main_coder";2378929;"Lange wachttijden en vaak jonge patiënten bij nazorgpoli's corona";"2021-05-01";"https://nos.nl/artikel/2378929-lange-wachttijden-en-vaak-jonge-patienten-bij-nazorgpoli-s-corona";"Nederlands Huisartsen Genootschap";"Organisatie";"Niet-governementele organisaties (NGO), maatschappelijke organisaties, en hun leden";"";"";"0";"1";"24";"0";"0";"0";"0";"0";"0";"0";"0";"0";"0";"0";"0";"0";"0";"0";"0";"0";"0";"0";"0";"0";"0";"0";"0";"0";"0";"0";"0";"0";"0";"0";"0";"0";"0";"0";"0";"0";"0";"0";"0";"0";"0";"0";"0";"0";"0";"0";"0";"0";"0";"0";"0";"0";"0";"0";"0";"0";"0";"0";"0";"0";"0";"0";"0";"0";"0";"0";"0";"0";"0";"0";"0";"0";"213";"2378929_213"
"researcher";2378929;"Lange wachttijden en vaak jonge patiënten bij nazorgpoli's corona";"2021-05-01";"https://nos.nl/artikel/2378929-lange-wachttijden-en-vaak-jonge-patienten-bij-nazorgpoli-s-corona";"RIVM";"Organisatie";"Openbare en semiopenbare instellingen";"";"";"0";"1";"40";"0";"0";"0";"0";"0";"0";"0";"0";"0";"0";"0";"0";"0";"0";"0";"0";"0";"0";"0";"0";"0";"0";"0";"0";"0";"0";"0";"0";"0";"0";"0";"0";"0";"0";"0";"0";"0";"0";"0";"0";"0";"0";"0";"0";"0";"0";"0";"0";"0";"0";"0";"0";"0";"0";"0";"0";"0";"0";"0";"0";"0";"0";"0";"0";"0";"0";"0";"0";"0";"0";"0";"0";"0";"214";"2378929_214"
"second_coder";2378929;"Lange wachttijden en vaak jonge patiënten bij nazorgpoli's corona";"2021-05-01";"https://nos.nl/artikel/2378929-lange-wachttijden-en-vaak-jonge-patienten-bij-nazorgpoli-s-corona";"RIVM";"Organisatie";"Openbare en semiopenbare instellingen";"";"";"0";"1";"40";"0";"0";"0";"0";"0";"0";"0";"0";"0";"0";"0";"0";"0";"0";"0";"0";"0";"0";"0";"0";"0";"0";"0";"0";"0";"0";"0";"0";"0";"0";"0";"0";"0";"0";"0";"0";"0";"0";"0";"0";"0";"0";"0";"0";"0";"0";"0";"0";"0";"0";"0";"0";"0";"0";"0";"0";"0";"0";"0";"0";"0";"0";"0";"0";"0";"0";"0";"0";"0";"0";"0";"0";"0";"214";"2378929_214"
"main_coder";2378929;"Lange wachttijden en vaak jonge patiënten bij nazorgpoli's corona";"2021-05-01";"https://nos.nl/artikel/2378929-lange-wachttijden-en-vaak-jonge-patienten-bij-nazorgpoli-s-corona";"RIVM";"Organisatie";"Openbare en semiopenbare instellingen";"";"";"0";"1";"40";"0";"0";"0";"0";"0";"0";"0";"0";"0";"0";"0";"0";"0";"0";"0";"0";"0";"0";"0";"0";"0";"0";"0";"0";"0";"0";"0";"0";"0";"0";"0";"0";"0";"0";"0";"0";"0";"0";"0";"0";"0";"0";"0";"0";"0";"0";"0";"0";"0";"0";"0";"0";"0";"0";"0";"0";"0";"0";"0";"0";"0";"0";"0";"0";"0";"0";"0";"0";"0";"0";"0";"0";"0";"214";"2378929_214"
"researcher";2378929;"Lange wachttijden en vaak jonge patiënten bij nazorgpoli's corona";"2021-05-01";"https://nos.nl/artikel/2378929-lange-wachttijden-en-vaak-jonge-patienten-bij-nazorgpoli-s-corona";"Rune Poortvliet";"Persoon";"Publiek en leden van het publiek, publieke opiniepeilingen en hun respondenten";"";"";"1";"0";"13";"0";"0";"0";"0";"0";"0";"0";"0";"0";"0";"0";"0";"0";"0";"0";"0";"0";"0";"0";"0";"0";"0";"0";"0";"0";"0";"0";"0";"0";"0";"0";"0";"0";"0";"0";"0";"0";"0";"0";"0";"0";"0";"0";"0";"0";"0";"0";"0";"0";"0";"0";"0";"0";"0";"0";"0";"0";"0";"0";"0";"0";"0";"0";"0";"0";"0";"0";"0";"0";"0";"0";"0";"0";"215";"2378929_215"
"second_coder";2378929;"Lange wachttijden en vaak jonge patiënten bij nazorgpoli's corona";"2021-05-01";"https://nos.nl/artikel/2378929-lange-wachttijden-en-vaak-jonge-patienten-bij-nazorgpoli-s-corona";"Rune Poortvliet";"Persoon";"Publiek en leden van het publiek, publieke opiniepeilingen en hun respondenten";"";"";"1";"0";"13";"0";"0";"0";"0";"0";"0";"0";"0";"0";"0";"0";"0";"0";"0";"0";"0";"0";"0";"0";"0";"0";"0";"0";"0";"0";"0";"0";"0";"0";"0";"0";"0";"0";"0";"0";"0";"0";"0";"0";"0";"0";"0";"0";"0";"0";"0";"0";"0";"0";"0";"0";"0";"0";"0";"0";"0";"0";"0";"0";"0";"0";"0";"0";"0";"0";"0";"0";"0";"0";"0";"0";"0";"0";"215";"2378929_215"
"main_coder";2378929;"Lange wachttijden en vaak jonge patiënten bij nazorgpoli's corona";"2021-05-01";"https://nos.nl/artikel/2378929-lange-wachttijden-en-vaak-jonge-patienten-bij-nazorgpoli-s-corona";"Rune Poortvliet";"Persoon";"Publiek en leden van het publiek, publieke opiniepeilingen en hun respondenten";"";"";"1";"0";"13";"0";"0";"0";"0";"0";"0";"0";"0";"0";"0";"0";"0";"0";"0";"0";"0";"0";"0";"0";"0";"0";"0";"0";"0";"0";"0";"0";"0";"0";"0";"0";"0";"0";"0";"0";"0";"0";"0";"0";"0";"0";"0";"0";"0";"0";"0";"0";"0";"0";"0";"0";"0";"0";"0";"0";"0";"0";"0";"0";"0";"0";"0";"0";"0";"0";"0";"0";"0";"0";"0";"0";"0";"0";"215";"2378929_215"
"researcher";2378929;"Lange wachttijden en vaak jonge patiënten bij nazorgpoli's corona";"2021-05-01";"https://nos.nl/artikel/2378929-lange-wachttijden-en-vaak-jonge-patienten-bij-nazorgpoli-s-corona";"Simone van der Sar";"Persoon";"Wetenschappelijke/medische organisaties en onderzoekers";"";"";"1";"0";"20";"0";"0";"0";"0";"0";"0";"0";"0";"0";"0";"0";"0";"0";"0";"0";"0";"0";"0";"0";"0";"0";"0";"0";"0";"0";"0";"0";"0";"0";"0";"0";"0";"0";"0";"0";"0";"0";"0";"0";"0";"0";"0";"0";"0";"0";"0";"0";"0";"0";"0";"0";"0";"0";"0";"0";"0";"0";"0";"0";"0";"0";"0";"0";"0";"0";"0";"0";"0";"0";"0";"0";"0";"0";"216";"2378929_216"
"second_coder";2378929;"Lange wachttijden en vaak jonge patiënten bij nazorgpoli's corona";"2021-05-01";"https://nos.nl/artikel/2378929-lange-wachttijden-en-vaak-jonge-patienten-bij-nazorgpoli-s-corona";"Simone van der Sar";"Persoon";"Wetenschappelijke/medische organisaties en onderzoekers";"";"";"1";"0";"20";"0";"0";"0";"0";"0";"0";"0";"0";"0";"0";"0";"0";"0";"0";"0";"0";"0";"0";"0";"0";"0";"0";"0";"0";"0";"0";"0";"0";"0";"0";"0";"0";"0";"0";"0";"0";"0";"0";"0";"0";"0";"0";"0";"0";"0";"0";"0";"0";"0";"0";"0";"0";"0";"0";"0";"0";"0";"0";"0";"0";"0";"0";"0";"0";"0";"0";"0";"0";"0";"0";"0";"0";"0";"216";"2378929_216"
"main_coder";2378929;"Lange wachttijden en vaak jonge patiënten bij nazorgpoli's corona";"2021-05-01";"https://nos.nl/artikel/2378929-lange-wachttijden-en-vaak-jonge-patienten-bij-nazorgpoli-s-corona";"Simone van der Sar";"Persoon";"Wetenschappelijke/medische organisaties en onderzoekers";"";"";"1";"0";"20";"0";"0";"0";"0";"0";"0";"0";"0";"0";"0";"0";"0";"0";"0";"0";"0";"0";"0";"0";"0";"0";"0";"0";"0";"0";"0";"0";"0";"0";"0";"0";"0";"0";"0";"0";"0";"0";"0";"0";"0";"0";"0";"0";"0";"0";"0";"0";"0";"0";"0";"0";"0";"0";"0";"0";"0";"0";"0";"0";"0";"0";"0";"0";"0";"0";"0";"0";"0";"0";"0";"0";"0";"0";"216";"2378929_216"
"researcher";2378929;"Lange wachttijden en vaak jonge patiënten bij nazorgpoli's corona";"2021-05-01";"https://nos.nl/artikel/2378929-lange-wachttijden-en-vaak-jonge-patienten-bij-nazorgpoli-s-corona";"Veerle de Visser";"Persoon";"Wetenschappelijke/medische organisaties en onderzoekers";"";"";"1";"0";"33";"0";"0";"0";"0";"0";"0";"0";"0";"0";"0";"0";"0";"0";"0";"0";"0";"0";"0";"0";"0";"0";"0";"0";"0";"0";"0";"0";"0";"0";"0";"0";"0";"0";"0";"0";"0";"0";"0";"0";"0";"0";"0";"0";"0";"0";"0";"0";"0";"0";"0";"0";"0";"0";"0";"0";"0";"0";"0";"0";"0";"0";"0";"0";"0";"0";"0";"0";"0";"0";"0";"0";"0";"0";"217";"2378929_217"
"second_coder";2378929;"Lange wachttijden en vaak jonge patiënten bij nazorgpoli's corona";"2021-05-01";"https://nos.nl/artikel/2378929-lange-wachttijden-en-vaak-jonge-patienten-bij-nazorgpoli-s-corona";"Veerle de Visser";"Persoon";"Wetenschappelijke/medische organisaties en onderzoekers";"";"";"1";"0";"33";"0";"0";"0";"0";"0";"0";"0";"0";"0";"0";"0";"0";"0";"0";"0";"0";"0";"0";"0";"0";"0";"0";"0";"0";"0";"0";"0";"0";"0";"0";"0";"0";"0";"0";"0";"0";"0";"0";"0";"0";"0";"0";"0";"0";"0";"0";"0";"0";"0";"0";"0";"0";"0";"0";"0";"0";"0";"0";"0";"0";"0";"0";"0";"0";"0";"0";"0";"0";"0";"0";"0";"0";"0";"217";"2378929_217"
"main_coder";2378929;"Lange wachttijden en vaak jonge patiënten bij nazorgpoli's corona";"2021-05-01";"https://nos.nl/artikel/2378929-lange-wachttijden-en-vaak-jonge-patienten-bij-nazorgpoli-s-corona";"Veerle de Visser";"Persoon";"Wetenschappelijke/medische organisaties en onderzoekers";"";"";"1";"0";"33";"0";"0";"0";"0";"0";"0";"0";"0";"0";"0";"0";"0";"0";"0";"0";"0";"0";"0";"0";"0";"0";"0";"0";"0";"0";"0";"0";"0";"0";"0";"0";"0";"0";"0";"0";"0";"0";"0";"0";"0";"0";"0";"0";"0";"0";"0";"0";"0";"0";"0";"0";"0";"0";"0";"0";"0";"0";"0";"0";"0";"0";"0";"0";"0";"0";"0";"0";"0";"0";"0";"0";"0";"0";"217";"2378929_217"
"main_coder";2378929;"Lange wachttijden en vaak jonge patiënten bij nazorgpoli's corona";"2021-05-01";"https://nos.nl/artikel/2378929-lange-wachttijden-en-vaak-jonge-patienten-bij-nazorgpoli-s-corona";"artsen";"Persoon";"Wetenschappelijke/medische organisaties en onderzoekers";"";"";"0";"1";"20";"0";"0";"0";"0";"0";"0";"0";"0";"0";"0";"0";"0";"0";"0";"0";"0";"0";"0";"0";"0";"0";"0";"0";"0";"0";"0";"0";"0";"0";"0";"0";"0";"0";"0";"0";"0";"0";"0";"0";"0";"0";"0";"0";"0";"0";"0";"0";"0";"0";"0";"0";"0";"0";"0";"0";"0";"0";"0";"0";"0";"0";"0";"0";"0";"0";"0";"0";"0";"0";"0";"0";"0";"0";"218";"2378929_218"
"main_coder";2378929;"Lange wachttijden en vaak jonge patiënten bij nazorgpoli's corona";"2021-05-01";"https://nos.nl/artikel/2378929-lange-wachttijden-en-vaak-jonge-patienten-bij-nazorgpoli-s-corona";"de NOS";"Organisatie";"Journalisten anders dan de schrijver van het huidige artikel of nieuwsorganisaties anders dan de nieuwsorganisatie van het huidige artikel.";"";"";"0";"1";"13";"0";"0";"0";"0";"0";"0";"0";"0";"0";"0";"0";"0";"0";"0";"0";"0";"0";"0";"0";"0";"0";"0";"0";"0";"0";"0";"0";"0";"0";"0";"0";"0";"0";"0";"0";"0";"0";"0";"0";"0";"0";"0";"0";"0";"0";"0";"0";"0";"0";"0";"0";"0";"0";"0";"0";"0";"0";"0";"0";"0";"0";"0";"0";"0";"0";"0";"0";"0";"0";"0";"0";"0";"0";"219";"2378929_219"
"researcher";2379298;"Is de piek van de derde golf bereikt? ""Het is nog even koffiedik kijken""";"2021-05-03";"https://nos.nl/artikel/2379298-is-de-piek-van-de-derde-golf-bereikt-het-is-nog-even-koffiedik-kijken";"Alma Tostmann";"Persoon";"Wetenschappelijke/medische organisaties en onderzoekers";"";"";"1";"1";"99";"1";"0";"0";"0";"0";"0";"0";"0";"0";"0";"0";"0";"0";"0";"0";"0";"0";"0";"0";"0";"0";"0";"0";"0";"0";"0";"0";"0";"0";"0";"0";"0";"0";"0";"0";"0";"0";"0";"0";"0";"0";"0";"0";"0";"0";"0";"0";"0";"0";"0";"0";"0";"0";"0";"0";"0";"0";"0";"0";"0";"0";"0";"0";"0";"0";"1";"0";"0";"1";"0";"0";"0";"0";"220";"2379298_220"
"second_coder";2379298;"Is de piek van de derde golf bereikt? ""Het is nog even koffiedik kijken""";"2021-05-03";"https://nos.nl/artikel/2379298-is-de-piek-van-de-derde-golf-bereikt-het-is-nog-even-koffiedik-kijken";"Alma Tostmann";"Persoon";"Wetenschappelijke/medische organisaties en onderzoekers";"";"";"1";"1";"99";"1";"0";"0";"0";"0";"0";"0";"0";"0";"0";"0";"0";"0";"0";"0";"0";"0";"0";"0";"0";"0";"0";"0";"0";"0";"0";"0";"0";"0";"0";"0";"0";"0";"0";"0";"0";"0";"0";"0";"0";"0";"0";"0";"0";"0";"0";"0";"0";"0";"0";"0";"0";"0";"0";"0";"0";"0";"0";"0";"0";"0";"0";"0";"0";"0";"1";"0";"0";"1";"0";"0";"0";"0";"220";"2379298_220"
"main_coder";2379298;"Is de piek van de derde golf bereikt? ""Het is nog even koffiedik kijken""";"2021-05-03";"https://nos.nl/artikel/2379298-is-de-piek-van-de-derde-golf-bereikt-het-is-nog-even-koffiedik-kijken";"Alma Tostmann";"Persoon";"Wetenschappelijke/medische organisaties en onderzoekers";"";"";"1";"1";"108";"1";"0";"0";"0";"0";"0";"0";"0";"0";"0";"0";"0";"0";"0";"0";"0";"0";"0";"0";"0";"0";"0";"0";"0";"0";"0";"0";"0";"0";"0";"0";"0";"0";"0";"0";"0";"0";"0";"0";"0";"0";"0";"0";"0";"0";"0";"0";"0";"0";"0";"0";"0";"0";"0";"0";"0";"0";"0";"0";"0";"0";"0";"0";"0";"0";"1";"0";"0";"1";"0";"0";"0";"0";"220";"2379298_220"
"researcher";2379298;"Is de piek van de derde golf bereikt? ""Het is nog even koffiedik kijken""";"2021-05-03";"https://nos.nl/artikel/2379298-is-de-piek-van-de-derde-golf-bereikt-het-is-nog-even-koffiedik-kijken";"Jaap van Dissel";"Persoon";"Openbare en semiopenbare instellingen";"";"";"0";"1";"19";"0";"0";"0";"0";"0";"0";"0";"0";"0";"0";"0";"0";"0";"0";"0";"0";"0";"0";"0";"0";"0";"0";"0";"0";"0";"0";"0";"0";"0";"0";"0";"0";"0";"0";"0";"0";"0";"0";"0";"0";"0";"0";"0";"0";"0";"0";"0";"0";"0";"0";"0";"0";"0";"0";"0";"0";"0";"0";"0";"0";"0";"0";"0";"0";"0";"0";"0";"0";"0";"0";"0";"0";"0";"221";"2379298_221"
"second_coder";2379298;"Is de piek van de derde golf bereikt? ""Het is nog even koffiedik kijken""";"2021-05-03";"https://nos.nl/artikel/2379298-is-de-piek-van-de-derde-golf-bereikt-het-is-nog-even-koffiedik-kijken";"Jaap van Dissel";"Persoon";"Wetenschappelijke/medische organisaties en onderzoekers";"";"";"0";"1";"20";"0";"0";"0";"0";"0";"0";"0";"0";"0";"0";"0";"0";"0";"0";"0";"0";"0";"0";"0";"0";"0";"0";"0";"0";"0";"0";"0";"0";"0";"0";"0";"0";"0";"0";"0";"0";"0";"0";"0";"0";"0";"0";"0";"0";"0";"0";"0";"0";"0";"0";"0";"0";"0";"0";"0";"0";"0";"0";"0";"0";"0";"0";"0";"0";"0";"0";"0";"0";"0";"0";"0";"0";"0";"221";"2379298_221"
"main_coder";2379298;"Is de piek van de derde golf bereikt? ""Het is nog even koffiedik kijken""";"2021-05-03";"https://nos.nl/artikel/2379298-is-de-piek-van-de-derde-golf-bereikt-het-is-nog-even-koffiedik-kijken";"Jaap van Dissel";"Persoon";"Openbare en semiopenbare instellingen";"";"";"0";"1";"19";"0";"0";"0";"0";"0";"0";"0";"0";"0";"0";"0";"0";"0";"0";"0";"0";"0";"0";"0";"0";"0";"0";"0";"0";"0";"0";"0";"0";"0";"0";"0";"0";"0";"0";"0";"0";"0";"0";"0";"0";"0";"0";"0";"0";"0";"0";"0";"0";"0";"0";"0";"0";"0";"0";"0";"0";"0";"0";"0";"0";"0";"0";"0";"0";"0";"0";"0";"0";"0";"0";"0";"0";"0";"221";"2379298_221"
"researcher";2379298;"Is de piek van de derde golf bereikt? ""Het is nog even koffiedik kijken""";"2021-05-03";"https://nos.nl/artikel/2379298-is-de-piek-van-de-derde-golf-bereikt-het-is-nog-even-koffiedik-kijken";"OMT";"Organisatie";"Openbare en semiopenbare instellingen";"";"";"0";"1";"21";"0";"0";"0";"0";"0";"0";"0";"0";"0";"0";"0";"0";"0";"0";"0";"0";"0";"0";"0";"0";"0";"0";"0";"0";"0";"0";"0";"0";"0";"0";"0";"0";"0";"0";"0";"0";"0";"0";"0";"0";"0";"0";"0";"0";"0";"0";"0";"0";"0";"0";"0";"0";"0";"0";"0";"0";"0";"0";"0";"0";"0";"0";"0";"0";"0";"0";"0";"0";"0";"0";"0";"0";"0";"222";"2379298_222"
"second_coder";2379298;"Is de piek van de derde golf bereikt? ""Het is nog even koffiedik kijken""";"2021-05-03";"https://nos.nl/artikel/2379298-is-de-piek-van-de-derde-golf-bereikt-het-is-nog-even-koffiedik-kijken";"OMT";"Organisatie";"Wetenschappelijke/medische organisaties en onderzoekers";"";"";"0";"1";"21";"0";"0";"0";"0";"0";"0";"0";"0";"0";"0";"0";"0";"0";"0";"0";"0";"0";"0";"0";"0";"0";"0";"0";"0";"0";"0";"0";"0";"0";"0";"0";"0";"0";"0";"0";"0";"0";"0";"0";"0";"0";"0";"0";"0";"0";"0";"0";"0";"0";"0";"0";"0";"0";"0";"0";"0";"0";"0";"0";"0";"0";"0";"0";"0";"0";"0";"0";"0";"0";"0";"0";"0";"0";"222";"2379298_222"
"main_coder";2379298;"Is de piek van de derde golf bereikt? ""Het is nog even koffiedik kijken""";"2021-05-03";"https://nos.nl/artikel/2379298-is-de-piek-van-de-derde-golf-bereikt-het-is-nog-even-koffiedik-kijken";"OMT";"Organisatie";"Openbare en semiopenbare instellingen";"";"";"0";"1";"21";"0";"0";"0";"0";"0";"0";"0";"0";"0";"0";"0";"0";"0";"0";"0";"0";"0";"0";"0";"0";"0";"0";"0";"0";"0";"0";"0";"0";"0";"0";"0";"0";"0";"0";"0";"0";"0";"0";"0";"0";"0";"0";"0";"0";"0";"0";"0";"0";"0";"0";"0";"0";"0";"0";"0";"0";"0";"0";"0";"0";"0";"0";"0";"0";"0";"0";"0";"0";"0";"0";"0";"0";"0";"222";"2379298_222"
"researcher";2379298;"Is de piek van de derde golf bereikt? ""Het is nog even koffiedik kijken""";"2021-05-03";"https://nos.nl/artikel/2379298-is-de-piek-van-de-derde-golf-bereikt-het-is-nog-even-koffiedik-kijken";"Yorick Bleijenberg";"Persoon";"Wetenschappelijke/medische organisaties en onderzoekers";"";"";"1";"1";"92";"1";"0";"0";"0";"0";"0";"0";"0";"0";"0";"0";"0";"0";"0";"0";"0";"0";"0";"0";"0";"0";"0";"0";"0";"0";"0";"0";"0";"0";"0";"0";"0";"0";"0";"0";"0";"0";"0";"0";"0";"0";"0";"0";"0";"0";"0";"0";"0";"0";"0";"0";"0";"0";"0";"0";"0";"0";"1";"0";"0";"1";"0";"0";"0";"0";"1";"0";"0";"1";"0";"0";"0";"0";"223";"2379298_223"
"second_coder";2379298;"Is de piek van de derde golf bereikt? ""Het is nog even koffiedik kijken""";"2021-05-03";"https://nos.nl/artikel/2379298-is-de-piek-van-de-derde-golf-bereikt-het-is-nog-even-koffiedik-kijken";"Yorick Bleijenberg";"Persoon";"Wetenschappelijke/medische organisaties en onderzoekers";"";"";"1";"1";"79";"1";"0";"0";"0";"0";"0";"0";"0";"0";"0";"0";"0";"0";"0";"0";"0";"0";"0";"0";"0";"0";"0";"0";"0";"0";"0";"0";"0";"0";"0";"0";"0";"0";"0";"0";"0";"0";"0";"0";"0";"0";"0";"0";"0";"0";"0";"0";"0";"0";"0";"0";"0";"0";"0";"0";"0";"0";"1";"0";"0";"1";"0";"0";"0";"0";"0";"0";"0";"0";"0";"0";"0";"0";"223";"2379298_223"
"main_coder";2379298;"Is de piek van de derde golf bereikt? ""Het is nog even koffiedik kijken""";"2021-05-03";"https://nos.nl/artikel/2379298-is-de-piek-van-de-derde-golf-bereikt-het-is-nog-even-koffiedik-kijken";"Yorick Bleijenberg";"Persoon";"Wetenschappelijke/medische organisaties en onderzoekers";"";"";"1";"1";"92";"1";"0";"0";"0";"0";"0";"0";"0";"0";"0";"0";"0";"0";"0";"0";"0";"0";"0";"0";"0";"0";"0";"0";"0";"0";"0";"0";"0";"0";"0";"0";"0";"0";"0";"0";"0";"0";"0";"0";"0";"0";"0";"0";"0";"0";"0";"0";"0";"0";"0";"0";"0";"0";"0";"0";"0";"0";"1";"0";"0";"1";"0";"0";"0";"0";"1";"0";"0";"1";"0";"0";"0";"0";"223";"2379298_223"
"researcher";2379607;"Kamer wil geen eigen bijdrage van 7,50 euro voor toegangstest";"2021-05-06";"https://nos.nl/artikel/2379607-kamer-wil-geen-eigen-bijdrage-van-7-50-euro-voor-toegangstest";"Bikker";"Persoon";"NL - Nationaal parlement en nationale partijen – wetgevende macht";"";"ChristenUnie";"1";"0";"17";"1";"0";"0";"0";"0";"0";"0";"0";"0";"0";"0";"0";"0";"0";"0";"0";"0";"0";"0";"0";"0";"0";"0";"0";"0";"0";"0";"0";"0";"0";"0";"0";"0";"0";"0";"0";"0";"0";"0";"0";"0";"0";"0";"0";"0";"0";"0";"0";"0";"0";"0";"0";"0";"0";"0";"0";"0";"1";"0";"0";"1";"0";"0";"0";"0";"0";"0";"0";"0";"0";"0";"0";"0";"224";"2379607_224"
"second_coder";2379607;"Kamer wil geen eigen bijdrage van 7,50 euro voor toegangstest";"2021-05-06";"https://nos.nl/artikel/2379607-kamer-wil-geen-eigen-bijdrage-van-7-50-euro-voor-toegangstest";"Bikker";"Persoon";"NL - Nationaal parlement en nationale partijen – wetgevende macht";"";"ChristenUnie";"1";"0";"17";"1";"0";"0";"0";"0";"0";"0";"0";"0";"0";"0";"0";"0";"0";"0";"0";"0";"1";"0";"0";"1";"0";"0";"0";"0";"0";"0";"0";"0";"0";"0";"0";"0";"0";"0";"0";"0";"0";"0";"0";"0";"0";"0";"0";"0";"0";"0";"0";"0";"0";"0";"0";"0";"0";"0";"0";"0";"1";"0";"0";"1";"0";"0";"0";"0";"0";"0";"0";"0";"0";"0";"0";"0";"224";"2379607_224"
"main_coder";2379607;"Kamer wil geen eigen bijdrage van 7,50 euro voor toegangstest";"2021-05-06";"https://nos.nl/artikel/2379607-kamer-wil-geen-eigen-bijdrage-van-7-50-euro-voor-toegangstest";"Bikker";"Persoon";"NL - Nationaal parlement en nationale partijen – wetgevende macht";"";"ChristenUnie";"1";"0";"17";"1";"0";"0";"0";"0";"0";"0";"0";"0";"0";"0";"0";"0";"0";"0";"0";"0";"0";"0";"0";"0";"0";"0";"0";"0";"0";"0";"0";"0";"0";"0";"0";"0";"0";"0";"0";"0";"0";"0";"0";"0";"0";"0";"0";"0";"0";"0";"0";"0";"0";"0";"0";"0";"0";"0";"0";"0";"1";"0";"0";"1";"0";"0";"0";"0";"0";"0";"0";"0";"0";"0";"0";"0";"224";"2379607_224"
"researcher";2379607;"Kamer wil geen eigen bijdrage van 7,50 euro voor toegangstest";"2021-05-06";"https://nos.nl/artikel/2379607-kamer-wil-geen-eigen-bijdrage-van-7-50-euro-voor-toegangstest";"D66 en PvdA";"Organisatie";"NL - Nationaal parlement en nationale partijen – wetgevende macht";"";"D66, PvdA";"0";"1";"14";"1";"0";"0";"0";"0";"0";"0";"0";"0";"0";"0";"0";"0";"0";"0";"0";"0";"0";"0";"0";"0";"0";"0";"0";"0";"0";"0";"0";"0";"0";"0";"0";"0";"0";"0";"0";"0";"0";"0";"0";"0";"0";"0";"0";"0";"0";"0";"0";"0";"0";"0";"0";"0";"0";"0";"0";"0";"1";"0";"0";"1";"0";"0";"0";"0";"0";"0";"0";"0";"0";"0";"0";"0";"225";"2379607_225"
"main_coder";2379607;"Kamer wil geen eigen bijdrage van 7,50 euro voor toegangstest";"2021-05-06";"https://nos.nl/artikel/2379607-kamer-wil-geen-eigen-bijdrage-van-7-50-euro-voor-toegangstest";"D66 en PvdA";"Organisatie";"NL - Nationaal parlement en nationale partijen – wetgevende macht";"";"D66, PvdA";"0";"1";"14";"1";"0";"0";"0";"0";"0";"0";"0";"0";"0";"0";"0";"0";"0";"0";"0";"0";"0";"0";"0";"0";"0";"0";"0";"0";"0";"0";"0";"0";"0";"0";"0";"0";"0";"0";"0";"0";"0";"0";"0";"0";"0";"0";"0";"0";"0";"0";"0";"0";"0";"0";"0";"0";"0";"0";"0";"0";"1";"0";"0";"1";"0";"0";"0";"0";"0";"0";"0";"0";"0";"0";"0";"0";"225";"2379607_225"
"second_coder";2379607;"Kamer wil geen eigen bijdrage van 7,50 euro voor toegangstest";"2021-05-06";"https://nos.nl/artikel/2379607-kamer-wil-geen-eigen-bijdrage-van-7-50-euro-voor-toegangstest";"GroenLinks";"Organisatie";"NL - Nationaal parlement en nationale partijen – wetgevende macht";"";"GroenLinks";"0";"1";"34";"1";"0";"0";"0";"0";"0";"0";"0";"0";"0";"0";"0";"0";"0";"0";"0";"0";"0";"0";"0";"0";"0";"0";"0";"0";"0";"0";"0";"0";"0";"0";"0";"0";"0";"0";"0";"0";"0";"0";"0";"0";"0";"0";"0";"0";"0";"0";"0";"0";"0";"0";"0";"0";"0";"0";"0";"0";"1";"1";"0";"0";"0";"0";"0";"0";"0";"0";"0";"0";"0";"0";"0";"0";"226";"2379607_226"
"researcher";2379607;"Kamer wil geen eigen bijdrage van 7,50 euro voor toegangstest";"2021-05-06";"https://nos.nl/artikel/2379607-kamer-wil-geen-eigen-bijdrage-van-7-50-euro-voor-toegangstest";"GroenLinks en de VVD";"Organisatie";"NL - Nationaal parlement en nationale partijen – wetgevende macht";"";"VVD, GroenLinks";"0";"1";"33";"1";"0";"0";"0";"0";"0";"0";"0";"0";"0";"0";"0";"0";"0";"0";"0";"0";"0";"0";"0";"0";"0";"0";"0";"0";"0";"0";"0";"0";"0";"0";"0";"0";"0";"0";"0";"0";"0";"0";"0";"0";"0";"0";"0";"0";"0";"0";"0";"0";"0";"0";"0";"0";"0";"0";"0";"0";"1";"1";"0";"0";"0";"0";"0";"0";"0";"0";"0";"0";"0";"0";"0";"0";"227";"2379607_227"
"main_coder";2379607;"Kamer wil geen eigen bijdrage van 7,50 euro voor toegangstest";"2021-05-06";"https://nos.nl/artikel/2379607-kamer-wil-geen-eigen-bijdrage-van-7-50-euro-voor-toegangstest";"GroenLinks en de VVD";"Organisatie";"NL - Nationaal parlement en nationale partijen – wetgevende macht";"";"VVD, GroenLinks";"0";"1";"33";"1";"0";"0";"0";"0";"0";"0";"0";"0";"0";"0";"0";"0";"0";"0";"0";"0";"0";"0";"0";"0";"0";"0";"0";"0";"0";"0";"0";"0";"0";"0";"0";"0";"0";"0";"0";"0";"0";"0";"0";"0";"0";"0";"0";"0";"0";"0";"0";"0";"0";"0";"0";"0";"0";"0";"0";"0";"1";"1";"0";"0";"0";"0";"0";"0";"0";"0";"0";"0";"0";"0";"0";"0";"227";"2379607_227"
"second_coder";2379607;"Kamer wil geen eigen bijdrage van 7,50 euro voor toegangstest";"2021-05-06";"https://nos.nl/artikel/2379607-kamer-wil-geen-eigen-bijdrage-van-7-50-euro-voor-toegangstest";"JA21";"Organisatie";"NL - Nationaal parlement en nationale partijen – wetgevende macht";"";"JA21";"0";"1";"17";"1";"0";"0";"0";"0";"0";"0";"0";"0";"0";"0";"0";"0";"0";"0";"0";"0";"0";"0";"0";"0";"0";"0";"0";"0";"0";"0";"0";"0";"0";"0";"0";"0";"0";"0";"0";"0";"0";"0";"0";"0";"0";"0";"0";"0";"0";"0";"0";"0";"0";"0";"0";"0";"0";"0";"0";"0";"1";"0";"0";"1";"0";"0";"0";"0";"0";"0";"0";"0";"0";"0";"0";"0";"228";"2379607_228"
"researcher";2379607;"Kamer wil geen eigen bijdrage van 7,50 euro voor toegangstest";"2021-05-06";"https://nos.nl/artikel/2379607-kamer-wil-geen-eigen-bijdrage-van-7-50-euro-voor-toegangstest";"Kuiken";"Persoon";"NL - Nationaal parlement en nationale partijen – wetgevende macht";"";"PvdA";"1";"1";"51";"1";"0";"0";"0";"0";"0";"0";"0";"0";"1";"0";"0";"1";"0";"0";"0";"0";"0";"0";"0";"0";"0";"0";"0";"0";"0";"0";"0";"0";"0";"0";"0";"0";"0";"0";"0";"0";"0";"0";"0";"0";"0";"0";"0";"0";"0";"0";"0";"0";"0";"0";"0";"0";"0";"0";"0";"0";"1";"0";"1";"0";"0";"0";"0";"0";"0";"0";"0";"0";"0";"0";"0";"0";"229";"2379607_229"
"second_coder";2379607;"Kamer wil geen eigen bijdrage van 7,50 euro voor toegangstest";"2021-05-06";"https://nos.nl/artikel/2379607-kamer-wil-geen-eigen-bijdrage-van-7-50-euro-voor-toegangstest";"Kuiken";"Persoon";"NL - Nationaal parlement en nationale partijen – wetgevende macht";"";"PvdA";"1";"1";"51";"1";"0";"0";"0";"0";"0";"0";"0";"0";"1";"0";"0";"1";"0";"0";"0";"0";"0";"0";"0";"0";"0";"0";"0";"0";"0";"0";"0";"0";"0";"0";"0";"0";"0";"0";"0";"0";"0";"0";"0";"0";"0";"0";"0";"0";"0";"0";"0";"0";"0";"0";"0";"0";"0";"0";"0";"0";"1";"0";"1";"0";"0";"0";"0";"0";"0";"0";"0";"0";"0";"0";"0";"0";"229";"2379607_229"
"main_coder";2379607;"Kamer wil geen eigen bijdrage van 7,50 euro voor toegangstest";"2021-05-06";"https://nos.nl/artikel/2379607-kamer-wil-geen-eigen-bijdrage-van-7-50-euro-voor-toegangstest";"Kuiken";"Persoon";"NL - Nationaal parlement en nationale partijen – wetgevende macht";"";"PvdA";"0";"1";"40";"1";"0";"0";"0";"0";"0";"0";"0";"0";"0";"0";"0";"0";"0";"0";"0";"0";"0";"0";"0";"0";"0";"0";"0";"0";"0";"0";"0";"0";"0";"0";"0";"0";"0";"0";"0";"0";"0";"0";"0";"0";"0";"0";"0";"0";"0";"0";"0";"0";"0";"0";"0";"0";"0";"0";"0";"0";"1";"0";"1";"0";"0";"0";"0";"0";"0";"0";"0";"0";"0";"0";"0";"0";"229";"2379607_229"
"researcher";2379607;"Kamer wil geen eigen bijdrage van 7,50 euro voor toegangstest";"2021-05-06";"https://nos.nl/artikel/2379607-kamer-wil-geen-eigen-bijdrage-van-7-50-euro-voor-toegangstest";"Kwint";"Persoon";"NL - Nationaal parlement en nationale partijen – wetgevende macht";"";"SP";"1";"1";"21";"1";"0";"0";"0";"0";"0";"0";"0";"0";"0";"0";"0";"0";"0";"0";"0";"0";"0";"0";"0";"0";"0";"0";"0";"0";"0";"0";"0";"0";"0";"0";"0";"0";"0";"0";"0";"0";"0";"0";"0";"0";"0";"0";"0";"0";"0";"0";"0";"0";"0";"0";"0";"0";"0";"0";"0";"0";"1";"0";"1";"0";"0";"0";"0";"0";"0";"0";"0";"0";"0";"0";"0";"0";"230";"2379607_230"
"second_coder";2379607;"Kamer wil geen eigen bijdrage van 7,50 euro voor toegangstest";"2021-05-06";"https://nos.nl/artikel/2379607-kamer-wil-geen-eigen-bijdrage-van-7-50-euro-voor-toegangstest";"Kwint";"Persoon";"NL - Nationaal parlement en nationale partijen – wetgevende macht";"";"SP";"1";"1";"21";"1";"0";"0";"0";"0";"0";"0";"0";"0";"0";"0";"0";"0";"0";"0";"0";"0";"0";"0";"0";"0";"0";"0";"0";"0";"0";"0";"0";"0";"0";"0";"0";"0";"0";"0";"0";"0";"0";"0";"0";"0";"0";"0";"0";"0";"0";"0";"0";"0";"0";"0";"0";"0";"0";"0";"0";"0";"1";"0";"1";"0";"0";"0";"0";"0";"0";"0";"0";"0";"0";"0";"0";"0";"230";"2379607_230"
"main_coder";2379607;"Kamer wil geen eigen bijdrage van 7,50 euro voor toegangstest";"2021-05-06";"https://nos.nl/artikel/2379607-kamer-wil-geen-eigen-bijdrage-van-7-50-euro-voor-toegangstest";"Kwint";"Persoon";"NL - Nationaal parlement en nationale partijen – wetgevende macht";"";"SP";"1";"1";"21";"1";"0";"0";"0";"0";"0";"0";"0";"0";"0";"0";"0";"0";"0";"0";"0";"0";"0";"0";"0";"0";"0";"0";"0";"0";"0";"0";"0";"0";"0";"0";"0";"0";"0";"0";"0";"0";"0";"0";"0";"0";"0";"0";"0";"0";"0";"0";"0";"0";"0";"0";"0";"0";"0";"0";"0";"0";"1";"0";"1";"0";"0";"0";"0";"0";"0";"0";"0";"0";"0";"0";"0";"0";"230";"2379607_230"
"researcher";2379607;"Kamer wil geen eigen bijdrage van 7,50 euro voor toegangstest";"2021-05-06";"https://nos.nl/artikel/2379607-kamer-wil-geen-eigen-bijdrage-van-7-50-euro-voor-toegangstest";"Ministerie van volksgezondheid";"Organisatie";"NL - Nationale regering - executive / uitvoerende macht";"";"NvT";"0";"1";"19";"0";"0";"0";"0";"0";"0";"0";"0";"0";"0";"0";"0";"0";"0";"0";"0";"0";"0";"0";"0";"0";"0";"0";"0";"0";"0";"0";"0";"0";"0";"0";"0";"0";"0";"0";"0";"0";"0";"0";"0";"0";"0";"0";"0";"0";"0";"0";"0";"0";"0";"0";"0";"0";"0";"0";"0";"0";"0";"0";"0";"0";"0";"0";"0";"0";"0";"0";"0";"0";"0";"0";"0";"0";"231";"2379607_231"
"second_coder";2379607;"Kamer wil geen eigen bijdrage van 7,50 euro voor toegangstest";"2021-05-06";"https://nos.nl/artikel/2379607-kamer-wil-geen-eigen-bijdrage-van-7-50-euro-voor-toegangstest";"Ministerie van volksgezondheid";"Organisatie";"NL - Nationale regering - executive / uitvoerende macht";"";"NvT";"0";"1";"19";"0";"0";"0";"0";"0";"0";"0";"0";"0";"0";"0";"0";"0";"0";"0";"0";"0";"0";"0";"0";"0";"0";"0";"0";"0";"0";"0";"0";"0";"0";"0";"0";"0";"0";"0";"0";"0";"0";"0";"0";"0";"0";"0";"0";"0";"0";"0";"0";"0";"0";"0";"0";"0";"0";"0";"0";"0";"0";"0";"0";"0";"0";"0";"0";"0";"0";"0";"0";"0";"0";"0";"0";"0";"231";"2379607_231"
"main_coder";2379607;"Kamer wil geen eigen bijdrage van 7,50 euro voor toegangstest";"2021-05-06";"https://nos.nl/artikel/2379607-kamer-wil-geen-eigen-bijdrage-van-7-50-euro-voor-toegangstest";"Ministerie van volksgezondheid";"Organisatie";"NL - Nationale regering - executive / uitvoerende macht";"";"NvT";"0";"1";"18";"1";"0";"0";"0";"0";"0";"0";"0";"0";"0";"0";"0";"0";"0";"0";"0";"0";"0";"0";"0";"0";"0";"0";"0";"0";"0";"0";"0";"0";"0";"0";"0";"0";"0";"0";"0";"0";"0";"0";"0";"0";"0";"0";"0";"0";"0";"0";"0";"0";"0";"0";"0";"0";"0";"0";"0";"0";"1";"0";"0";"1";"0";"0";"0";"0";"0";"0";"0";"0";"0";"0";"0";"0";"231";"2379607_231"
"researcher";2379607;"Kamer wil geen eigen bijdrage van 7,50 euro voor toegangstest";"2021-05-06";"https://nos.nl/artikel/2379607-kamer-wil-geen-eigen-bijdrage-van-7-50-euro-voor-toegangstest";"PVV";"Organisatie";"NL - Nationaal parlement en nationale partijen – wetgevende macht";"";"PVV";"0";"1";"6";"1";"0";"0";"0";"0";"0";"0";"0";"0";"0";"0";"0";"0";"0";"0";"0";"0";"0";"0";"0";"0";"0";"0";"0";"0";"0";"0";"0";"0";"0";"0";"0";"0";"0";"0";"0";"0";"0";"0";"0";"0";"0";"0";"0";"0";"0";"0";"0";"0";"0";"0";"0";"0";"0";"0";"0";"0";"1";"0";"1";"0";"0";"0";"0";"0";"0";"0";"0";"0";"0";"0";"0";"0";"232";"2379607_232"
"second_coder";2379607;"Kamer wil geen eigen bijdrage van 7,50 euro voor toegangstest";"2021-05-06";"https://nos.nl/artikel/2379607-kamer-wil-geen-eigen-bijdrage-van-7-50-euro-voor-toegangstest";"PVV";"Organisatie";"NL - Nationaal parlement en nationale partijen – wetgevende macht";"";"PVV";"0";"1";"6";"1";"0";"0";"0";"0";"0";"0";"0";"0";"0";"0";"0";"0";"0";"0";"0";"0";"0";"0";"0";"0";"0";"0";"0";"0";"0";"0";"0";"0";"0";"0";"0";"0";"0";"0";"0";"0";"0";"0";"0";"0";"0";"0";"0";"0";"0";"0";"0";"0";"0";"0";"0";"0";"0";"0";"0";"0";"1";"0";"1";"0";"0";"0";"0";"0";"0";"0";"0";"0";"0";"0";"0";"0";"232";"2379607_232"
"main_coder";2379607;"Kamer wil geen eigen bijdrage van 7,50 euro voor toegangstest";"2021-05-06";"https://nos.nl/artikel/2379607-kamer-wil-geen-eigen-bijdrage-van-7-50-euro-voor-toegangstest";"PVV";"Organisatie";"NL - Nationaal parlement en nationale partijen – wetgevende macht";"";"PVV";"0";"1";"6";"1";"0";"0";"0";"0";"0";"0";"0";"0";"0";"0";"0";"0";"0";"0";"0";"0";"0";"0";"0";"0";"0";"0";"0";"0";"0";"0";"0";"0";"0";"0";"0";"0";"0";"0";"0";"0";"0";"0";"0";"0";"0";"0";"0";"0";"0";"0";"0";"0";"0";"0";"0";"0";"0";"0";"0";"0";"1";"0";"1";"0";"0";"0";"0";"0";"0";"0";"0";"0";"0";"0";"0";"0";"232";"2379607_232"
"researcher";2379607;"Kamer wil geen eigen bijdrage van 7,50 euro voor toegangstest";"2021-05-06";"https://nos.nl/artikel/2379607-kamer-wil-geen-eigen-bijdrage-van-7-50-euro-voor-toegangstest";"Paternotte";"Persoon";"NL - Nationaal parlement en nationale partijen – wetgevende macht";"";"D66";"1";"0";"20";"1";"0";"0";"0";"0";"0";"0";"0";"0";"0";"0";"0";"0";"0";"0";"0";"0";"0";"0";"0";"0";"0";"0";"0";"0";"0";"0";"0";"0";"0";"0";"0";"0";"0";"0";"0";"0";"0";"0";"0";"0";"0";"0";"0";"0";"0";"0";"0";"0";"0";"0";"0";"0";"0";"0";"0";"0";"1";"0";"1";"0";"0";"0";"0";"0";"0";"0";"0";"0";"0";"0";"0";"0";"233";"2379607_233"
"second_coder";2379607;"Kamer wil geen eigen bijdrage van 7,50 euro voor toegangstest";"2021-05-06";"https://nos.nl/artikel/2379607-kamer-wil-geen-eigen-bijdrage-van-7-50-euro-voor-toegangstest";"Paternotte";"Persoon";"NL - Nationaal parlement en nationale partijen – wetgevende macht";"";"D66";"1";"0";"20";"1";"0";"0";"0";"0";"0";"0";"0";"0";"0";"0";"0";"0";"0";"0";"0";"0";"0";"0";"0";"0";"0";"0";"0";"0";"0";"0";"0";"0";"0";"0";"0";"0";"0";"0";"0";"0";"0";"0";"0";"0";"0";"0";"0";"0";"0";"0";"0";"0";"0";"0";"0";"0";"0";"0";"0";"0";"1";"0";"1";"0";"0";"0";"0";"0";"0";"0";"0";"0";"0";"0";"0";"0";"233";"2379607_233"
"main_coder";2379607;"Kamer wil geen eigen bijdrage van 7,50 euro voor toegangstest";"2021-05-06";"https://nos.nl/artikel/2379607-kamer-wil-geen-eigen-bijdrage-van-7-50-euro-voor-toegangstest";"Paternotte";"Persoon";"NL - Nationaal parlement en nationale partijen – wetgevende macht";"";"D66";"1";"0";"20";"1";"0";"0";"0";"0";"0";"0";"0";"0";"0";"0";"0";"0";"0";"0";"0";"0";"0";"0";"0";"0";"0";"0";"0";"0";"0";"0";"0";"0";"0";"0";"0";"0";"0";"0";"0";"0";"0";"0";"0";"0";"0";"0";"0";"0";"0";"0";"0";"0";"0";"0";"0";"0";"0";"0";"0";"0";"1";"0";"1";"0";"0";"0";"0";"0";"0";"0";"0";"0";"0";"0";"0";"0";"233";"2379607_233"
"second_coder";2379607;"Kamer wil geen eigen bijdrage van 7,50 euro voor toegangstest";"2021-05-06";"https://nos.nl/artikel/2379607-kamer-wil-geen-eigen-bijdrage-van-7-50-euro-voor-toegangstest";"PvDA";"Organisatie";"NL - Nationaal parlement en nationale partijen – wetgevende macht";"";"PvDA";"0";"1";"16";"1";"0";"0";"0";"0";"0";"0";"0";"0";"0";"0";"0";"0";"0";"0";"0";"0";"0";"0";"0";"0";"0";"0";"0";"0";"0";"0";"0";"0";"0";"0";"0";"0";"0";"0";"0";"0";"0";"0";"0";"0";"0";"0";"0";"0";"0";"0";"0";"0";"0";"0";"0";"0";"0";"0";"0";"0";"1";"0";"1";"0";"0";"0";"0";"0";"0";"0";"0";"0";"0";"0";"0";"0";"234";"2379607_234"
"second_coder";2379607;"Kamer wil geen eigen bijdrage van 7,50 euro voor toegangstest";"2021-05-06";"https://nos.nl/artikel/2379607-kamer-wil-geen-eigen-bijdrage-van-7-50-euro-voor-toegangstest";"VVD";"Organisatie";"NL - Nationaal parlement en nationale partijen – wetgevende macht";"";"VVD";"0";"1";"34";"1";"0";"0";"0";"0";"0";"0";"0";"0";"0";"0";"0";"0";"0";"0";"0";"0";"0";"0";"0";"0";"0";"0";"0";"0";"0";"0";"0";"0";"0";"0";"0";"0";"0";"0";"0";"0";"0";"0";"0";"0";"0";"0";"0";"0";"0";"0";"0";"0";"0";"0";"0";"0";"0";"0";"0";"0";"1";"1";"0";"0";"0";"0";"0";"0";"0";"0";"0";"0";"0";"0";"0";"0";"235";"2379607_235"
"researcher";2379607;"Kamer wil geen eigen bijdrage van 7,50 euro voor toegangstest";"2021-05-06";"https://nos.nl/artikel/2379607-kamer-wil-geen-eigen-bijdrage-van-7-50-euro-voor-toegangstest";"verschillende Kamerleden";"Persoon";"NL - Nationaal parlement en nationale partijen – wetgevende macht";"";"NvT";"0";"1";"10";"1";"0";"0";"0";"0";"0";"0";"0";"0";"0";"0";"0";"0";"0";"0";"0";"0";"0";"0";"0";"0";"0";"0";"0";"0";"0";"0";"0";"0";"0";"0";"0";"0";"0";"0";"0";"0";"0";"0";"0";"0";"0";"0";"0";"0";"0";"0";"0";"0";"0";"0";"0";"0";"0";"0";"0";"0";"1";"0";"1";"0";"0";"0";"0";"0";"0";"0";"0";"0";"0";"0";"0";"0";"236";"2379607_236"
"main_coder";2379607;"Kamer wil geen eigen bijdrage van 7,50 euro voor toegangstest";"2021-05-06";"https://nos.nl/artikel/2379607-kamer-wil-geen-eigen-bijdrage-van-7-50-euro-voor-toegangstest";"verschillende Kamerleden";"Persoon";"NL - Nationaal parlement en nationale partijen – wetgevende macht";"";"NvT";"0";"1";"10";"1";"0";"0";"0";"0";"0";"0";"0";"0";"0";"0";"0";"0";"0";"0";"0";"0";"0";"0";"0";"0";"0";"0";"0";"0";"0";"0";"0";"0";"0";"0";"0";"0";"0";"0";"0";"0";"0";"0";"0";"0";"0";"0";"0";"0";"0";"0";"0";"0";"0";"0";"0";"0";"0";"0";"0";"0";"1";"0";"1";"0";"0";"0";"0";"0";"0";"0";"0";"0";"0";"0";"0";"0";"236";"2379607_236"
"second_coder";2379607;"Kamer wil geen eigen bijdrage van 7,50 euro voor toegangstest";"2021-05-06";"https://nos.nl/artikel/2379607-kamer-wil-geen-eigen-bijdrage-van-7-50-euro-voor-toegangstest";"verschillende kamerleden";"Persoon";"NL - Nationaal parlement en nationale partijen – wetgevende macht";"";"NvT";"0";"1";"26";"1";"0";"0";"0";"0";"0";"0";"0";"0";"0";"0";"0";"0";"0";"0";"0";"0";"0";"0";"0";"0";"0";"0";"0";"0";"0";"0";"0";"0";"0";"0";"0";"0";"0";"0";"0";"0";"0";"0";"0";"0";"0";"0";"0";"0";"0";"0";"0";"0";"0";"0";"0";"0";"0";"0";"0";"0";"1";"0";"1";"0";"0";"0";"0";"0";"0";"0";"0";"0";"0";"0";"0";"0";"237";"2379607_237"
"researcher";2379841;"Besmettingen India gaan hard door virusmutaties en niet naleven maatregelen";"2021-05-08";"https://nos.nl/artikel/2379841-besmettingen-india-gaan-hard-door-virusmutaties-en-niet-naleven-maatregelen";"Aletta André";"Persoon";"Journalisten anders dan de schrijver van het huidige artikel of nieuwsorganisaties anders dan de nieuwsorganisatie van het huidige artikel.";"";"";"1";"0";"148";"1";"1";"0";"0";"1";"0";"0";"0";"0";"0";"0";"0";"0";"0";"0";"0";"0";"0";"0";"0";"0";"0";"0";"0";"0";"1";"0";"0";"1";"1";"0";"0";"1";"0";"0";"0";"0";"0";"0";"0";"0";"0";"0";"0";"0";"0";"0";"0";"0";"0";"0";"0";"0";"0";"0";"0";"0";"0";"0";"0";"0";"0";"0";"0";"0";"0";"0";"0";"0";"0";"0";"0";"0";"238";"2379841_238"
"second_coder";2379841;"Besmettingen India gaan hard door virusmutaties en niet naleven maatregelen";"2021-05-08";"https://nos.nl/artikel/2379841-besmettingen-india-gaan-hard-door-virusmutaties-en-niet-naleven-maatregelen";"Aletta André";"Persoon";"Journalisten anders dan de schrijver van het huidige artikel of nieuwsorganisaties anders dan de nieuwsorganisatie van het huidige artikel.";"";"";"1";"0";"148";"1";"1";"0";"0";"1";"0";"0";"0";"0";"0";"0";"0";"0";"0";"0";"0";"0";"0";"0";"0";"0";"0";"0";"0";"0";"1";"0";"0";"1";"1";"0";"0";"1";"0";"0";"0";"0";"0";"0";"0";"0";"0";"0";"0";"0";"0";"0";"0";"0";"0";"0";"0";"0";"0";"0";"0";"0";"0";"0";"0";"0";"0";"0";"0";"0";"0";"0";"0";"0";"0";"0";"0";"0";"238";"2379841_238"
"main_coder";2379841;"Besmettingen India gaan hard door virusmutaties en niet naleven maatregelen";"2021-05-08";"https://nos.nl/artikel/2379841-besmettingen-india-gaan-hard-door-virusmutaties-en-niet-naleven-maatregelen";"Aletta André";"Persoon";"Journalisten anders dan de schrijver van het huidige artikel of nieuwsorganisaties anders dan de nieuwsorganisatie van het huidige artikel.";"";"";"1";"0";"148";"1";"1";"0";"0";"1";"0";"0";"0";"0";"0";"0";"0";"0";"0";"0";"0";"0";"0";"0";"0";"0";"0";"0";"0";"0";"1";"0";"0";"1";"1";"0";"0";"1";"0";"0";"0";"0";"0";"0";"0";"0";"0";"0";"0";"0";"0";"0";"0";"0";"0";"0";"0";"0";"0";"0";"0";"0";"0";"0";"0";"0";"0";"0";"0";"0";"0";"0";"0";"0";"0";"0";"0";"0";"238";"2379841_238"
"main_coder";2379841;"Besmettingen India gaan hard door virusmutaties en niet naleven maatregelen";"2021-05-08";"https://nos.nl/artikel/2379841-besmettingen-india-gaan-hard-door-virusmutaties-en-niet-naleven-maatregelen";"Britse wetenschappers";"Persoon";"Wetenschappelijke/medische organisaties en onderzoekers";"";"";"0";"1";"12";"0";"0";"0";"0";"0";"0";"0";"0";"0";"0";"0";"0";"0";"0";"0";"0";"0";"0";"0";"0";"0";"0";"0";"0";"0";"0";"0";"0";"0";"0";"0";"0";"0";"0";"0";"0";"0";"0";"0";"0";"0";"0";"0";"0";"0";"0";"0";"0";"0";"0";"0";"0";"0";"0";"0";"0";"0";"0";"0";"0";"0";"0";"0";"0";"0";"0";"0";"0";"0";"0";"0";"0";"0";"239";"2379841_239"
"researcher";2379841;"Besmettingen India gaan hard door virusmutaties en niet naleven maatregelen";"2021-05-08";"https://nos.nl/artikel/2379841-besmettingen-india-gaan-hard-door-virusmutaties-en-niet-naleven-maatregelen";"Deskundigen";"Persoon";"Wetenschappelijke/medische organisaties en onderzoekers";"";"";"0";"1";"20";"1";"0";"0";"0";"0";"0";"0";"0";"0";"0";"0";"0";"0";"0";"0";"0";"0";"0";"0";"0";"0";"0";"0";"0";"0";"0";"0";"0";"0";"0";"0";"0";"0";"0";"0";"0";"0";"0";"0";"0";"0";"0";"0";"0";"0";"0";"0";"0";"0";"0";"0";"0";"0";"0";"0";"0";"0";"1";"0";"0";"1";"0";"0";"0";"0";"0";"0";"0";"0";"0";"0";"0";"0";"240";"2379841_240"
"second_coder";2379841;"Besmettingen India gaan hard door virusmutaties en niet naleven maatregelen";"2021-05-08";"https://nos.nl/artikel/2379841-besmettingen-india-gaan-hard-door-virusmutaties-en-niet-naleven-maatregelen";"Deskundigen";"Persoon";"Wetenschappelijke/medische organisaties en onderzoekers";"";"";"0";"1";"20";"1";"0";"0";"0";"0";"0";"0";"0";"0";"0";"0";"0";"0";"0";"0";"0";"0";"0";"0";"0";"0";"0";"0";"0";"0";"0";"0";"0";"0";"0";"0";"0";"0";"0";"0";"0";"0";"0";"0";"0";"0";"0";"0";"0";"0";"0";"0";"0";"0";"0";"0";"0";"0";"0";"0";"0";"0";"1";"0";"0";"1";"0";"0";"0";"0";"0";"0";"0";"0";"0";"0";"0";"0";"240";"2379841_240"
"main_coder";2379841;"Besmettingen India gaan hard door virusmutaties en niet naleven maatregelen";"2021-05-08";"https://nos.nl/artikel/2379841-besmettingen-india-gaan-hard-door-virusmutaties-en-niet-naleven-maatregelen";"Deskundigen";"Persoon";"Wetenschappelijke/medische organisaties en onderzoekers";"";"";"0";"1";"19";"1";"0";"0";"0";"0";"0";"0";"0";"0";"0";"0";"0";"0";"0";"0";"0";"0";"0";"0";"0";"0";"0";"0";"0";"0";"0";"0";"0";"0";"0";"0";"0";"0";"0";"0";"0";"0";"0";"0";"0";"0";"0";"0";"0";"0";"0";"0";"0";"0";"0";"0";"0";"0";"0";"0";"0";"0";"1";"0";"0";"1";"0";"0";"0";"0";"0";"0";"0";"0";"0";"0";"0";"0";"240";"2379841_240"
"researcher";2379841;"Besmettingen India gaan hard door virusmutaties en niet naleven maatregelen";"2021-05-08";"https://nos.nl/artikel/2379841-besmettingen-india-gaan-hard-door-virusmutaties-en-niet-naleven-maatregelen";"Marion Koopmans";"Persoon";"Wetenschappelijke/medische organisaties en onderzoekers";"";"";"1";"1";"195";"0";"0";"0";"0";"0";"0";"0";"0";"0";"0";"0";"0";"0";"0";"0";"0";"0";"0";"0";"0";"0";"0";"0";"0";"0";"0";"0";"0";"0";"0";"0";"0";"0";"0";"0";"0";"0";"0";"0";"0";"0";"0";"0";"0";"0";"0";"0";"0";"0";"0";"0";"0";"0";"0";"0";"0";"0";"0";"0";"0";"0";"0";"0";"0";"0";"0";"0";"0";"0";"0";"0";"0";"0";"241";"2379841_241"
"second_coder";2379841;"Besmettingen India gaan hard door virusmutaties en niet naleven maatregelen";"2021-05-08";"https://nos.nl/artikel/2379841-besmettingen-india-gaan-hard-door-virusmutaties-en-niet-naleven-maatregelen";"Marion Koopmans";"Persoon";"Wetenschappelijke/medische organisaties en onderzoekers";"";"";"1";"1";"195";"0";"0";"0";"0";"0";"0";"0";"0";"0";"0";"0";"0";"0";"0";"0";"0";"0";"0";"0";"0";"0";"0";"0";"0";"0";"0";"0";"0";"0";"0";"0";"0";"0";"0";"0";"0";"0";"0";"0";"0";"0";"0";"0";"0";"0";"0";"0";"0";"0";"0";"0";"0";"0";"0";"0";"0";"0";"0";"0";"0";"0";"0";"0";"0";"0";"0";"0";"0";"0";"0";"0";"0";"0";"241";"2379841_241"
"main_coder";2379841;"Besmettingen India gaan hard door virusmutaties en niet naleven maatregelen";"2021-05-08";"https://nos.nl/artikel/2379841-besmettingen-india-gaan-hard-door-virusmutaties-en-niet-naleven-maatregelen";"Marion Koopmans";"Persoon";"Wetenschappelijke/medische organisaties en onderzoekers";"";"";"1";"1";"183";"1";"0";"0";"0";"0";"0";"0";"0";"0";"0";"0";"0";"0";"0";"0";"0";"0";"0";"0";"0";"0";"0";"0";"0";"0";"0";"0";"0";"0";"0";"0";"0";"0";"0";"0";"0";"0";"0";"0";"0";"0";"0";"0";"0";"0";"0";"0";"0";"0";"0";"0";"0";"0";"0";"0";"0";"0";"0";"0";"0";"0";"0";"0";"0";"0";"1";"1";"0";"0";"0";"0";"0";"0";"241";"2379841_241"
"researcher";2379841;"Besmettingen India gaan hard door virusmutaties en niet naleven maatregelen";"2021-05-08";"https://nos.nl/artikel/2379841-besmettingen-india-gaan-hard-door-virusmutaties-en-niet-naleven-maatregelen";"critici";"Persoon";"Publiek en leden van het publiek, publieke opiniepeilingen en hun respondenten";"";"";"0";"1";"12";"0";"0";"0";"0";"0";"0";"0";"0";"0";"0";"0";"0";"0";"0";"0";"0";"0";"0";"0";"0";"0";"0";"0";"0";"0";"0";"0";"0";"0";"0";"0";"0";"0";"0";"0";"0";"0";"0";"0";"0";"0";"0";"0";"0";"0";"0";"0";"0";"0";"0";"0";"0";"0";"0";"0";"0";"0";"0";"0";"0";"0";"0";"0";"0";"0";"0";"0";"0";"0";"0";"0";"0";"0";"242";"2379841_242"
"main_coder";2379841;"Besmettingen India gaan hard door virusmutaties en niet naleven maatregelen";"2021-05-08";"https://nos.nl/artikel/2379841-besmettingen-india-gaan-hard-door-virusmutaties-en-niet-naleven-maatregelen";"critici";"Persoon";"Publiek en leden van het publiek, publieke opiniepeilingen en hun respondenten";"";"";"0";"1";"12";"0";"0";"0";"0";"0";"0";"0";"0";"0";"0";"0";"0";"0";"0";"0";"0";"0";"0";"0";"0";"0";"0";"0";"0";"0";"0";"0";"0";"0";"0";"0";"0";"0";"0";"0";"0";"0";"0";"0";"0";"0";"0";"0";"0";"0";"0";"0";"0";"0";"0";"0";"0";"0";"0";"0";"0";"0";"0";"0";"0";"0";"0";"0";"0";"0";"0";"0";"0";"0";"0";"0";"0";"0";"242";"2379841_242"
"researcher";2379841;"Besmettingen India gaan hard door virusmutaties en niet naleven maatregelen";"2021-05-08";"https://nos.nl/artikel/2379841-besmettingen-india-gaan-hard-door-virusmutaties-en-niet-naleven-maatregelen";"deskundigen in India";"Persoon";"Wetenschappelijke/medische organisaties en onderzoekers";"";"";"0";"1";"16";"1";"1";"1";"0";"0";"0";"0";"0";"0";"0";"0";"0";"0";"0";"0";"0";"0";"0";"0";"0";"0";"0";"0";"0";"0";"0";"0";"0";"0";"0";"0";"0";"0";"0";"0";"0";"0";"0";"0";"0";"0";"0";"0";"0";"0";"0";"0";"0";"0";"0";"0";"0";"0";"0";"0";"0";"0";"0";"0";"0";"0";"0";"0";"0";"0";"0";"0";"0";"0";"0";"0";"0";"0";"243";"2379841_243"
"second_coder";2379841;"Besmettingen India gaan hard door virusmutaties en niet naleven maatregelen";"2021-05-08";"https://nos.nl/artikel/2379841-besmettingen-india-gaan-hard-door-virusmutaties-en-niet-naleven-maatregelen";"deskundigen in India";"Persoon";"Wetenschappelijke/medische organisaties en onderzoekers";"";"";"0";"1";"16";"1";"1";"1";"0";"0";"0";"0";"0";"0";"0";"0";"0";"0";"0";"0";"0";"0";"0";"0";"0";"0";"0";"0";"0";"0";"0";"0";"0";"0";"0";"0";"0";"0";"0";"0";"0";"0";"0";"0";"0";"0";"0";"0";"0";"0";"0";"0";"0";"0";"0";"0";"0";"0";"0";"0";"0";"0";"0";"0";"0";"0";"0";"0";"0";"0";"0";"0";"0";"0";"0";"0";"0";"0";"243";"2379841_243"
"main_coder";2379841;"Besmettingen India gaan hard door virusmutaties en niet naleven maatregelen";"2021-05-08";"https://nos.nl/artikel/2379841-besmettingen-india-gaan-hard-door-virusmutaties-en-niet-naleven-maatregelen";"deskundigen in India";"Persoon";"Wetenschappelijke/medische organisaties en onderzoekers";"";"";"0";"1";"16";"1";"1";"0";"0";"1";"0";"0";"0";"0";"0";"0";"0";"0";"0";"0";"0";"0";"0";"0";"0";"0";"0";"0";"0";"0";"0";"0";"0";"0";"0";"0";"0";"0";"0";"0";"0";"0";"0";"0";"0";"0";"0";"0";"0";"0";"0";"0";"0";"0";"0";"0";"0";"0";"0";"0";"0";"0";"0";"0";"0";"0";"0";"0";"0";"0";"0";"0";"0";"0";"0";"0";"0";"0";"243";"2379841_243"
"researcher";2380020;"Zweedse corona-aanpak onder de loep, vooral migranten hard getroffen";"2021-05-09";"https://nos.nl/nieuwsuur/artikel/2380020-zweedse-corona-aanpak-onder-de-loep-vooral-migranten-hard-getroffen";"Anders Tegnell";"Persoon";"Wetenschappelijke/medische organisaties en onderzoekers";"";"";"1";"1";"143";"1";"0";"0";"0";"0";"0";"0";"0";"0";"0";"0";"0";"0";"0";"0";"0";"0";"0";"0";"0";"0";"0";"0";"0";"0";"1";"0";"1";"0";"0";"0";"0";"0";"0";"0";"0";"0";"0";"0";"0";"0";"0";"0";"0";"0";"0";"0";"0";"0";"0";"0";"0";"0";"0";"0";"0";"0";"0";"0";"0";"0";"0";"0";"0";"0";"0";"0";"0";"0";"0";"0";"0";"0";"244";"2380020_244"
"second_coder";2380020;"Zweedse corona-aanpak onder de loep, vooral migranten hard getroffen";"2021-05-09";"https://nos.nl/nieuwsuur/artikel/2380020-zweedse-corona-aanpak-onder-de-loep-vooral-migranten-hard-getroffen";"Anders Tegnell";"Persoon";"Wetenschappelijke/medische organisaties en onderzoekers";"";"";"1";"1";"143";"1";"0";"0";"0";"0";"0";"0";"0";"0";"0";"0";"0";"0";"0";"0";"0";"0";"0";"0";"0";"0";"0";"0";"0";"0";"1";"0";"1";"0";"0";"0";"0";"0";"0";"0";"0";"0";"0";"0";"0";"0";"0";"0";"0";"0";"0";"0";"0";"0";"0";"0";"0";"0";"0";"0";"0";"0";"0";"0";"0";"0";"0";"0";"0";"0";"0";"0";"0";"0";"0";"0";"0";"0";"244";"2380020_244"
"main_coder";2380020;"Zweedse corona-aanpak onder de loep, vooral migranten hard getroffen";"2021-05-09";"https://nos.nl/nieuwsuur/artikel/2380020-zweedse-corona-aanpak-onder-de-loep-vooral-migranten-hard-getroffen";"Anders Tegnell";"Persoon";"Wetenschappelijke/medische organisaties en onderzoekers";"";"";"1";"1";"142";"1";"0";"0";"0";"0";"0";"0";"0";"0";"0";"0";"0";"0";"0";"0";"0";"0";"0";"0";"0";"0";"0";"0";"0";"0";"1";"0";"1";"0";"0";"0";"0";"0";"0";"0";"0";"0";"0";"0";"0";"0";"0";"0";"0";"0";"0";"0";"0";"0";"0";"0";"0";"0";"0";"0";"0";"0";"0";"0";"0";"0";"0";"0";"0";"0";"0";"0";"0";"0";"0";"0";"0";"0";"244";"2380020_244"
"researcher";2380020;"Zweedse corona-aanpak onder de loep, vooral migranten hard getroffen";"2021-05-09";"https://nos.nl/nieuwsuur/artikel/2380020-zweedse-corona-aanpak-onder-de-loep-vooral-migranten-hard-getroffen";"Daniël Öhman";"Persoon";"Journalisten anders dan de schrijver van het huidige artikel of nieuwsorganisaties anders dan de nieuwsorganisatie van het huidige artikel.";"";"";"1";"1";"80";"1";"1";"0";"0";"1";"0";"0";"0";"0";"1";"0";"0";"1";"0";"0";"0";"0";"0";"0";"0";"0";"1";"0";"0";"1";"0";"0";"0";"0";"0";"0";"0";"0";"0";"0";"0";"0";"0";"0";"0";"0";"0";"0";"0";"0";"0";"0";"0";"0";"0";"0";"0";"0";"0";"0";"0";"0";"0";"0";"0";"0";"0";"0";"0";"0";"0";"0";"0";"0";"0";"0";"0";"0";"245";"2380020_245"
"second_coder";2380020;"Zweedse corona-aanpak onder de loep, vooral migranten hard getroffen";"2021-05-09";"https://nos.nl/nieuwsuur/artikel/2380020-zweedse-corona-aanpak-onder-de-loep-vooral-migranten-hard-getroffen";"Daniël Öhman";"Persoon";"Journalisten anders dan de schrijver van het huidige artikel of nieuwsorganisaties anders dan de nieuwsorganisatie van het huidige artikel.";"";"";"1";"1";"80";"1";"1";"1";"0";"0";"0";"0";"0";"0";"1";"0";"0";"1";"0";"0";"0";"0";"0";"0";"0";"0";"1";"0";"0";"1";"0";"0";"0";"0";"0";"0";"0";"0";"0";"0";"0";"0";"0";"0";"0";"0";"0";"0";"0";"0";"0";"0";"0";"0";"0";"0";"0";"0";"0";"0";"0";"0";"0";"0";"0";"0";"0";"0";"0";"0";"0";"0";"0";"0";"0";"0";"0";"0";"245";"2380020_245"
"main_coder";2380020;"Zweedse corona-aanpak onder de loep, vooral migranten hard getroffen";"2021-05-09";"https://nos.nl/nieuwsuur/artikel/2380020-zweedse-corona-aanpak-onder-de-loep-vooral-migranten-hard-getroffen";"Daniël Öhman met een team";"Persoon";"Journalisten anders dan de schrijver van het huidige artikel of nieuwsorganisaties anders dan de nieuwsorganisatie van het huidige artikel.";"";"";"0";"1";"7";"0";"0";"0";"0";"0";"0";"0";"0";"0";"0";"0";"0";"0";"0";"0";"0";"0";"0";"0";"0";"0";"0";"0";"0";"0";"0";"0";"0";"0";"0";"0";"0";"0";"0";"0";"0";"0";"0";"0";"0";"0";"0";"0";"0";"0";"0";"0";"0";"0";"0";"0";"0";"0";"0";"0";"0";"0";"0";"0";"0";"0";"0";"0";"0";"0";"0";"0";"0";"0";"0";"0";"0";"0";"246";"2380020_246"
"researcher";2380020;"Zweedse corona-aanpak onder de loep, vooral migranten hard getroffen";"2021-05-09";"https://nos.nl/nieuwsuur/artikel/2380020-zweedse-corona-aanpak-onder-de-loep-vooral-migranten-hard-getroffen";"Saskia Dekkers";"Persoon";"Journalisten anders dan de schrijver van het huidige artikel of nieuwsorganisaties anders dan de nieuwsorganisatie van het huidige artikel.";"";"";"1";"0";"11";"0";"0";"0";"0";"0";"0";"0";"0";"0";"0";"0";"0";"0";"0";"0";"0";"0";"0";"0";"0";"0";"0";"0";"0";"0";"0";"0";"0";"0";"0";"0";"0";"0";"0";"0";"0";"0";"0";"0";"0";"0";"0";"0";"0";"0";"0";"0";"0";"0";"0";"0";"0";"0";"0";"0";"0";"0";"0";"0";"0";"0";"0";"0";"0";"0";"0";"0";"0";"0";"0";"0";"0";"0";"247";"2380020_247"
"second_coder";2380020;"Zweedse corona-aanpak onder de loep, vooral migranten hard getroffen";"2021-05-09";"https://nos.nl/nieuwsuur/artikel/2380020-zweedse-corona-aanpak-onder-de-loep-vooral-migranten-hard-getroffen";"Saskia Dekkers";"Persoon";"Journalisten anders dan de schrijver van het huidige artikel of nieuwsorganisaties anders dan de nieuwsorganisatie van het huidige artikel.";"";"";"1";"0";"11";"0";"0";"0";"0";"0";"0";"0";"0";"0";"0";"0";"0";"0";"0";"0";"0";"0";"0";"0";"0";"0";"0";"0";"0";"0";"0";"0";"0";"0";"0";"0";"0";"0";"0";"0";"0";"0";"0";"0";"0";"0";"0";"0";"0";"0";"0";"0";"0";"0";"0";"0";"0";"0";"0";"0";"0";"0";"0";"0";"0";"0";"0";"0";"0";"0";"0";"0";"0";"0";"0";"0";"0";"0";"247";"2380020_247"
"main_coder";2380020;"Zweedse corona-aanpak onder de loep, vooral migranten hard getroffen";"2021-05-09";"https://nos.nl/nieuwsuur/artikel/2380020-zweedse-corona-aanpak-onder-de-loep-vooral-migranten-hard-getroffen";"Saskia Dekkers";"Persoon";"Journalisten anders dan de schrijver van het huidige artikel of nieuwsorganisaties anders dan de nieuwsorganisatie van het huidige artikel.";"";"";"1";"0";"11";"0";"0";"0";"0";"0";"0";"0";"0";"0";"0";"0";"0";"0";"0";"0";"0";"0";"0";"0";"0";"0";"0";"0";"0";"0";"0";"0";"0";"0";"0";"0";"0";"0";"0";"0";"0";"0";"0";"0";"0";"0";"0";"0";"0";"0";"0";"0";"0";"0";"0";"0";"0";"0";"0";"0";"0";"0";"0";"0";"0";"0";"0";"0";"0";"0";"0";"0";"0";"0";"0";"0";"0";"0";"247";"2380020_247"
"researcher";2380020;"Zweedse corona-aanpak onder de loep, vooral migranten hard getroffen";"2021-05-09";"https://nos.nl/nieuwsuur/artikel/2380020-zweedse-corona-aanpak-onder-de-loep-vooral-migranten-hard-getroffen";"Stefan Hanson";"Persoon";"Wetenschappelijke/medische organisaties en onderzoekers";"";"";"1";"0";"73";"0";"0";"0";"0";"0";"0";"0";"0";"0";"0";"0";"0";"0";"0";"0";"0";"0";"0";"0";"0";"0";"0";"0";"0";"0";"0";"0";"0";"0";"0";"0";"0";"0";"0";"0";"0";"0";"0";"0";"0";"0";"0";"0";"0";"0";"0";"0";"0";"0";"0";"0";"0";"0";"0";"0";"0";"0";"0";"0";"0";"0";"0";"0";"0";"0";"0";"0";"0";"0";"0";"0";"0";"0";"248";"2380020_248"
"second_coder";2380020;"Zweedse corona-aanpak onder de loep, vooral migranten hard getroffen";"2021-05-09";"https://nos.nl/nieuwsuur/artikel/2380020-zweedse-corona-aanpak-onder-de-loep-vooral-migranten-hard-getroffen";"Stefan Hanson";"Persoon";"Wetenschappelijke/medische organisaties en onderzoekers";"";"";"1";"0";"73";"0";"0";"0";"0";"0";"0";"0";"0";"0";"0";"0";"0";"0";"0";"0";"0";"0";"0";"0";"0";"0";"0";"0";"0";"0";"0";"0";"0";"0";"0";"0";"0";"0";"0";"0";"0";"0";"0";"0";"0";"0";"0";"0";"0";"0";"0";"0";"0";"0";"0";"0";"0";"0";"0";"0";"0";"0";"0";"0";"0";"0";"0";"0";"0";"0";"0";"0";"0";"0";"0";"0";"0";"0";"248";"2380020_248"
"main_coder";2380020;"Zweedse corona-aanpak onder de loep, vooral migranten hard getroffen";"2021-05-09";"https://nos.nl/nieuwsuur/artikel/2380020-zweedse-corona-aanpak-onder-de-loep-vooral-migranten-hard-getroffen";"Stefan Hanson";"Persoon";"Wetenschappelijke/medische organisaties en onderzoekers";"";"";"1";"0";"73";"1";"1";"0";"0";"1";"0";"0";"0";"0";"0";"0";"0";"0";"0";"0";"0";"0";"0";"0";"0";"0";"0";"0";"0";"0";"0";"0";"0";"0";"0";"0";"0";"0";"0";"0";"0";"0";"0";"0";"0";"0";"0";"0";"0";"0";"0";"0";"0";"0";"0";"0";"0";"0";"0";"0";"0";"0";"0";"0";"0";"0";"0";"0";"0";"0";"0";"0";"0";"0";"0";"0";"0";"0";"248";"2380020_248"
"main_coder";2380020;"Zweedse corona-aanpak onder de loep, vooral migranten hard getroffen";"2021-05-09";"https://nos.nl/nieuwsuur/artikel/2380020-zweedse-corona-aanpak-onder-de-loep-vooral-migranten-hard-getroffen";"Öhman";"Persoon";"Journalisten anders dan de schrijver van het huidige artikel of nieuwsorganisaties anders dan de nieuwsorganisatie van het huidige artikel.";"";"";"1";"1";"49";"0";"0";"0";"0";"0";"0";"0";"0";"0";"0";"0";"0";"0";"0";"0";"0";"0";"0";"0";"0";"0";"0";"0";"0";"0";"0";"0";"0";"0";"0";"0";"0";"0";"0";"0";"0";"0";"0";"0";"0";"0";"0";"0";"0";"0";"0";"0";"0";"0";"0";"0";"0";"0";"0";"0";"0";"0";"0";"0";"0";"0";"0";"0";"0";"0";"0";"0";"0";"0";"0";"0";"0";"0";"249";"2380020_249"
"researcher";2381978;"Hoe houden we zicht op het virus als we richting het ""oude normaal"" gaan?";"2021-05-23";"https://nos.nl/artikel/2381978-hoe-houden-we-zicht-op-het-virus-als-we-richting-het-oude-normaal-gaan";"Alma Tostmann";"Persoon";"Wetenschappelijke/medische organisaties en onderzoekers";"";"";"1";"1";"132";"1";"0";"0";"0";"0";"0";"0";"0";"0";"0";"0";"0";"0";"0";"0";"0";"0";"0";"0";"0";"0";"0";"0";"0";"0";"0";"0";"0";"0";"0";"0";"0";"0";"0";"0";"0";"0";"0";"0";"0";"0";"0";"0";"0";"0";"0";"0";"0";"0";"0";"0";"0";"0";"0";"0";"0";"0";"1";"1";"0";"0";"0";"0";"0";"0";"0";"0";"0";"0";"0";"0";"0";"0";"250";"2381978_250"
"second_coder";2381978;"Hoe houden we zicht op het virus als we richting het ""oude normaal"" gaan?";"2021-05-23";"https://nos.nl/artikel/2381978-hoe-houden-we-zicht-op-het-virus-als-we-richting-het-oude-normaal-gaan";"Alma Tostmann";"Persoon";"Wetenschappelijke/medische organisaties en onderzoekers";"";"";"1";"1";"132";"1";"0";"0";"0";"0";"0";"0";"0";"0";"0";"0";"0";"0";"0";"0";"0";"0";"0";"0";"0";"0";"0";"0";"0";"0";"0";"0";"0";"0";"0";"0";"0";"0";"0";"0";"0";"0";"0";"0";"0";"0";"0";"0";"0";"0";"0";"0";"0";"0";"0";"0";"0";"0";"0";"0";"0";"0";"1";"1";"0";"0";"0";"0";"0";"0";"0";"0";"0";"0";"0";"0";"0";"0";"250";"2381978_250"
"main_coder";2381978;"Hoe houden we zicht op het virus als we richting het ""oude normaal"" gaan?";"2021-05-23";"https://nos.nl/artikel/2381978-hoe-houden-we-zicht-op-het-virus-als-we-richting-het-oude-normaal-gaan";"Alma Tostmann";"Persoon";"Wetenschappelijke/medische organisaties en onderzoekers";"";"";"1";"1";"152";"1";"0";"0";"0";"0";"0";"0";"0";"0";"0";"0";"0";"0";"0";"0";"0";"0";"0";"0";"0";"0";"0";"0";"0";"0";"0";"0";"0";"0";"0";"0";"0";"0";"0";"0";"0";"0";"0";"0";"0";"0";"0";"0";"0";"0";"0";"0";"0";"0";"0";"0";"0";"0";"0";"0";"0";"0";"1";"1";"0";"0";"0";"0";"0";"0";"0";"0";"0";"0";"0";"0";"0";"0";"250";"2381978_250"
"researcher";2381978;"Hoe houden we zicht op het virus als we richting het ""oude normaal"" gaan?";"2021-05-23";"https://nos.nl/artikel/2381978-hoe-houden-we-zicht-op-het-virus-als-we-richting-het-oude-normaal-gaan";"Amrish Baidjoe";"Persoon";"Wetenschappelijke/medische organisaties en onderzoekers";"";"";"1";"1";"218";"1";"0";"0";"0";"0";"0";"0";"0";"0";"0";"0";"0";"0";"0";"0";"0";"0";"0";"0";"0";"0";"0";"0";"0";"0";"0";"0";"0";"0";"0";"0";"0";"0";"0";"0";"0";"0";"0";"0";"0";"0";"0";"0";"0";"0";"0";"0";"0";"0";"0";"0";"0";"0";"0";"0";"0";"0";"0";"0";"0";"0";"0";"0";"0";"0";"1";"1";"0";"0";"0";"0";"0";"0";"251";"2381978_251"
"second_coder";2381978;"Hoe houden we zicht op het virus als we richting het ""oude normaal"" gaan?";"2021-05-23";"https://nos.nl/artikel/2381978-hoe-houden-we-zicht-op-het-virus-als-we-richting-het-oude-normaal-gaan";"Amrish Baidjoe";"Persoon";"Wetenschappelijke/medische organisaties en onderzoekers";"";"";"1";"1";"218";"1";"0";"0";"0";"0";"0";"0";"0";"0";"0";"0";"0";"0";"0";"0";"0";"0";"0";"0";"0";"0";"0";"0";"0";"0";"0";"0";"0";"0";"0";"0";"0";"0";"0";"0";"0";"0";"0";"0";"0";"0";"0";"0";"0";"0";"0";"0";"0";"0";"0";"0";"0";"0";"0";"0";"0";"0";"0";"0";"0";"0";"0";"0";"0";"0";"1";"1";"0";"0";"0";"0";"0";"0";"251";"2381978_251"
"main_coder";2381978;"Hoe houden we zicht op het virus als we richting het ""oude normaal"" gaan?";"2021-05-23";"https://nos.nl/artikel/2381978-hoe-houden-we-zicht-op-het-virus-als-we-richting-het-oude-normaal-gaan";"Amrish Baidjoe";"Persoon";"Wetenschappelijke/medische organisaties en onderzoekers";"";"";"1";"1";"219";"1";"0";"0";"0";"0";"0";"0";"0";"0";"0";"0";"0";"0";"0";"0";"0";"0";"0";"0";"0";"0";"0";"0";"0";"0";"0";"0";"0";"0";"0";"0";"0";"0";"0";"0";"0";"0";"0";"0";"0";"0";"0";"0";"0";"0";"0";"0";"0";"0";"0";"0";"0";"0";"0";"0";"0";"0";"0";"0";"0";"0";"0";"0";"0";"0";"1";"1";"1";"0";"0";"0";"0";"0";"251";"2381978_251"
"researcher";2381978;"Hoe houden we zicht op het virus als we richting het ""oude normaal"" gaan?";"2021-05-23";"https://nos.nl/artikel/2381978-hoe-houden-we-zicht-op-het-virus-als-we-richting-het-oude-normaal-gaan";"Anke Huckriede";"Persoon";"Wetenschappelijke/medische organisaties en onderzoekers";"";"";"1";"1";"67";"1";"0";"0";"0";"0";"0";"0";"0";"0";"0";"0";"0";"0";"0";"0";"0";"0";"0";"0";"0";"0";"0";"0";"0";"0";"0";"0";"0";"0";"0";"0";"0";"0";"0";"0";"0";"0";"0";"0";"0";"0";"0";"0";"0";"0";"0";"0";"0";"0";"0";"0";"0";"0";"0";"0";"0";"0";"0";"0";"0";"0";"0";"0";"0";"0";"1";"0";"0";"1";"0";"0";"0";"0";"252";"2381978_252"
"second_coder";2381978;"Hoe houden we zicht op het virus als we richting het ""oude normaal"" gaan?";"2021-05-23";"https://nos.nl/artikel/2381978-hoe-houden-we-zicht-op-het-virus-als-we-richting-het-oude-normaal-gaan";"Anke Huckriede";"Persoon";"Wetenschappelijke/medische organisaties en onderzoekers";"";"";"1";"1";"67";"1";"0";"0";"0";"0";"0";"0";"0";"0";"0";"0";"0";"0";"0";"0";"0";"0";"0";"0";"0";"0";"0";"0";"0";"0";"0";"0";"0";"0";"0";"0";"0";"0";"0";"0";"0";"0";"0";"0";"0";"0";"0";"0";"0";"0";"0";"0";"0";"0";"0";"0";"0";"0";"0";"0";"0";"0";"0";"0";"0";"0";"0";"0";"0";"0";"1";"0";"0";"1";"0";"0";"0";"0";"252";"2381978_252"
"main_coder";2381978;"Hoe houden we zicht op het virus als we richting het ""oude normaal"" gaan?";"2021-05-23";"https://nos.nl/artikel/2381978-hoe-houden-we-zicht-op-het-virus-als-we-richting-het-oude-normaal-gaan";"Anke Huckriede";"Persoon";"Wetenschappelijke/medische organisaties en onderzoekers";"";"";"1";"1";"75";"1";"0";"0";"0";"0";"0";"0";"0";"0";"0";"0";"0";"0";"0";"0";"0";"0";"0";"0";"0";"0";"0";"0";"0";"0";"0";"0";"0";"0";"0";"0";"0";"0";"0";"0";"0";"0";"0";"0";"0";"0";"0";"0";"0";"0";"0";"0";"0";"0";"0";"0";"0";"0";"0";"0";"0";"0";"0";"0";"0";"0";"0";"0";"0";"0";"1";"0";"0";"1";"0";"0";"0";"0";"252";"2381978_252"
"researcher";2381978;"Hoe houden we zicht op het virus als we richting het ""oude normaal"" gaan?";"2021-05-23";"https://nos.nl/artikel/2381978-hoe-houden-we-zicht-op-het-virus-als-we-richting-het-oude-normaal-gaan";"Frits Rosendaal";"Persoon";"Wetenschappelijke/medische organisaties en onderzoekers";"";"";"1";"0";"64";"1";"0";"0";"0";"0";"0";"0";"0";"0";"0";"0";"0";"0";"0";"0";"0";"0";"0";"0";"0";"0";"0";"0";"0";"0";"0";"0";"0";"0";"0";"0";"0";"0";"0";"0";"0";"0";"0";"0";"0";"0";"0";"0";"0";"0";"0";"0";"0";"0";"0";"0";"0";"0";"0";"0";"0";"0";"0";"0";"0";"0";"0";"0";"0";"0";"1";"0";"0";"1";"0";"0";"0";"0";"253";"2381978_253"
"second_coder";2381978;"Hoe houden we zicht op het virus als we richting het ""oude normaal"" gaan?";"2021-05-23";"https://nos.nl/artikel/2381978-hoe-houden-we-zicht-op-het-virus-als-we-richting-het-oude-normaal-gaan";"Frits Rosendaal";"Persoon";"Wetenschappelijke/medische organisaties en onderzoekers";"";"";"1";"0";"97";"1";"0";"0";"0";"0";"0";"0";"0";"0";"0";"0";"0";"0";"0";"0";"0";"0";"0";"0";"0";"0";"0";"0";"0";"0";"0";"0";"0";"0";"0";"0";"0";"0";"0";"0";"0";"0";"0";"0";"0";"0";"0";"0";"0";"0";"0";"0";"0";"0";"0";"0";"0";"0";"0";"0";"0";"0";"1";"1";"0";"0";"0";"0";"0";"0";"0";"0";"0";"0";"0";"0";"0";"0";"253";"2381978_253"
"main_coder";2381978;"Hoe houden we zicht op het virus als we richting het ""oude normaal"" gaan?";"2021-05-23";"https://nos.nl/artikel/2381978-hoe-houden-we-zicht-op-het-virus-als-we-richting-het-oude-normaal-gaan";"Frits Rosendaal";"Persoon";"Wetenschappelijke/medische organisaties en onderzoekers";"";"";"1";"0";"64";"1";"0";"0";"0";"0";"0";"0";"0";"0";"0";"0";"0";"0";"0";"0";"0";"0";"0";"0";"0";"0";"0";"0";"0";"0";"0";"0";"0";"0";"0";"0";"0";"0";"0";"0";"0";"0";"0";"0";"0";"0";"0";"0";"0";"0";"0";"0";"0";"0";"0";"0";"0";"0";"0";"0";"0";"0";"0";"0";"0";"0";"0";"0";"0";"0";"1";"0";"0";"1";"0";"0";"0";"0";"253";"2381978_253"
"researcher";2381978;"Hoe houden we zicht op het virus als we richting het ""oude normaal"" gaan?";"2021-05-23";"https://nos.nl/artikel/2381978-hoe-houden-we-zicht-op-het-virus-als-we-richting-het-oude-normaal-gaan";"deskundigen";"Persoon";"Wetenschappelijke/medische organisaties en onderzoekers";"";"";"0";"1";"18";"0";"0";"0";"0";"0";"0";"0";"0";"0";"0";"0";"0";"0";"0";"0";"0";"0";"0";"0";"0";"0";"0";"0";"0";"0";"0";"0";"0";"0";"0";"0";"0";"0";"0";"0";"0";"0";"0";"0";"0";"0";"0";"0";"0";"0";"0";"0";"0";"0";"0";"0";"0";"0";"0";"0";"0";"0";"0";"0";"0";"0";"0";"0";"0";"0";"0";"0";"0";"0";"0";"0";"0";"0";"254";"2381978_254"
"second_coder";2381978;"Hoe houden we zicht op het virus als we richting het ""oude normaal"" gaan?";"2021-05-23";"https://nos.nl/artikel/2381978-hoe-houden-we-zicht-op-het-virus-als-we-richting-het-oude-normaal-gaan";"deskundigen";"Persoon";"Wetenschappelijke/medische organisaties en onderzoekers";"";"";"0";"1";"18";"0";"0";"0";"0";"0";"0";"0";"0";"0";"0";"0";"0";"0";"0";"0";"0";"0";"0";"0";"0";"0";"0";"0";"0";"0";"0";"0";"0";"0";"0";"0";"0";"0";"0";"0";"0";"0";"0";"0";"0";"0";"0";"0";"0";"0";"0";"0";"0";"0";"0";"0";"0";"0";"0";"0";"0";"0";"0";"0";"0";"0";"0";"0";"0";"0";"0";"0";"0";"0";"0";"0";"0";"0";"254";"2381978_254"
"main_coder";2381978;"Hoe houden we zicht op het virus als we richting het ""oude normaal"" gaan?";"2021-05-23";"https://nos.nl/artikel/2381978-hoe-houden-we-zicht-op-het-virus-als-we-richting-het-oude-normaal-gaan";"deskundigen";"Persoon";"Wetenschappelijke/medische organisaties en onderzoekers";"";"";"0";"1";"5";"0";"0";"0";"0";"0";"0";"0";"0";"0";"0";"0";"0";"0";"0";"0";"0";"0";"0";"0";"0";"0";"0";"0";"0";"0";"0";"0";"0";"0";"0";"0";"0";"0";"0";"0";"0";"0";"0";"0";"0";"0";"0";"0";"0";"0";"0";"0";"0";"0";"0";"0";"0";"0";"0";"0";"0";"0";"0";"0";"0";"0";"0";"0";"0";"0";"0";"0";"0";"0";"0";"0";"0";"0";"254";"2381978_254"
"main_coder";2384683;"RIVM: ""Het gaat goed en steeds beter""";"2021-06-12";"https://nos.nl/artikel/2384683-rivm-het-gaat-goed-en-steeds-beter";"I&O Research";"Organisatie";"Wetenschappelijke/medische organisaties en onderzoekers";"";"";"0";"1";"14";"1";"1";"0";"0";"1";"0";"0";"0";"0";"0";"0";"0";"0";"0";"0";"0";"0";"0";"0";"0";"0";"0";"0";"0";"0";"0";"0";"0";"0";"0";"0";"0";"0";"0";"0";"0";"0";"0";"0";"0";"0";"0";"0";"0";"0";"0";"0";"0";"0";"0";"0";"0";"0";"0";"0";"0";"0";"0";"0";"0";"0";"0";"0";"0";"0";"0";"0";"0";"0";"0";"0";"0";"0";"255";"2384683_255"
"researcher";2384683;"RIVM: ""Het gaat goed en steeds beter""";"2021-06-12";"https://nos.nl/artikel/2384683-rivm-het-gaat-goed-en-steeds-beter";"Jaap van Dissel";"Persoon";"Openbare en semiopenbare instellingen";"";"";"1";"0";"270";"1";"0";"0";"0";"0";"0";"0";"0";"0";"0";"0";"0";"0";"0";"0";"0";"0";"0";"0";"0";"0";"0";"0";"0";"0";"0";"0";"0";"0";"0";"0";"0";"0";"0";"0";"0";"0";"0";"0";"0";"0";"0";"0";"0";"0";"1";"0";"0";"1";"0";"0";"0";"0";"0";"0";"0";"0";"1";"0";"0";"1";"0";"0";"0";"0";"1";"1";"0";"0";"0";"0";"0";"0";"256";"2384683_256"
"second_coder";2384683;"RIVM: ""Het gaat goed en steeds beter""";"2021-06-12";"https://nos.nl/artikel/2384683-rivm-het-gaat-goed-en-steeds-beter";"Jaap van Dissel";"Persoon";"Wetenschappelijke/medische organisaties en onderzoekers";"";"";"1";"0";"270";"1";"0";"0";"0";"0";"0";"0";"0";"0";"0";"0";"0";"0";"0";"0";"0";"0";"0";"0";"0";"0";"0";"0";"0";"0";"0";"0";"0";"0";"0";"0";"0";"0";"0";"0";"0";"0";"0";"0";"0";"0";"0";"0";"0";"0";"0";"0";"0";"0";"0";"0";"0";"0";"0";"0";"0";"0";"1";"1";"0";"0";"0";"0";"0";"0";"1";"1";"0";"0";"0";"0";"0";"0";"256";"2384683_256"
"main_coder";2384683;"RIVM: ""Het gaat goed en steeds beter""";"2021-06-12";"https://nos.nl/artikel/2384683-rivm-het-gaat-goed-en-steeds-beter";"Jaap van Dissel";"Persoon";"Openbare en semiopenbare instellingen";"";"";"1";"0";"270";"1";"0";"0";"0";"0";"0";"0";"0";"0";"0";"0";"0";"0";"0";"0";"0";"0";"0";"0";"0";"0";"0";"0";"0";"0";"0";"0";"0";"0";"0";"0";"0";"0";"0";"0";"0";"0";"0";"0";"0";"0";"0";"0";"0";"0";"1";"0";"0";"1";"0";"0";"0";"0";"0";"0";"0";"0";"1";"0";"0";"1";"0";"0";"0";"0";"1";"1";"0";"1";"0";"0";"0";"0";"256";"2384683_256"
"researcher";2384683;"RIVM: ""Het gaat goed en steeds beter""";"2021-06-12";"https://nos.nl/artikel/2384683-rivm-het-gaat-goed-en-steeds-beter";"Jacco Wallinga";"Persoon";"Openbare en semiopenbare instellingen";"";"";"1";"0";"587";"1";"0";"0";"0";"0";"0";"0";"0";"0";"0";"0";"0";"0";"0";"0";"0";"0";"0";"0";"0";"0";"0";"0";"0";"0";"0";"0";"0";"0";"0";"0";"0";"0";"0";"0";"0";"0";"0";"0";"0";"0";"0";"0";"0";"0";"0";"0";"0";"0";"0";"0";"0";"0";"0";"0";"0";"0";"0";"0";"0";"0";"0";"0";"0";"0";"1";"1";"0";"0";"0";"0";"0";"0";"257";"2384683_257"
"second_coder";2384683;"RIVM: ""Het gaat goed en steeds beter""";"2021-06-12";"https://nos.nl/artikel/2384683-rivm-het-gaat-goed-en-steeds-beter";"Jacco Wallinga";"Persoon";"Wetenschappelijke/medische organisaties en onderzoekers";"";"";"1";"0";"587";"1";"0";"0";"0";"0";"0";"0";"0";"0";"0";"0";"0";"0";"0";"0";"0";"0";"0";"0";"0";"0";"0";"0";"0";"0";"0";"0";"0";"0";"0";"0";"0";"0";"0";"0";"0";"0";"0";"0";"0";"0";"0";"0";"0";"0";"0";"0";"0";"0";"0";"0";"0";"0";"0";"0";"0";"0";"0";"0";"0";"0";"0";"0";"0";"0";"1";"1";"0";"0";"0";"0";"0";"0";"257";"2384683_257"
"main_coder";2384683;"RIVM: ""Het gaat goed en steeds beter""";"2021-06-12";"https://nos.nl/artikel/2384683-rivm-het-gaat-goed-en-steeds-beter";"Jacco Wallinga";"Persoon";"Openbare en semiopenbare instellingen";"";"";"1";"0";"587";"1";"0";"0";"0";"0";"0";"0";"0";"0";"0";"0";"0";"0";"0";"0";"0";"0";"0";"0";"0";"0";"0";"0";"0";"0";"0";"0";"0";"0";"0";"0";"0";"0";"0";"0";"0";"0";"0";"0";"0";"0";"0";"0";"0";"0";"0";"0";"0";"0";"0";"0";"0";"0";"0";"0";"0";"0";"0";"0";"0";"0";"0";"0";"0";"0";"1";"1";"0";"1";"0";"0";"0";"0";"257";"2384683_257"
"researcher";2386070;"Toegangsbewijs voor festival of club: ""Er is altijd een groep die dit niet accepteert""";"2021-06-21";"https://nos.nl/artikel/2386070-toegangsbewijs-voor-festival-of-club-er-is-altijd-een-groep-die-dit-niet-accepteert";"Bente Bollmann";"Persoon";"Zakelijke organisaties en hun werknemers";"";"";"1";"1";"105";"1";"0";"0";"0";"0";"0";"0";"0";"0";"0";"0";"0";"0";"0";"0";"0";"0";"0";"0";"0";"0";"0";"0";"0";"0";"0";"0";"0";"0";"0";"0";"0";"0";"0";"0";"0";"0";"0";"0";"0";"0";"0";"0";"0";"0";"0";"0";"0";"0";"0";"0";"0";"0";"0";"0";"0";"0";"1";"0";"0";"1";"0";"0";"0";"0";"1";"0";"0";"1";"0";"0";"0";"0";"258";"2386070_258"
"second_coder";2386070;"Toegangsbewijs voor festival of club: ""Er is altijd een groep die dit niet accepteert""";"2021-06-21";"https://nos.nl/artikel/2386070-toegangsbewijs-voor-festival-of-club-er-is-altijd-een-groep-die-dit-niet-accepteert";"Bente Bollmann";"Persoon";"Zakelijke organisaties en hun werknemers";"";"";"1";"1";"96";"1";"0";"0";"0";"0";"0";"0";"0";"0";"0";"0";"0";"0";"0";"0";"0";"0";"0";"0";"0";"0";"0";"0";"0";"0";"0";"0";"0";"0";"0";"0";"0";"0";"0";"0";"0";"0";"0";"0";"0";"0";"0";"0";"0";"0";"0";"0";"0";"0";"0";"0";"0";"0";"0";"0";"0";"0";"1";"1";"0";"0";"0";"0";"0";"0";"1";"1";"0";"0";"0";"0";"0";"0";"258";"2386070_258"
"main_coder";2386070;"Toegangsbewijs voor festival of club: ""Er is altijd een groep die dit niet accepteert""";"2021-06-21";"https://nos.nl/artikel/2386070-toegangsbewijs-voor-festival-of-club-er-is-altijd-een-groep-die-dit-niet-accepteert";"Bente Bollmann";"Persoon";"Zakelijke organisaties en hun werknemers";"";"";"1";"1";"105";"1";"0";"0";"0";"0";"0";"0";"0";"0";"0";"0";"0";"0";"0";"0";"0";"0";"0";"0";"0";"0";"0";"0";"0";"0";"0";"0";"0";"0";"0";"0";"0";"0";"0";"0";"0";"0";"0";"0";"0";"0";"0";"0";"0";"0";"0";"0";"0";"0";"0";"0";"0";"0";"0";"0";"0";"0";"1";"0";"0";"1";"0";"0";"0";"0";"1";"0";"0";"1";"0";"0";"0";"0";"258";"2386070_258"
"researcher";2386070;"Toegangsbewijs voor festival of club: ""Er is altijd een groep die dit niet accepteert""";"2021-06-21";"https://nos.nl/artikel/2386070-toegangsbewijs-voor-festival-of-club-er-is-altijd-een-groep-die-dit-niet-accepteert";"Niek Mouter";"Persoon";"Wetenschappelijke/medische organisaties en onderzoekers";"";"";"1";"1";"89";"1";"0";"0";"0";"0";"0";"0";"0";"0";"0";"0";"0";"0";"0";"0";"0";"0";"0";"0";"0";"0";"0";"0";"0";"0";"0";"0";"0";"0";"0";"0";"0";"0";"0";"0";"0";"0";"0";"0";"0";"0";"0";"0";"0";"0";"0";"0";"0";"0";"0";"0";"0";"0";"0";"0";"0";"0";"0";"0";"0";"0";"0";"0";"0";"0";"1";"0";"0";"1";"0";"0";"0";"0";"259";"2386070_259"
"second_coder";2386070;"Toegangsbewijs voor festival of club: ""Er is altijd een groep die dit niet accepteert""";"2021-06-21";"https://nos.nl/artikel/2386070-toegangsbewijs-voor-festival-of-club-er-is-altijd-een-groep-die-dit-niet-accepteert";"Niek Mouter";"Persoon";"Wetenschappelijke/medische organisaties en onderzoekers";"";"";"1";"1";"89";"1";"0";"0";"0";"0";"0";"0";"0";"0";"0";"0";"0";"0";"0";"0";"0";"0";"0";"0";"0";"0";"0";"0";"0";"0";"0";"0";"0";"0";"0";"0";"0";"0";"0";"0";"0";"0";"0";"0";"0";"0";"0";"0";"0";"0";"0";"0";"0";"0";"0";"0";"0";"0";"0";"0";"0";"0";"0";"0";"0";"0";"0";"0";"0";"0";"1";"1";"0";"0";"0";"0";"0";"0";"259";"2386070_259"
"main_coder";2386070;"Toegangsbewijs voor festival of club: ""Er is altijd een groep die dit niet accepteert""";"2021-06-21";"https://nos.nl/artikel/2386070-toegangsbewijs-voor-festival-of-club-er-is-altijd-een-groep-die-dit-niet-accepteert";"Niek Mouter";"Persoon";"Wetenschappelijke/medische organisaties en onderzoekers";"";"";"1";"1";"89";"1";"0";"0";"0";"0";"0";"0";"0";"0";"0";"0";"0";"0";"0";"0";"0";"0";"0";"0";"0";"0";"0";"0";"0";"0";"0";"0";"0";"0";"0";"0";"0";"0";"0";"0";"0";"0";"0";"0";"0";"0";"0";"0";"0";"0";"0";"0";"0";"0";"0";"0";"0";"0";"0";"0";"0";"0";"1";"0";"0";"1";"0";"0";"0";"0";"0";"0";"0";"0";"0";"0";"0";"0";"259";"2386070_259"
"researcher";2386070;"Toegangsbewijs voor festival of club: ""Er is altijd een groep die dit niet accepteert""";"2021-06-21";"https://nos.nl/artikel/2386070-toegangsbewijs-voor-festival-of-club-er-is-altijd-een-groep-die-dit-niet-accepteert";"Pieter de Kroon";"Persoon";"Niet-governementele organisaties (NGO), maatschappelijke organisaties, en hun leden";"";"";"1";"1";"88";"1";"0";"0";"0";"0";"0";"0";"0";"0";"0";"0";"0";"0";"0";"0";"0";"0";"0";"0";"0";"0";"0";"0";"0";"0";"0";"0";"0";"0";"0";"0";"0";"0";"0";"0";"0";"0";"0";"0";"0";"0";"0";"0";"0";"0";"0";"0";"0";"0";"0";"0";"0";"0";"1";"0";"0";"1";"0";"0";"0";"0";"0";"0";"0";"0";"0";"0";"0";"0";"0";"0";"0";"0";"260";"2386070_260"
"second_coder";2386070;"Toegangsbewijs voor festival of club: ""Er is altijd een groep die dit niet accepteert""";"2021-06-21";"https://nos.nl/artikel/2386070-toegangsbewijs-voor-festival-of-club-er-is-altijd-een-groep-die-dit-niet-accepteert";"Pieter de Kroon";"Persoon";"Niet-governementele organisaties (NGO), maatschappelijke organisaties, en hun leden";"";"";"1";"1";"88";"1";"0";"0";"0";"0";"0";"0";"0";"0";"0";"0";"0";"0";"0";"0";"0";"0";"0";"0";"0";"0";"0";"0";"0";"0";"0";"0";"0";"0";"0";"0";"0";"0";"1";"0";"1";"0";"0";"0";"0";"0";"0";"0";"0";"0";"0";"0";"0";"0";"0";"0";"0";"0";"0";"0";"0";"0";"0";"0";"0";"0";"0";"0";"0";"0";"0";"0";"0";"0";"0";"0";"0";"0";"260";"2386070_260"
"main_coder";2386070;"Toegangsbewijs voor festival of club: ""Er is altijd een groep die dit niet accepteert""";"2021-06-21";"https://nos.nl/artikel/2386070-toegangsbewijs-voor-festival-of-club-er-is-altijd-een-groep-die-dit-niet-accepteert";"Pieter de Kroon";"Persoon";"Niet-governementele organisaties (NGO), maatschappelijke organisaties, en hun leden";"";"";"1";"1";"87";"1";"0";"0";"0";"0";"0";"0";"0";"0";"0";"0";"0";"0";"0";"0";"0";"0";"0";"0";"0";"0";"0";"0";"0";"0";"0";"0";"0";"0";"0";"0";"0";"0";"0";"0";"0";"0";"0";"0";"0";"0";"0";"0";"0";"0";"0";"0";"0";"0";"0";"0";"0";"0";"1";"1";"0";"0";"0";"0";"0";"0";"0";"0";"0";"0";"0";"0";"0";"0";"0";"0";"0";"0";"260";"2386070_260"
"researcher";2386070;"Toegangsbewijs voor festival of club: ""Er is altijd een groep die dit niet accepteert""";"2021-06-21";"https://nos.nl/artikel/2386070-toegangsbewijs-voor-festival-of-club-er-is-altijd-een-groep-die-dit-niet-accepteert";"Vincent Böhre";"Persoon";"Niet-governementele organisaties (NGO), maatschappelijke organisaties, en hun leden";"";"";"1";"1";"95";"1";"0";"0";"0";"0";"0";"0";"0";"0";"0";"0";"0";"0";"0";"0";"0";"0";"0";"0";"0";"0";"0";"0";"0";"0";"0";"0";"0";"0";"0";"0";"0";"0";"0";"0";"0";"0";"0";"0";"0";"0";"0";"0";"0";"0";"0";"0";"0";"0";"0";"0";"0";"0";"0";"0";"0";"0";"1";"0";"1";"0";"0";"0";"0";"0";"0";"0";"0";"0";"0";"0";"0";"0";"261";"2386070_261"
"second_coder";2386070;"Toegangsbewijs voor festival of club: ""Er is altijd een groep die dit niet accepteert""";"2021-06-21";"https://nos.nl/artikel/2386070-toegangsbewijs-voor-festival-of-club-er-is-altijd-een-groep-die-dit-niet-accepteert";"Vincent Böhre";"Persoon";"Niet-governementele organisaties (NGO), maatschappelijke organisaties, en hun leden";"";"";"1";"1";"87";"1";"0";"0";"0";"0";"0";"0";"0";"0";"0";"0";"0";"0";"0";"0";"0";"0";"0";"0";"0";"0";"0";"0";"0";"0";"0";"0";"0";"0";"0";"0";"0";"0";"0";"0";"0";"0";"0";"0";"0";"0";"0";"0";"0";"0";"0";"0";"0";"0";"0";"0";"0";"0";"0";"0";"0";"0";"0";"0";"0";"0";"0";"0";"0";"0";"1";"0";"1";"0";"0";"0";"0";"0";"261";"2386070_261"
"main_coder";2386070;"Toegangsbewijs voor festival of club: ""Er is altijd een groep die dit niet accepteert""";"2021-06-21";"https://nos.nl/artikel/2386070-toegangsbewijs-voor-festival-of-club-er-is-altijd-een-groep-die-dit-niet-accepteert";"Vincent Böhre";"Persoon";"Niet-governementele organisaties (NGO), maatschappelijke organisaties, en hun leden";"";"";"1";"1";"95";"1";"0";"0";"0";"0";"0";"0";"0";"0";"0";"0";"0";"0";"0";"0";"0";"0";"0";"0";"0";"0";"0";"0";"0";"0";"0";"0";"0";"0";"0";"0";"0";"0";"0";"0";"0";"0";"0";"0";"0";"0";"0";"0";"0";"0";"0";"0";"0";"0";"0";"0";"0";"0";"0";"0";"0";"0";"1";"0";"1";"0";"0";"0";"0";"0";"0";"0";"0";"0";"0";"0";"0";"0";"261";"2386070_261"
"researcher";2387267;"De ethische discussie over tieners vaccineren: ""Hoe vertel ik dit mijn kinderen?""";"2021-06-29";"https://nos.nl/artikel/2387267-de-ethische-discussie-over-tieners-vaccineren-hoe-vertel-ik-dit-mijn-kinderen";"Amrish Baidjoe";"Persoon";"Wetenschappelijke/medische organisaties en onderzoekers";"";"";"1";"0";"44";"1";"0";"0";"0";"0";"0";"0";"0";"0";"0";"0";"0";"0";"0";"0";"0";"0";"0";"0";"0";"0";"0";"0";"0";"0";"0";"0";"0";"0";"0";"0";"0";"0";"0";"0";"0";"0";"0";"0";"0";"0";"0";"0";"0";"0";"0";"0";"0";"0";"0";"0";"0";"0";"0";"0";"0";"0";"0";"0";"0";"0";"0";"0";"0";"0";"1";"0";"1";"0";"0";"0";"0";"0";"262";"2387267_262"
"second_coder";2387267;"De ethische discussie over tieners vaccineren: ""Hoe vertel ik dit mijn kinderen?""";"2021-06-29";"https://nos.nl/artikel/2387267-de-ethische-discussie-over-tieners-vaccineren-hoe-vertel-ik-dit-mijn-kinderen";"Amrish Baidjoe";"Persoon";"Wetenschappelijke/medische organisaties en onderzoekers";"";"";"1";"0";"44";"1";"0";"0";"0";"0";"0";"0";"0";"0";"0";"0";"0";"0";"0";"0";"0";"0";"0";"0";"0";"0";"0";"0";"0";"0";"0";"0";"0";"0";"0";"0";"0";"0";"0";"0";"0";"0";"0";"0";"0";"0";"0";"0";"0";"0";"0";"0";"0";"0";"0";"0";"0";"0";"0";"0";"0";"0";"0";"0";"0";"0";"0";"0";"0";"0";"1";"0";"1";"0";"0";"0";"0";"0";"262";"2387267_262"
"main_coder";2387267;"De ethische discussie over tieners vaccineren: ""Hoe vertel ik dit mijn kinderen?""";"2021-06-29";"https://nos.nl/artikel/2387267-de-ethische-discussie-over-tieners-vaccineren-hoe-vertel-ik-dit-mijn-kinderen";"Amrish Baidjoe";"Persoon";"Wetenschappelijke/medische organisaties en onderzoekers";"";"";"1";"0";"44";"1";"0";"0";"0";"0";"0";"0";"0";"0";"0";"0";"0";"0";"0";"0";"0";"0";"0";"0";"0";"0";"0";"0";"0";"0";"0";"0";"0";"0";"0";"0";"0";"0";"0";"0";"0";"0";"0";"0";"0";"0";"0";"0";"0";"0";"0";"0";"0";"0";"0";"0";"0";"0";"0";"0";"0";"0";"0";"0";"0";"0";"0";"0";"0";"0";"1";"0";"1";"0";"0";"0";"0";"0";"262";"2387267_262"
"researcher";2387267;"De ethische discussie over tieners vaccineren: ""Hoe vertel ik dit mijn kinderen?""";"2021-06-29";"https://nos.nl/artikel/2387267-de-ethische-discussie-over-tieners-vaccineren-hoe-vertel-ik-dit-mijn-kinderen";"Artsen Collectief";"Organisatie";"Niet-governementele organisaties (NGO), maatschappelijke organisaties, en hun leden";"";"";"1";"1";"34";"1";"0";"0";"0";"0";"0";"0";"0";"0";"0";"0";"0";"0";"0";"0";"0";"0";"0";"0";"0";"0";"0";"0";"0";"0";"0";"0";"0";"0";"0";"0";"0";"0";"0";"0";"0";"0";"0";"0";"0";"0";"0";"0";"0";"0";"0";"0";"0";"0";"0";"0";"0";"0";"0";"0";"0";"0";"0";"0";"0";"0";"0";"0";"0";"0";"1";"0";"1";"0";"0";"0";"0";"0";"263";"2387267_263"
"second_coder";2387267;"De ethische discussie over tieners vaccineren: ""Hoe vertel ik dit mijn kinderen?""";"2021-06-29";"https://nos.nl/artikel/2387267-de-ethische-discussie-over-tieners-vaccineren-hoe-vertel-ik-dit-mijn-kinderen";"Artsen Collectief";"Organisatie";"Niet-governementele organisaties (NGO), maatschappelijke organisaties, en hun leden";"";"";"1";"1";"34";"1";"0";"0";"0";"0";"0";"0";"0";"0";"0";"0";"0";"0";"0";"0";"0";"0";"0";"0";"0";"0";"0";"0";"0";"0";"0";"0";"0";"0";"0";"0";"0";"0";"0";"0";"0";"0";"0";"0";"0";"0";"0";"0";"0";"0";"0";"0";"0";"0";"0";"0";"0";"0";"0";"0";"0";"0";"0";"0";"0";"0";"0";"0";"0";"0";"1";"0";"1";"0";"0";"0";"0";"0";"263";"2387267_263"
"main_coder";2387267;"De ethische discussie over tieners vaccineren: ""Hoe vertel ik dit mijn kinderen?""";"2021-06-29";"https://nos.nl/artikel/2387267-de-ethische-discussie-over-tieners-vaccineren-hoe-vertel-ik-dit-mijn-kinderen";"Artsen Collectief";"Organisatie";"Wetenschappelijke/medische organisaties en onderzoekers";"";"";"0";"1";"34";"1";"0";"0";"0";"0";"0";"0";"0";"0";"0";"0";"0";"0";"0";"0";"0";"0";"0";"0";"0";"0";"0";"0";"0";"0";"0";"0";"0";"0";"0";"0";"0";"0";"0";"0";"0";"0";"0";"0";"0";"0";"0";"0";"0";"0";"0";"0";"0";"0";"0";"0";"0";"0";"0";"0";"0";"0";"0";"0";"0";"0";"0";"0";"0";"0";"1";"0";"1";"0";"0";"0";"0";"0";"263";"2387267_263"
"researcher";2387267;"De ethische discussie over tieners vaccineren: ""Hoe vertel ik dit mijn kinderen?""";"2021-06-29";"https://nos.nl/artikel/2387267-de-ethische-discussie-over-tieners-vaccineren-hoe-vertel-ik-dit-mijn-kinderen";"Gezondheidsraad";"Organisatie";"Wetenschappelijke/medische organisaties en onderzoekers";"";"";"0";"1";"105";"1";"0";"0";"0";"0";"0";"0";"0";"0";"0";"0";"0";"0";"0";"0";"0";"0";"0";"0";"0";"0";"0";"0";"0";"0";"0";"0";"0";"0";"0";"0";"0";"0";"0";"0";"0";"0";"0";"0";"0";"0";"0";"0";"0";"0";"0";"0";"0";"0";"0";"0";"0";"0";"0";"0";"0";"0";"0";"0";"0";"0";"0";"0";"0";"0";"1";"1";"0";"0";"0";"0";"0";"0";"264";"2387267_264"
"second_coder";2387267;"De ethische discussie over tieners vaccineren: ""Hoe vertel ik dit mijn kinderen?""";"2021-06-29";"https://nos.nl/artikel/2387267-de-ethische-discussie-over-tieners-vaccineren-hoe-vertel-ik-dit-mijn-kinderen";"Gezondheidsraad";"Organisatie";"Wetenschappelijke/medische organisaties en onderzoekers";"";"";"0";"1";"105";"1";"0";"0";"0";"0";"0";"0";"0";"0";"0";"0";"0";"0";"0";"0";"0";"0";"0";"0";"0";"0";"0";"0";"0";"0";"0";"0";"0";"0";"0";"0";"0";"0";"0";"0";"0";"0";"0";"0";"0";"0";"0";"0";"0";"0";"0";"0";"0";"0";"0";"0";"0";"0";"0";"0";"0";"0";"0";"0";"0";"0";"0";"0";"0";"0";"1";"1";"0";"0";"0";"0";"0";"0";"264";"2387267_264"
"main_coder";2387267;"De ethische discussie over tieners vaccineren: ""Hoe vertel ik dit mijn kinderen?""";"2021-06-29";"https://nos.nl/artikel/2387267-de-ethische-discussie-over-tieners-vaccineren-hoe-vertel-ik-dit-mijn-kinderen";"Gezondheidsraad";"Organisatie";"Wetenschappelijke/medische organisaties en onderzoekers";"";"";"0";"1";"82";"1";"0";"0";"0";"0";"0";"0";"0";"0";"0";"0";"0";"0";"0";"0";"0";"0";"0";"0";"0";"0";"0";"0";"0";"0";"0";"0";"0";"0";"0";"0";"0";"0";"0";"0";"0";"0";"0";"0";"0";"0";"0";"0";"0";"0";"0";"0";"0";"0";"0";"0";"0";"0";"0";"0";"0";"0";"0";"0";"0";"0";"0";"0";"0";"0";"1";"1";"0";"0";"0";"0";"0";"0";"264";"2387267_264"
"researcher";2387267;"De ethische discussie over tieners vaccineren: ""Hoe vertel ik dit mijn kinderen?""";"2021-06-29";"https://nos.nl/artikel/2387267-de-ethische-discussie-over-tieners-vaccineren-hoe-vertel-ik-dit-mijn-kinderen";"Marjolein van Egmond";"Persoon";"Wetenschappelijke/medische organisaties en onderzoekers";"";"";"1";"1";"50";"1";"0";"0";"0";"0";"0";"0";"0";"0";"0";"0";"0";"0";"0";"0";"0";"0";"0";"0";"0";"0";"0";"0";"0";"0";"0";"0";"0";"0";"0";"0";"0";"0";"0";"0";"0";"0";"0";"0";"0";"0";"0";"0";"0";"0";"0";"0";"0";"0";"0";"0";"0";"0";"0";"0";"0";"0";"0";"0";"0";"0";"0";"0";"0";"0";"1";"1";"0";"0";"0";"0";"0";"0";"265";"2387267_265"
"second_coder";2387267;"De ethische discussie over tieners vaccineren: ""Hoe vertel ik dit mijn kinderen?""";"2021-06-29";"https://nos.nl/artikel/2387267-de-ethische-discussie-over-tieners-vaccineren-hoe-vertel-ik-dit-mijn-kinderen";"Marjolein van Egmond";"Persoon";"Wetenschappelijke/medische organisaties en onderzoekers";"";"";"1";"1";"50";"1";"0";"0";"0";"0";"0";"0";"0";"0";"0";"0";"0";"0";"0";"0";"0";"0";"0";"0";"0";"0";"0";"0";"0";"0";"0";"0";"0";"0";"0";"0";"0";"0";"0";"0";"0";"0";"0";"0";"0";"0";"0";"0";"0";"0";"0";"0";"0";"0";"0";"0";"0";"0";"0";"0";"0";"0";"0";"0";"0";"0";"0";"0";"0";"0";"1";"1";"0";"0";"0";"0";"0";"0";"265";"2387267_265"
"main_coder";2387267;"De ethische discussie over tieners vaccineren: ""Hoe vertel ik dit mijn kinderen?""";"2021-06-29";"https://nos.nl/artikel/2387267-de-ethische-discussie-over-tieners-vaccineren-hoe-vertel-ik-dit-mijn-kinderen";"Marjolein van Egmond";"Persoon";"Wetenschappelijke/medische organisaties en onderzoekers";"";"";"1";"1";"48";"1";"0";"0";"0";"0";"0";"0";"0";"0";"0";"0";"0";"0";"0";"0";"0";"0";"0";"0";"0";"0";"0";"0";"0";"0";"0";"0";"0";"0";"0";"0";"0";"0";"0";"0";"0";"0";"0";"0";"0";"0";"0";"0";"0";"0";"0";"0";"0";"0";"0";"0";"0";"0";"0";"0";"0";"0";"0";"0";"0";"0";"0";"0";"0";"0";"1";"1";"0";"0";"0";"0";"0";"0";"265";"2387267_265"
"researcher";2387267;"De ethische discussie over tieners vaccineren: ""Hoe vertel ik dit mijn kinderen?""";"2021-06-29";"https://nos.nl/artikel/2387267-de-ethische-discussie-over-tieners-vaccineren-hoe-vertel-ik-dit-mijn-kinderen";"Nederlandse Vereniging van Kinderartsen";"Organisatie";"Niet-governementele organisaties (NGO), maatschappelijke organisaties, en hun leden";"";"";"0";"1";"13";"1";"0";"0";"0";"0";"0";"0";"0";"0";"0";"0";"0";"0";"0";"0";"0";"0";"0";"0";"0";"0";"0";"0";"0";"0";"0";"0";"0";"0";"0";"0";"0";"0";"0";"0";"0";"0";"0";"0";"0";"0";"0";"0";"0";"0";"0";"0";"0";"0";"0";"0";"0";"0";"0";"0";"0";"0";"0";"0";"0";"0";"0";"0";"0";"0";"1";"1";"0";"0";"0";"0";"0";"0";"266";"2387267_266"
"second_coder";2387267;"De ethische discussie over tieners vaccineren: ""Hoe vertel ik dit mijn kinderen?""";"2021-06-29";"https://nos.nl/artikel/2387267-de-ethische-discussie-over-tieners-vaccineren-hoe-vertel-ik-dit-mijn-kinderen";"Nederlandse Vereniging van Kinderartsen";"Organisatie";"Niet-governementele organisaties (NGO), maatschappelijke organisaties, en hun leden";"";"";"0";"1";"13";"1";"0";"0";"0";"0";"0";"0";"0";"0";"0";"0";"0";"0";"0";"0";"0";"0";"0";"0";"0";"0";"0";"0";"0";"0";"0";"0";"0";"0";"0";"0";"0";"0";"0";"0";"0";"0";"0";"0";"0";"0";"0";"0";"0";"0";"0";"0";"0";"0";"0";"0";"0";"0";"0";"0";"0";"0";"0";"0";"0";"0";"0";"0";"0";"0";"1";"0";"1";"0";"0";"0";"0";"0";"266";"2387267_266"
"main_coder";2387267;"De ethische discussie over tieners vaccineren: ""Hoe vertel ik dit mijn kinderen?""";"2021-06-29";"https://nos.nl/artikel/2387267-de-ethische-discussie-over-tieners-vaccineren-hoe-vertel-ik-dit-mijn-kinderen";"Onder meer de Nederlandse Vereniging van Kinderartsen en nu dus ook de Gezondheidsraad";"Organisatie";"Wetenschappelijke/medische organisaties en onderzoekers";"";"";"0";"1";"13";"1";"0";"0";"0";"0";"0";"0";"0";"0";"0";"0";"0";"0";"0";"0";"0";"0";"0";"0";"0";"0";"0";"0";"0";"0";"0";"0";"0";"0";"0";"0";"0";"0";"0";"0";"0";"0";"0";"0";"0";"0";"0";"0";"0";"0";"0";"0";"0";"0";"0";"0";"0";"0";"0";"0";"0";"0";"0";"0";"0";"0";"0";"0";"0";"0";"1";"1";"0";"0";"0";"0";"0";"0";"267";"2387267_267"
"researcher";2387267;"De ethische discussie over tieners vaccineren: ""Hoe vertel ik dit mijn kinderen?""";"2021-06-29";"https://nos.nl/artikel/2387267-de-ethische-discussie-over-tieners-vaccineren-hoe-vertel-ik-dit-mijn-kinderen";"Rieke van der Graaf";"Persoon";"Wetenschappelijke/medische organisaties en onderzoekers";"";"";"1";"1";"35";"1";"0";"0";"0";"0";"0";"0";"0";"0";"0";"0";"0";"0";"0";"0";"0";"0";"0";"0";"0";"0";"0";"0";"0";"0";"0";"0";"0";"0";"0";"0";"0";"0";"0";"0";"0";"0";"0";"0";"0";"0";"0";"0";"0";"0";"0";"0";"0";"0";"0";"0";"0";"0";"0";"0";"0";"0";"0";"0";"0";"0";"0";"0";"0";"0";"1";"0";"0";"1";"0";"0";"0";"0";"268";"2387267_268"
"second_coder";2387267;"De ethische discussie over tieners vaccineren: ""Hoe vertel ik dit mijn kinderen?""";"2021-06-29";"https://nos.nl/artikel/2387267-de-ethische-discussie-over-tieners-vaccineren-hoe-vertel-ik-dit-mijn-kinderen";"Rieke van der Graaf";"Persoon";"Wetenschappelijke/medische organisaties en onderzoekers";"";"";"1";"1";"35";"1";"0";"0";"0";"0";"0";"0";"0";"0";"0";"0";"0";"0";"0";"0";"0";"0";"0";"0";"0";"0";"0";"0";"0";"0";"0";"0";"0";"0";"0";"0";"0";"0";"0";"0";"0";"0";"0";"0";"0";"0";"0";"0";"0";"0";"0";"0";"0";"0";"0";"0";"0";"0";"0";"0";"0";"0";"0";"0";"0";"0";"0";"0";"0";"0";"1";"0";"0";"1";"0";"0";"0";"0";"268";"2387267_268"
"main_coder";2387267;"De ethische discussie over tieners vaccineren: ""Hoe vertel ik dit mijn kinderen?""";"2021-06-29";"https://nos.nl/artikel/2387267-de-ethische-discussie-over-tieners-vaccineren-hoe-vertel-ik-dit-mijn-kinderen";"Rieke van der Graaf";"Persoon";"Wetenschappelijke/medische organisaties en onderzoekers";"";"";"1";"1";"50";"1";"0";"0";"0";"0";"0";"0";"0";"0";"0";"0";"0";"0";"0";"0";"0";"0";"0";"0";"0";"0";"0";"0";"0";"0";"0";"0";"0";"0";"0";"0";"0";"0";"0";"0";"0";"0";"0";"0";"0";"0";"0";"0";"0";"0";"0";"0";"0";"0";"0";"0";"0";"0";"0";"0";"0";"0";"0";"0";"0";"0";"0";"0";"0";"0";"1";"0";"0";"1";"0";"0";"0";"0";"268";"2387267_268"
"researcher";2387267;"De ethische discussie over tieners vaccineren: ""Hoe vertel ik dit mijn kinderen?""";"2021-06-29";"https://nos.nl/artikel/2387267-de-ethische-discussie-over-tieners-vaccineren-hoe-vertel-ik-dit-mijn-kinderen";"WHO";"Organisatie";"EU-instellingen en Internationale overheidsorganisaties (ook IGO’s) en hun leden";"";"";"0";"1";"35";"1";"0";"0";"0";"0";"0";"0";"0";"0";"0";"0";"0";"0";"0";"0";"0";"0";"0";"0";"0";"0";"0";"0";"0";"0";"0";"0";"0";"0";"0";"0";"0";"0";"0";"0";"0";"0";"0";"0";"0";"0";"0";"0";"0";"0";"0";"0";"0";"0";"0";"0";"0";"0";"0";"0";"0";"0";"0";"0";"0";"0";"0";"0";"0";"0";"1";"1";"0";"0";"0";"0";"0";"0";"269";"2387267_269"
"second_coder";2387267;"De ethische discussie over tieners vaccineren: ""Hoe vertel ik dit mijn kinderen?""";"2021-06-29";"https://nos.nl/artikel/2387267-de-ethische-discussie-over-tieners-vaccineren-hoe-vertel-ik-dit-mijn-kinderen";"WHO";"Organisatie";"Wetenschappelijke/medische organisaties en onderzoekers";"";"";"0";"1";"35";"1";"0";"0";"0";"0";"0";"0";"0";"0";"0";"0";"0";"0";"0";"0";"0";"0";"0";"0";"0";"0";"0";"0";"0";"0";"0";"0";"0";"0";"0";"0";"0";"0";"0";"0";"0";"0";"0";"0";"0";"0";"0";"0";"0";"0";"0";"0";"0";"0";"0";"0";"0";"0";"0";"0";"0";"0";"0";"0";"0";"0";"0";"0";"0";"0";"1";"0";"0";"1";"0";"0";"0";"0";"269";"2387267_269"
"main_coder";2387267;"De ethische discussie over tieners vaccineren: ""Hoe vertel ik dit mijn kinderen?""";"2021-06-29";"https://nos.nl/artikel/2387267-de-ethische-discussie-over-tieners-vaccineren-hoe-vertel-ik-dit-mijn-kinderen";"WHO";"Organisatie";"EU-instellingen en Internationale overheidsorganisaties (ook IGO’s) en hun leden";"";"";"0";"1";"20";"0";"0";"0";"0";"0";"0";"0";"0";"0";"0";"0";"0";"0";"0";"0";"0";"0";"0";"0";"0";"0";"0";"0";"0";"0";"0";"0";"0";"0";"0";"0";"0";"0";"0";"0";"0";"0";"0";"0";"0";"0";"0";"0";"0";"0";"0";"0";"0";"0";"0";"0";"0";"0";"0";"0";"0";"0";"0";"0";"0";"0";"0";"0";"0";"0";"0";"0";"0";"0";"0";"0";"0";"0";"269";"2387267_269"
"researcher";2387267;"De ethische discussie over tieners vaccineren: ""Hoe vertel ik dit mijn kinderen?""";"2021-06-29";"https://nos.nl/artikel/2387267-de-ethische-discussie-over-tieners-vaccineren-hoe-vertel-ik-dit-mijn-kinderen";"het RIVM";"Organisatie";"Openbare en semiopenbare instellingen";"";"";"0";"1";"21";"1";"0";"0";"0";"0";"0";"0";"0";"0";"0";"0";"0";"0";"0";"0";"0";"0";"0";"0";"0";"0";"0";"0";"0";"0";"0";"0";"0";"0";"0";"0";"0";"0";"0";"0";"0";"0";"0";"0";"0";"0";"0";"0";"0";"0";"0";"0";"0";"0";"0";"0";"0";"0";"0";"0";"0";"0";"0";"0";"0";"0";"0";"0";"0";"0";"1";"1";"0";"0";"0";"0";"0";"0";"270";"2387267_270"
"second_coder";2387267;"De ethische discussie over tieners vaccineren: ""Hoe vertel ik dit mijn kinderen?""";"2021-06-29";"https://nos.nl/artikel/2387267-de-ethische-discussie-over-tieners-vaccineren-hoe-vertel-ik-dit-mijn-kinderen";"het RIVM";"Organisatie";"Openbare en semiopenbare instellingen";"";"";"0";"1";"21";"1";"0";"0";"0";"0";"0";"0";"0";"0";"0";"0";"0";"0";"0";"0";"0";"0";"0";"0";"0";"0";"0";"0";"0";"0";"0";"0";"0";"0";"0";"0";"0";"0";"0";"0";"0";"0";"0";"0";"0";"0";"0";"0";"0";"0";"0";"0";"0";"0";"0";"0";"0";"0";"0";"0";"0";"0";"0";"0";"0";"0";"0";"0";"0";"0";"1";"1";"0";"0";"0";"0";"0";"0";"270";"2387267_270"
"main_coder";2387267;"De ethische discussie over tieners vaccineren: ""Hoe vertel ik dit mijn kinderen?""";"2021-06-29";"https://nos.nl/artikel/2387267-de-ethische-discussie-over-tieners-vaccineren-hoe-vertel-ik-dit-mijn-kinderen";"het RIVM";"Organisatie";"Openbare en semiopenbare instellingen";"";"";"0";"1";"21";"1";"0";"0";"0";"0";"0";"0";"0";"0";"0";"0";"0";"0";"0";"0";"0";"0";"0";"0";"0";"0";"0";"0";"0";"0";"0";"0";"0";"0";"0";"0";"0";"0";"0";"0";"0";"0";"0";"0";"0";"0";"0";"0";"0";"0";"0";"0";"0";"0";"0";"0";"0";"0";"0";"0";"0";"0";"0";"0";"0";"0";"0";"0";"0";"0";"1";"1";"0";"0";"0";"0";"0";"0";"270";"2387267_270"
"researcher";2387341;"Tieners kunnen vanaf vrijdag afspraak maken voor coronavaccinatie";"2021-06-30";"https://nos.nl/artikel/2387341-tieners-kunnen-vanaf-vrijdag-afspraak-maken-voor-coronavaccinatie";"De Jonge";"Persoon";"NL - Nationale regering - executive / uitvoerende macht";"";"CDA";"1";"1";"133";"1";"0";"0";"0";"0";"0";"0";"0";"0";"0";"0";"0";"0";"0";"0";"0";"0";"0";"0";"0";"0";"0";"0";"0";"0";"0";"0";"0";"0";"1";"0";"1";"0";"0";"0";"0";"0";"0";"0";"0";"0";"0";"0";"0";"0";"0";"0";"0";"0";"0";"0";"0";"0";"0";"0";"0";"0";"0";"0";"0";"0";"0";"0";"0";"0";"1";"1";"0";"0";"0";"0";"0";"0";"271";"2387341_271"
"second_coder";2387341;"Tieners kunnen vanaf vrijdag afspraak maken voor coronavaccinatie";"2021-06-30";"https://nos.nl/artikel/2387341-tieners-kunnen-vanaf-vrijdag-afspraak-maken-voor-coronavaccinatie";"De Jonge";"Persoon";"NL - Nationale regering - executive / uitvoerende macht";"";"CDA";"1";"1";"152";"1";"0";"0";"0";"0";"0";"0";"0";"0";"0";"0";"0";"0";"0";"0";"0";"0";"0";"0";"0";"0";"0";"0";"0";"0";"0";"0";"0";"0";"0";"0";"0";"0";"0";"0";"0";"0";"0";"0";"0";"0";"0";"0";"0";"0";"0";"0";"0";"0";"0";"0";"0";"0";"0";"0";"0";"0";"0";"0";"0";"0";"0";"0";"0";"0";"1";"1";"0";"0";"0";"0";"0";"0";"271";"2387341_271"
"main_coder";2387341;"Tieners kunnen vanaf vrijdag afspraak maken voor coronavaccinatie";"2021-06-30";"https://nos.nl/artikel/2387341-tieners-kunnen-vanaf-vrijdag-afspraak-maken-voor-coronavaccinatie";"De Jonge";"Persoon";"NL - Nationale regering - executive / uitvoerende macht";"";"CDA";"1";"1";"133";"1";"0";"0";"0";"0";"0";"0";"0";"0";"0";"0";"0";"0";"0";"0";"0";"0";"0";"0";"0";"0";"0";"0";"0";"0";"0";"0";"0";"0";"1";"0";"1";"0";"0";"0";"0";"0";"0";"0";"0";"0";"0";"0";"0";"0";"0";"0";"0";"0";"0";"0";"0";"0";"0";"0";"0";"0";"0";"0";"0";"0";"0";"0";"0";"0";"1";"1";"0";"1";"0";"0";"0";"0";"271";"2387341_271"
"main_coder";2387341;"Tieners kunnen vanaf vrijdag afspraak maken voor coronavaccinatie";"2021-06-30";"https://nos.nl/artikel/2387341-tieners-kunnen-vanaf-vrijdag-afspraak-maken-voor-coronavaccinatie";"Het kabinet";"Organisatie";"NL - Nationale regering - executive / uitvoerende macht";"";"NvT";"0";"1";"17";"1";"0";"0";"0";"0";"0";"0";"0";"0";"0";"0";"0";"0";"0";"0";"0";"0";"0";"0";"0";"0";"0";"0";"0";"0";"0";"0";"0";"0";"0";"0";"0";"0";"0";"0";"0";"0";"0";"0";"0";"0";"0";"0";"0";"0";"0";"0";"0";"0";"0";"0";"0";"0";"0";"0";"0";"0";"0";"0";"0";"0";"0";"0";"0";"0";"1";"0";"0";"1";"0";"0";"0";"0";"272";"2387341_272"
"researcher";2394513;"Veelbelovend middel verkleint kans op het krijgen van corona flink";"2021-08-20";"https://nos.nl/artikel/2394513-veelbelovend-middel-verkleint-kans-op-het-krijgen-van-corona-flink";"AstraZeneca";"Organisatie";"Zakelijke organisaties en hun werknemers";"";"";"1";"1";"15";"0";"0";"0";"0";"0";"0";"0";"0";"0";"0";"0";"0";"0";"0";"0";"0";"0";"0";"0";"0";"0";"0";"0";"0";"0";"0";"0";"0";"0";"0";"0";"0";"0";"0";"0";"0";"0";"0";"0";"0";"0";"0";"0";"0";"0";"0";"0";"0";"0";"0";"0";"0";"0";"0";"0";"0";"0";"0";"0";"0";"0";"0";"0";"0";"0";"0";"0";"0";"0";"0";"0";"0";"0";"273";"2394513_273"
"second_coder";2394513;"Veelbelovend middel verkleint kans op het krijgen van corona flink";"2021-08-20";"https://nos.nl/artikel/2394513-veelbelovend-middel-verkleint-kans-op-het-krijgen-van-corona-flink";"AstraZeneca";"Organisatie";"Wetenschappelijke/medische organisaties en onderzoekers";"";"";"1";"0";"17";"0";"0";"0";"0";"0";"0";"0";"0";"0";"0";"0";"0";"0";"0";"0";"0";"0";"0";"0";"0";"0";"0";"0";"0";"0";"0";"0";"0";"0";"0";"0";"0";"0";"0";"0";"0";"0";"0";"0";"0";"0";"0";"0";"0";"0";"0";"0";"0";"0";"0";"0";"0";"0";"0";"0";"0";"0";"0";"0";"0";"0";"0";"0";"0";"0";"0";"0";"0";"0";"0";"0";"0";"0";"273";"2394513_273"
"main_coder";2394513;"Veelbelovend middel verkleint kans op het krijgen van corona flink";"2021-08-20";"https://nos.nl/artikel/2394513-veelbelovend-middel-verkleint-kans-op-het-krijgen-van-corona-flink";"AstraZeneca";"Organisatie";"Zakelijke organisaties en hun werknemers";"";"";"1";"1";"15";"0";"0";"0";"0";"0";"0";"0";"0";"0";"0";"0";"0";"0";"0";"0";"0";"0";"0";"0";"0";"0";"0";"0";"0";"0";"0";"0";"0";"0";"0";"0";"0";"0";"0";"0";"0";"0";"0";"0";"0";"0";"0";"0";"0";"0";"0";"0";"0";"0";"0";"0";"0";"0";"0";"0";"0";"0";"0";"0";"0";"0";"0";"0";"0";"0";"0";"0";"0";"0";"0";"0";"0";"0";"273";"2394513_273"
"researcher";2394513;"Veelbelovend middel verkleint kans op het krijgen van corona flink";"2021-08-20";"https://nos.nl/artikel/2394513-veelbelovend-middel-verkleint-kans-op-het-krijgen-van-corona-flink";"Marjolein van Egmond";"Persoon";"Wetenschappelijke/medische organisaties en onderzoekers";"";"";"1";"1";"100";"0";"0";"0";"0";"0";"0";"0";"0";"0";"0";"0";"0";"0";"0";"0";"0";"0";"0";"0";"0";"0";"0";"0";"0";"0";"0";"0";"0";"0";"0";"0";"0";"0";"0";"0";"0";"0";"0";"0";"0";"0";"0";"0";"0";"0";"0";"0";"0";"0";"0";"0";"0";"0";"0";"0";"0";"0";"0";"0";"0";"0";"0";"0";"0";"0";"0";"0";"0";"0";"0";"0";"0";"0";"274";"2394513_274"
"second_coder";2394513;"Veelbelovend middel verkleint kans op het krijgen van corona flink";"2021-08-20";"https://nos.nl/artikel/2394513-veelbelovend-middel-verkleint-kans-op-het-krijgen-van-corona-flink";"Marjolein van Egmond";"Persoon";"Wetenschappelijke/medische organisaties en onderzoekers";"";"";"1";"1";"100";"0";"0";"0";"0";"0";"0";"0";"0";"0";"0";"0";"0";"0";"0";"0";"0";"0";"0";"0";"0";"0";"0";"0";"0";"0";"0";"0";"0";"0";"0";"0";"0";"0";"0";"0";"0";"0";"0";"0";"0";"0";"0";"0";"0";"0";"0";"0";"0";"0";"0";"0";"0";"0";"0";"0";"0";"0";"0";"0";"0";"0";"0";"0";"0";"0";"0";"0";"0";"0";"0";"0";"0";"0";"274";"2394513_274"
"main_coder";2394513;"Veelbelovend middel verkleint kans op het krijgen van corona flink";"2021-08-20";"https://nos.nl/artikel/2394513-veelbelovend-middel-verkleint-kans-op-het-krijgen-van-corona-flink";"Marjolein van Egmond";"Persoon";"Wetenschappelijke/medische organisaties en onderzoekers";"";"";"1";"1";"62";"1";"0";"0";"0";"0";"0";"0";"0";"0";"0";"0";"0";"0";"0";"0";"0";"0";"0";"0";"0";"0";"0";"0";"0";"0";"0";"0";"0";"0";"0";"0";"0";"0";"0";"0";"0";"0";"0";"0";"0";"0";"0";"0";"0";"0";"0";"0";"0";"0";"0";"0";"0";"0";"0";"0";"0";"0";"0";"0";"0";"0";"0";"0";"0";"0";"1";"0";"0";"1";"0";"0";"0";"0";"274";"2394513_274"
"researcher";2396862;"Huisartsen schreven vaker antidepressiva voor aan jongeren in tweede lockdown";"2021-09-07";"https://nos.nl/artikel/2396862-huisartsen-schreven-vaker-antidepressiva-voor-aan-jongeren-in-tweede-lockdown";"CBS";"Organisatie";"Openbare en semiopenbare instellingen";"";"";"0";"1";"34";"0";"0";"0";"0";"0";"0";"0";"0";"0";"0";"0";"0";"0";"0";"0";"0";"0";"0";"0";"0";"0";"0";"0";"0";"0";"0";"0";"0";"0";"0";"0";"0";"0";"0";"0";"0";"0";"0";"0";"0";"0";"0";"0";"0";"0";"0";"0";"0";"0";"0";"0";"0";"0";"0";"0";"0";"0";"0";"0";"0";"0";"0";"0";"0";"0";"0";"0";"0";"0";"0";"0";"0";"0";"275";"2396862_275"
"second_coder";2396862;"Huisartsen schreven vaker antidepressiva voor aan jongeren in tweede lockdown";"2021-09-07";"https://nos.nl/artikel/2396862-huisartsen-schreven-vaker-antidepressiva-voor-aan-jongeren-in-tweede-lockdown";"CBS";"Organisatie";"Openbare en semiopenbare instellingen";"";"";"0";"1";"19";"0";"0";"0";"0";"0";"0";"0";"0";"0";"0";"0";"0";"0";"0";"0";"0";"0";"0";"0";"0";"0";"0";"0";"0";"0";"0";"0";"0";"0";"0";"0";"0";"0";"0";"0";"0";"0";"0";"0";"0";"0";"0";"0";"0";"0";"0";"0";"0";"0";"0";"0";"0";"0";"0";"0";"0";"0";"0";"0";"0";"0";"0";"0";"0";"0";"0";"0";"0";"0";"0";"0";"0";"0";"275";"2396862_275"
"main_coder";2396862;"Huisartsen schreven vaker antidepressiva voor aan jongeren in tweede lockdown";"2021-09-07";"https://nos.nl/artikel/2396862-huisartsen-schreven-vaker-antidepressiva-voor-aan-jongeren-in-tweede-lockdown";"CBS";"Organisatie";"Openbare en semiopenbare instellingen";"";"";"0";"1";"34";"0";"0";"0";"0";"0";"0";"0";"0";"0";"0";"0";"0";"0";"0";"0";"0";"0";"0";"0";"0";"0";"0";"0";"0";"0";"0";"0";"0";"0";"0";"0";"0";"0";"0";"0";"0";"0";"0";"0";"0";"0";"0";"0";"0";"0";"0";"0";"0";"0";"0";"0";"0";"0";"0";"0";"0";"0";"0";"0";"0";"0";"0";"0";"0";"0";"0";"0";"0";"0";"0";"0";"0";"0";"275";"2396862_275"
"researcher";2396862;"Huisartsen schreven vaker antidepressiva voor aan jongeren in tweede lockdown";"2021-09-07";"https://nos.nl/artikel/2396862-huisartsen-schreven-vaker-antidepressiva-voor-aan-jongeren-in-tweede-lockdown";"het Nivel";"Organisatie";"Wetenschappelijke/medische organisaties en onderzoekers";"";"";"1";"0";"32";"0";"0";"0";"0";"0";"0";"0";"0";"0";"0";"0";"0";"0";"0";"0";"0";"0";"0";"0";"0";"0";"0";"0";"0";"0";"0";"0";"0";"0";"0";"0";"0";"0";"0";"0";"0";"0";"0";"0";"0";"0";"0";"0";"0";"0";"0";"0";"0";"0";"0";"0";"0";"0";"0";"0";"0";"0";"0";"0";"0";"0";"0";"0";"0";"0";"0";"0";"0";"0";"0";"0";"0";"0";"276";"2396862_276"
"main_coder";2396862;"Huisartsen schreven vaker antidepressiva voor aan jongeren in tweede lockdown";"2021-09-07";"https://nos.nl/artikel/2396862-huisartsen-schreven-vaker-antidepressiva-voor-aan-jongeren-in-tweede-lockdown";"het Nivel";"Organisatie";"Wetenschappelijke/medische organisaties en onderzoekers";"";"";"1";"0";"32";"0";"0";"0";"0";"0";"0";"0";"0";"0";"0";"0";"0";"0";"0";"0";"0";"0";"0";"0";"0";"0";"0";"0";"0";"0";"0";"0";"0";"0";"0";"0";"0";"0";"0";"0";"0";"0";"0";"0";"0";"0";"0";"0";"0";"0";"0";"0";"0";"0";"0";"0";"0";"0";"0";"0";"0";"0";"0";"0";"0";"0";"0";"0";"0";"0";"0";"0";"0";"0";"0";"0";"0";"0";"276";"2396862_276"
"researcher";2396862;"Huisartsen schreven vaker antidepressiva voor aan jongeren in tweede lockdown";"2021-09-07";"https://nos.nl/artikel/2396862-huisartsen-schreven-vaker-antidepressiva-voor-aan-jongeren-in-tweede-lockdown";"onderzoekers van het Nivel";"Persoon";"Wetenschappelijke/medische organisaties en onderzoekers";"";"";"1";"0";"31";"0";"0";"0";"0";"0";"0";"0";"0";"0";"0";"0";"0";"0";"0";"0";"0";"0";"0";"0";"0";"0";"0";"0";"0";"0";"0";"0";"0";"0";"0";"0";"0";"0";"0";"0";"0";"0";"0";"0";"0";"0";"0";"0";"0";"0";"0";"0";"0";"0";"0";"0";"0";"0";"0";"0";"0";"0";"0";"0";"0";"0";"0";"0";"0";"0";"0";"0";"0";"0";"0";"0";"0";"0";"277";"2396862_277"
"second_coder";2396862;"Huisartsen schreven vaker antidepressiva voor aan jongeren in tweede lockdown";"2021-09-07";"https://nos.nl/artikel/2396862-huisartsen-schreven-vaker-antidepressiva-voor-aan-jongeren-in-tweede-lockdown";"onderzoekers van het Nivel";"Persoon";"Wetenschappelijke/medische organisaties en onderzoekers";"";"";"1";"0";"63";"0";"0";"0";"0";"0";"0";"0";"0";"0";"0";"0";"0";"0";"0";"0";"0";"0";"0";"0";"0";"0";"0";"0";"0";"0";"0";"0";"0";"0";"0";"0";"0";"0";"0";"0";"0";"0";"0";"0";"0";"0";"0";"0";"0";"0";"0";"0";"0";"0";"0";"0";"0";"0";"0";"0";"0";"0";"0";"0";"0";"0";"0";"0";"0";"0";"0";"0";"0";"0";"0";"0";"0";"0";"277";"2396862_277"
"main_coder";2396862;"Huisartsen schreven vaker antidepressiva voor aan jongeren in tweede lockdown";"2021-09-07";"https://nos.nl/artikel/2396862-huisartsen-schreven-vaker-antidepressiva-voor-aan-jongeren-in-tweede-lockdown";"onderzoekers van het Nivel";"Persoon";"Wetenschappelijke/medische organisaties en onderzoekers";"";"";"1";"0";"31";"0";"0";"0";"0";"0";"0";"0";"0";"0";"0";"0";"0";"0";"0";"0";"0";"0";"0";"0";"0";"0";"0";"0";"0";"0";"0";"0";"0";"0";"0";"0";"0";"0";"0";"0";"0";"0";"0";"0";"0";"0";"0";"0";"0";"0";"0";"0";"0";"0";"0";"0";"0";"0";"0";"0";"0";"0";"0";"0";"0";"0";"0";"0";"0";"0";"0";"0";"0";"0";"0";"0";"0";"0";"277";"2396862_277"
"researcher";2397937;"YouTube mocht filmpjes met toespraak Baudet over corona verwijderen";"2021-09-15";"https://nos.nl/artikel/2397937-youtube-mocht-filmpjes-met-toespraak-baudet-over-corona-verwijderen";"Forum voor Democratie";"Organisatie";"NL - Nationaal parlement en nationale partijen – wetgevende macht";"";"FVD";"1";"1";"10";"0";"0";"0";"0";"0";"0";"0";"0";"0";"0";"0";"0";"0";"0";"0";"0";"0";"0";"0";"0";"0";"0";"0";"0";"0";"0";"0";"0";"0";"0";"0";"0";"0";"0";"0";"0";"0";"0";"0";"0";"0";"0";"0";"0";"0";"0";"0";"0";"0";"0";"0";"0";"0";"0";"0";"0";"0";"0";"0";"0";"0";"0";"0";"0";"0";"0";"0";"0";"0";"0";"0";"0";"0";"278";"2397937_278"
"second_coder";2397937;"YouTube mocht filmpjes met toespraak Baudet over corona verwijderen";"2021-09-15";"https://nos.nl/artikel/2397937-youtube-mocht-filmpjes-met-toespraak-baudet-over-corona-verwijderen";"Forum voor Democratie";"Organisatie";"NL - Nationaal parlement en nationale partijen – wetgevende macht";"";"FVD";"1";"0";"10";"0";"0";"0";"0";"0";"0";"0";"0";"0";"0";"0";"0";"0";"0";"0";"0";"0";"0";"0";"0";"0";"0";"0";"0";"0";"0";"0";"0";"0";"0";"0";"0";"0";"0";"0";"0";"0";"0";"0";"0";"0";"0";"0";"0";"0";"0";"0";"0";"0";"0";"0";"0";"0";"0";"0";"0";"0";"0";"0";"0";"0";"0";"0";"0";"0";"0";"0";"0";"0";"0";"0";"0";"0";"278";"2397937_278"
"researcher";2397937;"YouTube mocht filmpjes met toespraak Baudet over corona verwijderen";"2021-09-15";"https://nos.nl/artikel/2397937-youtube-mocht-filmpjes-met-toespraak-baudet-over-corona-verwijderen";"Thierry Baudet";"Persoon";"NL - Nationaal parlement en nationale partijen – wetgevende macht";"";"FVD";"1";"1";"52";"1";"0";"0";"0";"0";"0";"0";"0";"0";"0";"0";"0";"0";"0";"0";"0";"0";"0";"0";"0";"0";"0";"0";"0";"0";"0";"0";"0";"0";"0";"0";"0";"0";"0";"0";"0";"0";"0";"0";"0";"0";"0";"0";"0";"0";"0";"0";"0";"0";"0";"0";"0";"0";"0";"0";"0";"0";"0";"0";"0";"0";"0";"0";"0";"0";"1";"0";"1";"0";"0";"0";"0";"0";"279";"2397937_279"
"second_coder";2397937;"YouTube mocht filmpjes met toespraak Baudet over corona verwijderen";"2021-09-15";"https://nos.nl/artikel/2397937-youtube-mocht-filmpjes-met-toespraak-baudet-over-corona-verwijderen";"Thierry Baudet";"Persoon";"NL - Nationaal parlement en nationale partijen – wetgevende macht";"";"FVD";"1";"1";"52";"1";"0";"0";"0";"0";"0";"0";"0";"0";"0";"0";"0";"0";"0";"0";"0";"0";"0";"0";"0";"0";"0";"0";"0";"0";"0";"0";"0";"0";"0";"0";"0";"0";"0";"0";"0";"0";"0";"0";"0";"0";"0";"0";"0";"0";"0";"0";"0";"0";"0";"0";"0";"0";"0";"0";"0";"0";"0";"0";"0";"0";"0";"0";"0";"0";"1";"0";"1";"0";"0";"0";"0";"0";"279";"2397937_279"
"main_coder";2397937;"YouTube mocht filmpjes met toespraak Baudet over corona verwijderen";"2021-09-15";"https://nos.nl/artikel/2397937-youtube-mocht-filmpjes-met-toespraak-baudet-over-corona-verwijderen";"Thierry Baudet";"Persoon";"NL - Nationaal parlement en nationale partijen – wetgevende macht";"";"FvD";"1";"0";"44";"0";"0";"0";"0";"0";"0";"0";"0";"0";"0";"0";"0";"0";"0";"0";"0";"0";"0";"0";"0";"0";"0";"0";"0";"0";"0";"0";"0";"0";"0";"0";"0";"0";"0";"0";"0";"0";"0";"0";"0";"0";"0";"0";"0";"0";"0";"0";"0";"0";"0";"0";"0";"0";"0";"0";"0";"0";"0";"0";"0";"0";"0";"0";"0";"0";"0";"0";"0";"0";"0";"0";"0";"0";"279";"2397937_279"
"researcher";2397937;"YouTube mocht filmpjes met toespraak Baudet over corona verwijderen";"2021-09-15";"https://nos.nl/artikel/2397937-youtube-mocht-filmpjes-met-toespraak-baudet-over-corona-verwijderen";"YouTube";"Organisatie";"Zakelijke organisaties en hun werknemers";"";"";"0";"1";"17";"0";"0";"0";"0";"0";"0";"0";"0";"0";"0";"0";"0";"0";"0";"0";"0";"0";"0";"0";"0";"0";"0";"0";"0";"0";"0";"0";"0";"0";"0";"0";"0";"0";"0";"0";"0";"0";"0";"0";"0";"0";"0";"0";"0";"0";"0";"0";"0";"0";"0";"0";"0";"0";"0";"0";"0";"0";"0";"0";"0";"0";"0";"0";"0";"0";"0";"0";"0";"0";"0";"0";"0";"0";"280";"2397937_280"
"main_coder";2397937;"YouTube mocht filmpjes met toespraak Baudet over corona verwijderen";"2021-09-15";"https://nos.nl/artikel/2397937-youtube-mocht-filmpjes-met-toespraak-baudet-over-corona-verwijderen";"YouTube";"Organisatie";"Zakelijke organisaties en hun werknemers";"";"";"0";"1";"17";"0";"0";"0";"0";"0";"0";"0";"0";"0";"0";"0";"0";"0";"0";"0";"0";"0";"0";"0";"0";"0";"0";"0";"0";"0";"0";"0";"0";"0";"0";"0";"0";"0";"0";"0";"0";"0";"0";"0";"0";"0";"0";"0";"0";"0";"0";"0";"0";"0";"0";"0";"0";"0";"0";"0";"0";"0";"0";"0";"0";"0";"0";"0";"0";"0";"0";"0";"0";"0";"0";"0";"0";"0";"280";"2397937_280"
"second_coder";2397937;"YouTube mocht filmpjes met toespraak Baudet over corona verwijderen";"2021-09-15";"https://nos.nl/artikel/2397937-youtube-mocht-filmpjes-met-toespraak-baudet-over-corona-verwijderen";"Youtube";"Organisatie";"Zakelijke organisaties en hun werknemers";"";"";"0";"1";"8";"0";"0";"0";"0";"0";"0";"0";"0";"0";"0";"0";"0";"0";"0";"0";"0";"0";"0";"0";"0";"0";"0";"0";"0";"0";"0";"0";"0";"0";"0";"0";"0";"0";"0";"0";"0";"0";"0";"0";"0";"0";"0";"0";"0";"0";"0";"0";"0";"0";"0";"0";"0";"0";"0";"0";"0";"0";"0";"0";"0";"0";"0";"0";"0";"0";"0";"0";"0";"0";"0";"0";"0";"0";"281";"2397937_281"
"researcher";2397937;"YouTube mocht filmpjes met toespraak Baudet over corona verwijderen";"2021-09-15";"https://nos.nl/artikel/2397937-youtube-mocht-filmpjes-met-toespraak-baudet-over-corona-verwijderen";"de rechtbank van Amsterdam";"Organisatie";"Nationale en internationale rechterlijke macht";"";"";"0";"1";"30";"0";"0";"0";"0";"0";"0";"0";"0";"0";"0";"0";"0";"0";"0";"0";"0";"0";"0";"0";"0";"0";"0";"0";"0";"0";"0";"0";"0";"0";"0";"0";"0";"0";"0";"0";"0";"0";"0";"0";"0";"0";"0";"0";"0";"0";"0";"0";"0";"0";"0";"0";"0";"0";"0";"0";"0";"0";"0";"0";"0";"0";"0";"0";"0";"0";"0";"0";"0";"0";"0";"0";"0";"0";"282";"2397937_282"
"second_coder";2397937;"YouTube mocht filmpjes met toespraak Baudet over corona verwijderen";"2021-09-15";"https://nos.nl/artikel/2397937-youtube-mocht-filmpjes-met-toespraak-baudet-over-corona-verwijderen";"de rechtbank van Amsterdam";"Organisatie";"Nationale en internationale rechterlijke macht";"";"";"0";"1";"47";"0";"0";"0";"0";"0";"0";"0";"0";"0";"0";"0";"0";"0";"0";"0";"0";"0";"0";"0";"0";"0";"0";"0";"0";"0";"0";"0";"0";"0";"0";"0";"0";"0";"0";"0";"0";"0";"0";"0";"0";"0";"0";"0";"0";"0";"0";"0";"0";"0";"0";"0";"0";"0";"0";"0";"0";"0";"0";"0";"0";"0";"0";"0";"0";"0";"0";"0";"0";"0";"0";"0";"0";"0";"282";"2397937_282"
"main_coder";2397937;"YouTube mocht filmpjes met toespraak Baudet over corona verwijderen";"2021-09-15";"https://nos.nl/artikel/2397937-youtube-mocht-filmpjes-met-toespraak-baudet-over-corona-verwijderen";"de rechtbank van Amsterdam";"Organisatie";"Nationale en internationale rechterlijke macht";"";"";"0";"1";"11";"0";"0";"0";"0";"0";"0";"0";"0";"0";"0";"0";"0";"0";"0";"0";"0";"0";"0";"0";"0";"0";"0";"0";"0";"0";"0";"0";"0";"0";"0";"0";"0";"0";"0";"0";"0";"0";"0";"0";"0";"0";"0";"0";"0";"0";"0";"0";"0";"0";"0";"0";"0";"0";"0";"0";"0";"0";"0";"0";"0";"0";"0";"0";"0";"0";"0";"0";"0";"0";"0";"0";"0";"0";"282";"2397937_282"
"researcher";2397937;"YouTube mocht filmpjes met toespraak Baudet over corona verwijderen";"2021-09-15";"https://nos.nl/artikel/2397937-youtube-mocht-filmpjes-met-toespraak-baudet-over-corona-verwijderen";"de rechter";"Persoon";"Nationale en internationale rechterlijke macht";"";"";"0";"1";"5";"0";"0";"0";"0";"0";"0";"0";"0";"0";"0";"0";"0";"0";"0";"0";"0";"0";"0";"0";"0";"0";"0";"0";"0";"0";"0";"0";"0";"0";"0";"0";"0";"0";"0";"0";"0";"0";"0";"0";"0";"0";"0";"0";"0";"0";"0";"0";"0";"0";"0";"0";"0";"0";"0";"0";"0";"0";"0";"0";"0";"0";"0";"0";"0";"0";"0";"0";"0";"0";"0";"0";"0";"0";"283";"2397937_283"
"second_coder";2397937;"YouTube mocht filmpjes met toespraak Baudet over corona verwijderen";"2021-09-15";"https://nos.nl/artikel/2397937-youtube-mocht-filmpjes-met-toespraak-baudet-over-corona-verwijderen";"de rechter";"Persoon";"Nationale en internationale rechterlijke macht";"";"";"0";"1";"11";"0";"0";"0";"0";"0";"0";"0";"0";"0";"0";"0";"0";"0";"0";"0";"0";"0";"0";"0";"0";"0";"0";"0";"0";"0";"0";"0";"0";"0";"0";"0";"0";"0";"0";"0";"0";"0";"0";"0";"0";"0";"0";"0";"0";"0";"0";"0";"0";"0";"0";"0";"0";"0";"0";"0";"0";"0";"0";"0";"0";"0";"0";"0";"0";"0";"0";"0";"0";"0";"0";"0";"0";"0";"283";"2397937_283"
"main_coder";2397937;"YouTube mocht filmpjes met toespraak Baudet over corona verwijderen";"2021-09-15";"https://nos.nl/artikel/2397937-youtube-mocht-filmpjes-met-toespraak-baudet-over-corona-verwijderen";"de rechter";"Persoon";"Nationale en internationale rechterlijke macht";"";"";"0";"1";"5";"0";"0";"0";"0";"0";"0";"0";"0";"0";"0";"0";"0";"0";"0";"0";"0";"0";"0";"0";"0";"0";"0";"0";"0";"0";"0";"0";"0";"0";"0";"0";"0";"0";"0";"0";"0";"0";"0";"0";"0";"0";"0";"0";"0";"0";"0";"0";"0";"0";"0";"0";"0";"0";"0";"0";"0";"0";"0";"0";"0";"0";"0";"0";"0";"0";"0";"0";"0";"0";"0";"0";"0";"0";"283";"2397937_283"
"researcher";2399840;"Rechter: gemeente Utrecht mocht restaurant Waku Waku sluiten";"2021-09-30";"https://nos.nl/artikel/2399840-rechter-gemeente-utrecht-mocht-restaurant-waku-waku-sluiten";"café Kloek";"Organisatie";"Publiek en leden van het publiek, publieke opiniepeilingen en hun respondenten";"";"";"1";"1";"5";"0";"0";"0";"0";"0";"0";"0";"0";"0";"0";"0";"0";"0";"0";"0";"0";"0";"0";"0";"0";"0";"0";"0";"0";"0";"0";"0";"0";"0";"0";"0";"0";"0";"0";"0";"0";"0";"0";"0";"0";"0";"0";"0";"0";"0";"0";"0";"0";"0";"0";"0";"0";"0";"0";"0";"0";"0";"0";"0";"0";"0";"0";"0";"0";"0";"0";"0";"0";"0";"0";"0";"0";"0";"284";"2399840_284"
"second_coder";2399840;"Rechter: gemeente Utrecht mocht restaurant Waku Waku sluiten";"2021-09-30";"https://nos.nl/artikel/2399840-rechter-gemeente-utrecht-mocht-restaurant-waku-waku-sluiten";"café Kloek";"Organisatie";"Publiek en leden van het publiek, publieke opiniepeilingen en hun respondenten";"";"";"1";"1";"5";"0";"0";"0";"0";"0";"0";"0";"0";"0";"0";"0";"0";"0";"0";"0";"0";"0";"0";"0";"0";"0";"0";"0";"0";"0";"0";"0";"0";"0";"0";"0";"0";"0";"0";"0";"0";"0";"0";"0";"0";"0";"0";"0";"0";"0";"0";"0";"0";"0";"0";"0";"0";"0";"0";"0";"0";"0";"0";"0";"0";"0";"0";"0";"0";"0";"0";"0";"0";"0";"0";"0";"0";"0";"284";"2399840_284"
"main_coder";2399840;"Rechter: gemeente Utrecht mocht restaurant Waku Waku sluiten";"2021-09-30";"https://nos.nl/artikel/2399840-rechter-gemeente-utrecht-mocht-restaurant-waku-waku-sluiten";"café Kloek";"Organisatie";"Publiek en leden van het publiek, publieke opiniepeilingen en hun respondenten";"";"";"1";"1";"7";"0";"0";"0";"0";"0";"0";"0";"0";"0";"0";"0";"0";"0";"0";"0";"0";"0";"0";"0";"0";"0";"0";"0";"0";"0";"0";"0";"0";"0";"0";"0";"0";"0";"0";"0";"0";"0";"0";"0";"0";"0";"0";"0";"0";"0";"0";"0";"0";"0";"0";"0";"0";"0";"0";"0";"0";"0";"0";"0";"0";"0";"0";"0";"0";"0";"0";"0";"0";"0";"0";"0";"0";"0";"284";"2399840_284"
"researcher";2399840;"Rechter: gemeente Utrecht mocht restaurant Waku Waku sluiten";"2021-09-30";"https://nos.nl/artikel/2399840-rechter-gemeente-utrecht-mocht-restaurant-waku-waku-sluiten";"de eigenaren";"Persoon";"Publiek en leden van het publiek, publieke opiniepeilingen en hun respondenten";"";"";"0";"1";"4";"1";"0";"0";"0";"0";"0";"0";"0";"0";"0";"0";"0";"0";"0";"0";"0";"0";"0";"0";"0";"0";"0";"0";"0";"0";"0";"0";"0";"0";"0";"0";"0";"0";"0";"0";"0";"0";"0";"0";"0";"0";"0";"0";"0";"0";"0";"0";"0";"0";"0";"0";"0";"0";"0";"0";"0";"0";"0";"0";"0";"0";"0";"0";"0";"0";"1";"0";"1";"0";"0";"0";"0";"0";"285";"2399840_285"
"second_coder";2399840;"Rechter: gemeente Utrecht mocht restaurant Waku Waku sluiten";"2021-09-30";"https://nos.nl/artikel/2399840-rechter-gemeente-utrecht-mocht-restaurant-waku-waku-sluiten";"de eigenaren";"Persoon";"Publiek en leden van het publiek, publieke opiniepeilingen en hun respondenten";"";"";"0";"1";"15";"1";"0";"0";"0";"0";"0";"0";"0";"0";"0";"0";"0";"0";"0";"0";"0";"0";"0";"0";"0";"0";"0";"0";"0";"0";"0";"0";"0";"0";"0";"0";"0";"0";"0";"0";"0";"0";"0";"0";"0";"0";"0";"0";"0";"0";"0";"0";"0";"0";"0";"0";"0";"0";"0";"0";"0";"0";"0";"0";"0";"0";"0";"0";"0";"0";"1";"0";"1";"0";"0";"0";"0";"0";"285";"2399840_285"
"main_coder";2399840;"Rechter: gemeente Utrecht mocht restaurant Waku Waku sluiten";"2021-09-30";"https://nos.nl/artikel/2399840-rechter-gemeente-utrecht-mocht-restaurant-waku-waku-sluiten";"de eigenaren";"Persoon";"Publiek en leden van het publiek, publieke opiniepeilingen en hun respondenten";"";"";"0";"1";"4";"1";"0";"0";"0";"0";"0";"0";"0";"0";"0";"0";"0";"0";"0";"0";"0";"0";"0";"0";"0";"0";"0";"0";"0";"0";"0";"0";"0";"0";"0";"0";"0";"0";"0";"0";"0";"0";"0";"0";"0";"0";"0";"0";"0";"0";"0";"0";"0";"0";"0";"0";"0";"0";"0";"0";"0";"0";"0";"0";"0";"0";"0";"0";"0";"0";"1";"0";"1";"0";"0";"0";"0";"0";"285";"2399840_285"
"researcher";2399840;"Rechter: gemeente Utrecht mocht restaurant Waku Waku sluiten";"2021-09-30";"https://nos.nl/artikel/2399840-rechter-gemeente-utrecht-mocht-restaurant-waku-waku-sluiten";"de rechter";"Persoon";"Nationale en internationale rechterlijke macht";"";"";"0";"1";"67";"1";"0";"0";"0";"0";"0";"0";"0";"0";"0";"0";"0";"0";"0";"0";"0";"0";"0";"0";"0";"0";"0";"0";"0";"0";"0";"0";"0";"0";"0";"0";"0";"0";"0";"0";"0";"0";"0";"0";"0";"0";"0";"0";"0";"0";"0";"0";"0";"0";"0";"0";"0";"0";"0";"0";"0";"0";"0";"0";"0";"0";"0";"0";"0";"0";"1";"1";"0";"0";"0";"0";"0";"0";"286";"2399840_286"
"second_coder";2399840;"Rechter: gemeente Utrecht mocht restaurant Waku Waku sluiten";"2021-09-30";"https://nos.nl/artikel/2399840-rechter-gemeente-utrecht-mocht-restaurant-waku-waku-sluiten";"de rechter";"Persoon";"Nationale en internationale rechterlijke macht";"";"";"0";"1";"67";"1";"0";"0";"0";"0";"0";"0";"0";"0";"0";"0";"0";"0";"0";"0";"0";"0";"0";"0";"0";"0";"0";"0";"0";"0";"0";"0";"0";"0";"0";"0";"0";"0";"0";"0";"0";"0";"0";"0";"0";"0";"0";"0";"0";"0";"0";"0";"0";"0";"0";"0";"0";"0";"0";"0";"0";"0";"0";"0";"0";"0";"0";"0";"0";"0";"1";"1";"0";"0";"0";"0";"0";"0";"286";"2399840_286"
"main_coder";2399840;"Rechter: gemeente Utrecht mocht restaurant Waku Waku sluiten";"2021-09-30";"https://nos.nl/artikel/2399840-rechter-gemeente-utrecht-mocht-restaurant-waku-waku-sluiten";"de rechter";"Persoon";"Nationale en internationale rechterlijke macht";"";"";"0";"1";"90";"1";"0";"0";"0";"0";"0";"0";"0";"0";"0";"0";"0";"0";"0";"0";"0";"0";"0";"0";"0";"0";"0";"0";"0";"0";"0";"0";"0";"0";"0";"0";"0";"0";"0";"0";"0";"0";"0";"0";"0";"0";"0";"0";"0";"0";"0";"0";"0";"0";"0";"0";"0";"0";"0";"0";"0";"0";"0";"0";"0";"0";"0";"0";"0";"0";"1";"1";"0";"1";"0";"0";"0";"0";"286";"2399840_286"
"researcher";2404689;"Enkele tienduizenden betogers bij coronaprotest Den Haag";"2021-11-07";"https://nos.nl/artikel/2404689-enkele-tienduizenden-betogers-bij-coronaprotest-den-haag";"De Haagse politie";"Organisatie";"NL - Nationale staatsorganisaties en hun ambtenaren";"";"";"0";"1";"5";"0";"0";"0";"0";"0";"0";"0";"0";"0";"0";"0";"0";"0";"0";"0";"0";"0";"0";"0";"0";"0";"0";"0";"0";"0";"0";"0";"0";"0";"0";"0";"0";"0";"0";"0";"0";"0";"0";"0";"0";"0";"0";"0";"0";"0";"0";"0";"0";"0";"0";"0";"0";"0";"0";"0";"0";"0";"0";"0";"0";"0";"0";"0";"0";"0";"0";"0";"0";"0";"0";"0";"0";"0";"287";"2404689_287"
"main_coder";2404689;"Enkele tienduizenden betogers bij coronaprotest Den Haag";"2021-11-07";"https://nos.nl/artikel/2404689-enkele-tienduizenden-betogers-bij-coronaprotest-den-haag";"De Haagse politie";"Organisatie";"NL - Nationale staatsorganisaties en hun ambtenaren";"";"";"0";"1";"5";"0";"0";"0";"0";"0";"0";"0";"0";"0";"0";"0";"0";"0";"0";"0";"0";"0";"0";"0";"0";"0";"0";"0";"0";"0";"0";"0";"0";"0";"0";"0";"0";"0";"0";"0";"0";"0";"0";"0";"0";"0";"0";"0";"0";"0";"0";"0";"0";"0";"0";"0";"0";"0";"0";"0";"0";"0";"0";"0";"0";"0";"0";"0";"0";"0";"0";"0";"0";"0";"0";"0";"0";"0";"287";"2404689_287"
"researcher";2404689;"Enkele tienduizenden betogers bij coronaprotest Den Haag";"2021-11-07";"https://nos.nl/artikel/2404689-enkele-tienduizenden-betogers-bij-coronaprotest-den-haag";"Samen Voor Nederland (SVN)";"Organisatie";"Niet-governementele organisaties (NGO), maatschappelijke organisaties, en hun leden";"";"";"0";"1";"4";"0";"0";"0";"0";"0";"0";"0";"0";"0";"0";"0";"0";"0";"0";"0";"0";"0";"0";"0";"0";"0";"0";"0";"0";"0";"0";"0";"0";"0";"0";"0";"0";"0";"0";"0";"0";"0";"0";"0";"0";"0";"0";"0";"0";"0";"0";"0";"0";"0";"0";"0";"0";"0";"0";"0";"0";"0";"0";"0";"0";"0";"0";"0";"0";"0";"0";"0";"0";"0";"0";"0";"0";"0";"288";"2404689_288"
"second_coder";2404689;"Enkele tienduizenden betogers bij coronaprotest Den Haag";"2021-11-07";"https://nos.nl/artikel/2404689-enkele-tienduizenden-betogers-bij-coronaprotest-den-haag";"Samen Voor Nederland (SVN)";"Organisatie";"Niet-governementele organisaties (NGO), maatschappelijke organisaties, en hun leden";"";"";"0";"1";"4";"0";"0";"0";"0";"0";"0";"0";"0";"0";"0";"0";"0";"0";"0";"0";"0";"0";"0";"0";"0";"0";"0";"0";"0";"0";"0";"0";"0";"0";"0";"0";"0";"0";"0";"0";"0";"0";"0";"0";"0";"0";"0";"0";"0";"0";"0";"0";"0";"0";"0";"0";"0";"0";"0";"0";"0";"0";"0";"0";"0";"0";"0";"0";"0";"0";"0";"0";"0";"0";"0";"0";"0";"0";"288";"2404689_288"
"main_coder";2404689;"Enkele tienduizenden betogers bij coronaprotest Den Haag";"2021-11-07";"https://nos.nl/artikel/2404689-enkele-tienduizenden-betogers-bij-coronaprotest-den-haag";"Samen Voor Nederland (SVN)";"Organisatie";"NL - Nationaal parlement en nationale partijen – wetgevende macht";"";"SVN";"0";"1";"11";"0";"0";"0";"0";"0";"0";"0";"0";"0";"0";"0";"0";"0";"0";"0";"0";"0";"0";"0";"0";"0";"0";"0";"0";"0";"0";"0";"0";"0";"0";"0";"0";"0";"0";"0";"0";"0";"0";"0";"0";"0";"0";"0";"0";"0";"0";"0";"0";"0";"0";"0";"0";"0";"0";"0";"0";"0";"0";"0";"0";"0";"0";"0";"0";"0";"0";"0";"0";"0";"0";"0";"0";"0";"288";"2404689_288"
"researcher";2406422;"Tienduizenden Oostenrijkers protesteren tegen lockdown en vaccinatieplicht";"2021-11-20";"https://nos.nl/artikel/2406422-tienduizenden-oostenrijkers-protesteren-tegen-lockdown-en-vaccinatieplicht";"De Oostenrijkse regering";"Organisatie";"Regeringen/regeringsleiders/regeringsleden en/of andere politici in een ander land dan NL, op nationaal of lokaal niveau OF staatsorganisaties en hun ambtenaren";"";"";"0";"1";"13";"1";"0";"0";"0";"0";"0";"0";"0";"0";"0";"0";"0";"0";"0";"0";"0";"0";"0";"0";"0";"0";"0";"0";"0";"0";"0";"0";"0";"0";"0";"0";"0";"0";"0";"0";"0";"0";"0";"0";"0";"0";"0";"0";"0";"0";"0";"0";"0";"0";"0";"0";"0";"0";"0";"0";"0";"0";"0";"0";"0";"0";"1";"0";"0";"1";"0";"0";"0";"0";"0";"0";"0";"0";"289";"2406422_289"
"second_coder";2406422;"Tienduizenden Oostenrijkers protesteren tegen lockdown en vaccinatieplicht";"2021-11-20";"https://nos.nl/artikel/2406422-tienduizenden-oostenrijkers-protesteren-tegen-lockdown-en-vaccinatieplicht";"De Oostenrijkse regering";"Organisatie";"Regeringen/regeringsleiders/regeringsleden en/of andere politici in een ander land dan NL, op nationaal of lokaal niveau OF staatsorganisaties en hun ambtenaren";"";"";"0";"1";"42";"1";"0";"0";"0";"0";"0";"0";"0";"0";"0";"0";"0";"0";"0";"0";"0";"0";"0";"0";"0";"0";"0";"0";"0";"0";"0";"0";"0";"0";"0";"0";"0";"0";"0";"0";"0";"0";"0";"0";"0";"0";"0";"0";"0";"0";"0";"0";"0";"0";"0";"0";"0";"0";"0";"0";"0";"0";"0";"0";"0";"0";"1";"0";"0";"1";"1";"0";"0";"1";"0";"0";"0";"0";"289";"2406422_289"
"main_coder";2406422;"Tienduizenden Oostenrijkers protesteren tegen lockdown en vaccinatieplicht";"2021-11-20";"https://nos.nl/artikel/2406422-tienduizenden-oostenrijkers-protesteren-tegen-lockdown-en-vaccinatieplicht";"De Oostenrijkse regering";"Organisatie";"Regeringen/regeringsleiders/regeringsleden en/of andere politici in een ander land dan NL, op nationaal of lokaal niveau OF staatsorganisaties en hun ambtenaren";"";"";"0";"1";"13";"1";"0";"0";"0";"0";"0";"0";"0";"0";"0";"0";"0";"0";"0";"0";"0";"0";"0";"0";"0";"0";"0";"0";"0";"0";"0";"0";"0";"0";"0";"0";"0";"0";"0";"0";"0";"0";"0";"0";"0";"0";"0";"0";"0";"0";"0";"0";"0";"0";"0";"0";"0";"0";"0";"0";"0";"0";"0";"0";"0";"0";"1";"0";"0";"1";"0";"0";"0";"0";"0";"0";"0";"0";"289";"2406422_289"
"researcher";2406422;"Tienduizenden Oostenrijkers protesteren tegen lockdown en vaccinatieplicht";"2021-11-20";"https://nos.nl/artikel/2406422-tienduizenden-oostenrijkers-protesteren-tegen-lockdown-en-vaccinatieplicht";"Schallenberg";"Persoon";"Regeringen/regeringsleiders/regeringsleden en/of andere politici in een ander land dan NL, op nationaal of lokaal niveau OF staatsorganisaties en hun ambtenaren";"";"";"0";"1";"18";"1";"0";"0";"0";"0";"0";"0";"0";"0";"0";"0";"0";"0";"0";"0";"0";"0";"0";"0";"0";"0";"0";"0";"0";"0";"0";"0";"0";"0";"0";"0";"0";"0";"0";"0";"0";"0";"0";"0";"0";"0";"0";"0";"0";"0";"0";"0";"0";"0";"0";"0";"0";"0";"0";"0";"0";"0";"0";"0";"0";"0";"1";"0";"0";"1";"1";"0";"0";"1";"0";"0";"0";"0";"290";"2406422_290"
"second_coder";2406422;"Tienduizenden Oostenrijkers protesteren tegen lockdown en vaccinatieplicht";"2021-11-20";"https://nos.nl/artikel/2406422-tienduizenden-oostenrijkers-protesteren-tegen-lockdown-en-vaccinatieplicht";"Schallenberg";"Persoon";"Regeringen/regeringsleiders/regeringsleden en/of andere politici in een ander land dan NL, op nationaal of lokaal niveau OF staatsorganisaties en hun ambtenaren";"";"";"0";"1";"18";"1";"0";"0";"0";"0";"0";"0";"0";"0";"0";"0";"0";"0";"0";"0";"0";"0";"0";"0";"0";"0";"0";"0";"0";"0";"0";"0";"0";"0";"0";"0";"0";"0";"0";"0";"0";"0";"0";"0";"0";"0";"0";"0";"0";"0";"0";"0";"0";"0";"0";"0";"0";"0";"0";"0";"0";"0";"0";"0";"0";"0";"0";"0";"0";"0";"1";"0";"0";"1";"0";"0";"0";"0";"290";"2406422_290"
"main_coder";2406422;"Tienduizenden Oostenrijkers protesteren tegen lockdown en vaccinatieplicht";"2021-11-20";"https://nos.nl/artikel/2406422-tienduizenden-oostenrijkers-protesteren-tegen-lockdown-en-vaccinatieplicht";"Schallenberg";"Persoon";"Regeringen/regeringsleiders/regeringsleden en/of andere politici in een ander land dan NL, op nationaal of lokaal niveau OF staatsorganisaties en hun ambtenaren";"";"";"0";"1";"17";"1";"0";"0";"0";"0";"0";"0";"0";"0";"0";"0";"0";"0";"0";"0";"0";"0";"0";"0";"0";"0";"0";"0";"0";"0";"0";"0";"0";"0";"0";"0";"0";"0";"0";"0";"0";"0";"0";"0";"0";"0";"0";"0";"0";"0";"0";"0";"0";"0";"0";"0";"0";"0";"0";"0";"0";"0";"0";"0";"0";"0";"1";"0";"0";"1";"1";"0";"0";"1";"0";"0";"0";"0";"290";"2406422_290"
"researcher";2406422;"Tienduizenden Oostenrijkers protesteren tegen lockdown en vaccinatieplicht";"2021-11-20";"https://nos.nl/artikel/2406422-tienduizenden-oostenrijkers-protesteren-tegen-lockdown-en-vaccinatieplicht";"de politie";"Organisatie";"Regeringen/regeringsleiders/regeringsleden en/of andere politici in een ander land dan NL, op nationaal of lokaal niveau OF staatsorganisaties en hun ambtenaren";"";"";"0";"1";"7";"0";"0";"0";"0";"0";"0";"0";"0";"0";"0";"0";"0";"0";"0";"0";"0";"0";"0";"0";"0";"0";"0";"0";"0";"0";"0";"0";"0";"0";"0";"0";"0";"0";"0";"0";"0";"0";"0";"0";"0";"0";"0";"0";"0";"0";"0";"0";"0";"0";"0";"0";"0";"0";"0";"0";"0";"0";"0";"0";"0";"0";"0";"0";"0";"0";"0";"0";"0";"0";"0";"0";"0";"0";"291";"2406422_291"
"second_coder";2406422;"Tienduizenden Oostenrijkers protesteren tegen lockdown en vaccinatieplicht";"2021-11-20";"https://nos.nl/artikel/2406422-tienduizenden-oostenrijkers-protesteren-tegen-lockdown-en-vaccinatieplicht";"de politie";"Organisatie";"NL - Nationale staatsorganisaties en hun ambtenaren";"";"";"0";"1";"7";"0";"0";"0";"0";"0";"0";"0";"0";"0";"0";"0";"0";"0";"0";"0";"0";"0";"0";"0";"0";"0";"0";"0";"0";"0";"0";"0";"0";"0";"0";"0";"0";"0";"0";"0";"0";"0";"0";"0";"0";"0";"0";"0";"0";"0";"0";"0";"0";"0";"0";"0";"0";"0";"0";"0";"0";"0";"0";"0";"0";"0";"0";"0";"0";"0";"0";"0";"0";"0";"0";"0";"0";"0";"291";"2406422_291"
"main_coder";2406422;"Tienduizenden Oostenrijkers protesteren tegen lockdown en vaccinatieplicht";"2021-11-20";"https://nos.nl/artikel/2406422-tienduizenden-oostenrijkers-protesteren-tegen-lockdown-en-vaccinatieplicht";"de politie";"Organisatie";"Regeringen/regeringsleiders/regeringsleden en/of andere politici in een ander land dan NL, op nationaal of lokaal niveau OF staatsorganisaties en hun ambtenaren";"";"";"0";"1";"7";"0";"0";"0";"0";"0";"0";"0";"0";"0";"0";"0";"0";"0";"0";"0";"0";"0";"0";"0";"0";"0";"0";"0";"0";"0";"0";"0";"0";"0";"0";"0";"0";"0";"0";"0";"0";"0";"0";"0";"0";"0";"0";"0";"0";"0";"0";"0";"0";"0";"0";"0";"0";"0";"0";"0";"0";"0";"0";"0";"0";"0";"0";"0";"0";"0";"0";"0";"0";"0";"0";"0";"0";"0";"291";"2406422_291"
"main_coder";2407133;"Uitputtingsslag in ziekenhuizen: ""Angst voor wat nog komt""";"2021-11-26";"https://nos.nl/artikel/2407133-uitputtingsslag-in-ziekenhuizen-angst-voor-wat-nog-komt";"Aaron John";"Persoon";"Wetenschappelijke/medische organisaties en onderzoekers";"";"";"1";"0";"311";"0";"0";"0";"0";"0";"0";"0";"0";"0";"0";"0";"0";"0";"0";"0";"0";"0";"0";"0";"0";"0";"0";"0";"0";"0";"0";"0";"0";"0";"0";"0";"0";"0";"0";"0";"0";"0";"0";"0";"0";"0";"0";"0";"0";"0";"0";"0";"0";"0";"0";"0";"0";"0";"0";"0";"0";"0";"0";"0";"0";"0";"0";"0";"0";"0";"0";"0";"0";"0";"0";"0";"0";"0";"292";"2407133_292"
"researcher";2407133;"Uitputtingsslag in ziekenhuizen: ""Angst voor wat nog komt""";"2021-11-26";"https://nos.nl/artikel/2407133-uitputtingsslag-in-ziekenhuizen-angst-voor-wat-nog-komt";"Drie medische specialisten";"Persoon";"Wetenschappelijke/medische organisaties en onderzoekers";"";"";"1";"0";"774";"1";"1";"1";"0";"0";"0";"0";"0";"0";"0";"0";"0";"0";"0";"0";"0";"0";"0";"0";"0";"0";"0";"0";"0";"0";"0";"0";"0";"0";"0";"0";"0";"0";"0";"0";"0";"0";"0";"0";"0";"0";"0";"0";"0";"0";"0";"0";"0";"0";"0";"0";"0";"0";"0";"0";"0";"0";"0";"0";"0";"0";"0";"0";"0";"0";"1";"1";"0";"0";"0";"0";"0";"0";"293";"2407133_293"
"main_coder";2407133;"Uitputtingsslag in ziekenhuizen: ""Angst voor wat nog komt""";"2021-11-26";"https://nos.nl/artikel/2407133-uitputtingsslag-in-ziekenhuizen-angst-voor-wat-nog-komt";"Marion Schaap";"Persoon";"Wetenschappelijke/medische organisaties en onderzoekers";"";"";"1";"0";"261";"1";"1";"0";"0";"1";"0";"0";"0";"0";"0";"0";"0";"0";"0";"0";"0";"0";"0";"0";"0";"0";"0";"0";"0";"0";"0";"0";"0";"0";"0";"0";"0";"0";"0";"0";"0";"0";"0";"0";"0";"0";"0";"0";"0";"0";"0";"0";"0";"0";"0";"0";"0";"0";"0";"0";"0";"0";"0";"0";"0";"0";"0";"0";"0";"0";"0";"0";"0";"0";"0";"0";"0";"0";"294";"2407133_294"
"second_coder";2407133;"Uitputtingsslag in ziekenhuizen: ""Angst voor wat nog komt""";"2021-11-26";"https://nos.nl/artikel/2407133-uitputtingsslag-in-ziekenhuizen-angst-voor-wat-nog-komt";"Medische specialist 1";"Persoon";"Wetenschappelijke/medische organisaties en onderzoekers";"";"";"1";"0";"311";"1";"0";"0";"0";"0";"0";"0";"0";"0";"0";"0";"0";"0";"0";"0";"0";"0";"0";"0";"0";"0";"0";"0";"0";"0";"0";"0";"0";"0";"0";"0";"0";"0";"0";"0";"0";"0";"0";"0";"0";"0";"0";"0";"0";"0";"0";"0";"0";"0";"0";"0";"0";"0";"0";"0";"0";"0";"0";"0";"0";"0";"0";"0";"0";"0";"1";"1";"0";"0";"0";"0";"0";"0";"295";"2407133_295"
"second_coder";2407133;"Uitputtingsslag in ziekenhuizen: ""Angst voor wat nog komt""";"2021-11-26";"https://nos.nl/artikel/2407133-uitputtingsslag-in-ziekenhuizen-angst-voor-wat-nog-komt";"Medische specialist 2";"Persoon";"Wetenschappelijke/medische organisaties en onderzoekers";"";"";"1";"0";"261";"1";"1";"1";"0";"0";"0";"0";"0";"0";"0";"0";"0";"0";"0";"0";"0";"0";"0";"0";"0";"0";"0";"0";"0";"0";"0";"0";"0";"0";"0";"0";"0";"0";"0";"0";"0";"0";"0";"0";"0";"0";"0";"0";"0";"0";"0";"0";"0";"0";"0";"0";"0";"0";"0";"0";"0";"0";"0";"0";"0";"0";"0";"0";"0";"0";"0";"0";"0";"0";"0";"0";"0";"0";"296";"2407133_296"
"second_coder";2407133;"Uitputtingsslag in ziekenhuizen: ""Angst voor wat nog komt""";"2021-11-26";"https://nos.nl/artikel/2407133-uitputtingsslag-in-ziekenhuizen-angst-voor-wat-nog-komt";"Medische specialist 3";"Persoon";"Wetenschappelijke/medische organisaties en onderzoekers";"";"";"1";"0";"202";"0";"0";"0";"0";"0";"0";"0";"0";"0";"0";"0";"0";"0";"0";"0";"0";"0";"0";"0";"0";"0";"0";"0";"0";"0";"0";"0";"0";"0";"0";"0";"0";"0";"0";"0";"0";"0";"0";"0";"0";"0";"0";"0";"0";"0";"0";"0";"0";"0";"0";"0";"0";"0";"0";"0";"0";"0";"0";"0";"0";"0";"0";"0";"0";"0";"0";"0";"0";"0";"0";"0";"0";"0";"297";"2407133_297"
"main_coder";2407133;"Uitputtingsslag in ziekenhuizen: ""Angst voor wat nog komt""";"2021-11-26";"https://nos.nl/artikel/2407133-uitputtingsslag-in-ziekenhuizen-angst-voor-wat-nog-komt";"Peter van der Voort";"Persoon";"Wetenschappelijke/medische organisaties en onderzoekers";"";"";"1";"0";"202";"0";"0";"0";"0";"0";"0";"0";"0";"0";"0";"0";"0";"0";"0";"0";"0";"0";"0";"0";"0";"0";"0";"0";"0";"0";"0";"0";"0";"0";"0";"0";"0";"0";"0";"0";"0";"0";"0";"0";"0";"0";"0";"0";"0";"0";"0";"0";"0";"0";"0";"0";"0";"0";"0";"0";"0";"0";"0";"0";"0";"0";"0";"0";"0";"0";"0";"0";"0";"0";"0";"0";"0";"0";"298";"2407133_298"
"second_coder";2407133;"Uitputtingsslag in ziekenhuizen: ""Angst voor wat nog komt""";"2021-11-26";"https://nos.nl/artikel/2407133-uitputtingsslag-in-ziekenhuizen-angst-voor-wat-nog-komt";"experts";"Persoon";"Wetenschappelijke/medische organisaties en onderzoekers";"";"";"0";"1";"8";"0";"0";"0";"0";"0";"0";"0";"0";"0";"0";"0";"0";"0";"0";"0";"0";"0";"0";"0";"0";"0";"0";"0";"0";"0";"0";"0";"0";"0";"0";"0";"0";"0";"0";"0";"0";"0";"0";"0";"0";"0";"0";"0";"0";"0";"0";"0";"0";"0";"0";"0";"0";"0";"0";"0";"0";"0";"0";"0";"0";"0";"0";"0";"0";"0";"0";"0";"0";"0";"0";"0";"0";"0";"299";"2407133_299"
"researcher";2407489;"Doodgeboortes bij niet-gevaccineerde vrouwen na ontsteking door corona";"2021-11-29";"https://nos.nl/artikel/2407489-doodgeboortes-bij-niet-gevaccineerde-vrouwen-na-ontsteking-door-corona";"De Nederlandse Vereniging voor Obstetrie en Gynaecologie";"Organisatie";"Niet-governementele organisaties (NGO), maatschappelijke organisaties, en hun leden";"";"";"0";"1";"8";"1";"0";"0";"0";"0";"0";"0";"0";"0";"0";"0";"0";"0";"0";"0";"0";"0";"0";"0";"0";"0";"0";"0";"0";"0";"0";"0";"0";"0";"0";"0";"0";"0";"0";"0";"0";"0";"0";"0";"0";"0";"0";"0";"0";"0";"0";"0";"0";"0";"0";"0";"0";"0";"0";"0";"0";"0";"0";"0";"0";"0";"0";"0";"0";"0";"1";"1";"0";"0";"0";"0";"0";"0";"300";"2407489_300"
"second_coder";2407489;"Doodgeboortes bij niet-gevaccineerde vrouwen na ontsteking door corona";"2021-11-29";"https://nos.nl/artikel/2407489-doodgeboortes-bij-niet-gevaccineerde-vrouwen-na-ontsteking-door-corona";"De Nederlandse Vereniging voor Obstetrie en Gynaecologie";"Organisatie";"Openbare en semiopenbare instellingen";"";"";"0";"1";"8";"1";"0";"0";"0";"0";"0";"0";"0";"0";"0";"0";"0";"0";"0";"0";"0";"0";"0";"0";"0";"0";"0";"0";"0";"0";"0";"0";"0";"0";"0";"0";"0";"0";"0";"0";"0";"0";"0";"0";"0";"0";"0";"0";"0";"0";"0";"0";"0";"0";"0";"0";"0";"0";"0";"0";"0";"0";"0";"0";"0";"0";"0";"0";"0";"0";"1";"1";"0";"0";"0";"0";"0";"0";"300";"2407489_300"
"main_coder";2407489;"Doodgeboortes bij niet-gevaccineerde vrouwen na ontsteking door corona";"2021-11-29";"https://nos.nl/artikel/2407489-doodgeboortes-bij-niet-gevaccineerde-vrouwen-na-ontsteking-door-corona";"De Nederlandse Vereniging voor Obstetrie en Gynaecologie";"Organisatie";"Niet-governementele organisaties (NGO), maatschappelijke organisaties, en hun leden";"";"";"0";"1";"8";"1";"0";"0";"0";"0";"0";"0";"0";"0";"0";"0";"0";"0";"0";"0";"0";"0";"0";"0";"0";"0";"0";"0";"0";"0";"0";"0";"0";"0";"0";"0";"0";"0";"0";"0";"0";"0";"0";"0";"0";"0";"0";"0";"0";"0";"0";"0";"0";"0";"0";"0";"0";"0";"0";"0";"0";"0";"0";"0";"0";"0";"0";"0";"0";"0";"1";"1";"0";"0";"0";"0";"0";"0";"300";"2407489_300"
"researcher";2407489;"Doodgeboortes bij niet-gevaccineerde vrouwen na ontsteking door corona";"2021-11-29";"https://nos.nl/artikel/2407489-doodgeboortes-bij-niet-gevaccineerde-vrouwen-na-ontsteking-door-corona";"RIVM";"Organisatie";"Openbare en semiopenbare instellingen";"";"";"0";"1";"8";"1";"0";"0";"0";"0";"0";"0";"0";"0";"0";"0";"0";"0";"0";"0";"0";"0";"0";"0";"0";"0";"0";"0";"0";"0";"0";"0";"0";"0";"0";"0";"0";"0";"0";"0";"0";"0";"0";"0";"0";"0";"0";"0";"0";"0";"0";"0";"0";"0";"0";"0";"0";"0";"0";"0";"0";"0";"0";"0";"0";"0";"0";"0";"0";"0";"1";"1";"0";"0";"0";"0";"0";"0";"301";"2407489_301"
"second_coder";2407489;"Doodgeboortes bij niet-gevaccineerde vrouwen na ontsteking door corona";"2021-11-29";"https://nos.nl/artikel/2407489-doodgeboortes-bij-niet-gevaccineerde-vrouwen-na-ontsteking-door-corona";"RIVM";"Organisatie";"Openbare en semiopenbare instellingen";"";"";"0";"1";"8";"1";"0";"0";"0";"0";"0";"0";"0";"0";"0";"0";"0";"0";"0";"0";"0";"0";"0";"0";"0";"0";"0";"0";"0";"0";"0";"0";"0";"0";"0";"0";"0";"0";"0";"0";"0";"0";"0";"0";"0";"0";"0";"0";"0";"0";"0";"0";"0";"0";"0";"0";"0";"0";"0";"0";"0";"0";"0";"0";"0";"0";"0";"0";"0";"0";"1";"1";"0";"0";"0";"0";"0";"0";"301";"2407489_301"
"main_coder";2407489;"Doodgeboortes bij niet-gevaccineerde vrouwen na ontsteking door corona";"2021-11-29";"https://nos.nl/artikel/2407489-doodgeboortes-bij-niet-gevaccineerde-vrouwen-na-ontsteking-door-corona";"RIVM";"Organisatie";"Openbare en semiopenbare instellingen";"";"";"0";"1";"8";"1";"0";"0";"0";"0";"0";"0";"0";"0";"0";"0";"0";"0";"0";"0";"0";"0";"0";"0";"0";"0";"0";"0";"0";"0";"0";"0";"0";"0";"0";"0";"0";"0";"0";"0";"0";"0";"0";"0";"0";"0";"0";"0";"0";"0";"0";"0";"0";"0";"0";"0";"0";"0";"0";"0";"0";"0";"0";"0";"0";"0";"0";"0";"0";"0";"1";"1";"0";"0";"0";"0";"0";"0";"301";"2407489_301"
"researcher";2407489;"Doodgeboortes bij niet-gevaccineerde vrouwen na ontsteking door corona";"2021-11-29";"https://nos.nl/artikel/2407489-doodgeboortes-bij-niet-gevaccineerde-vrouwen-na-ontsteking-door-corona";"Sam Schoenmakers";"Persoon";"Wetenschappelijke/medische organisaties en onderzoekers";"";"";"1";"1";"246";"1";"0";"0";"0";"0";"0";"0";"0";"0";"0";"0";"0";"0";"0";"0";"0";"0";"0";"0";"0";"0";"0";"0";"0";"0";"0";"0";"0";"0";"0";"0";"0";"0";"0";"0";"0";"0";"0";"0";"0";"0";"0";"0";"0";"0";"0";"0";"0";"0";"0";"0";"0";"0";"0";"0";"0";"0";"0";"0";"0";"0";"0";"0";"0";"0";"1";"1";"0";"0";"0";"0";"0";"0";"302";"2407489_302"
"second_coder";2407489;"Doodgeboortes bij niet-gevaccineerde vrouwen na ontsteking door corona";"2021-11-29";"https://nos.nl/artikel/2407489-doodgeboortes-bij-niet-gevaccineerde-vrouwen-na-ontsteking-door-corona";"Sam Schoenmakers";"Persoon";"Wetenschappelijke/medische organisaties en onderzoekers";"";"";"1";"1";"246";"1";"0";"0";"0";"0";"0";"0";"0";"0";"0";"0";"0";"0";"0";"0";"0";"0";"0";"0";"0";"0";"0";"0";"0";"0";"0";"0";"0";"0";"0";"0";"0";"0";"0";"0";"0";"0";"0";"0";"0";"0";"0";"0";"0";"0";"0";"0";"0";"0";"0";"0";"0";"0";"0";"0";"0";"0";"0";"0";"0";"0";"0";"0";"0";"0";"1";"1";"0";"0";"0";"0";"0";"0";"302";"2407489_302"
"main_coder";2407489;"Doodgeboortes bij niet-gevaccineerde vrouwen na ontsteking door corona";"2021-11-29";"https://nos.nl/artikel/2407489-doodgeboortes-bij-niet-gevaccineerde-vrouwen-na-ontsteking-door-corona";"Sam Schoenmakers";"Persoon";"Wetenschappelijke/medische organisaties en onderzoekers";"";"";"1";"1";"236";"1";"0";"0";"0";"0";"0";"0";"0";"0";"0";"0";"0";"0";"0";"0";"0";"0";"0";"0";"0";"0";"0";"0";"0";"0";"0";"0";"0";"0";"0";"0";"0";"0";"0";"0";"0";"0";"0";"0";"0";"0";"0";"0";"0";"0";"0";"0";"0";"0";"0";"0";"0";"0";"0";"0";"0";"0";"0";"0";"0";"0";"0";"0";"0";"0";"1";"1";"0";"1";"0";"0";"0";"0";"302";"2407489_302"
"researcher";2407489;"Doodgeboortes bij niet-gevaccineerde vrouwen na ontsteking door corona";"2021-11-29";"https://nos.nl/artikel/2407489-doodgeboortes-bij-niet-gevaccineerde-vrouwen-na-ontsteking-door-corona";"de Volkskrant";"Organisatie";"Journalisten anders dan de schrijver van het huidige artikel of nieuwsorganisaties anders dan de nieuwsorganisatie van het huidige artikel.";"";"";"1";"0";"24";"0";"0";"0";"0";"0";"0";"0";"0";"0";"0";"0";"0";"0";"0";"0";"0";"0";"0";"0";"0";"0";"0";"0";"0";"0";"0";"0";"0";"0";"0";"0";"0";"0";"0";"0";"0";"0";"0";"0";"0";"0";"0";"0";"0";"0";"0";"0";"0";"0";"0";"0";"0";"0";"0";"0";"0";"0";"0";"0";"0";"0";"0";"0";"0";"0";"0";"0";"0";"0";"0";"0";"0";"0";"303";"2407489_303"
"second_coder";2407489;"Doodgeboortes bij niet-gevaccineerde vrouwen na ontsteking door corona";"2021-11-29";"https://nos.nl/artikel/2407489-doodgeboortes-bij-niet-gevaccineerde-vrouwen-na-ontsteking-door-corona";"de Volkskrant";"Organisatie";"Journalisten anders dan de schrijver van het huidige artikel of nieuwsorganisaties anders dan de nieuwsorganisatie van het huidige artikel.";"";"";"1";"0";"24";"0";"0";"0";"0";"0";"0";"0";"0";"0";"0";"0";"0";"0";"0";"0";"0";"0";"0";"0";"0";"0";"0";"0";"0";"0";"0";"0";"0";"0";"0";"0";"0";"0";"0";"0";"0";"0";"0";"0";"0";"0";"0";"0";"0";"0";"0";"0";"0";"0";"0";"0";"0";"0";"0";"0";"0";"0";"0";"0";"0";"0";"0";"0";"0";"0";"0";"0";"0";"0";"0";"0";"0";"0";"303";"2407489_303"
"main_coder";2407489;"Doodgeboortes bij niet-gevaccineerde vrouwen na ontsteking door corona";"2021-11-29";"https://nos.nl/artikel/2407489-doodgeboortes-bij-niet-gevaccineerde-vrouwen-na-ontsteking-door-corona";"de Volkskrant";"Organisatie";"Journalisten anders dan de schrijver van het huidige artikel of nieuwsorganisaties anders dan de nieuwsorganisatie van het huidige artikel.";"";"";"1";"0";"24";"0";"0";"0";"0";"0";"0";"0";"0";"0";"0";"0";"0";"0";"0";"0";"0";"0";"0";"0";"0";"0";"0";"0";"0";"0";"0";"0";"0";"0";"0";"0";"0";"0";"0";"0";"0";"0";"0";"0";"0";"0";"0";"0";"0";"0";"0";"0";"0";"0";"0";"0";"0";"0";"0";"0";"0";"0";"0";"0";"0";"0";"0";"0";"0";"0";"0";"0";"0";"0";"0";"0";"0";"0";"303";"2407489_303"
"researcher";2408462;"Instroom van coronapatiënten in ziekenhuizen over piek heen";"2021-12-06";"https://nos.nl/artikel/2408462-instroom-van-coronapatienten-in-ziekenhuizen-over-piek-heen";"Alma Tostmann";"Persoon";"Wetenschappelijke/medische organisaties en onderzoekers";"";"";"1";"1";"99";"0";"0";"0";"0";"0";"0";"0";"0";"0";"0";"0";"0";"0";"0";"0";"0";"0";"0";"0";"0";"0";"0";"0";"0";"0";"0";"0";"0";"0";"0";"0";"0";"0";"0";"0";"0";"0";"0";"0";"0";"0";"0";"0";"0";"0";"0";"0";"0";"0";"0";"0";"0";"0";"0";"0";"0";"0";"0";"0";"0";"0";"0";"0";"0";"0";"0";"0";"0";"0";"0";"0";"0";"0";"304";"2408462_304"
"second_coder";2408462;"Instroom van coronapatiënten in ziekenhuizen over piek heen";"2021-12-06";"https://nos.nl/artikel/2408462-instroom-van-coronapatienten-in-ziekenhuizen-over-piek-heen";"Alma Tostmann";"Persoon";"Wetenschappelijke/medische organisaties en onderzoekers";"";"";"1";"1";"99";"0";"0";"0";"0";"0";"0";"0";"0";"0";"0";"0";"0";"0";"0";"0";"0";"0";"0";"0";"0";"0";"0";"0";"0";"0";"0";"0";"0";"0";"0";"0";"0";"0";"0";"0";"0";"0";"0";"0";"0";"0";"0";"0";"0";"0";"0";"0";"0";"0";"0";"0";"0";"0";"0";"0";"0";"0";"0";"0";"0";"0";"0";"0";"0";"0";"0";"0";"0";"0";"0";"0";"0";"0";"304";"2408462_304"
"main_coder";2408462;"Instroom van coronapatiënten in ziekenhuizen over piek heen";"2021-12-06";"https://nos.nl/artikel/2408462-instroom-van-coronapatienten-in-ziekenhuizen-over-piek-heen";"Alma Tostmann";"Persoon";"Wetenschappelijke/medische organisaties en onderzoekers";"";"";"1";"1";"99";"0";"0";"0";"0";"0";"0";"0";"0";"0";"0";"0";"0";"0";"0";"0";"0";"0";"0";"0";"0";"0";"0";"0";"0";"0";"0";"0";"0";"0";"0";"0";"0";"0";"0";"0";"0";"0";"0";"0";"0";"0";"0";"0";"0";"0";"0";"0";"0";"0";"0";"0";"0";"0";"0";"0";"0";"0";"0";"0";"0";"0";"0";"0";"0";"0";"0";"0";"0";"0";"0";"0";"0";"0";"304";"2408462_304"
"researcher";2408462;"Instroom van coronapatiënten in ziekenhuizen over piek heen";"2021-12-06";"https://nos.nl/artikel/2408462-instroom-van-coronapatienten-in-ziekenhuizen-over-piek-heen";"Een woordvoerder van het Regionaal Overleg Acute Zorgketen";"Persoon";"Openbare en semiopenbare instellingen";"";"";"1";"0";"17";"0";"0";"0";"0";"0";"0";"0";"0";"0";"0";"0";"0";"0";"0";"0";"0";"0";"0";"0";"0";"0";"0";"0";"0";"0";"0";"0";"0";"0";"0";"0";"0";"0";"0";"0";"0";"0";"0";"0";"0";"0";"0";"0";"0";"0";"0";"0";"0";"0";"0";"0";"0";"0";"0";"0";"0";"0";"0";"0";"0";"0";"0";"0";"0";"0";"0";"0";"0";"0";"0";"0";"0";"0";"305";"2408462_305"
"second_coder";2408462;"Instroom van coronapatiënten in ziekenhuizen over piek heen";"2021-12-06";"https://nos.nl/artikel/2408462-instroom-van-coronapatienten-in-ziekenhuizen-over-piek-heen";"Een woordvoerder van het Regionaal Overleg Acute Zorgketen";"Persoon";"Openbare en semiopenbare instellingen";"";"";"1";"0";"17";"0";"0";"0";"0";"0";"0";"0";"0";"0";"0";"0";"0";"0";"0";"0";"0";"0";"0";"0";"0";"0";"0";"0";"0";"0";"0";"0";"0";"0";"0";"0";"0";"0";"0";"0";"0";"0";"0";"0";"0";"0";"0";"0";"0";"0";"0";"0";"0";"0";"0";"0";"0";"0";"0";"0";"0";"0";"0";"0";"0";"0";"0";"0";"0";"0";"0";"0";"0";"0";"0";"0";"0";"0";"305";"2408462_305"
"main_coder";2408462;"Instroom van coronapatiënten in ziekenhuizen over piek heen";"2021-12-06";"https://nos.nl/artikel/2408462-instroom-van-coronapatienten-in-ziekenhuizen-over-piek-heen";"Een woordvoerder van het Regionaal Overleg Acute Zorgketen";"Persoon";"Wetenschappelijke/medische organisaties en onderzoekers";"";"";"1";"0";"17";"0";"0";"0";"0";"0";"0";"0";"0";"0";"0";"0";"0";"0";"0";"0";"0";"0";"0";"0";"0";"0";"0";"0";"0";"0";"0";"0";"0";"0";"0";"0";"0";"0";"0";"0";"0";"0";"0";"0";"0";"0";"0";"0";"0";"0";"0";"0";"0";"0";"0";"0";"0";"0";"0";"0";"0";"0";"0";"0";"0";"0";"0";"0";"0";"0";"0";"0";"0";"0";"0";"0";"0";"0";"305";"2408462_305"
"researcher";2408462;"Instroom van coronapatiënten in ziekenhuizen over piek heen";"2021-12-06";"https://nos.nl/artikel/2408462-instroom-van-coronapatienten-in-ziekenhuizen-over-piek-heen";"Ernst Kuipers";"Persoon";"Openbare en semiopenbare instellingen";"";"";"1";"1";"218";"1";"1";"1";"0";"0";"0";"0";"0";"0";"0";"0";"0";"0";"0";"0";"0";"0";"0";"0";"0";"0";"0";"0";"0";"0";"0";"0";"0";"0";"0";"0";"0";"0";"0";"0";"0";"0";"0";"0";"0";"0";"0";"0";"0";"0";"0";"0";"0";"0";"0";"0";"0";"0";"0";"0";"0";"0";"0";"0";"0";"0";"0";"0";"0";"0";"0";"0";"0";"0";"0";"0";"0";"0";"306";"2408462_306"
"second_coder";2408462;"Instroom van coronapatiënten in ziekenhuizen over piek heen";"2021-12-06";"https://nos.nl/artikel/2408462-instroom-van-coronapatienten-in-ziekenhuizen-over-piek-heen";"Ernst Kuipers";"Persoon";"Openbare en semiopenbare instellingen";"";"";"1";"1";"218";"1";"1";"1";"0";"0";"0";"0";"0";"0";"0";"0";"0";"0";"0";"0";"0";"0";"0";"0";"0";"0";"0";"0";"0";"0";"0";"0";"0";"0";"0";"0";"0";"0";"0";"0";"0";"0";"0";"0";"0";"0";"0";"0";"0";"0";"0";"0";"0";"0";"0";"0";"0";"0";"0";"0";"0";"0";"0";"0";"0";"0";"0";"0";"0";"0";"0";"0";"0";"0";"0";"0";"0";"0";"306";"2408462_306"
"main_coder";2408462;"Instroom van coronapatiënten in ziekenhuizen over piek heen";"2021-12-06";"https://nos.nl/artikel/2408462-instroom-van-coronapatienten-in-ziekenhuizen-over-piek-heen";"Ernst Kuipers";"Persoon";"Wetenschappelijke/medische organisaties en onderzoekers";"";"";"1";"1";"212";"1";"1";"0";"0";"1";"0";"0";"0";"0";"0";"0";"0";"0";"0";"0";"0";"0";"0";"0";"0";"0";"0";"0";"0";"0";"0";"0";"0";"0";"0";"0";"0";"0";"0";"0";"0";"0";"0";"0";"0";"0";"0";"0";"0";"0";"0";"0";"0";"0";"0";"0";"0";"0";"0";"0";"0";"0";"0";"0";"0";"0";"0";"0";"0";"0";"0";"0";"0";"0";"0";"0";"0";"0";"306";"2408462_306"
"researcher";2408462;"Instroom van coronapatiënten in ziekenhuizen over piek heen";"2021-12-06";"https://nos.nl/artikel/2408462-instroom-van-coronapatienten-in-ziekenhuizen-over-piek-heen";"RIVM";"Organisatie";"Openbare en semiopenbare instellingen";"";"";"0";"1";"29";"0";"0";"0";"0";"0";"0";"0";"0";"0";"0";"0";"0";"0";"0";"0";"0";"0";"0";"0";"0";"0";"0";"0";"0";"0";"0";"0";"0";"0";"0";"0";"0";"0";"0";"0";"0";"0";"0";"0";"0";"0";"0";"0";"0";"0";"0";"0";"0";"0";"0";"0";"0";"0";"0";"0";"0";"0";"0";"0";"0";"0";"0";"0";"0";"0";"0";"0";"0";"0";"0";"0";"0";"0";"307";"2408462_307"
"second_coder";2408462;"Instroom van coronapatiënten in ziekenhuizen over piek heen";"2021-12-06";"https://nos.nl/artikel/2408462-instroom-van-coronapatienten-in-ziekenhuizen-over-piek-heen";"RIVM";"Organisatie";"Openbare en semiopenbare instellingen";"";"";"0";"1";"29";"0";"0";"0";"0";"0";"0";"0";"0";"0";"0";"0";"0";"0";"0";"0";"0";"0";"0";"0";"0";"0";"0";"0";"0";"0";"0";"0";"0";"0";"0";"0";"0";"0";"0";"0";"0";"0";"0";"0";"0";"0";"0";"0";"0";"0";"0";"0";"0";"0";"0";"0";"0";"0";"0";"0";"0";"0";"0";"0";"0";"0";"0";"0";"0";"0";"0";"0";"0";"0";"0";"0";"0";"0";"307";"2408462_307"
"main_coder";2408462;"Instroom van coronapatiënten in ziekenhuizen over piek heen";"2021-12-06";"https://nos.nl/artikel/2408462-instroom-van-coronapatienten-in-ziekenhuizen-over-piek-heen";"RIVM";"Organisatie";"Openbare en semiopenbare instellingen";"";"";"0";"1";"29";"0";"0";"0";"0";"0";"0";"0";"0";"0";"0";"0";"0";"0";"0";"0";"0";"0";"0";"0";"0";"0";"0";"0";"0";"0";"0";"0";"0";"0";"0";"0";"0";"0";"0";"0";"0";"0";"0";"0";"0";"0";"0";"0";"0";"0";"0";"0";"0";"0";"0";"0";"0";"0";"0";"0";"0";"0";"0";"0";"0";"0";"0";"0";"0";"0";"0";"0";"0";"0";"0";"0";"0";"0";"307";"2408462_307"
"researcher";2408462;"Instroom van coronapatiënten in ziekenhuizen over piek heen";"2021-12-06";"https://nos.nl/artikel/2408462-instroom-van-coronapatienten-in-ziekenhuizen-over-piek-heen";"meerdere ziekenhuizen";"Organisatie";"Wetenschappelijke/medische organisaties en onderzoekers";"";"";"0";"1";"7";"0";"0";"0";"0";"0";"0";"0";"0";"0";"0";"0";"0";"0";"0";"0";"0";"0";"0";"0";"0";"0";"0";"0";"0";"0";"0";"0";"0";"0";"0";"0";"0";"0";"0";"0";"0";"0";"0";"0";"0";"0";"0";"0";"0";"0";"0";"0";"0";"0";"0";"0";"0";"0";"0";"0";"0";"0";"0";"0";"0";"0";"0";"0";"0";"0";"0";"0";"0";"0";"0";"0";"0";"0";"308";"2408462_308"
"second_coder";2408462;"Instroom van coronapatiënten in ziekenhuizen over piek heen";"2021-12-06";"https://nos.nl/artikel/2408462-instroom-van-coronapatienten-in-ziekenhuizen-over-piek-heen";"meerdere ziekenhuizen";"Organisatie";"Wetenschappelijke/medische organisaties en onderzoekers";"";"";"0";"1";"7";"0";"0";"0";"0";"0";"0";"0";"0";"0";"0";"0";"0";"0";"0";"0";"0";"0";"0";"0";"0";"0";"0";"0";"0";"0";"0";"0";"0";"0";"0";"0";"0";"0";"0";"0";"0";"0";"0";"0";"0";"0";"0";"0";"0";"0";"0";"0";"0";"0";"0";"0";"0";"0";"0";"0";"0";"0";"0";"0";"0";"0";"0";"0";"0";"0";"0";"0";"0";"0";"0";"0";"0";"0";"308";"2408462_308"
"main_coder";2408462;"Instroom van coronapatiënten in ziekenhuizen over piek heen";"2021-12-06";"https://nos.nl/artikel/2408462-instroom-van-coronapatienten-in-ziekenhuizen-over-piek-heen";"meerdere ziekenhuizen";"Organisatie";"Wetenschappelijke/medische organisaties en onderzoekers";"";"";"0";"1";"7";"0";"0";"0";"0";"0";"0";"0";"0";"0";"0";"0";"0";"0";"0";"0";"0";"0";"0";"0";"0";"0";"0";"0";"0";"0";"0";"0";"0";"0";"0";"0";"0";"0";"0";"0";"0";"0";"0";"0";"0";"0";"0";"0";"0";"0";"0";"0";"0";"0";"0";"0";"0";"0";"0";"0";"0";"0";"0";"0";"0";"0";"0";"0";"0";"0";"0";"0";"0";"0";"0";"0";"0";"0";"308";"2408462_308"
"researcher";2409659;"De Jonge waarschuwt in Kamer: volgende week mogelijk al nieuwe maatregelen";"2021-12-15";"https://nos.nl/artikel/2409659-de-jonge-waarschuwt-in-kamer-volgende-week-mogelijk-al-nieuwe-maatregelen";"De Jonge";"Persoon";"NL - Nationale regering - executive / uitvoerende macht";"";"CDA";"1";"1";"53";"1";"0";"0";"0";"0";"0";"0";"0";"0";"0";"0";"0";"0";"0";"0";"0";"0";"0";"0";"0";"0";"0";"0";"0";"0";"0";"0";"0";"0";"0";"0";"0";"0";"0";"0";"0";"0";"0";"0";"0";"0";"0";"0";"0";"0";"0";"0";"0";"0";"0";"0";"0";"0";"0";"0";"0";"0";"0";"0";"0";"0";"0";"0";"0";"0";"1";"1";"0";"0";"0";"0";"0";"0";"309";"2409659_309"
"second_coder";2409659;"De Jonge waarschuwt in Kamer: volgende week mogelijk al nieuwe maatregelen";"2021-12-15";"https://nos.nl/artikel/2409659-de-jonge-waarschuwt-in-kamer-volgende-week-mogelijk-al-nieuwe-maatregelen";"De Jonge";"Persoon";"NL - Nationale regering - executive / uitvoerende macht";"";"CDA";"1";"1";"80";"1";"0";"0";"0";"0";"0";"0";"0";"0";"0";"0";"0";"0";"0";"0";"0";"0";"0";"0";"0";"0";"0";"0";"0";"0";"0";"0";"0";"0";"1";"0";"1";"0";"0";"0";"0";"0";"0";"0";"0";"0";"0";"0";"0";"0";"0";"0";"0";"0";"0";"0";"0";"0";"0";"0";"0";"0";"0";"0";"0";"0";"0";"0";"0";"0";"0";"0";"0";"0";"0";"0";"0";"0";"309";"2409659_309"
"main_coder";2409659;"De Jonge waarschuwt in Kamer: volgende week mogelijk al nieuwe maatregelen";"2021-12-15";"https://nos.nl/artikel/2409659-de-jonge-waarschuwt-in-kamer-volgende-week-mogelijk-al-nieuwe-maatregelen";"De Jonge";"Persoon";"NL - Nationale regering - executive / uitvoerende macht";"";"CDA";"1";"1";"53";"1";"0";"0";"0";"0";"0";"0";"0";"0";"0";"0";"0";"0";"0";"0";"0";"0";"0";"0";"0";"0";"0";"0";"0";"0";"0";"0";"0";"0";"0";"0";"0";"0";"0";"0";"0";"0";"0";"0";"0";"0";"0";"0";"0";"0";"0";"0";"0";"0";"0";"0";"0";"0";"0";"0";"0";"0";"0";"0";"0";"0";"0";"0";"0";"0";"1";"1";"0";"0";"0";"0";"0";"0";"309";"2409659_309"
"researcher";2409659;"De Jonge waarschuwt in Kamer: volgende week mogelijk al nieuwe maatregelen";"2021-12-15";"https://nos.nl/artikel/2409659-de-jonge-waarschuwt-in-kamer-volgende-week-mogelijk-al-nieuwe-maatregelen";"Kabinet";"Organisatie";"NL - Nationale regering - executive / uitvoerende macht";"";"NvT";"1";"0";"5";"1";"0";"0";"0";"0";"0";"0";"0";"0";"0";"0";"0";"0";"0";"0";"0";"0";"0";"0";"0";"0";"0";"0";"0";"0";"0";"0";"0";"0";"0";"0";"0";"0";"0";"0";"0";"0";"0";"0";"0";"0";"0";"0";"0";"0";"0";"0";"0";"0";"0";"0";"0";"0";"0";"0";"0";"0";"0";"0";"0";"0";"0";"0";"0";"0";"1";"1";"0";"0";"0";"0";"0";"0";"310";"2409659_310"
"second_coder";2409659;"De Jonge waarschuwt in Kamer: volgende week mogelijk al nieuwe maatregelen";"2021-12-15";"https://nos.nl/artikel/2409659-de-jonge-waarschuwt-in-kamer-volgende-week-mogelijk-al-nieuwe-maatregelen";"Kabinet";"Organisatie";"NL - Nationale regering - executive / uitvoerende macht";"";"NvT";"1";"0";"5";"1";"0";"0";"0";"0";"0";"0";"0";"0";"0";"0";"0";"0";"0";"0";"0";"0";"0";"0";"0";"0";"0";"0";"0";"0";"0";"0";"0";"0";"0";"0";"0";"0";"0";"0";"0";"0";"0";"0";"0";"0";"0";"0";"0";"0";"0";"0";"0";"0";"0";"0";"0";"0";"0";"0";"0";"0";"0";"0";"0";"0";"0";"0";"0";"0";"1";"1";"0";"0";"0";"0";"0";"0";"310";"2409659_310"
"main_coder";2409659;"De Jonge waarschuwt in Kamer: volgende week mogelijk al nieuwe maatregelen";"2021-12-15";"https://nos.nl/artikel/2409659-de-jonge-waarschuwt-in-kamer-volgende-week-mogelijk-al-nieuwe-maatregelen";"Kabinet";"Organisatie";"NL - Nationale regering - executive / uitvoerende macht";"";"NvT";"1";"1";"7";"1";"0";"0";"0";"0";"0";"0";"0";"0";"0";"0";"0";"0";"0";"0";"0";"0";"0";"0";"0";"0";"0";"0";"0";"0";"0";"0";"0";"0";"0";"0";"0";"0";"0";"0";"0";"0";"0";"0";"0";"0";"0";"0";"0";"0";"0";"0";"0";"0";"0";"0";"0";"0";"0";"0";"0";"0";"0";"0";"0";"0";"0";"0";"0";"0";"1";"1";"0";"0";"0";"0";"0";"0";"310";"2409659_310"
"main_coder";2409659;"De Jonge waarschuwt in Kamer: volgende week mogelijk al nieuwe maatregelen";"2021-12-15";"https://nos.nl/artikel/2409659-de-jonge-waarschuwt-in-kamer-volgende-week-mogelijk-al-nieuwe-maatregelen";"RIVM";"Organisatie";"Openbare en semiopenbare instellingen";"";"";"1";"1";"7";"1";"0";"0";"0";"0";"0";"0";"0";"0";"0";"0";"0";"0";"0";"0";"0";"0";"0";"0";"0";"0";"0";"0";"0";"0";"0";"0";"0";"0";"0";"0";"0";"0";"0";"0";"0";"0";"0";"0";"0";"0";"0";"0";"0";"0";"0";"0";"0";"0";"0";"0";"0";"0";"0";"0";"0";"0";"0";"0";"0";"0";"0";"0";"0";"0";"1";"1";"0";"0";"0";"0";"0";"0";"311";"2409659_311"
"second_coder";2409659;"De Jonge waarschuwt in Kamer: volgende week mogelijk al nieuwe maatregelen";"2021-12-15";"https://nos.nl/artikel/2409659-de-jonge-waarschuwt-in-kamer-volgende-week-mogelijk-al-nieuwe-maatregelen";"Rutte";"Persoon";"NL - Nationale regering - executive / uitvoerende macht";"";"VVD";"0";"1";"9";"0";"0";"0";"0";"0";"0";"0";"0";"0";"0";"0";"0";"0";"0";"0";"0";"0";"0";"0";"0";"0";"0";"0";"0";"0";"0";"0";"0";"0";"0";"0";"0";"0";"0";"0";"0";"0";"0";"0";"0";"0";"0";"0";"0";"0";"0";"0";"0";"0";"0";"0";"0";"0";"0";"0";"0";"0";"0";"0";"0";"0";"0";"0";"0";"0";"0";"0";"0";"0";"0";"0";"0";"0";"312";"2409659_312"
"researcher";2409659;"De Jonge waarschuwt in Kamer: volgende week mogelijk al nieuwe maatregelen";"2021-12-15";"https://nos.nl/artikel/2409659-de-jonge-waarschuwt-in-kamer-volgende-week-mogelijk-al-nieuwe-maatregelen";"Rutte en De Jonge";"Persoon";"NL - Nationale regering - executive / uitvoerende macht";"";"VVD, CDA";"0";"1";"9";"0";"0";"0";"0";"0";"0";"0";"0";"0";"0";"0";"0";"0";"0";"0";"0";"0";"0";"0";"0";"0";"0";"0";"0";"0";"0";"0";"0";"0";"0";"0";"0";"0";"0";"0";"0";"0";"0";"0";"0";"0";"0";"0";"0";"0";"0";"0";"0";"0";"0";"0";"0";"0";"0";"0";"0";"0";"0";"0";"0";"0";"0";"0";"0";"0";"0";"0";"0";"0";"0";"0";"0";"0";"313";"2409659_313"
"main_coder";2409659;"De Jonge waarschuwt in Kamer: volgende week mogelijk al nieuwe maatregelen";"2021-12-15";"https://nos.nl/artikel/2409659-de-jonge-waarschuwt-in-kamer-volgende-week-mogelijk-al-nieuwe-maatregelen";"Rutte en De Jonge";"Persoon";"NL - Nationale regering - executive / uitvoerende macht";"";"VVD, CDA";"0";"1";"9";"0";"0";"0";"0";"0";"0";"0";"0";"0";"0";"0";"0";"0";"0";"0";"0";"0";"0";"0";"0";"0";"0";"0";"0";"0";"0";"0";"0";"0";"0";"0";"0";"0";"0";"0";"0";"0";"0";"0";"0";"0";"0";"0";"0";"0";"0";"0";"0";"0";"0";"0";"0";"0";"0";"0";"0";"0";"0";"0";"0";"0";"0";"0";"0";"0";"0";"0";"0";"0";"0";"0";"0";"0";"313";"2409659_313"
"researcher";2409659;"De Jonge waarschuwt in Kamer: volgende week mogelijk al nieuwe maatregelen";"2021-12-15";"https://nos.nl/artikel/2409659-de-jonge-waarschuwt-in-kamer-volgende-week-mogelijk-al-nieuwe-maatregelen";"Slob";"Persoon";"NL - Nationale regering - executive / uitvoerende macht";"";"ChristenUnie";"1";"1";"27";"1";"0";"0";"0";"0";"0";"0";"0";"0";"0";"0";"0";"0";"0";"0";"0";"0";"0";"0";"0";"0";"0";"0";"0";"0";"0";"0";"0";"0";"1";"1";"1";"0";"0";"0";"0";"0";"0";"0";"0";"0";"0";"0";"0";"0";"0";"0";"0";"0";"0";"0";"0";"0";"0";"0";"0";"0";"0";"0";"0";"0";"0";"0";"0";"0";"0";"0";"0";"0";"0";"0";"0";"0";"314";"2409659_314"
"second_coder";2409659;"De Jonge waarschuwt in Kamer: volgende week mogelijk al nieuwe maatregelen";"2021-12-15";"https://nos.nl/artikel/2409659-de-jonge-waarschuwt-in-kamer-volgende-week-mogelijk-al-nieuwe-maatregelen";"Slob";"Persoon";"NL - Nationale regering - executive / uitvoerende macht";"";"ChristenUnie";"1";"1";"27";"1";"0";"0";"0";"0";"0";"0";"0";"0";"0";"0";"0";"0";"0";"0";"0";"0";"0";"0";"0";"0";"0";"0";"0";"0";"0";"0";"0";"0";"1";"1";"1";"0";"0";"0";"0";"0";"0";"0";"0";"0";"0";"0";"0";"0";"0";"0";"0";"0";"0";"0";"0";"0";"0";"0";"0";"0";"0";"0";"0";"0";"0";"0";"0";"0";"0";"0";"0";"0";"0";"0";"0";"0";"314";"2409659_314"
"main_coder";2409659;"De Jonge waarschuwt in Kamer: volgende week mogelijk al nieuwe maatregelen";"2021-12-15";"https://nos.nl/artikel/2409659-de-jonge-waarschuwt-in-kamer-volgende-week-mogelijk-al-nieuwe-maatregelen";"Slob";"Persoon";"NL - Nationale regering - executive / uitvoerende macht";"";"ChristenUnie";"1";"1";"12";"1";"0";"0";"0";"0";"0";"0";"0";"0";"0";"0";"0";"0";"0";"0";"0";"0";"0";"0";"0";"0";"0";"0";"0";"0";"0";"0";"0";"0";"1";"1";"1";"0";"0";"0";"0";"0";"0";"0";"0";"0";"0";"0";"0";"0";"0";"0";"0";"0";"0";"0";"0";"0";"0";"0";"0";"0";"0";"0";"0";"0";"0";"0";"0";"0";"0";"0";"0";"0";"0";"0";"0";"0";"314";"2409659_314"
"researcher";2409659;"De Jonge waarschuwt in Kamer: volgende week mogelijk al nieuwe maatregelen";"2021-12-15";"https://nos.nl/artikel/2409659-de-jonge-waarschuwt-in-kamer-volgende-week-mogelijk-al-nieuwe-maatregelen";"Westerveld";"Persoon";"NL - Nationaal parlement en nationale partijen – wetgevende macht";"";"GroenLinks";"1";"0";"22";"0";"0";"0";"0";"0";"0";"0";"0";"0";"0";"0";"0";"0";"0";"0";"0";"0";"0";"0";"0";"0";"0";"0";"0";"0";"0";"0";"0";"0";"0";"0";"0";"0";"0";"0";"0";"0";"0";"0";"0";"0";"0";"0";"0";"0";"0";"0";"0";"0";"0";"0";"0";"0";"0";"0";"0";"0";"0";"0";"0";"0";"0";"0";"0";"0";"0";"0";"0";"0";"0";"0";"0";"0";"315";"2409659_315"
"second_coder";2409659;"De Jonge waarschuwt in Kamer: volgende week mogelijk al nieuwe maatregelen";"2021-12-15";"https://nos.nl/artikel/2409659-de-jonge-waarschuwt-in-kamer-volgende-week-mogelijk-al-nieuwe-maatregelen";"Westerveld";"Persoon";"NL - Nationaal parlement en nationale partijen – wetgevende macht";"";"GroenLinks";"1";"0";"22";"0";"0";"0";"0";"0";"0";"0";"0";"0";"0";"0";"0";"0";"0";"0";"0";"0";"0";"0";"0";"0";"0";"0";"0";"0";"0";"0";"0";"0";"0";"0";"0";"0";"0";"0";"0";"0";"0";"0";"0";"0";"0";"0";"0";"0";"0";"0";"0";"0";"0";"0";"0";"0";"0";"0";"0";"0";"0";"0";"0";"0";"0";"0";"0";"0";"0";"0";"0";"0";"0";"0";"0";"0";"315";"2409659_315"
"main_coder";2409659;"De Jonge waarschuwt in Kamer: volgende week mogelijk al nieuwe maatregelen";"2021-12-15";"https://nos.nl/artikel/2409659-de-jonge-waarschuwt-in-kamer-volgende-week-mogelijk-al-nieuwe-maatregelen";"Westerveld";"Persoon";"NL - Nationaal parlement en nationale partijen – wetgevende macht";"";"GroenLinks";"1";"0";"22";"0";"0";"0";"0";"0";"0";"0";"0";"0";"0";"0";"0";"0";"0";"0";"0";"0";"0";"0";"0";"0";"0";"0";"0";"0";"0";"0";"0";"0";"0";"0";"0";"0";"0";"0";"0";"0";"0";"0";"0";"0";"0";"0";"0";"0";"0";"0";"0";"0";"0";"0";"0";"0";"0";"0";"0";"0";"0";"0";"0";"0";"0";"0";"0";"0";"0";"0";"0";"0";"0";"0";"0";"0";"315";"2409659_315"
"main_coder";2409659;"De Jonge waarschuwt in Kamer: volgende week mogelijk al nieuwe maatregelen";"2021-12-15";"https://nos.nl/artikel/2409659-de-jonge-waarschuwt-in-kamer-volgende-week-mogelijk-al-nieuwe-maatregelen";"oppositiepartijen";"Organisatie";"NL - Nationaal parlement en nationale partijen – wetgevende macht";"";"NvT";"0";"1";"14";"1";"0";"0";"0";"0";"0";"0";"0";"0";"0";"0";"0";"0";"0";"0";"0";"0";"0";"0";"0";"0";"0";"0";"0";"0";"0";"0";"0";"0";"1";"0";"1";"0";"0";"0";"0";"0";"0";"0";"0";"0";"0";"0";"0";"0";"0";"0";"0";"0";"0";"0";"0";"0";"0";"0";"0";"0";"0";"0";"0";"0";"0";"0";"0";"0";"0";"0";"0";"0";"0";"0";"0";"0";"316";"2409659_316"
"researcher";2413380;"Oxfam: vermogen tien rijkste mannen verdubbeld, armoede toegenomen tijdens pandemie";"2022-01-17";"https://nos.nl/artikel/2413380-oxfam-vermogen-tien-rijkste-mannen-verdubbeld-armoede-toegenomen-tijdens-pandemie";"Michiel Servaes";"Persoon";"Niet-governementele organisaties (NGO), maatschappelijke organisaties, en hun leden";"";"";"1";"0";"103";"1";"0";"0";"0";"0";"0";"0";"0";"0";"0";"0";"0";"0";"0";"0";"0";"0";"0";"0";"0";"0";"0";"0";"0";"0";"0";"0";"0";"0";"0";"0";"0";"0";"0";"0";"0";"0";"0";"0";"0";"0";"0";"0";"0";"0";"0";"0";"0";"0";"0";"0";"0";"0";"0";"0";"0";"0";"0";"0";"0";"0";"0";"0";"0";"0";"1";"0";"0";"1";"0";"0";"0";"0";"317";"2413380_317"
"second_coder";2413380;"Oxfam: vermogen tien rijkste mannen verdubbeld, armoede toegenomen tijdens pandemie";"2022-01-17";"https://nos.nl/artikel/2413380-oxfam-vermogen-tien-rijkste-mannen-verdubbeld-armoede-toegenomen-tijdens-pandemie";"Michiel Servaes";"Persoon";"Niet-governementele organisaties (NGO), maatschappelijke organisaties, en hun leden";"";"";"1";"0";"103";"1";"0";"0";"0";"0";"0";"0";"0";"0";"0";"0";"0";"0";"0";"0";"0";"0";"0";"0";"0";"0";"0";"0";"0";"0";"0";"0";"0";"0";"0";"0";"0";"0";"0";"0";"0";"0";"0";"0";"0";"0";"0";"0";"0";"0";"0";"0";"0";"0";"0";"0";"0";"0";"0";"0";"0";"0";"0";"0";"0";"0";"0";"0";"0";"0";"1";"0";"0";"1";"0";"0";"0";"0";"317";"2413380_317"
"main_coder";2413380;"Oxfam: vermogen tien rijkste mannen verdubbeld, armoede toegenomen tijdens pandemie";"2022-01-17";"https://nos.nl/artikel/2413380-oxfam-vermogen-tien-rijkste-mannen-verdubbeld-armoede-toegenomen-tijdens-pandemie";"Michiel Servaes";"Persoon";"Niet-governementele organisaties (NGO), maatschappelijke organisaties, en hun leden";"";"";"1";"0";"103";"1";"0";"0";"0";"0";"0";"0";"0";"0";"0";"0";"0";"0";"0";"0";"0";"0";"0";"0";"0";"0";"0";"0";"0";"0";"0";"0";"0";"0";"0";"0";"0";"0";"0";"0";"0";"0";"0";"0";"0";"0";"0";"0";"0";"0";"0";"0";"0";"0";"0";"0";"0";"0";"0";"0";"0";"0";"0";"0";"0";"0";"0";"0";"0";"0";"1";"0";"1";"0";"0";"0";"0";"0";"317";"2413380_317"
"researcher";2413380;"Oxfam: vermogen tien rijkste mannen verdubbeld, armoede toegenomen tijdens pandemie";"2022-01-17";"https://nos.nl/artikel/2413380-oxfam-vermogen-tien-rijkste-mannen-verdubbeld-armoede-toegenomen-tijdens-pandemie";"Oxfam Novib";"Organisatie";"Niet-governementele organisaties (NGO), maatschappelijke organisaties, en hun leden";"";"";"1";"1";"104";"1";"0";"0";"0";"0";"0";"0";"0";"0";"0";"0";"0";"0";"0";"0";"0";"0";"0";"0";"0";"0";"0";"0";"0";"0";"0";"0";"0";"0";"0";"0";"0";"0";"0";"0";"0";"0";"0";"0";"0";"0";"0";"0";"0";"0";"0";"0";"0";"0";"0";"0";"0";"0";"0";"0";"0";"0";"0";"0";"0";"0";"0";"0";"0";"0";"1";"0";"0";"1";"0";"0";"0";"0";"318";"2413380_318"
"second_coder";2413380;"Oxfam: vermogen tien rijkste mannen verdubbeld, armoede toegenomen tijdens pandemie";"2022-01-17";"https://nos.nl/artikel/2413380-oxfam-vermogen-tien-rijkste-mannen-verdubbeld-armoede-toegenomen-tijdens-pandemie";"Oxfam Novib";"Organisatie";"Niet-governementele organisaties (NGO), maatschappelijke organisaties, en hun leden";"";"";"1";"1";"104";"1";"0";"0";"0";"0";"0";"0";"0";"0";"0";"0";"0";"0";"0";"0";"0";"0";"0";"0";"0";"0";"0";"0";"0";"0";"0";"0";"0";"0";"0";"0";"0";"0";"0";"0";"0";"0";"0";"0";"0";"0";"0";"0";"0";"0";"0";"0";"0";"0";"0";"0";"0";"0";"0";"0";"0";"0";"0";"0";"0";"0";"0";"0";"0";"0";"1";"0";"0";"1";"0";"0";"0";"0";"318";"2413380_318"
"main_coder";2413380;"Oxfam: vermogen tien rijkste mannen verdubbeld, armoede toegenomen tijdens pandemie";"2022-01-17";"https://nos.nl/artikel/2413380-oxfam-vermogen-tien-rijkste-mannen-verdubbeld-armoede-toegenomen-tijdens-pandemie";"Oxfam Novib";"Organisatie";"Niet-governementele organisaties (NGO), maatschappelijke organisaties, en hun leden";"";"";"0";"1";"114";"1";"0";"0";"0";"0";"0";"0";"0";"0";"0";"0";"0";"0";"0";"0";"0";"0";"0";"0";"0";"0";"0";"0";"0";"0";"0";"0";"0";"0";"0";"0";"0";"0";"0";"0";"0";"0";"0";"0";"0";"0";"0";"0";"0";"0";"0";"0";"0";"0";"0";"0";"0";"0";"0";"0";"0";"0";"0";"0";"0";"0";"0";"0";"0";"0";"1";"0";"0";"1";"0";"0";"0";"0";"318";"2413380_318"
"researcher";2413608;"Gemeente Amsterdam en Kapsalon Theater in conflict over ludieke protestactie";"2022-01-18";"https://nos.nl/artikel/2413608-gemeente-amsterdam-en-kapsalon-theater-in-conflict-over-ludieke-protestactie";"Diederik Ebbinge en Sanne Wallis de Vries";"Persoon";"Bekende mediapersonen (anders dan journalisten)";"";"";"1";"0";"40";"0";"0";"0";"0";"0";"0";"0";"0";"0";"0";"0";"0";"0";"0";"0";"0";"0";"0";"0";"0";"0";"0";"0";"0";"0";"0";"0";"0";"0";"0";"0";"0";"0";"0";"0";"0";"0";"0";"0";"0";"0";"0";"0";"0";"0";"0";"0";"0";"0";"0";"0";"0";"0";"0";"0";"0";"0";"0";"0";"0";"0";"0";"0";"0";"0";"0";"0";"0";"0";"0";"0";"0";"0";"319";"2413608_319"
"second_coder";2413608;"Gemeente Amsterdam en Kapsalon Theater in conflict over ludieke protestactie";"2022-01-18";"https://nos.nl/artikel/2413608-gemeente-amsterdam-en-kapsalon-theater-in-conflict-over-ludieke-protestactie";"Diederik Ebbinge en Sanne Wallis de Vries";"Persoon";"Bekende mediapersonen (anders dan journalisten)";"";"";"1";"0";"40";"0";"0";"0";"0";"0";"0";"0";"0";"0";"0";"0";"0";"0";"0";"0";"0";"0";"0";"0";"0";"0";"0";"0";"0";"0";"0";"0";"0";"0";"0";"0";"0";"0";"0";"0";"0";"0";"0";"0";"0";"0";"0";"0";"0";"0";"0";"0";"0";"0";"0";"0";"0";"0";"0";"0";"0";"0";"0";"0";"0";"0";"0";"0";"0";"0";"0";"0";"0";"0";"0";"0";"0";"0";"319";"2413608_319"
"main_coder";2413608;"Gemeente Amsterdam en Kapsalon Theater in conflict over ludieke protestactie";"2022-01-18";"https://nos.nl/artikel/2413608-gemeente-amsterdam-en-kapsalon-theater-in-conflict-over-ludieke-protestactie";"Diederik Ebbinge en Sanne Wallis de Vries";"Persoon";"Niet-governementele organisaties (NGO), maatschappelijke organisaties, en hun leden";"";"";"1";"0";"40";"0";"0";"0";"0";"0";"0";"0";"0";"0";"0";"0";"0";"0";"0";"0";"0";"0";"0";"0";"0";"0";"0";"0";"0";"0";"0";"0";"0";"0";"0";"0";"0";"0";"0";"0";"0";"0";"0";"0";"0";"0";"0";"0";"0";"0";"0";"0";"0";"0";"0";"0";"0";"0";"0";"0";"0";"0";"0";"0";"0";"0";"0";"0";"0";"0";"0";"0";"0";"0";"0";"0";"0";"0";"319";"2413608_319"
"researcher";2413608;"Gemeente Amsterdam en Kapsalon Theater in conflict over ludieke protestactie";"2022-01-18";"https://nos.nl/artikel/2413608-gemeente-amsterdam-en-kapsalon-theater-in-conflict-over-ludieke-protestactie";"Hubert Bruls";"Persoon";"Niet-governementele organisaties (NGO), maatschappelijke organisaties, en hun leden";"";"";"1";"0";"30";"0";"0";"0";"0";"0";"0";"0";"0";"0";"0";"0";"0";"0";"0";"0";"0";"0";"0";"0";"0";"0";"0";"0";"0";"0";"0";"0";"0";"0";"0";"0";"0";"0";"0";"0";"0";"0";"0";"0";"0";"0";"0";"0";"0";"0";"0";"0";"0";"0";"0";"0";"0";"0";"0";"0";"0";"0";"0";"0";"0";"0";"0";"0";"0";"0";"0";"0";"0";"0";"0";"0";"0";"0";"320";"2413608_320"
"second_coder";2413608;"Gemeente Amsterdam en Kapsalon Theater in conflict over ludieke protestactie";"2022-01-18";"https://nos.nl/artikel/2413608-gemeente-amsterdam-en-kapsalon-theater-in-conflict-over-ludieke-protestactie";"Hubert Bruls";"Persoon";"Niet-governementele organisaties (NGO), maatschappelijke organisaties, en hun leden";"";"";"1";"0";"30";"0";"0";"0";"0";"0";"0";"0";"0";"0";"0";"0";"0";"0";"0";"0";"0";"0";"0";"0";"0";"0";"0";"0";"0";"0";"0";"0";"0";"0";"0";"0";"0";"0";"0";"0";"0";"0";"0";"0";"0";"0";"0";"0";"0";"0";"0";"0";"0";"0";"0";"0";"0";"0";"0";"0";"0";"0";"0";"0";"0";"0";"0";"0";"0";"0";"0";"0";"0";"0";"0";"0";"0";"0";"320";"2413608_320"
"main_coder";2413608;"Gemeente Amsterdam en Kapsalon Theater in conflict over ludieke protestactie";"2022-01-18";"https://nos.nl/artikel/2413608-gemeente-amsterdam-en-kapsalon-theater-in-conflict-over-ludieke-protestactie";"Hubert Bruls";"Persoon";"NL - Nationale regionale en lokale politieke organisaties en hun ambtenaren";"";"NvT";"1";"0";"30";"0";"0";"0";"0";"0";"0";"0";"0";"0";"0";"0";"0";"0";"0";"0";"0";"0";"0";"0";"0";"0";"0";"0";"0";"0";"0";"0";"0";"0";"0";"0";"0";"0";"0";"0";"0";"0";"0";"0";"0";"0";"0";"0";"0";"0";"0";"0";"0";"0";"0";"0";"0";"0";"0";"0";"0";"0";"0";"0";"0";"0";"0";"0";"0";"0";"0";"0";"0";"0";"0";"0";"0";"0";"320";"2413608_320"
"researcher";2413608;"Gemeente Amsterdam en Kapsalon Theater in conflict over ludieke protestactie";"2022-01-18";"https://nos.nl/artikel/2413608-gemeente-amsterdam-en-kapsalon-theater-in-conflict-over-ludieke-protestactie";"Kapsalon Theater";"Organisatie";"Niet-governementele organisaties (NGO), maatschappelijke organisaties, en hun leden";"";"";"1";"0";"26";"1";"0";"0";"0";"0";"0";"0";"0";"0";"0";"0";"0";"0";"0";"0";"0";"0";"0";"0";"0";"0";"0";"0";"0";"0";"0";"0";"0";"0";"0";"0";"0";"0";"0";"0";"0";"0";"0";"0";"0";"0";"0";"0";"0";"0";"0";"0";"0";"0";"0";"0";"0";"0";"1";"0";"1";"0";"0";"0";"0";"0";"0";"0";"0";"0";"0";"0";"0";"0";"0";"0";"0";"0";"321";"2413608_321"
"main_coder";2413608;"Gemeente Amsterdam en Kapsalon Theater in conflict over ludieke protestactie";"2022-01-18";"https://nos.nl/artikel/2413608-gemeente-amsterdam-en-kapsalon-theater-in-conflict-over-ludieke-protestactie";"Kapsalon Theater";"Organisatie";"Niet-governementele organisaties (NGO), maatschappelijke organisaties, en hun leden";"";"";"1";"1";"75";"1";"0";"0";"0";"0";"0";"0";"0";"0";"0";"0";"0";"0";"0";"0";"0";"0";"0";"0";"0";"0";"0";"0";"0";"0";"0";"0";"0";"0";"0";"0";"0";"0";"0";"0";"0";"0";"0";"0";"0";"0";"0";"0";"0";"0";"0";"0";"0";"0";"0";"0";"0";"0";"1";"0";"1";"0";"0";"0";"0";"0";"0";"0";"0";"0";"0";"0";"0";"0";"0";"0";"0";"0";"321";"2413608_321"
"researcher";2413608;"Gemeente Amsterdam en Kapsalon Theater in conflict over ludieke protestactie";"2022-01-18";"https://nos.nl/artikel/2413608-gemeente-amsterdam-en-kapsalon-theater-in-conflict-over-ludieke-protestactie";"burgemeester Halsema";"Persoon";"NL - Nationale regionale en lokale politieke organisaties en hun ambtenaren";"";"GroenLinks";"1";"1";"77";"1";"1";"0";"0";"1";"0";"0";"0";"0";"0";"0";"0";"0";"0";"0";"0";"0";"0";"0";"0";"0";"0";"0";"0";"0";"0";"0";"0";"0";"0";"0";"0";"0";"0";"0";"0";"0";"0";"0";"0";"0";"0";"0";"0";"0";"0";"0";"0";"0";"0";"0";"0";"0";"0";"0";"0";"0";"0";"0";"0";"0";"0";"0";"0";"0";"0";"0";"0";"0";"0";"0";"0";"0";"322";"2413608_322"
"second_coder";2413608;"Gemeente Amsterdam en Kapsalon Theater in conflict over ludieke protestactie";"2022-01-18";"https://nos.nl/artikel/2413608-gemeente-amsterdam-en-kapsalon-theater-in-conflict-over-ludieke-protestactie";"burgemeester Halsema";"Persoon";"NL - Nationale regionale en lokale politieke organisaties en hun ambtenaren";"";"GroenLinks";"1";"1";"77";"1";"1";"1";"0";"0";"0";"0";"0";"0";"0";"0";"0";"0";"0";"0";"0";"0";"0";"0";"0";"0";"0";"0";"0";"0";"0";"0";"0";"0";"0";"0";"0";"0";"0";"0";"0";"0";"0";"0";"0";"0";"0";"0";"0";"0";"0";"0";"0";"0";"0";"0";"0";"0";"0";"0";"0";"0";"0";"0";"0";"0";"0";"0";"0";"0";"0";"0";"0";"0";"0";"0";"0";"0";"322";"2413608_322"
"main_coder";2413608;"Gemeente Amsterdam en Kapsalon Theater in conflict over ludieke protestactie";"2022-01-18";"https://nos.nl/artikel/2413608-gemeente-amsterdam-en-kapsalon-theater-in-conflict-over-ludieke-protestactie";"burgemeester Halsema";"Persoon";"NL - Nationale regionale en lokale politieke organisaties en hun ambtenaren";"";"GroenLinks";"1";"1";"77";"1";"1";"0";"0";"1";"0";"0";"0";"0";"0";"0";"0";"0";"0";"0";"0";"0";"0";"0";"0";"0";"0";"0";"0";"0";"0";"0";"0";"0";"0";"0";"0";"0";"0";"0";"0";"0";"0";"0";"0";"0";"0";"0";"0";"0";"0";"0";"0";"0";"0";"0";"0";"0";"0";"0";"0";"0";"0";"0";"0";"0";"0";"0";"0";"0";"0";"0";"0";"0";"0";"0";"0";"0";"322";"2413608_322"
"researcher";2413608;"Gemeente Amsterdam en Kapsalon Theater in conflict over ludieke protestactie";"2022-01-18";"https://nos.nl/artikel/2413608-gemeente-amsterdam-en-kapsalon-theater-in-conflict-over-ludieke-protestactie";"de Maasstad";"Geopolitieke entiteit";"NL - Nationale regionale en lokale politieke organisaties en hun ambtenaren";"";"NvT";"1";"0";"50";"1";"1";"0";"0";"1";"0";"0";"0";"0";"0";"0";"0";"0";"0";"0";"0";"0";"0";"0";"0";"0";"0";"0";"0";"0";"0";"0";"0";"0";"0";"0";"0";"0";"0";"0";"0";"0";"0";"0";"0";"0";"0";"0";"0";"0";"0";"0";"0";"0";"0";"0";"0";"0";"0";"0";"0";"0";"0";"0";"0";"0";"0";"0";"0";"0";"0";"0";"0";"0";"0";"0";"0";"0";"323";"2413608_323"
"second_coder";2413608;"Gemeente Amsterdam en Kapsalon Theater in conflict over ludieke protestactie";"2022-01-18";"https://nos.nl/artikel/2413608-gemeente-amsterdam-en-kapsalon-theater-in-conflict-over-ludieke-protestactie";"de Maasstad";"Geopolitieke entiteit";"Andere functie:";"Steden";"";"1";"0";"50";"1";"1";"0";"0";"1";"0";"0";"0";"0";"0";"0";"0";"0";"0";"0";"0";"0";"0";"0";"0";"0";"0";"0";"0";"0";"0";"0";"0";"0";"0";"0";"0";"0";"0";"0";"0";"0";"0";"0";"0";"0";"0";"0";"0";"0";"0";"0";"0";"0";"0";"0";"0";"0";"0";"0";"0";"0";"0";"0";"0";"0";"0";"0";"0";"0";"0";"0";"0";"0";"0";"0";"0";"0";"323";"2413608_323"
"main_coder";2413608;"Gemeente Amsterdam en Kapsalon Theater in conflict over ludieke protestactie";"2022-01-18";"https://nos.nl/artikel/2413608-gemeente-amsterdam-en-kapsalon-theater-in-conflict-over-ludieke-protestactie";"de Maasstad";"Geopolitieke entiteit";"NL - Nationale regionale en lokale politieke organisaties en hun ambtenaren";"";"NvT";"1";"0";"50";"1";"1";"0";"0";"1";"0";"0";"0";"0";"0";"0";"0";"0";"0";"0";"0";"0";"0";"0";"0";"0";"0";"0";"0";"0";"0";"0";"0";"0";"0";"0";"0";"0";"0";"0";"0";"0";"0";"0";"0";"0";"0";"0";"0";"0";"0";"0";"0";"0";"0";"0";"0";"0";"0";"0";"0";"0";"0";"0";"0";"0";"0";"0";"0";"0";"0";"0";"0";"0";"0";"0";"0";"0";"323";"2413608_323"
"researcher";2413608;"Gemeente Amsterdam en Kapsalon Theater in conflict over ludieke protestactie";"2022-01-18";"https://nos.nl/artikel/2413608-gemeente-amsterdam-en-kapsalon-theater-in-conflict-over-ludieke-protestactie";"de organisatie";"Organisatie";"Bekende mediapersonen (anders dan journalisten)";"";"";"1";"1";"47";"1";"0";"0";"0";"0";"0";"0";"0";"0";"0";"0";"0";"0";"0";"0";"0";"0";"0";"0";"0";"0";"0";"0";"0";"0";"0";"0";"0";"0";"0";"0";"0";"0";"1";"0";"0";"1";"0";"0";"0";"0";"0";"0";"0";"0";"0";"0";"0";"0";"0";"0";"0";"0";"0";"0";"0";"0";"0";"0";"0";"0";"0";"0";"0";"0";"0";"0";"0";"0";"0";"0";"0";"0";"324";"2413608_324"
"second_coder";2413608;"Gemeente Amsterdam en Kapsalon Theater in conflict over ludieke protestactie";"2022-01-18";"https://nos.nl/artikel/2413608-gemeente-amsterdam-en-kapsalon-theater-in-conflict-over-ludieke-protestactie";"de organisatie";"Organisatie";"Bekende mediapersonen (anders dan journalisten)";"";"";"1";"1";"47";"1";"0";"0";"0";"0";"0";"0";"0";"0";"0";"0";"0";"0";"0";"0";"0";"0";"0";"0";"0";"0";"0";"0";"0";"0";"0";"0";"0";"0";"0";"0";"0";"0";"1";"0";"0";"1";"0";"0";"0";"0";"0";"0";"0";"0";"0";"0";"0";"0";"0";"0";"0";"0";"0";"0";"0";"0";"0";"0";"0";"0";"0";"0";"0";"0";"0";"0";"0";"0";"0";"0";"0";"0";"324";"2413608_324"
"researcher";2413877;"Kabinet hoopt op opening horeca en cultuur, maar ""gaat nog geen garanties geven""";"2022-01-20";"https://nos.nl/artikel/2413877-kabinet-hoopt-op-opening-horeca-en-cultuur-maar-gaat-nog-geen-garanties-geven";"Allerlei partijen";"Organisatie";"NL - Nationaal parlement en nationale partijen – wetgevende macht";"";"NvT";"0";"1";"14";"1";"0";"0";"0";"0";"0";"0";"0";"0";"0";"0";"0";"0";"0";"0";"0";"0";"0";"0";"0";"0";"0";"0";"0";"0";"0";"0";"0";"0";"0";"0";"0";"0";"0";"0";"0";"0";"0";"0";"0";"0";"0";"0";"0";"0";"0";"0";"0";"0";"0";"0";"0";"0";"1";"0";"1";"0";"0";"0";"0";"0";"0";"0";"0";"0";"0";"0";"0";"0";"0";"0";"0";"0";"325";"2413877_325"
"second_coder";2413877;"Kabinet hoopt op opening horeca en cultuur, maar ""gaat nog geen garanties geven""";"2022-01-20";"https://nos.nl/artikel/2413877-kabinet-hoopt-op-opening-horeca-en-cultuur-maar-gaat-nog-geen-garanties-geven";"Allerlei partijen";"Organisatie";"NL - Nationaal parlement en nationale partijen – wetgevende macht";"";"NvT";"0";"1";"14";"1";"0";"0";"0";"0";"0";"0";"0";"0";"0";"0";"0";"0";"0";"0";"0";"0";"0";"0";"0";"0";"0";"0";"0";"0";"0";"0";"0";"0";"0";"0";"0";"0";"0";"0";"0";"0";"0";"0";"0";"0";"0";"0";"0";"0";"0";"0";"0";"0";"0";"0";"0";"0";"1";"0";"1";"0";"0";"0";"0";"0";"0";"0";"0";"0";"0";"0";"0";"0";"0";"0";"0";"0";"325";"2413877_325"
"main_coder";2413877;"Kabinet hoopt op opening horeca en cultuur, maar ""gaat nog geen garanties geven""";"2022-01-20";"https://nos.nl/artikel/2413877-kabinet-hoopt-op-opening-horeca-en-cultuur-maar-gaat-nog-geen-garanties-geven";"Allerlei partijen";"Organisatie";"NL - Nationaal parlement en nationale partijen – wetgevende macht";"";"NvT";"0";"1";"9";"1";"0";"0";"0";"0";"0";"0";"0";"0";"0";"0";"0";"0";"0";"0";"0";"0";"0";"0";"0";"0";"0";"0";"0";"0";"0";"0";"0";"0";"0";"0";"0";"0";"0";"0";"0";"0";"0";"0";"0";"0";"0";"0";"0";"0";"0";"0";"0";"0";"0";"0";"0";"0";"1";"0";"1";"0";"0";"0";"0";"0";"0";"0";"0";"0";"0";"0";"0";"0";"0";"0";"0";"0";"325";"2413877_325"
"researcher";2413877;"Kabinet hoopt op opening horeca en cultuur, maar ""gaat nog geen garanties geven""";"2022-01-20";"https://nos.nl/artikel/2413877-kabinet-hoopt-op-opening-horeca-en-cultuur-maar-gaat-nog-geen-garanties-geven";"Bergkamp";"Persoon";"NL - Nationaal parlement en nationale partijen – wetgevende macht";"";"D66";"1";"0";"12";"0";"0";"0";"0";"0";"0";"0";"0";"0";"0";"0";"0";"0";"0";"0";"0";"0";"0";"0";"0";"0";"0";"0";"0";"0";"0";"0";"0";"0";"0";"0";"0";"0";"0";"0";"0";"0";"0";"0";"0";"0";"0";"0";"0";"0";"0";"0";"0";"0";"0";"0";"0";"0";"0";"0";"0";"0";"0";"0";"0";"0";"0";"0";"0";"0";"0";"0";"0";"0";"0";"0";"0";"0";"326";"2413877_326"
"second_coder";2413877;"Kabinet hoopt op opening horeca en cultuur, maar ""gaat nog geen garanties geven""";"2022-01-20";"https://nos.nl/artikel/2413877-kabinet-hoopt-op-opening-horeca-en-cultuur-maar-gaat-nog-geen-garanties-geven";"Bergkamp";"Persoon";"NL - Nationaal parlement en nationale partijen – wetgevende macht";"";"D66";"1";"0";"12";"0";"0";"0";"0";"0";"0";"0";"0";"0";"0";"0";"0";"0";"0";"0";"0";"0";"0";"0";"0";"0";"0";"0";"0";"0";"0";"0";"0";"0";"0";"0";"0";"0";"0";"0";"0";"0";"0";"0";"0";"0";"0";"0";"0";"0";"0";"0";"0";"0";"0";"0";"0";"0";"0";"0";"0";"0";"0";"0";"0";"0";"0";"0";"0";"0";"0";"0";"0";"0";"0";"0";"0";"0";"326";"2413877_326"
"main_coder";2413877;"Kabinet hoopt op opening horeca en cultuur, maar ""gaat nog geen garanties geven""";"2022-01-20";"https://nos.nl/artikel/2413877-kabinet-hoopt-op-opening-horeca-en-cultuur-maar-gaat-nog-geen-garanties-geven";"Bergkamp";"Persoon";"NL - Nationaal parlement en nationale partijen – wetgevende macht";"";"D66";"1";"1";"11";"0";"0";"0";"0";"0";"0";"0";"0";"0";"0";"0";"0";"0";"0";"0";"0";"0";"0";"0";"0";"0";"0";"0";"0";"0";"0";"0";"0";"0";"0";"0";"0";"0";"0";"0";"0";"0";"0";"0";"0";"0";"0";"0";"0";"0";"0";"0";"0";"0";"0";"0";"0";"0";"0";"0";"0";"0";"0";"0";"0";"0";"0";"0";"0";"0";"0";"0";"0";"0";"0";"0";"0";"0";"326";"2413877_326"
"researcher";2413877;"Kabinet hoopt op opening horeca en cultuur, maar ""gaat nog geen garanties geven""";"2022-01-20";"https://nos.nl/artikel/2413877-kabinet-hoopt-op-opening-horeca-en-cultuur-maar-gaat-nog-geen-garanties-geven";"Gündoğan";"Persoon";"NL - Nationaal parlement en nationale partijen – wetgevende macht";"";"Volt";"1";"0";"11";"0";"0";"0";"0";"0";"0";"0";"0";"0";"0";"0";"0";"0";"0";"0";"0";"0";"0";"0";"0";"0";"0";"0";"0";"0";"0";"0";"0";"0";"0";"0";"0";"0";"0";"0";"0";"0";"0";"0";"0";"0";"0";"0";"0";"0";"0";"0";"0";"0";"0";"0";"0";"0";"0";"0";"0";"0";"0";"0";"0";"0";"0";"0";"0";"0";"0";"0";"0";"0";"0";"0";"0";"0";"327";"2413877_327"
"second_coder";2413877;"Kabinet hoopt op opening horeca en cultuur, maar ""gaat nog geen garanties geven""";"2022-01-20";"https://nos.nl/artikel/2413877-kabinet-hoopt-op-opening-horeca-en-cultuur-maar-gaat-nog-geen-garanties-geven";"Gündoğan";"Persoon";"NL - Nationaal parlement en nationale partijen – wetgevende macht";"";"Volt";"1";"0";"11";"0";"0";"0";"0";"0";"0";"0";"0";"0";"0";"0";"0";"0";"0";"0";"0";"0";"0";"0";"0";"0";"0";"0";"0";"0";"0";"0";"0";"0";"0";"0";"0";"0";"0";"0";"0";"0";"0";"0";"0";"0";"0";"0";"0";"0";"0";"0";"0";"0";"0";"0";"0";"0";"0";"0";"0";"0";"0";"0";"0";"0";"0";"0";"0";"0";"0";"0";"0";"0";"0";"0";"0";"0";"327";"2413877_327"
"main_coder";2413877;"Kabinet hoopt op opening horeca en cultuur, maar ""gaat nog geen garanties geven""";"2022-01-20";"https://nos.nl/artikel/2413877-kabinet-hoopt-op-opening-horeca-en-cultuur-maar-gaat-nog-geen-garanties-geven";"Gündoğan";"Persoon";"NL - Nationaal parlement en nationale partijen – wetgevende macht";"";"Volt";"1";"0";"11";"0";"0";"0";"0";"0";"0";"0";"0";"0";"0";"0";"0";"0";"0";"0";"0";"0";"0";"0";"0";"0";"0";"0";"0";"0";"0";"0";"0";"0";"0";"0";"0";"0";"0";"0";"0";"0";"0";"0";"0";"0";"0";"0";"0";"0";"0";"0";"0";"0";"0";"0";"0";"0";"0";"0";"0";"0";"0";"0";"0";"0";"0";"0";"0";"0";"0";"0";"0";"0";"0";"0";"0";"0";"327";"2413877_327"
"researcher";2413877;"Kabinet hoopt op opening horeca en cultuur, maar ""gaat nog geen garanties geven""";"2022-01-20";"https://nos.nl/artikel/2413877-kabinet-hoopt-op-opening-horeca-en-cultuur-maar-gaat-nog-geen-garanties-geven";"Het Kabinet";"Organisatie";"NL - Nationale regering - executive / uitvoerende macht";"";"NvT";"1";"1";"40";"1";"0";"0";"0";"0";"0";"0";"0";"0";"0";"0";"0";"0";"0";"0";"0";"0";"0";"0";"0";"0";"0";"0";"0";"0";"0";"0";"0";"0";"0";"0";"0";"0";"0";"0";"0";"0";"0";"0";"0";"0";"0";"0";"0";"0";"0";"0";"0";"0";"0";"0";"0";"0";"0";"0";"0";"0";"0";"0";"0";"0";"0";"0";"0";"0";"1";"1";"0";"0";"0";"0";"0";"0";"328";"2413877_328"
"second_coder";2413877;"Kabinet hoopt op opening horeca en cultuur, maar ""gaat nog geen garanties geven""";"2022-01-20";"https://nos.nl/artikel/2413877-kabinet-hoopt-op-opening-horeca-en-cultuur-maar-gaat-nog-geen-garanties-geven";"Het Kabinet";"Organisatie";"NL - Nationale regering - executive / uitvoerende macht";"";"NvT";"1";"1";"40";"1";"0";"0";"0";"0";"0";"0";"0";"0";"0";"0";"0";"0";"0";"0";"0";"0";"0";"0";"0";"0";"0";"0";"0";"0";"0";"0";"0";"0";"0";"0";"0";"0";"0";"0";"0";"0";"0";"0";"0";"0";"0";"0";"0";"0";"0";"0";"0";"0";"0";"0";"0";"0";"0";"0";"0";"0";"0";"0";"0";"0";"0";"0";"0";"0";"1";"1";"0";"0";"0";"0";"0";"0";"328";"2413877_328"
"main_coder";2413877;"Kabinet hoopt op opening horeca en cultuur, maar ""gaat nog geen garanties geven""";"2022-01-20";"https://nos.nl/artikel/2413877-kabinet-hoopt-op-opening-horeca-en-cultuur-maar-gaat-nog-geen-garanties-geven";"Het kabinet";"Organisatie";"NL - Nationale regering - executive / uitvoerende macht";"";"NvT";"1";"1";"42";"1";"0";"0";"0";"0";"0";"0";"0";"0";"0";"0";"0";"0";"0";"0";"0";"0";"0";"0";"0";"0";"0";"0";"0";"0";"0";"0";"0";"0";"0";"0";"0";"0";"0";"0";"0";"0";"0";"0";"0";"0";"0";"0";"0";"0";"0";"0";"0";"0";"0";"0";"0";"0";"0";"0";"0";"0";"0";"0";"0";"0";"0";"0";"0";"0";"1";"1";"0";"0";"0";"0";"0";"0";"329";"2413877_329"
"researcher";2413877;"Kabinet hoopt op opening horeca en cultuur, maar ""gaat nog geen garanties geven""";"2022-01-20";"https://nos.nl/artikel/2413877-kabinet-hoopt-op-opening-horeca-en-cultuur-maar-gaat-nog-geen-garanties-geven";"Kuipers";"Persoon";"NL - Nationale regering - executive / uitvoerende macht";"";"D66";"1";"0";"25";"0";"0";"0";"0";"0";"0";"0";"0";"0";"0";"0";"0";"0";"0";"0";"0";"0";"0";"0";"0";"0";"0";"0";"0";"0";"0";"0";"0";"0";"0";"0";"0";"0";"0";"0";"0";"0";"0";"0";"0";"0";"0";"0";"0";"0";"0";"0";"0";"0";"0";"0";"0";"0";"0";"0";"0";"0";"0";"0";"0";"0";"0";"0";"0";"0";"0";"0";"0";"0";"0";"0";"0";"0";"330";"2413877_330"
"second_coder";2413877;"Kabinet hoopt op opening horeca en cultuur, maar ""gaat nog geen garanties geven""";"2022-01-20";"https://nos.nl/artikel/2413877-kabinet-hoopt-op-opening-horeca-en-cultuur-maar-gaat-nog-geen-garanties-geven";"Kuipers";"Persoon";"NL - Nationale regering - executive / uitvoerende macht";"";"D66";"1";"0";"5";"0";"0";"0";"0";"0";"0";"0";"0";"0";"0";"0";"0";"0";"0";"0";"0";"0";"0";"0";"0";"0";"0";"0";"0";"0";"0";"0";"0";"0";"0";"0";"0";"0";"0";"0";"0";"0";"0";"0";"0";"0";"0";"0";"0";"0";"0";"0";"0";"0";"0";"0";"0";"0";"0";"0";"0";"0";"0";"0";"0";"0";"0";"0";"0";"0";"0";"0";"0";"0";"0";"0";"0";"0";"330";"2413877_330"
"main_coder";2413877;"Kabinet hoopt op opening horeca en cultuur, maar ""gaat nog geen garanties geven""";"2022-01-20";"https://nos.nl/artikel/2413877-kabinet-hoopt-op-opening-horeca-en-cultuur-maar-gaat-nog-geen-garanties-geven";"Kuipers";"Persoon";"NL - Nationale regering - executive / uitvoerende macht";"";"D66";"1";"0";"25";"0";"0";"0";"0";"0";"0";"0";"0";"0";"0";"0";"0";"0";"0";"0";"0";"0";"0";"0";"0";"0";"0";"0";"0";"0";"0";"0";"0";"0";"0";"0";"0";"0";"0";"0";"0";"0";"0";"0";"0";"0";"0";"0";"0";"0";"0";"0";"0";"0";"0";"0";"0";"0";"0";"0";"0";"0";"0";"0";"0";"0";"0";"0";"0";"0";"0";"0";"0";"0";"0";"0";"0";"0";"330";"2413877_330"
"researcher";2413877;"Kabinet hoopt op opening horeca en cultuur, maar ""gaat nog geen garanties geven""";"2022-01-20";"https://nos.nl/artikel/2413877-kabinet-hoopt-op-opening-horeca-en-cultuur-maar-gaat-nog-geen-garanties-geven";"Rutte";"Persoon";"NL - Nationale regering - executive / uitvoerende macht";"";"VVD";"1";"1";"44";"1";"1";"0";"0";"1";"0";"0";"0";"0";"0";"0";"0";"0";"0";"0";"0";"0";"0";"0";"0";"0";"0";"0";"0";"0";"0";"0";"0";"0";"0";"0";"0";"0";"0";"0";"0";"0";"0";"0";"0";"0";"0";"0";"0";"0";"0";"0";"0";"0";"0";"0";"0";"0";"0";"0";"0";"0";"0";"0";"0";"0";"0";"0";"0";"0";"0";"0";"0";"0";"0";"0";"0";"0";"331";"2413877_331"
"second_coder";2413877;"Kabinet hoopt op opening horeca en cultuur, maar ""gaat nog geen garanties geven""";"2022-01-20";"https://nos.nl/artikel/2413877-kabinet-hoopt-op-opening-horeca-en-cultuur-maar-gaat-nog-geen-garanties-geven";"Rutte";"Persoon";"NL - Nationale regering - executive / uitvoerende macht";"";"VVD";"1";"1";"79";"1";"1";"0";"0";"1";"0";"0";"0";"0";"0";"0";"0";"0";"0";"0";"0";"0";"0";"0";"0";"0";"0";"0";"0";"0";"0";"0";"0";"0";"0";"0";"0";"0";"0";"0";"0";"0";"0";"0";"0";"0";"0";"0";"0";"0";"0";"0";"0";"0";"0";"0";"0";"0";"0";"0";"0";"0";"0";"0";"0";"0";"0";"0";"0";"0";"0";"0";"0";"0";"0";"0";"0";"0";"331";"2413877_331"
"main_coder";2413877;"Kabinet hoopt op opening horeca en cultuur, maar ""gaat nog geen garanties geven""";"2022-01-20";"https://nos.nl/artikel/2413877-kabinet-hoopt-op-opening-horeca-en-cultuur-maar-gaat-nog-geen-garanties-geven";"Rutte";"Persoon";"NL - Nationale regering - executive / uitvoerende macht";"";"VVD";"1";"0";"44";"0";"0";"0";"0";"0";"0";"0";"0";"0";"0";"0";"0";"0";"0";"0";"0";"0";"0";"0";"0";"0";"0";"0";"0";"0";"0";"0";"0";"0";"0";"0";"0";"0";"0";"0";"0";"0";"0";"0";"0";"0";"0";"0";"0";"0";"0";"0";"0";"0";"0";"0";"0";"0";"0";"0";"0";"0";"0";"0";"0";"0";"0";"0";"0";"0";"0";"0";"0";"0";"0";"0";"0";"0";"331";"2413877_331"
"researcher";2413877;"Kabinet hoopt op opening horeca en cultuur, maar ""gaat nog geen garanties geven""";"2022-01-20";"https://nos.nl/artikel/2413877-kabinet-hoopt-op-opening-horeca-en-cultuur-maar-gaat-nog-geen-garanties-geven";"Van der Plas";"Persoon";"NL - Nationaal parlement en nationale partijen – wetgevende macht";"";"BBB";"0";"1";"21";"1";"1";"0";"0";"1";"0";"0";"0";"0";"0";"0";"0";"0";"0";"0";"0";"0";"0";"0";"0";"0";"0";"0";"0";"0";"0";"0";"0";"0";"0";"0";"0";"0";"0";"0";"0";"0";"0";"0";"0";"0";"0";"0";"0";"0";"0";"0";"0";"0";"0";"0";"0";"0";"0";"0";"0";"0";"0";"0";"0";"0";"0";"0";"0";"0";"0";"0";"0";"0";"0";"0";"0";"0";"332";"2413877_332"
"second_coder";2413877;"Kabinet hoopt op opening horeca en cultuur, maar ""gaat nog geen garanties geven""";"2022-01-20";"https://nos.nl/artikel/2413877-kabinet-hoopt-op-opening-horeca-en-cultuur-maar-gaat-nog-geen-garanties-geven";"Van der Plas";"Persoon";"NL - Nationaal parlement en nationale partijen – wetgevende macht";"";"BBB";"0";"1";"21";"1";"1";"0";"1";"0";"0";"0";"0";"0";"0";"0";"0";"0";"0";"0";"0";"0";"0";"0";"0";"0";"0";"0";"0";"0";"0";"0";"0";"0";"0";"0";"0";"0";"0";"0";"0";"0";"0";"0";"0";"0";"0";"0";"0";"0";"0";"0";"0";"0";"0";"0";"0";"0";"0";"0";"0";"0";"0";"0";"0";"0";"0";"0";"0";"0";"0";"0";"0";"0";"0";"0";"0";"0";"332";"2413877_332"
"main_coder";2413877;"Kabinet hoopt op opening horeca en cultuur, maar ""gaat nog geen garanties geven""";"2022-01-20";"https://nos.nl/artikel/2413877-kabinet-hoopt-op-opening-horeca-en-cultuur-maar-gaat-nog-geen-garanties-geven";"Van der Plas";"Persoon";"NL - Nationaal parlement en nationale partijen – wetgevende macht";"";"BBB";"0";"1";"21";"1";"1";"0";"0";"1";"0";"0";"0";"0";"0";"0";"0";"0";"0";"0";"0";"0";"0";"0";"0";"0";"0";"0";"0";"0";"0";"0";"0";"0";"0";"0";"0";"0";"0";"0";"0";"0";"0";"0";"0";"0";"0";"0";"0";"0";"0";"0";"0";"0";"0";"0";"0";"0";"0";"0";"0";"0";"0";"0";"0";"0";"0";"0";"0";"0";"0";"0";"0";"0";"0";"0";"0";"0";"332";"2413877_332"
"researcher";2415061;"Skispringster Kramer zes dagen voor olympisch debuut positief getest op corona";"2022-01-30";"https://nos.nl/artikel/2415061-skispringster-kramer-zes-dagen-voor-olympisch-debuut-positief-getest-op-corona";"";"";"";"";"";"0";"0";"";"";"0";"0";"0";"0";"0";"0";"0";"0";"0";"0";"0";"0";"0";"0";"0";"0";"0";"0";"0";"0";"0";"0";"0";"0";"0";"0";"0";"0";"0";"0";"0";"0";"0";"0";"0";"0";"0";"0";"0";"0";"0";"0";"0";"0";"0";"0";"0";"0";"0";"0";"0";"0";"0";"0";"0";"0";"0";"0";"0";"0";"0";"0";"0";"0";"0";"0";"0";"0";"0";"0";"0";"0";"0";"2415061_0"
"second_coder";2415061;"Skispringster Kramer zes dagen voor olympisch debuut positief getest op corona";"2022-01-30";"https://nos.nl/artikel/2415061-skispringster-kramer-zes-dagen-voor-olympisch-debuut-positief-getest-op-corona";"";"";"";"";"";"0";"0";"";"";"0";"0";"0";"0";"0";"0";"0";"0";"0";"0";"0";"0";"0";"0";"0";"0";"0";"0";"0";"0";"0";"0";"0";"0";"0";"0";"0";"0";"0";"0";"0";"0";"0";"0";"0";"0";"0";"0";"0";"0";"0";"0";"0";"0";"0";"0";"0";"0";"0";"0";"0";"0";"0";"0";"0";"0";"0";"0";"0";"0";"0";"0";"0";"0";"0";"0";"0";"0";"0";"0";"0";"0";"0";"2415061_0"
"main_coder";2415061;"Skispringster Kramer zes dagen voor olympisch debuut positief getest op corona";"2022-01-30";"https://nos.nl/artikel/2415061-skispringster-kramer-zes-dagen-voor-olympisch-debuut-positief-getest-op-corona";"";"";"";"";"";"0";"0";"";"";"0";"0";"0";"0";"0";"0";"0";"0";"0";"0";"0";"0";"0";"0";"0";"0";"0";"0";"0";"0";"0";"0";"0";"0";"0";"0";"0";"0";"0";"0";"0";"0";"0";"0";"0";"0";"0";"0";"0";"0";"0";"0";"0";"0";"0";"0";"0";"0";"0";"0";"0";"0";"0";"0";"0";"0";"0";"0";"0";"0";"0";"0";"0";"0";"0";"0";"0";"0";"0";"0";"0";"0";"0";"2415061_0"
"researcher";2417327;"Gezondheidsraad wil meer aandacht voor langdurige coronaklachten";"2022-02-14";"https://nos.nl/artikel/2417327-gezondheidsraad-wil-meer-aandacht-voor-langdurige-coronaklachten";"Gezondheidsraad";"Organisatie";"Wetenschappelijke/medische organisaties en onderzoekers";"";"";"1";"1";"100";"0";"0";"0";"0";"0";"0";"0";"0";"0";"0";"0";"0";"0";"0";"0";"0";"0";"0";"0";"0";"0";"0";"0";"0";"0";"0";"0";"0";"0";"0";"0";"0";"0";"0";"0";"0";"0";"0";"0";"0";"0";"0";"0";"0";"0";"0";"0";"0";"0";"0";"0";"0";"0";"0";"0";"0";"0";"0";"0";"0";"0";"0";"0";"0";"0";"0";"0";"0";"0";"0";"0";"0";"0";"333";"2417327_333"
"second_coder";2417327;"Gezondheidsraad wil meer aandacht voor langdurige coronaklachten";"2022-02-14";"https://nos.nl/artikel/2417327-gezondheidsraad-wil-meer-aandacht-voor-langdurige-coronaklachten";"Gezondheidsraad";"Organisatie";"Openbare en semiopenbare instellingen";"";"";"1";"1";"73";"0";"0";"0";"0";"0";"0";"0";"0";"0";"0";"0";"0";"0";"0";"0";"0";"0";"0";"0";"0";"0";"0";"0";"0";"0";"0";"0";"0";"0";"0";"0";"0";"0";"0";"0";"0";"0";"0";"0";"0";"0";"0";"0";"0";"0";"0";"0";"0";"0";"0";"0";"0";"0";"0";"0";"0";"0";"0";"0";"0";"0";"0";"0";"0";"0";"0";"0";"0";"0";"0";"0";"0";"0";"333";"2417327_333"
"main_coder";2417327;"Gezondheidsraad wil meer aandacht voor langdurige coronaklachten";"2022-02-14";"https://nos.nl/artikel/2417327-gezondheidsraad-wil-meer-aandacht-voor-langdurige-coronaklachten";"Gezondheidsraad";"Organisatie";"Wetenschappelijke/medische organisaties en onderzoekers";"";"";"1";"1";"100";"0";"0";"0";"0";"0";"0";"0";"0";"0";"0";"0";"0";"0";"0";"0";"0";"0";"0";"0";"0";"0";"0";"0";"0";"0";"0";"0";"0";"0";"0";"0";"0";"0";"0";"0";"0";"0";"0";"0";"0";"0";"0";"0";"0";"0";"0";"0";"0";"0";"0";"0";"0";"0";"0";"0";"0";"0";"0";"0";"0";"0";"0";"0";"0";"0";"0";"0";"0";"0";"0";"0";"0";"0";"333";"2417327_333"
"researcher";2417327;"Gezondheidsraad wil meer aandacht voor langdurige coronaklachten";"2022-02-14";"https://nos.nl/artikel/2417327-gezondheidsraad-wil-meer-aandacht-voor-langdurige-coronaklachten";"Marianne Geleijnse";"Persoon";"Wetenschappelijke/medische organisaties en onderzoekers";"";"";"1";"0";"68";"0";"0";"0";"0";"0";"0";"0";"0";"0";"0";"0";"0";"0";"0";"0";"0";"0";"0";"0";"0";"0";"0";"0";"0";"0";"0";"0";"0";"0";"0";"0";"0";"0";"0";"0";"0";"0";"0";"0";"0";"0";"0";"0";"0";"0";"0";"0";"0";"0";"0";"0";"0";"0";"0";"0";"0";"0";"0";"0";"0";"0";"0";"0";"0";"0";"0";"0";"0";"0";"0";"0";"0";"0";"334";"2417327_334"
"second_coder";2417327;"Gezondheidsraad wil meer aandacht voor langdurige coronaklachten";"2022-02-14";"https://nos.nl/artikel/2417327-gezondheidsraad-wil-meer-aandacht-voor-langdurige-coronaklachten";"Marianne Geleijnse";"Persoon";"Openbare en semiopenbare instellingen";"";"";"1";"0";"68";"0";"0";"0";"0";"0";"0";"0";"0";"0";"0";"0";"0";"0";"0";"0";"0";"0";"0";"0";"0";"0";"0";"0";"0";"0";"0";"0";"0";"0";"0";"0";"0";"0";"0";"0";"0";"0";"0";"0";"0";"0";"0";"0";"0";"0";"0";"0";"0";"0";"0";"0";"0";"0";"0";"0";"0";"0";"0";"0";"0";"0";"0";"0";"0";"0";"0";"0";"0";"0";"0";"0";"0";"0";"334";"2417327_334"
"main_coder";2417327;"Gezondheidsraad wil meer aandacht voor langdurige coronaklachten";"2022-02-14";"https://nos.nl/artikel/2417327-gezondheidsraad-wil-meer-aandacht-voor-langdurige-coronaklachten";"Marianne Geleijnse";"Persoon";"Wetenschappelijke/medische organisaties en onderzoekers";"";"";"1";"0";"68";"0";"0";"0";"0";"0";"0";"0";"0";"0";"0";"0";"0";"0";"0";"0";"0";"0";"0";"0";"0";"0";"0";"0";"0";"0";"0";"0";"0";"0";"0";"0";"0";"0";"0";"0";"0";"0";"0";"0";"0";"0";"0";"0";"0";"0";"0";"0";"0";"0";"0";"0";"0";"0";"0";"0";"0";"0";"0";"0";"0";"0";"0";"0";"0";"0";"0";"0";"0";"0";"0";"0";"0";"0";"334";"2417327_334"
"researcher";2417611;"Overheid wilde pas informeren over corona na ""grote klap""";"2022-02-16";"https://nos.nl/artikel/2417611-overheid-wilde-pas-informeren-over-corona-na-grote-klap";"Onderzoeksraad voor Veiligheid";"Organisatie";"Openbare en semiopenbare instellingen";"";"";"1";"1";"224";"0";"0";"0";"0";"0";"0";"0";"0";"0";"0";"0";"0";"0";"0";"0";"0";"0";"0";"0";"0";"0";"0";"0";"0";"0";"0";"0";"0";"0";"0";"0";"0";"0";"0";"0";"0";"0";"0";"0";"0";"0";"0";"0";"0";"0";"0";"0";"0";"0";"0";"0";"0";"0";"0";"0";"0";"0";"0";"0";"0";"0";"0";"0";"0";"0";"0";"0";"0";"0";"0";"0";"0";"0";"335";"2417611_335"
"second_coder";2417611;"Overheid wilde pas informeren over corona na ""grote klap""";"2022-02-16";"https://nos.nl/artikel/2417611-overheid-wilde-pas-informeren-over-corona-na-grote-klap";"Onderzoeksraad voor Veiligheid";"Organisatie";"Openbare en semiopenbare instellingen";"";"";"1";"1";"224";"0";"0";"0";"0";"0";"0";"0";"0";"0";"0";"0";"0";"0";"0";"0";"0";"0";"0";"0";"0";"0";"0";"0";"0";"0";"0";"0";"0";"0";"0";"0";"0";"0";"0";"0";"0";"0";"0";"0";"0";"0";"0";"0";"0";"0";"0";"0";"0";"0";"0";"0";"0";"0";"0";"0";"0";"0";"0";"0";"0";"0";"0";"0";"0";"0";"0";"0";"0";"0";"0";"0";"0";"0";"335";"2417611_335"
"main_coder";2417611;"Overheid wilde pas informeren over corona na ""grote klap""";"2022-02-16";"https://nos.nl/artikel/2417611-overheid-wilde-pas-informeren-over-corona-na-grote-klap";"Onderzoeksraad voor Veiligheid";"Organisatie";"Wetenschappelijke/medische organisaties en onderzoekers";"";"";"1";"1";"186";"0";"0";"0";"0";"0";"0";"0";"0";"0";"0";"0";"0";"0";"0";"0";"0";"0";"0";"0";"0";"0";"0";"0";"0";"0";"0";"0";"0";"0";"0";"0";"0";"0";"0";"0";"0";"0";"0";"0";"0";"0";"0";"0";"0";"0";"0";"0";"0";"0";"0";"0";"0";"0";"0";"0";"0";"0";"0";"0";"0";"0";"0";"0";"0";"0";"0";"0";"0";"0";"0";"0";"0";"0";"335";"2417611_335"
"main_coder";2417611;"Overheid wilde pas informeren over corona na ""grote klap""";"2022-02-16";"https://nos.nl/artikel/2417611-overheid-wilde-pas-informeren-over-corona-na-grote-klap";"de NOS";"Organisatie";"Journalisten anders dan de schrijver van het huidige artikel of nieuwsorganisaties anders dan de nieuwsorganisatie van het huidige artikel.";"";"";"0";"1";"12";"0";"0";"0";"0";"0";"0";"0";"0";"0";"0";"0";"0";"0";"0";"0";"0";"0";"0";"0";"0";"0";"0";"0";"0";"0";"0";"0";"0";"0";"0";"0";"0";"0";"0";"0";"0";"0";"0";"0";"0";"0";"0";"0";"0";"0";"0";"0";"0";"0";"0";"0";"0";"0";"0";"0";"0";"0";"0";"0";"0";"0";"0";"0";"0";"0";"0";"0";"0";"0";"0";"0";"0";"0";"336";"2417611_336"
"researcher";2417611;"Overheid wilde pas informeren over corona na ""grote klap""";"2022-02-16";"https://nos.nl/artikel/2417611-overheid-wilde-pas-informeren-over-corona-na-grote-klap";"het RIVM";"Organisatie";"Openbare en semiopenbare instellingen";"";"";"0";"1";"7";"0";"0";"0";"0";"0";"0";"0";"0";"0";"0";"0";"0";"0";"0";"0";"0";"0";"0";"0";"0";"0";"0";"0";"0";"0";"0";"0";"0";"0";"0";"0";"0";"0";"0";"0";"0";"0";"0";"0";"0";"0";"0";"0";"0";"0";"0";"0";"0";"0";"0";"0";"0";"0";"0";"0";"0";"0";"0";"0";"0";"0";"0";"0";"0";"0";"0";"0";"0";"0";"0";"0";"0";"0";"337";"2417611_337"
"main_coder";2417611;"Overheid wilde pas informeren over corona na ""grote klap""";"2022-02-16";"https://nos.nl/artikel/2417611-overheid-wilde-pas-informeren-over-corona-na-grote-klap";"het RIVM";"Organisatie";"Openbare en semiopenbare instellingen";"";"";"0";"1";"7";"0";"0";"0";"0";"0";"0";"0";"0";"0";"0";"0";"0";"0";"0";"0";"0";"0";"0";"0";"0";"0";"0";"0";"0";"0";"0";"0";"0";"0";"0";"0";"0";"0";"0";"0";"0";"0";"0";"0";"0";"0";"0";"0";"0";"0";"0";"0";"0";"0";"0";"0";"0";"0";"0";"0";"0";"0";"0";"0";"0";"0";"0";"0";"0";"0";"0";"0";"0";"0";"0";"0";"0";"0";"337";"2417611_337"
"researcher";2417611;"Overheid wilde pas informeren over corona na ""grote klap""";"2022-02-16";"https://nos.nl/artikel/2417611-overheid-wilde-pas-informeren-over-corona-na-grote-klap";"het ministerie van Volksgezondheid";"Organisatie";"NL - Nationale regering - executive / uitvoerende macht";"";"NvT";"0";"1";"20";"0";"0";"0";"0";"0";"0";"0";"0";"0";"0";"0";"0";"0";"0";"0";"0";"0";"0";"0";"0";"0";"0";"0";"0";"0";"0";"0";"0";"0";"0";"0";"0";"0";"0";"0";"0";"0";"0";"0";"0";"0";"0";"0";"0";"0";"0";"0";"0";"0";"0";"0";"0";"0";"0";"0";"0";"0";"0";"0";"0";"0";"0";"0";"0";"0";"0";"0";"0";"0";"0";"0";"0";"0";"338";"2417611_338"
"second_coder";2417611;"Overheid wilde pas informeren over corona na ""grote klap""";"2022-02-16";"https://nos.nl/artikel/2417611-overheid-wilde-pas-informeren-over-corona-na-grote-klap";"het ministerie van Volksgezondheid";"Organisatie";"Openbare en semiopenbare instellingen";"";"";"0";"1";"20";"0";"0";"0";"0";"0";"0";"0";"0";"0";"0";"0";"0";"0";"0";"0";"0";"0";"0";"0";"0";"0";"0";"0";"0";"0";"0";"0";"0";"0";"0";"0";"0";"0";"0";"0";"0";"0";"0";"0";"0";"0";"0";"0";"0";"0";"0";"0";"0";"0";"0";"0";"0";"0";"0";"0";"0";"0";"0";"0";"0";"0";"0";"0";"0";"0";"0";"0";"0";"0";"0";"0";"0";"0";"338";"2417611_338"
"main_coder";2417611;"Overheid wilde pas informeren over corona na ""grote klap""";"2022-02-16";"https://nos.nl/artikel/2417611-overheid-wilde-pas-informeren-over-corona-na-grote-klap";"het ministerie van Volksgezondheid";"Organisatie";"NL - Nationale regering - executive / uitvoerende macht";"";"NvT";"0";"1";"27";"0";"0";"0";"0";"0";"0";"0";"0";"0";"0";"0";"0";"0";"0";"0";"0";"0";"0";"0";"0";"0";"0";"0";"0";"0";"0";"0";"0";"0";"0";"0";"0";"0";"0";"0";"0";"0";"0";"0";"0";"0";"0";"0";"0";"0";"0";"0";"0";"0";"0";"0";"0";"0";"0";"0";"0";"0";"0";"0";"0";"0";"0";"0";"0";"0";"0";"0";"0";"0";"0";"0";"0";"0";"338";"2417611_338"
"researcher";2427515;"Voor eerst sinds september 2020 minder dan 50 coronapatiënten op IC";"2022-05-04";"https://nos.nl/artikel/2427515-voor-eerst-sinds-september-2020-minder-dan-50-coronapatienten-op-ic";"Landelijk Coördinatiecentrum Patiënten Spreiding";"Organisatie";"Wetenschappelijke/medische organisaties en onderzoekers";"";"";"0";"1";"17";"0";"0";"0";"0";"0";"0";"0";"0";"0";"0";"0";"0";"0";"0";"0";"0";"0";"0";"0";"0";"0";"0";"0";"0";"0";"0";"0";"0";"0";"0";"0";"0";"0";"0";"0";"0";"0";"0";"0";"0";"0";"0";"0";"0";"0";"0";"0";"0";"0";"0";"0";"0";"0";"0";"0";"0";"0";"0";"0";"0";"0";"0";"0";"0";"0";"0";"0";"0";"0";"0";"0";"0";"0";"339";"2427515_339"
"second_coder";2427515;"Voor eerst sinds september 2020 minder dan 50 coronapatiënten op IC";"2022-05-04";"https://nos.nl/artikel/2427515-voor-eerst-sinds-september-2020-minder-dan-50-coronapatienten-op-ic";"Landelijk Coördinatiecentrum Patiënten Spreiding";"Organisatie";"Wetenschappelijke/medische organisaties en onderzoekers";"";"";"0";"1";"17";"0";"0";"0";"0";"0";"0";"0";"0";"0";"0";"0";"0";"0";"0";"0";"0";"0";"0";"0";"0";"0";"0";"0";"0";"0";"0";"0";"0";"0";"0";"0";"0";"0";"0";"0";"0";"0";"0";"0";"0";"0";"0";"0";"0";"0";"0";"0";"0";"0";"0";"0";"0";"0";"0";"0";"0";"0";"0";"0";"0";"0";"0";"0";"0";"0";"0";"0";"0";"0";"0";"0";"0";"0";"339";"2427515_339"
"main_coder";2427515;"Voor eerst sinds september 2020 minder dan 50 coronapatiënten op IC";"2022-05-04";"https://nos.nl/artikel/2427515-voor-eerst-sinds-september-2020-minder-dan-50-coronapatienten-op-ic";"Landelijk Coördinatiecentrum Patiënten Spreiding";"Organisatie";"Wetenschappelijke/medische organisaties en onderzoekers";"";"";"0";"1";"17";"0";"0";"0";"0";"0";"0";"0";"0";"0";"0";"0";"0";"0";"0";"0";"0";"0";"0";"0";"0";"0";"0";"0";"0";"0";"0";"0";"0";"0";"0";"0";"0";"0";"0";"0";"0";"0";"0";"0";"0";"0";"0";"0";"0";"0";"0";"0";"0";"0";"0";"0";"0";"0";"0";"0";"0";"0";"0";"0";"0";"0";"0";"0";"0";"0";"0";"0";"0";"0";"0";"0";"0";"0";"339";"2427515_339"
"researcher";2427515;"Voor eerst sinds september 2020 minder dan 50 coronapatiënten op IC";"2022-05-04";"https://nos.nl/artikel/2427515-voor-eerst-sinds-september-2020-minder-dan-50-coronapatienten-op-ic";"het kabinet";"Organisatie";"NL - Nationale regering - executive / uitvoerende macht";"";"NvT";"0";"1";"14";"1";"0";"0";"0";"0";"0";"0";"0";"0";"0";"0";"0";"0";"0";"0";"0";"0";"0";"0";"0";"0";"0";"0";"0";"0";"0";"0";"0";"0";"0";"0";"0";"0";"0";"0";"0";"0";"0";"0";"0";"0";"0";"0";"0";"0";"0";"0";"0";"0";"0";"0";"0";"0";"0";"0";"0";"0";"0";"0";"0";"0";"1";"0";"1";"0";"0";"0";"0";"0";"0";"0";"0";"0";"340";"2427515_340"
"second_coder";2427515;"Voor eerst sinds september 2020 minder dan 50 coronapatiënten op IC";"2022-05-04";"https://nos.nl/artikel/2427515-voor-eerst-sinds-september-2020-minder-dan-50-coronapatienten-op-ic";"het kabinet";"Organisatie";"NL - Nationale regering - executive / uitvoerende macht";"";"NvT";"0";"1";"9";"1";"0";"0";"0";"0";"0";"0";"0";"0";"0";"0";"0";"0";"0";"0";"0";"0";"0";"0";"0";"0";"0";"0";"0";"0";"0";"0";"0";"0";"0";"0";"0";"0";"0";"0";"0";"0";"0";"0";"0";"0";"0";"0";"0";"0";"0";"0";"0";"0";"0";"0";"0";"0";"0";"0";"0";"0";"0";"0";"0";"0";"1";"0";"1";"0";"0";"0";"0";"0";"0";"0";"0";"0";"340";"2427515_340"
"main_coder";2427515;"Voor eerst sinds september 2020 minder dan 50 coronapatiënten op IC";"2022-05-04";"https://nos.nl/artikel/2427515-voor-eerst-sinds-september-2020-minder-dan-50-coronapatienten-op-ic";"het kabinet";"Organisatie";"NL - Nationale regering - executive / uitvoerende macht";"";"NvT";"0";"1";"14";"1";"0";"0";"0";"0";"0";"0";"0";"0";"0";"0";"0";"0";"0";"0";"0";"0";"0";"0";"0";"0";"0";"0";"0";"0";"0";"0";"0";"0";"0";"0";"0";"0";"0";"0";"0";"0";"0";"0";"0";"0";"0";"0";"0";"0";"0";"0";"0";"0";"0";"0";"0";"0";"0";"0";"0";"0";"0";"0";"0";"0";"1";"0";"1";"0";"0";"0";"0";"0";"0";"0";"0";"0";"340";"2427515_340"
"second_coder";2427515;"Voor eerst sinds september 2020 minder dan 50 coronapatiënten op IC";"2022-05-04";"https://nos.nl/artikel/2427515-voor-eerst-sinds-september-2020-minder-dan-50-coronapatienten-op-ic";"ministerie van Volksgezondheid";"Organisatie";"NL - Nationale regering - executive / uitvoerende macht";"";"NvT";"0";"1";"14";"0";"0";"0";"0";"0";"0";"0";"0";"0";"0";"0";"0";"0";"0";"0";"0";"0";"0";"0";"0";"0";"0";"0";"0";"0";"0";"0";"0";"0";"0";"0";"0";"0";"0";"0";"0";"0";"0";"0";"0";"0";"0";"0";"0";"0";"0";"0";"0";"0";"0";"0";"0";"0";"0";"0";"0";"0";"0";"0";"0";"0";"0";"0";"0";"0";"0";"0";"0";"0";"0";"0";"0";"0";"341";"2427515_341"
"researcher";2428330;"Lockdown trof mentale gezondheid jongeren, veel ouderen voelden zich juist goed ";"2022-05-11";"https://nos.nl/artikel/2428330-lockdown-trof-mentale-gezondheid-jongeren-veel-ouderen-voelden-zich-juist-goed";"Commissie Actuele Nederlandse Suïcide Registratie (CANS)";"Organisatie";"Openbare en semiopenbare instellingen";"";"";"0";"1";"16";"0";"0";"0";"0";"0";"0";"0";"0";"0";"0";"0";"0";"0";"0";"0";"0";"0";"0";"0";"0";"0";"0";"0";"0";"0";"0";"0";"0";"0";"0";"0";"0";"0";"0";"0";"0";"0";"0";"0";"0";"0";"0";"0";"0";"0";"0";"0";"0";"0";"0";"0";"0";"0";"0";"0";"0";"0";"0";"0";"0";"0";"0";"0";"0";"0";"0";"0";"0";"0";"0";"0";"0";"0";"342";"2428330_342"
"second_coder";2428330;"Lockdown trof mentale gezondheid jongeren, veel ouderen voelden zich juist goed ";"2022-05-11";"https://nos.nl/artikel/2428330-lockdown-trof-mentale-gezondheid-jongeren-veel-ouderen-voelden-zich-juist-goed";"Commissie Actuele Nederlandse Suïcide Registratie (CANS)";"Organisatie";"Openbare en semiopenbare instellingen";"";"";"0";"1";"16";"0";"0";"0";"0";"0";"0";"0";"0";"0";"0";"0";"0";"0";"0";"0";"0";"0";"0";"0";"0";"0";"0";"0";"0";"0";"0";"0";"0";"0";"0";"0";"0";"0";"0";"0";"0";"0";"0";"0";"0";"0";"0";"0";"0";"0";"0";"0";"0";"0";"0";"0";"0";"0";"0";"0";"0";"0";"0";"0";"0";"0";"0";"0";"0";"0";"0";"0";"0";"0";"0";"0";"0";"0";"342";"2428330_342"
"main_coder";2428330;"Lockdown trof mentale gezondheid jongeren, veel ouderen voelden zich juist goed ";"2022-05-11";"https://nos.nl/artikel/2428330-lockdown-trof-mentale-gezondheid-jongeren-veel-ouderen-voelden-zich-juist-goed";"Commissie Actuele Nederlandse Suïcide Registratie (CANS)";"Organisatie";"Wetenschappelijke/medische organisaties en onderzoekers";"";"";"0";"1";"15";"0";"0";"0";"0";"0";"0";"0";"0";"0";"0";"0";"0";"0";"0";"0";"0";"0";"0";"0";"0";"0";"0";"0";"0";"0";"0";"0";"0";"0";"0";"0";"0";"0";"0";"0";"0";"0";"0";"0";"0";"0";"0";"0";"0";"0";"0";"0";"0";"0";"0";"0";"0";"0";"0";"0";"0";"0";"0";"0";"0";"0";"0";"0";"0";"0";"0";"0";"0";"0";"0";"0";"0";"0";"342";"2428330_342"
"researcher";2428330;"Lockdown trof mentale gezondheid jongeren, veel ouderen voelden zich juist goed ";"2022-05-11";"https://nos.nl/artikel/2428330-lockdown-trof-mentale-gezondheid-jongeren-veel-ouderen-voelden-zich-juist-goed";"De onderzoekers";"Persoon";"Wetenschappelijke/medische organisaties en onderzoekers";"";"";"0";"1";"23";"0";"0";"0";"0";"0";"0";"0";"0";"0";"0";"0";"0";"0";"0";"0";"0";"0";"0";"0";"0";"0";"0";"0";"0";"0";"0";"0";"0";"0";"0";"0";"0";"0";"0";"0";"0";"0";"0";"0";"0";"0";"0";"0";"0";"0";"0";"0";"0";"0";"0";"0";"0";"0";"0";"0";"0";"0";"0";"0";"0";"0";"0";"0";"0";"0";"0";"0";"0";"0";"0";"0";"0";"0";"343";"2428330_343"
"main_coder";2428330;"Lockdown trof mentale gezondheid jongeren, veel ouderen voelden zich juist goed ";"2022-05-11";"https://nos.nl/artikel/2428330-lockdown-trof-mentale-gezondheid-jongeren-veel-ouderen-voelden-zich-juist-goed";"De onderzoekers";"Persoon";"Wetenschappelijke/medische organisaties en onderzoekers";"";"";"0";"1";"23";"0";"0";"0";"0";"0";"0";"0";"0";"0";"0";"0";"0";"0";"0";"0";"0";"0";"0";"0";"0";"0";"0";"0";"0";"0";"0";"0";"0";"0";"0";"0";"0";"0";"0";"0";"0";"0";"0";"0";"0";"0";"0";"0";"0";"0";"0";"0";"0";"0";"0";"0";"0";"0";"0";"0";"0";"0";"0";"0";"0";"0";"0";"0";"0";"0";"0";"0";"0";"0";"0";"0";"0";"0";"343";"2428330_343"
"researcher";2428330;"Lockdown trof mentale gezondheid jongeren, veel ouderen voelden zich juist goed ";"2022-05-11";"https://nos.nl/artikel/2428330-lockdown-trof-mentale-gezondheid-jongeren-veel-ouderen-voelden-zich-juist-goed";"Michel Dückers";"Persoon";"Wetenschappelijke/medische organisaties en onderzoekers";"";"";"1";"1";"158";"1";"1";"0";"0";"1";"0";"0";"0";"0";"0";"0";"0";"0";"0";"0";"0";"0";"0";"0";"0";"0";"0";"0";"0";"0";"0";"0";"0";"0";"0";"0";"0";"0";"0";"0";"0";"0";"0";"0";"0";"0";"0";"0";"0";"0";"0";"0";"0";"0";"0";"0";"0";"0";"0";"0";"0";"0";"0";"0";"0";"0";"1";"0";"1";"0";"0";"0";"0";"0";"0";"0";"0";"0";"344";"2428330_344"
"second_coder";2428330;"Lockdown trof mentale gezondheid jongeren, veel ouderen voelden zich juist goed ";"2022-05-11";"https://nos.nl/artikel/2428330-lockdown-trof-mentale-gezondheid-jongeren-veel-ouderen-voelden-zich-juist-goed";"Michel Dückers";"Persoon";"Wetenschappelijke/medische organisaties en onderzoekers";"";"";"1";"1";"158";"1";"0";"0";"0";"0";"0";"0";"0";"0";"0";"0";"0";"0";"0";"0";"0";"0";"0";"0";"0";"0";"0";"0";"0";"0";"0";"0";"0";"0";"0";"0";"0";"0";"0";"0";"0";"0";"0";"0";"0";"0";"0";"0";"0";"0";"0";"0";"0";"0";"0";"0";"0";"0";"0";"0";"0";"0";"0";"0";"0";"0";"1";"0";"1";"0";"0";"0";"0";"0";"0";"0";"0";"0";"344";"2428330_344"
"main_coder";2428330;"Lockdown trof mentale gezondheid jongeren, veel ouderen voelden zich juist goed ";"2022-05-11";"https://nos.nl/artikel/2428330-lockdown-trof-mentale-gezondheid-jongeren-veel-ouderen-voelden-zich-juist-goed";"Michel Dückers";"Persoon";"Wetenschappelijke/medische organisaties en onderzoekers";"";"";"1";"0";"151";"1";"1";"0";"0";"1";"0";"0";"0";"0";"0";"0";"0";"0";"0";"0";"0";"0";"0";"0";"0";"0";"0";"0";"0";"0";"0";"0";"0";"0";"0";"0";"0";"0";"0";"0";"0";"0";"0";"0";"0";"0";"0";"0";"0";"0";"0";"0";"0";"0";"0";"0";"0";"0";"0";"0";"0";"0";"0";"0";"0";"0";"0";"0";"0";"0";"0";"0";"0";"0";"0";"0";"0";"0";"344";"2428330_344"
"researcher";2428330;"Lockdown trof mentale gezondheid jongeren, veel ouderen voelden zich juist goed ";"2022-05-11";"https://nos.nl/artikel/2428330-lockdown-trof-mentale-gezondheid-jongeren-veel-ouderen-voelden-zich-juist-goed";"Netwerk GOR";"Organisatie";"Openbare en semiopenbare instellingen";"";"";"0";"1";"54";"0";"0";"0";"0";"0";"0";"0";"0";"0";"0";"0";"0";"0";"0";"0";"0";"0";"0";"0";"0";"0";"0";"0";"0";"0";"0";"0";"0";"0";"0";"0";"0";"0";"0";"0";"0";"0";"0";"0";"0";"0";"0";"0";"0";"0";"0";"0";"0";"0";"0";"0";"0";"0";"0";"0";"0";"0";"0";"0";"0";"0";"0";"0";"0";"0";"0";"0";"0";"0";"0";"0";"0";"0";"345";"2428330_345"
"second_coder";2428330;"Lockdown trof mentale gezondheid jongeren, veel ouderen voelden zich juist goed ";"2022-05-11";"https://nos.nl/artikel/2428330-lockdown-trof-mentale-gezondheid-jongeren-veel-ouderen-voelden-zich-juist-goed";"Netwerk GOR";"Organisatie";"Openbare en semiopenbare instellingen";"";"";"0";"1";"54";"0";"0";"0";"0";"0";"0";"0";"0";"0";"0";"0";"0";"0";"0";"0";"0";"0";"0";"0";"0";"0";"0";"0";"0";"0";"0";"0";"0";"0";"0";"0";"0";"0";"0";"0";"0";"0";"0";"0";"0";"0";"0";"0";"0";"0";"0";"0";"0";"0";"0";"0";"0";"0";"0";"0";"0";"0";"0";"0";"0";"0";"0";"0";"0";"0";"0";"0";"0";"0";"0";"0";"0";"0";"345";"2428330_345"
"main_coder";2428330;"Lockdown trof mentale gezondheid jongeren, veel ouderen voelden zich juist goed ";"2022-05-11";"https://nos.nl/artikel/2428330-lockdown-trof-mentale-gezondheid-jongeren-veel-ouderen-voelden-zich-juist-goed";"Netwerk GOR";"Organisatie";"Openbare en semiopenbare instellingen";"";"";"0";"1";"20";"0";"0";"0";"0";"0";"0";"0";"0";"0";"0";"0";"0";"0";"0";"0";"0";"0";"0";"0";"0";"0";"0";"0";"0";"0";"0";"0";"0";"0";"0";"0";"0";"0";"0";"0";"0";"0";"0";"0";"0";"0";"0";"0";"0";"0";"0";"0";"0";"0";"0";"0";"0";"0";"0";"0";"0";"0";"0";"0";"0";"0";"0";"0";"0";"0";"0";"0";"0";"0";"0";"0";"0";"0";"345";"2428330_345"
"researcher";2432686;"Post-covid kan nog eens duizenden zorgmedewerkers baan kosten";"2022-06-14";"https://nos.nl/artikel/2432686-post-covid-kan-nog-eens-duizenden-zorgmedewerkers-baan-kosten";"Het kabinet";"Organisatie";"NL - Nationale regering - executive / uitvoerende macht";"";"NvT";"0";"1";"7";"0";"0";"0";"0";"0";"0";"0";"0";"0";"0";"0";"0";"0";"0";"0";"0";"0";"0";"0";"0";"0";"0";"0";"0";"0";"0";"0";"0";"0";"0";"0";"0";"0";"0";"0";"0";"0";"0";"0";"0";"0";"0";"0";"0";"0";"0";"0";"0";"0";"0";"0";"0";"0";"0";"0";"0";"0";"0";"0";"0";"0";"0";"0";"0";"0";"0";"0";"0";"0";"0";"0";"0";"0";"346";"2432686_346"
"second_coder";2432686;"Post-covid kan nog eens duizenden zorgmedewerkers baan kosten";"2022-06-14";"https://nos.nl/artikel/2432686-post-covid-kan-nog-eens-duizenden-zorgmedewerkers-baan-kosten";"Het kabinet";"Organisatie";"NL - Nationale regering - executive / uitvoerende macht";"";"NvT";"0";"1";"7";"0";"0";"0";"0";"0";"0";"0";"0";"0";"0";"0";"0";"0";"0";"0";"0";"0";"0";"0";"0";"0";"0";"0";"0";"0";"0";"0";"0";"0";"0";"0";"0";"0";"0";"0";"0";"0";"0";"0";"0";"0";"0";"0";"0";"0";"0";"0";"0";"0";"0";"0";"0";"0";"0";"0";"0";"0";"0";"0";"0";"0";"0";"0";"0";"0";"0";"0";"0";"0";"0";"0";"0";"0";"346";"2432686_346"
"main_coder";2432686;"Post-covid kan nog eens duizenden zorgmedewerkers baan kosten";"2022-06-14";"https://nos.nl/artikel/2432686-post-covid-kan-nog-eens-duizenden-zorgmedewerkers-baan-kosten";"Het kabinet";"Organisatie";"NL - Nationale regering - executive / uitvoerende macht";"";"NvT";"0";"1";"7";"0";"0";"0";"0";"0";"0";"0";"0";"0";"0";"0";"0";"0";"0";"0";"0";"0";"0";"0";"0";"0";"0";"0";"0";"0";"0";"0";"0";"0";"0";"0";"0";"0";"0";"0";"0";"0";"0";"0";"0";"0";"0";"0";"0";"0";"0";"0";"0";"0";"0";"0";"0";"0";"0";"0";"0";"0";"0";"0";"0";"0";"0";"0";"0";"0";"0";"0";"0";"0";"0";"0";"0";"0";"346";"2432686_346"
"researcher";2432686;"Post-covid kan nog eens duizenden zorgmedewerkers baan kosten";"2022-06-14";"https://nos.nl/artikel/2432686-post-covid-kan-nog-eens-duizenden-zorgmedewerkers-baan-kosten";"Minister Helder";"Persoon";"NL - Nationale regering - executive / uitvoerende macht";"";"VVD";"0";"1";"9";"0";"0";"0";"0";"0";"0";"0";"0";"0";"0";"0";"0";"0";"0";"0";"0";"0";"0";"0";"0";"0";"0";"0";"0";"0";"0";"0";"0";"0";"0";"0";"0";"0";"0";"0";"0";"0";"0";"0";"0";"0";"0";"0";"0";"0";"0";"0";"0";"0";"0";"0";"0";"0";"0";"0";"0";"0";"0";"0";"0";"0";"0";"0";"0";"0";"0";"0";"0";"0";"0";"0";"0";"0";"347";"2432686_347"
"second_coder";2432686;"Post-covid kan nog eens duizenden zorgmedewerkers baan kosten";"2022-06-14";"https://nos.nl/artikel/2432686-post-covid-kan-nog-eens-duizenden-zorgmedewerkers-baan-kosten";"Minister Helder";"Persoon";"NL - Nationale regering - executive / uitvoerende macht";"";"VVD";"0";"1";"12";"0";"0";"0";"0";"0";"0";"0";"0";"0";"0";"0";"0";"0";"0";"0";"0";"0";"0";"0";"0";"0";"0";"0";"0";"0";"0";"0";"0";"0";"0";"0";"0";"0";"0";"0";"0";"0";"0";"0";"0";"0";"0";"0";"0";"0";"0";"0";"0";"0";"0";"0";"0";"0";"0";"0";"0";"0";"0";"0";"0";"0";"0";"0";"0";"0";"0";"0";"0";"0";"0";"0";"0";"0";"347";"2432686_347"
"main_coder";2432686;"Post-covid kan nog eens duizenden zorgmedewerkers baan kosten";"2022-06-14";"https://nos.nl/artikel/2432686-post-covid-kan-nog-eens-duizenden-zorgmedewerkers-baan-kosten";"Minister Helder";"Persoon";"NL - Nationale regering - executive / uitvoerende macht";"";"VVD";"0";"1";"9";"0";"0";"0";"0";"0";"0";"0";"0";"0";"0";"0";"0";"0";"0";"0";"0";"0";"0";"0";"0";"0";"0";"0";"0";"0";"0";"0";"0";"0";"0";"0";"0";"0";"0";"0";"0";"0";"0";"0";"0";"0";"0";"0";"0";"0";"0";"0";"0";"0";"0";"0";"0";"0";"0";"0";"0";"0";"0";"0";"0";"0";"0";"0";"0";"0";"0";"0";"0";"0";"0";"0";"0";"0";"347";"2432686_347"
"main_coder";2432686;"Post-covid kan nog eens duizenden zorgmedewerkers baan kosten";"2022-06-14";"https://nos.nl/artikel/2432686-post-covid-kan-nog-eens-duizenden-zorgmedewerkers-baan-kosten";"de NOS";"Organisatie";"Journalisten anders dan de schrijver van het huidige artikel of nieuwsorganisaties anders dan de nieuwsorganisatie van het huidige artikel.";"";"";"0";"1";"10";"0";"0";"0";"0";"0";"0";"0";"0";"0";"0";"0";"0";"0";"0";"0";"0";"0";"0";"0";"0";"0";"0";"0";"0";"0";"0";"0";"0";"0";"0";"0";"0";"0";"0";"0";"0";"0";"0";"0";"0";"0";"0";"0";"0";"0";"0";"0";"0";"0";"0";"0";"0";"0";"0";"0";"0";"0";"0";"0";"0";"0";"0";"0";"0";"0";"0";"0";"0";"0";"0";"0";"0";"0";"348";"2432686_348"
"researcher";2432686;"Post-covid kan nog eens duizenden zorgmedewerkers baan kosten";"2022-06-14";"https://nos.nl/artikel/2432686-post-covid-kan-nog-eens-duizenden-zorgmedewerkers-baan-kosten";"een van zorgmedewerkers die zich hebben gemeld";"Persoon";"Wetenschappelijke/medische organisaties en onderzoekers";"";"";"1";"0";"17";"0";"0";"0";"0";"0";"0";"0";"0";"0";"0";"0";"0";"0";"0";"0";"0";"0";"0";"0";"0";"0";"0";"0";"0";"0";"0";"0";"0";"0";"0";"0";"0";"0";"0";"0";"0";"0";"0";"0";"0";"0";"0";"0";"0";"0";"0";"0";"0";"0";"0";"0";"0";"0";"0";"0";"0";"0";"0";"0";"0";"0";"0";"0";"0";"0";"0";"0";"0";"0";"0";"0";"0";"0";"349";"2432686_349"
"second_coder";2432686;"Post-covid kan nog eens duizenden zorgmedewerkers baan kosten";"2022-06-14";"https://nos.nl/artikel/2432686-post-covid-kan-nog-eens-duizenden-zorgmedewerkers-baan-kosten";"een van zorgmedewerkers die zich hebben gemeld";"Persoon";"Wetenschappelijke/medische organisaties en onderzoekers";"";"";"1";"0";"17";"0";"0";"0";"0";"0";"0";"0";"0";"0";"0";"0";"0";"0";"0";"0";"0";"0";"0";"0";"0";"0";"0";"0";"0";"0";"0";"0";"0";"0";"0";"0";"0";"0";"0";"0";"0";"0";"0";"0";"0";"0";"0";"0";"0";"0";"0";"0";"0";"0";"0";"0";"0";"0";"0";"0";"0";"0";"0";"0";"0";"0";"0";"0";"0";"0";"0";"0";"0";"0";"0";"0";"0";"0";"349";"2432686_349"
"main_coder";2432686;"Post-covid kan nog eens duizenden zorgmedewerkers baan kosten";"2022-06-14";"https://nos.nl/artikel/2432686-post-covid-kan-nog-eens-duizenden-zorgmedewerkers-baan-kosten";"een van zorgmedewerkers die zich hebben gemeld";"Persoon";"Publiek en leden van het publiek, publieke opiniepeilingen en hun respondenten";"";"";"1";"0";"17";"0";"0";"0";"0";"0";"0";"0";"0";"0";"0";"0";"0";"0";"0";"0";"0";"0";"0";"0";"0";"0";"0";"0";"0";"0";"0";"0";"0";"0";"0";"0";"0";"0";"0";"0";"0";"0";"0";"0";"0";"0";"0";"0";"0";"0";"0";"0";"0";"0";"0";"0";"0";"0";"0";"0";"0";"0";"0";"0";"0";"0";"0";"0";"0";"0";"0";"0";"0";"0";"0";"0";"0";"0";"349";"2432686_349"
"researcher";2432686;"Post-covid kan nog eens duizenden zorgmedewerkers baan kosten";"2022-06-14";"https://nos.nl/artikel/2432686-post-covid-kan-nog-eens-duizenden-zorgmedewerkers-baan-kosten";"vakbond FNV";"Organisatie";"Niet-governementele organisaties (NGO), maatschappelijke organisaties, en hun leden";"";"";"0";"1";"22";"0";"0";"0";"0";"0";"0";"0";"0";"0";"0";"0";"0";"0";"0";"0";"0";"0";"0";"0";"0";"0";"0";"0";"0";"0";"0";"0";"0";"0";"0";"0";"0";"0";"0";"0";"0";"0";"0";"0";"0";"0";"0";"0";"0";"0";"0";"0";"0";"0";"0";"0";"0";"0";"0";"0";"0";"0";"0";"0";"0";"0";"0";"0";"0";"0";"0";"0";"0";"0";"0";"0";"0";"0";"350";"2432686_350"
"second_coder";2432686;"Post-covid kan nog eens duizenden zorgmedewerkers baan kosten";"2022-06-14";"https://nos.nl/artikel/2432686-post-covid-kan-nog-eens-duizenden-zorgmedewerkers-baan-kosten";"vakbond FNV";"Organisatie";"Niet-governementele organisaties (NGO), maatschappelijke organisaties, en hun leden";"";"";"0";"1";"22";"0";"0";"0";"0";"0";"0";"0";"0";"0";"0";"0";"0";"0";"0";"0";"0";"0";"0";"0";"0";"0";"0";"0";"0";"0";"0";"0";"0";"0";"0";"0";"0";"0";"0";"0";"0";"0";"0";"0";"0";"0";"0";"0";"0";"0";"0";"0";"0";"0";"0";"0";"0";"0";"0";"0";"0";"0";"0";"0";"0";"0";"0";"0";"0";"0";"0";"0";"0";"0";"0";"0";"0";"0";"350";"2432686_350"
"main_coder";2432686;"Post-covid kan nog eens duizenden zorgmedewerkers baan kosten";"2022-06-14";"https://nos.nl/artikel/2432686-post-covid-kan-nog-eens-duizenden-zorgmedewerkers-baan-kosten";"vakbond FNV";"Organisatie";"Niet-governementele organisaties (NGO), maatschappelijke organisaties, en hun leden";"";"";"0";"1";"41";"0";"0";"0";"0";"0";"0";"0";"0";"0";"0";"0";"0";"0";"0";"0";"0";"0";"0";"0";"0";"0";"0";"0";"0";"0";"0";"0";"0";"0";"0";"0";"0";"0";"0";"0";"0";"0";"0";"0";"0";"0";"0";"0";"0";"0";"0";"0";"0";"0";"0";"0";"0";"0";"0";"0";"0";"0";"0";"0";"0";"0";"0";"0";"0";"0";"0";"0";"0";"0";"0";"0";"0";"0";"350";"2432686_350"
"researcher";2441951;"""9 op 10 opgenomen coronapatiënten hebben jaar later nog klachten""";"2022-08-25";"https://nos.nl/artikel/2441951-9-op-10-opgenomen-coronapatienten-hebben-jaar-later-nog-klachten";"Merel Hellemons";"Persoon";"Wetenschappelijke/medische organisaties en onderzoekers";"";"";"1";"0";"61";"0";"0";"0";"0";"0";"0";"0";"0";"0";"0";"0";"0";"0";"0";"0";"0";"0";"0";"0";"0";"0";"0";"0";"0";"0";"0";"0";"0";"0";"0";"0";"0";"0";"0";"0";"0";"0";"0";"0";"0";"0";"0";"0";"0";"0";"0";"0";"0";"0";"0";"0";"0";"0";"0";"0";"0";"0";"0";"0";"0";"0";"0";"0";"0";"0";"0";"0";"0";"0";"0";"0";"0";"0";"351";"2441951_351"
"second_coder";2441951;"""9 op 10 opgenomen coronapatiënten hebben jaar later nog klachten""";"2022-08-25";"https://nos.nl/artikel/2441951-9-op-10-opgenomen-coronapatienten-hebben-jaar-later-nog-klachten";"Merel Hellemons";"Persoon";"Wetenschappelijke/medische organisaties en onderzoekers";"";"";"1";"0";"61";"0";"0";"0";"0";"0";"0";"0";"0";"0";"0";"0";"0";"0";"0";"0";"0";"0";"0";"0";"0";"0";"0";"0";"0";"0";"0";"0";"0";"0";"0";"0";"0";"0";"0";"0";"0";"0";"0";"0";"0";"0";"0";"0";"0";"0";"0";"0";"0";"0";"0";"0";"0";"0";"0";"0";"0";"0";"0";"0";"0";"0";"0";"0";"0";"0";"0";"0";"0";"0";"0";"0";"0";"0";"351";"2441951_351"
"main_coder";2441951;"""9 op 10 opgenomen coronapatiënten hebben jaar later nog klachten""";"2022-08-25";"https://nos.nl/artikel/2441951-9-op-10-opgenomen-coronapatienten-hebben-jaar-later-nog-klachten";"Merel Hellemons";"Persoon";"Wetenschappelijke/medische organisaties en onderzoekers";"";"";"1";"0";"61";"0";"0";"0";"0";"0";"0";"0";"0";"0";"0";"0";"0";"0";"0";"0";"0";"0";"0";"0";"0";"0";"0";"0";"0";"0";"0";"0";"0";"0";"0";"0";"0";"0";"0";"0";"0";"0";"0";"0";"0";"0";"0";"0";"0";"0";"0";"0";"0";"0";"0";"0";"0";"0";"0";"0";"0";"0";"0";"0";"0";"0";"0";"0";"0";"0";"0";"0";"0";"0";"0";"0";"0";"0";"351";"2441951_351"
"researcher";2441951;"""9 op 10 opgenomen coronapatiënten hebben jaar later nog klachten""";"2022-08-25";"https://nos.nl/artikel/2441951-9-op-10-opgenomen-coronapatienten-hebben-jaar-later-nog-klachten";"RIVM";"Organisatie";"Openbare en semiopenbare instellingen";"";"";"0";"1";"12";"0";"0";"0";"0";"0";"0";"0";"0";"0";"0";"0";"0";"0";"0";"0";"0";"0";"0";"0";"0";"0";"0";"0";"0";"0";"0";"0";"0";"0";"0";"0";"0";"0";"0";"0";"0";"0";"0";"0";"0";"0";"0";"0";"0";"0";"0";"0";"0";"0";"0";"0";"0";"0";"0";"0";"0";"0";"0";"0";"0";"0";"0";"0";"0";"0";"0";"0";"0";"0";"0";"0";"0";"0";"352";"2441951_352"
"second_coder";2441951;"""9 op 10 opgenomen coronapatiënten hebben jaar later nog klachten""";"2022-08-25";"https://nos.nl/artikel/2441951-9-op-10-opgenomen-coronapatienten-hebben-jaar-later-nog-klachten";"RIVM";"Organisatie";"Openbare en semiopenbare instellingen";"";"";"0";"1";"12";"0";"0";"0";"0";"0";"0";"0";"0";"0";"0";"0";"0";"0";"0";"0";"0";"0";"0";"0";"0";"0";"0";"0";"0";"0";"0";"0";"0";"0";"0";"0";"0";"0";"0";"0";"0";"0";"0";"0";"0";"0";"0";"0";"0";"0";"0";"0";"0";"0";"0";"0";"0";"0";"0";"0";"0";"0";"0";"0";"0";"0";"0";"0";"0";"0";"0";"0";"0";"0";"0";"0";"0";"0";"352";"2441951_352"
"main_coder";2441951;"""9 op 10 opgenomen coronapatiënten hebben jaar later nog klachten""";"2022-08-25";"https://nos.nl/artikel/2441951-9-op-10-opgenomen-coronapatienten-hebben-jaar-later-nog-klachten";"RIVM";"Organisatie";"Openbare en semiopenbare instellingen";"";"";"0";"1";"12";"0";"0";"0";"0";"0";"0";"0";"0";"0";"0";"0";"0";"0";"0";"0";"0";"0";"0";"0";"0";"0";"0";"0";"0";"0";"0";"0";"0";"0";"0";"0";"0";"0";"0";"0";"0";"0";"0";"0";"0";"0";"0";"0";"0";"0";"0";"0";"0";"0";"0";"0";"0";"0";"0";"0";"0";"0";"0";"0";"0";"0";"0";"0";"0";"0";"0";"0";"0";"0";"0";"0";"0";"0";"352";"2441951_352"
"researcher";2441951;"""9 op 10 opgenomen coronapatiënten hebben jaar later nog klachten""";"2022-08-25";"https://nos.nl/artikel/2441951-9-op-10-opgenomen-coronapatienten-hebben-jaar-later-nog-klachten";"de onderzoekers";"Persoon";"Wetenschappelijke/medische organisaties en onderzoekers";"";"";"0";"1";"16";"0";"0";"0";"0";"0";"0";"0";"0";"0";"0";"0";"0";"0";"0";"0";"0";"0";"0";"0";"0";"0";"0";"0";"0";"0";"0";"0";"0";"0";"0";"0";"0";"0";"0";"0";"0";"0";"0";"0";"0";"0";"0";"0";"0";"0";"0";"0";"0";"0";"0";"0";"0";"0";"0";"0";"0";"0";"0";"0";"0";"0";"0";"0";"0";"0";"0";"0";"0";"0";"0";"0";"0";"0";"353";"2441951_353"
"main_coder";2441951;"""9 op 10 opgenomen coronapatiënten hebben jaar later nog klachten""";"2022-08-25";"https://nos.nl/artikel/2441951-9-op-10-opgenomen-coronapatienten-hebben-jaar-later-nog-klachten";"de onderzoekers";"Persoon";"Wetenschappelijke/medische organisaties en onderzoekers";"";"";"0";"1";"16";"0";"0";"0";"0";"0";"0";"0";"0";"0";"0";"0";"0";"0";"0";"0";"0";"0";"0";"0";"0";"0";"0";"0";"0";"0";"0";"0";"0";"0";"0";"0";"0";"0";"0";"0";"0";"0";"0";"0";"0";"0";"0";"0";"0";"0";"0";"0";"0";"0";"0";"0";"0";"0";"0";"0";"0";"0";"0";"0";"0";"0";"0";"0";"0";"0";"0";"0";"0";"0";"0";"0";"0";"0";"353";"2441951_353"
"second_coder";2441951;"""9 op 10 opgenomen coronapatiënten hebben jaar later nog klachten""";"2022-08-25";"https://nos.nl/artikel/2441951-9-op-10-opgenomen-coronapatienten-hebben-jaar-later-nog-klachten";"de wetenschappers";"Persoon";"Wetenschappelijke/medische organisaties en onderzoekers";"";"";"0";"1";"6";"0";"0";"0";"0";"0";"0";"0";"0";"0";"0";"0";"0";"0";"0";"0";"0";"0";"0";"0";"0";"0";"0";"0";"0";"0";"0";"0";"0";"0";"0";"0";"0";"0";"0";"0";"0";"0";"0";"0";"0";"0";"0";"0";"0";"0";"0";"0";"0";"0";"0";"0";"0";"0";"0";"0";"0";"0";"0";"0";"0";"0";"0";"0";"0";"0";"0";"0";"0";"0";"0";"0";"0";"0";"354";"2441951_354"
"researcher";2454001;"Protesten in China tegen coronabeleid na brand met tien doden";"2022-11-26";"https://nos.nl/artikel/2454001-protesten-in-china-tegen-coronabeleid-na-brand-met-tien-doden";"Garrie van Pinxteren";"Persoon";"Journalisten anders dan de schrijver van het huidige artikel of nieuwsorganisaties anders dan de nieuwsorganisatie van het huidige artikel.";"";"";"1";"0";"92";"1";"1";"0";"0";"1";"0";"0";"0";"0";"0";"0";"0";"0";"0";"0";"0";"0";"0";"0";"0";"0";"0";"0";"0";"0";"0";"0";"0";"0";"0";"0";"0";"0";"0";"0";"0";"0";"0";"0";"0";"0";"0";"0";"0";"0";"0";"0";"0";"0";"0";"0";"0";"0";"0";"0";"0";"0";"0";"0";"0";"0";"1";"0";"0";"1";"0";"0";"0";"0";"0";"0";"0";"0";"355";"2454001_355"
"main_coder";2454001;"Protesten in China tegen coronabeleid na brand met tien doden";"2022-11-26";"https://nos.nl/artikel/2454001-protesten-in-china-tegen-coronabeleid-na-brand-met-tien-doden";"Garrie van Pinxteren";"Persoon";"Journalisten anders dan de schrijver van het huidige artikel of nieuwsorganisaties anders dan de nieuwsorganisatie van het huidige artikel.";"";"";"1";"0";"92";"1";"1";"0";"0";"1";"0";"0";"0";"0";"0";"0";"0";"0";"0";"0";"0";"0";"0";"0";"0";"0";"0";"0";"0";"0";"0";"0";"0";"0";"0";"0";"0";"0";"0";"0";"0";"0";"0";"0";"0";"0";"0";"0";"0";"0";"0";"0";"0";"0";"0";"0";"0";"0";"0";"0";"0";"0";"0";"0";"0";"0";"1";"0";"0";"1";"0";"0";"0";"0";"0";"0";"0";"0";"355";"2454001_355"
"researcher";2454001;"Protesten in China tegen coronabeleid na brand met tien doden";"2022-11-26";"https://nos.nl/artikel/2454001-protesten-in-china-tegen-coronabeleid-na-brand-met-tien-doden";"Lokale autoriteiten";"Organisatie";"Regeringen/regeringsleiders/regeringsleden en/of andere politici in een ander land dan NL, op nationaal of lokaal niveau OF staatsorganisaties en hun ambtenaren";"";"";"0";"1";"15";"0";"0";"0";"0";"0";"0";"0";"0";"0";"0";"0";"0";"0";"0";"0";"0";"0";"0";"0";"0";"0";"0";"0";"0";"0";"0";"0";"0";"0";"0";"0";"0";"0";"0";"0";"0";"0";"0";"0";"0";"0";"0";"0";"0";"0";"0";"0";"0";"0";"0";"0";"0";"0";"0";"0";"0";"0";"0";"0";"0";"0";"0";"0";"0";"0";"0";"0";"0";"0";"0";"0";"0";"0";"356";"2454001_356"
"main_coder";2454001;"Protesten in China tegen coronabeleid na brand met tien doden";"2022-11-26";"https://nos.nl/artikel/2454001-protesten-in-china-tegen-coronabeleid-na-brand-met-tien-doden";"Lokale autoriteiten";"Organisatie";"Regeringen/regeringsleiders/regeringsleden en/of andere politici in een ander land dan NL, op nationaal of lokaal niveau OF staatsorganisaties en hun ambtenaren";"";"";"0";"1";"15";"0";"0";"0";"0";"0";"0";"0";"0";"0";"0";"0";"0";"0";"0";"0";"0";"0";"0";"0";"0";"0";"0";"0";"0";"0";"0";"0";"0";"0";"0";"0";"0";"0";"0";"0";"0";"0";"0";"0";"0";"0";"0";"0";"0";"0";"0";"0";"0";"0";"0";"0";"0";"0";"0";"0";"0";"0";"0";"0";"0";"0";"0";"0";"0";"0";"0";"0";"0";"0";"0";"0";"0";"0";"356";"2454001_356"
"researcher";2456638;"Kabinet draagt bij aan toekomstig fonds voor zorgwerkers met long covid";"2022-12-16";"https://nos.nl/artikel/2456638-kabinet-draagt-bij-aan-toekomstig-fonds-voor-zorgwerkers-met-long-covid";"Gaby Perin-Gopie";"Persoon";"Niet-governementele organisaties (NGO), maatschappelijke organisaties, en hun leden";"";"";"1";"1";"52";"0";"0";"0";"0";"0";"0";"0";"0";"0";"0";"0";"0";"0";"0";"0";"0";"0";"0";"0";"0";"0";"0";"0";"0";"0";"0";"0";"0";"0";"0";"0";"0";"0";"0";"0";"0";"0";"0";"0";"0";"0";"0";"0";"0";"0";"0";"0";"0";"0";"0";"0";"0";"0";"0";"0";"0";"0";"0";"0";"0";"0";"0";"0";"0";"0";"0";"0";"0";"0";"0";"0";"0";"0";"357";"2456638_357"
"second_coder";2456638;"Kabinet draagt bij aan toekomstig fonds voor zorgwerkers met long covid";"2022-12-16";"https://nos.nl/artikel/2456638-kabinet-draagt-bij-aan-toekomstig-fonds-voor-zorgwerkers-met-long-covid";"Gaby Perin-Gopie";"Persoon";"Niet-governementele organisaties (NGO), maatschappelijke organisaties, en hun leden";"";"";"1";"1";"52";"0";"0";"0";"0";"0";"0";"0";"0";"0";"0";"0";"0";"0";"0";"0";"0";"0";"0";"0";"0";"0";"0";"0";"0";"0";"0";"0";"0";"0";"0";"0";"0";"0";"0";"0";"0";"0";"0";"0";"0";"0";"0";"0";"0";"0";"0";"0";"0";"0";"0";"0";"0";"0";"0";"0";"0";"0";"0";"0";"0";"0";"0";"0";"0";"0";"0";"0";"0";"0";"0";"0";"0";"0";"357";"2456638_357"
"main_coder";2456638;"Kabinet draagt bij aan toekomstig fonds voor zorgwerkers met long covid";"2022-12-16";"https://nos.nl/artikel/2456638-kabinet-draagt-bij-aan-toekomstig-fonds-voor-zorgwerkers-met-long-covid";"Gaby Perin-Gopie";"Persoon";"Niet-governementele organisaties (NGO), maatschappelijke organisaties, en hun leden";"";"";"1";"1";"56";"0";"0";"0";"0";"0";"0";"0";"0";"0";"0";"0";"0";"0";"0";"0";"0";"0";"0";"0";"0";"0";"0";"0";"0";"0";"0";"0";"0";"0";"0";"0";"0";"0";"0";"0";"0";"0";"0";"0";"0";"0";"0";"0";"0";"0";"0";"0";"0";"0";"0";"0";"0";"0";"0";"0";"0";"0";"0";"0";"0";"0";"0";"0";"0";"0";"0";"0";"0";"0";"0";"0";"0";"0";"357";"2456638_357"
"researcher";2456638;"Kabinet draagt bij aan toekomstig fonds voor zorgwerkers met long covid";"2022-12-16";"https://nos.nl/artikel/2456638-kabinet-draagt-bij-aan-toekomstig-fonds-voor-zorgwerkers-met-long-covid";"Het kabinet";"Organisatie";"NL - Nationale regering - executive / uitvoerende macht";"";"NvT";"0";"1";"9";"0";"0";"0";"0";"0";"0";"0";"0";"0";"0";"0";"0";"0";"0";"0";"0";"0";"0";"0";"0";"0";"0";"0";"0";"0";"0";"0";"0";"0";"0";"0";"0";"0";"0";"0";"0";"0";"0";"0";"0";"0";"0";"0";"0";"0";"0";"0";"0";"0";"0";"0";"0";"0";"0";"0";"0";"0";"0";"0";"0";"0";"0";"0";"0";"0";"0";"0";"0";"0";"0";"0";"0";"0";"358";"2456638_358"
"second_coder";2456638;"Kabinet draagt bij aan toekomstig fonds voor zorgwerkers met long covid";"2022-12-16";"https://nos.nl/artikel/2456638-kabinet-draagt-bij-aan-toekomstig-fonds-voor-zorgwerkers-met-long-covid";"Het kabinet";"Organisatie";"NL - Nationale regering - executive / uitvoerende macht";"";"NvT";"0";"1";"9";"0";"0";"0";"0";"0";"0";"0";"0";"0";"0";"0";"0";"0";"0";"0";"0";"0";"0";"0";"0";"0";"0";"0";"0";"0";"0";"0";"0";"0";"0";"0";"0";"0";"0";"0";"0";"0";"0";"0";"0";"0";"0";"0";"0";"0";"0";"0";"0";"0";"0";"0";"0";"0";"0";"0";"0";"0";"0";"0";"0";"0";"0";"0";"0";"0";"0";"0";"0";"0";"0";"0";"0";"0";"358";"2456638_358"
"main_coder";2456638;"Kabinet draagt bij aan toekomstig fonds voor zorgwerkers met long covid";"2022-12-16";"https://nos.nl/artikel/2456638-kabinet-draagt-bij-aan-toekomstig-fonds-voor-zorgwerkers-met-long-covid";"Het kabinet";"Organisatie";"NL - Nationale regering - executive / uitvoerende macht";"";"NvT";"0";"1";"17";"0";"0";"0";"0";"0";"0";"0";"0";"0";"0";"0";"0";"0";"0";"0";"0";"0";"0";"0";"0";"0";"0";"0";"0";"0";"0";"0";"0";"0";"0";"0";"0";"0";"0";"0";"0";"0";"0";"0";"0";"0";"0";"0";"0";"0";"0";"0";"0";"0";"0";"0";"0";"0";"0";"0";"0";"0";"0";"0";"0";"0";"0";"0";"0";"0";"0";"0";"0";"0";"0";"0";"0";"0";"358";"2456638_358"
"researcher";2456638;"Kabinet draagt bij aan toekomstig fonds voor zorgwerkers met long covid";"2022-12-16";"https://nos.nl/artikel/2456638-kabinet-draagt-bij-aan-toekomstig-fonds-voor-zorgwerkers-met-long-covid";"Kitty Jong";"Persoon";"Niet-governementele organisaties (NGO), maatschappelijke organisaties, en hun leden";"";"";"1";"1";"34";"0";"0";"0";"0";"0";"0";"0";"0";"0";"0";"0";"0";"0";"0";"0";"0";"0";"0";"0";"0";"0";"0";"0";"0";"0";"0";"0";"0";"0";"0";"0";"0";"0";"0";"0";"0";"0";"0";"0";"0";"0";"0";"0";"0";"0";"0";"0";"0";"0";"0";"0";"0";"0";"0";"0";"0";"0";"0";"0";"0";"0";"0";"0";"0";"0";"0";"0";"0";"0";"0";"0";"0";"0";"359";"2456638_359"
"second_coder";2456638;"Kabinet draagt bij aan toekomstig fonds voor zorgwerkers met long covid";"2022-12-16";"https://nos.nl/artikel/2456638-kabinet-draagt-bij-aan-toekomstig-fonds-voor-zorgwerkers-met-long-covid";"Kitty Jong";"Persoon";"Niet-governementele organisaties (NGO), maatschappelijke organisaties, en hun leden";"";"";"1";"1";"34";"0";"0";"0";"0";"0";"0";"0";"0";"0";"0";"0";"0";"0";"0";"0";"0";"0";"0";"0";"0";"0";"0";"0";"0";"0";"0";"0";"0";"0";"0";"0";"0";"0";"0";"0";"0";"0";"0";"0";"0";"0";"0";"0";"0";"0";"0";"0";"0";"0";"0";"0";"0";"0";"0";"0";"0";"0";"0";"0";"0";"0";"0";"0";"0";"0";"0";"0";"0";"0";"0";"0";"0";"0";"359";"2456638_359"
"main_coder";2456638;"Kabinet draagt bij aan toekomstig fonds voor zorgwerkers met long covid";"2022-12-16";"https://nos.nl/artikel/2456638-kabinet-draagt-bij-aan-toekomstig-fonds-voor-zorgwerkers-met-long-covid";"Kitty Jong";"Persoon";"Niet-governementele organisaties (NGO), maatschappelijke organisaties, en hun leden";"";"";"1";"1";"34";"0";"0";"0";"0";"0";"0";"0";"0";"0";"0";"0";"0";"0";"0";"0";"0";"0";"0";"0";"0";"0";"0";"0";"0";"0";"0";"0";"0";"0";"0";"0";"0";"0";"0";"0";"0";"0";"0";"0";"0";"0";"0";"0";"0";"0";"0";"0";"0";"0";"0";"0";"0";"0";"0";"0";"0";"0";"0";"0";"0";"0";"0";"0";"0";"0";"0";"0";"0";"0";"0";"0";"0";"0";"359";"2456638_359"
"researcher";2456638;"Kabinet draagt bij aan toekomstig fonds voor zorgwerkers met long covid";"2022-12-16";"https://nos.nl/artikel/2456638-kabinet-draagt-bij-aan-toekomstig-fonds-voor-zorgwerkers-met-long-covid";"Minister Helder";"Persoon";"NL - Nationale regering - executive / uitvoerende macht";"";"VVD";"1";"1";"81";"0";"0";"0";"0";"0";"0";"0";"0";"0";"0";"0";"0";"0";"0";"0";"0";"0";"0";"0";"0";"0";"0";"0";"0";"0";"0";"0";"0";"0";"0";"0";"0";"0";"0";"0";"0";"0";"0";"0";"0";"0";"0";"0";"0";"0";"0";"0";"0";"0";"0";"0";"0";"0";"0";"0";"0";"0";"0";"0";"0";"0";"0";"0";"0";"0";"0";"0";"0";"0";"0";"0";"0";"0";"360";"2456638_360"
"second_coder";2456638;"Kabinet draagt bij aan toekomstig fonds voor zorgwerkers met long covid";"2022-12-16";"https://nos.nl/artikel/2456638-kabinet-draagt-bij-aan-toekomstig-fonds-voor-zorgwerkers-met-long-covid";"Minister Helder";"Persoon";"NL - Nationale regering - executive / uitvoerende macht";"";"VVD";"1";"1";"81";"0";"0";"0";"0";"0";"0";"0";"0";"0";"0";"0";"0";"0";"0";"0";"0";"0";"0";"0";"0";"0";"0";"0";"0";"0";"0";"0";"0";"0";"0";"0";"0";"0";"0";"0";"0";"0";"0";"0";"0";"0";"0";"0";"0";"0";"0";"0";"0";"0";"0";"0";"0";"0";"0";"0";"0";"0";"0";"0";"0";"0";"0";"0";"0";"0";"0";"0";"0";"0";"0";"0";"0";"0";"360";"2456638_360"
"main_coder";2456638;"Kabinet draagt bij aan toekomstig fonds voor zorgwerkers met long covid";"2022-12-16";"https://nos.nl/artikel/2456638-kabinet-draagt-bij-aan-toekomstig-fonds-voor-zorgwerkers-met-long-covid";"Minister Helder";"Persoon";"NL - Nationale regering - executive / uitvoerende macht";"";"VVD";"1";"1";"62";"0";"0";"0";"0";"0";"0";"0";"0";"0";"0";"0";"0";"0";"0";"0";"0";"0";"0";"0";"0";"0";"0";"0";"0";"0";"0";"0";"0";"0";"0";"0";"0";"0";"0";"0";"0";"0";"0";"0";"0";"0";"0";"0";"0";"0";"0";"0";"0";"0";"0";"0";"0";"0";"0";"0";"0";"0";"0";"0";"0";"0";"0";"0";"0";"0";"0";"0";"0";"0";"0";"0";"0";"0";"360";"2456638_360"
"researcher";2456638;"Kabinet draagt bij aan toekomstig fonds voor zorgwerkers met long covid";"2022-12-16";"https://nos.nl/artikel/2456638-kabinet-draagt-bij-aan-toekomstig-fonds-voor-zorgwerkers-met-long-covid";"Raad van State";"Organisatie";"Openbare en semiopenbare instellingen";"";"";"1";"1";"17";"0";"0";"0";"0";"0";"0";"0";"0";"0";"0";"0";"0";"0";"0";"0";"0";"0";"0";"0";"0";"0";"0";"0";"0";"0";"0";"0";"0";"0";"0";"0";"0";"0";"0";"0";"0";"0";"0";"0";"0";"0";"0";"0";"0";"0";"0";"0";"0";"0";"0";"0";"0";"0";"0";"0";"0";"0";"0";"0";"0";"0";"0";"0";"0";"0";"0";"0";"0";"0";"0";"0";"0";"0";"361";"2456638_361"
"second_coder";2456638;"Kabinet draagt bij aan toekomstig fonds voor zorgwerkers met long covid";"2022-12-16";"https://nos.nl/artikel/2456638-kabinet-draagt-bij-aan-toekomstig-fonds-voor-zorgwerkers-met-long-covid";"Raad van State";"Organisatie";"Nationale en internationale rechterlijke macht";"";"";"1";"1";"17";"0";"0";"0";"0";"0";"0";"0";"0";"0";"0";"0";"0";"0";"0";"0";"0";"0";"0";"0";"0";"0";"0";"0";"0";"0";"0";"0";"0";"0";"0";"0";"0";"0";"0";"0";"0";"0";"0";"0";"0";"0";"0";"0";"0";"0";"0";"0";"0";"0";"0";"0";"0";"0";"0";"0";"0";"0";"0";"0";"0";"0";"0";"0";"0";"0";"0";"0";"0";"0";"0";"0";"0";"0";"361";"2456638_361"
"main_coder";2456638;"Kabinet draagt bij aan toekomstig fonds voor zorgwerkers met long covid";"2022-12-16";"https://nos.nl/artikel/2456638-kabinet-draagt-bij-aan-toekomstig-fonds-voor-zorgwerkers-met-long-covid";"Raad van State";"Organisatie";"Openbare en semiopenbare instellingen";"";"";"1";"1";"41";"0";"0";"0";"0";"0";"0";"0";"0";"0";"0";"0";"0";"0";"0";"0";"0";"0";"0";"0";"0";"0";"0";"0";"0";"0";"0";"0";"0";"0";"0";"0";"0";"0";"0";"0";"0";"0";"0";"0";"0";"0";"0";"0";"0";"0";"0";"0";"0";"0";"0";"0";"0";"0";"0";"0";"0";"0";"0";"0";"0";"0";"0";"0";"0";"0";"0";"0";"0";"0";"0";"0";"0";"0";"361";"2456638_361"
"researcher";2456638;"Kabinet draagt bij aan toekomstig fonds voor zorgwerkers met long covid";"2022-12-16";"https://nos.nl/artikel/2456638-kabinet-draagt-bij-aan-toekomstig-fonds-voor-zorgwerkers-met-long-covid";"Vakbond FNV";"Organisatie";"Niet-governementele organisaties (NGO), maatschappelijke organisaties, en hun leden";"";"";"0";"1";"15";"0";"0";"0";"0";"0";"0";"0";"0";"0";"0";"0";"0";"0";"0";"0";"0";"0";"0";"0";"0";"0";"0";"0";"0";"0";"0";"0";"0";"0";"0";"0";"0";"0";"0";"0";"0";"0";"0";"0";"0";"0";"0";"0";"0";"0";"0";"0";"0";"0";"0";"0";"0";"0";"0";"0";"0";"0";"0";"0";"0";"0";"0";"0";"0";"0";"0";"0";"0";"0";"0";"0";"0";"0";"362";"2456638_362"
"second_coder";2456638;"Kabinet draagt bij aan toekomstig fonds voor zorgwerkers met long covid";"2022-12-16";"https://nos.nl/artikel/2456638-kabinet-draagt-bij-aan-toekomstig-fonds-voor-zorgwerkers-met-long-covid";"Vakbond FNV";"Organisatie";"Niet-governementele organisaties (NGO), maatschappelijke organisaties, en hun leden";"";"";"0";"1";"24";"0";"0";"0";"0";"0";"0";"0";"0";"0";"0";"0";"0";"0";"0";"0";"0";"0";"0";"0";"0";"0";"0";"0";"0";"0";"0";"0";"0";"0";"0";"0";"0";"0";"0";"0";"0";"0";"0";"0";"0";"0";"0";"0";"0";"0";"0";"0";"0";"0";"0";"0";"0";"0";"0";"0";"0";"0";"0";"0";"0";"0";"0";"0";"0";"0";"0";"0";"0";"0";"0";"0";"0";"0";"362";"2456638_362"
"main_coder";2456638;"Kabinet draagt bij aan toekomstig fonds voor zorgwerkers met long covid";"2022-12-16";"https://nos.nl/artikel/2456638-kabinet-draagt-bij-aan-toekomstig-fonds-voor-zorgwerkers-met-long-covid";"Vakbond FNV";"Organisatie";"Niet-governementele organisaties (NGO), maatschappelijke organisaties, en hun leden";"";"";"0";"1";"15";"0";"0";"0";"0";"0";"0";"0";"0";"0";"0";"0";"0";"0";"0";"0";"0";"0";"0";"0";"0";"0";"0";"0";"0";"0";"0";"0";"0";"0";"0";"0";"0";"0";"0";"0";"0";"0";"0";"0";"0";"0";"0";"0";"0";"0";"0";"0";"0";"0";"0";"0";"0";"0";"0";"0";"0";"0";"0";"0";"0";"0";"0";"0";"0";"0";"0";"0";"0";"0";"0";"0";"0";"0";"362";"2456638_362"
"researcher";2456638;"Kabinet draagt bij aan toekomstig fonds voor zorgwerkers met long covid";"2022-12-16";"https://nos.nl/artikel/2456638-kabinet-draagt-bij-aan-toekomstig-fonds-voor-zorgwerkers-met-long-covid";"vakbond CNV";"Organisatie";"Niet-governementele organisaties (NGO), maatschappelijke organisaties, en hun leden";"";"";"1";"1";"13";"0";"0";"0";"0";"0";"0";"0";"0";"0";"0";"0";"0";"0";"0";"0";"0";"0";"0";"0";"0";"0";"0";"0";"0";"0";"0";"0";"0";"0";"0";"0";"0";"0";"0";"0";"0";"0";"0";"0";"0";"0";"0";"0";"0";"0";"0";"0";"0";"0";"0";"0";"0";"0";"0";"0";"0";"0";"0";"0";"0";"0";"0";"0";"0";"0";"0";"0";"0";"0";"0";"0";"0";"0";"363";"2456638_363"
"second_coder";2456638;"Kabinet draagt bij aan toekomstig fonds voor zorgwerkers met long covid";"2022-12-16";"https://nos.nl/artikel/2456638-kabinet-draagt-bij-aan-toekomstig-fonds-voor-zorgwerkers-met-long-covid";"vakbond CNV";"Organisatie";"Niet-governementele organisaties (NGO), maatschappelijke organisaties, en hun leden";"";"";"1";"1";"13";"0";"0";"0";"0";"0";"0";"0";"0";"0";"0";"0";"0";"0";"0";"0";"0";"0";"0";"0";"0";"0";"0";"0";"0";"0";"0";"0";"0";"0";"0";"0";"0";"0";"0";"0";"0";"0";"0";"0";"0";"0";"0";"0";"0";"0";"0";"0";"0";"0";"0";"0";"0";"0";"0";"0";"0";"0";"0";"0";"0";"0";"0";"0";"0";"0";"0";"0";"0";"0";"0";"0";"0";"0";"363";"2456638_363"
"main_coder";2456638;"Kabinet draagt bij aan toekomstig fonds voor zorgwerkers met long covid";"2022-12-16";"https://nos.nl/artikel/2456638-kabinet-draagt-bij-aan-toekomstig-fonds-voor-zorgwerkers-met-long-covid";"vakbond CNV";"Organisatie";"Niet-governementele organisaties (NGO), maatschappelijke organisaties, en hun leden";"";"";"1";"1";"13";"0";"0";"0";"0";"0";"0";"0";"0";"0";"0";"0";"0";"0";"0";"0";"0";"0";"0";"0";"0";"0";"0";"0";"0";"0";"0";"0";"0";"0";"0";"0";"0";"0";"0";"0";"0";"0";"0";"0";"0";"0";"0";"0";"0";"0";"0";"0";"0";"0";"0";"0";"0";"0";"0";"0";"0";"0";"0";"0";"0";"0";"0";"0";"0";"0";"0";"0";"0";"0";"0";"0";"0";"0";"363";"2456638_363"
"researcher";2457129;"China naarstig op zoek naar ziekenhuisbedden voor coronapatiënten";"2022-12-20";"https://nos.nl/artikel/2457129-china-naarstig-op-zoek-naar-ziekenhuisbedden-voor-coronapatienten";"Een zegsman van het Amerikaanse ministerie van Defensie";"Persoon";"Regeringen/regeringsleiders/regeringsleden en/of andere politici in een ander land dan NL, op nationaal of lokaal niveau OF staatsorganisaties en hun ambtenaren";"";"";"0";"1";"18";"0";"0";"0";"0";"0";"0";"0";"0";"0";"0";"0";"0";"0";"0";"0";"0";"0";"0";"0";"0";"0";"0";"0";"0";"0";"0";"0";"0";"0";"0";"0";"0";"0";"0";"0";"0";"0";"0";"0";"0";"0";"0";"0";"0";"0";"0";"0";"0";"0";"0";"0";"0";"0";"0";"0";"0";"0";"0";"0";"0";"0";"0";"0";"0";"0";"0";"0";"0";"0";"0";"0";"0";"0";"364";"2457129_364"
"second_coder";2457129;"China naarstig op zoek naar ziekenhuisbedden voor coronapatiënten";"2022-12-20";"https://nos.nl/artikel/2457129-china-naarstig-op-zoek-naar-ziekenhuisbedden-voor-coronapatienten";"Een zegsman van het Amerikaanse ministerie van Defensie";"Persoon";"Regeringen/regeringsleiders/regeringsleden en/of andere politici in een ander land dan NL, op nationaal of lokaal niveau OF staatsorganisaties en hun ambtenaren";"";"";"0";"1";"18";"0";"0";"0";"0";"0";"0";"0";"0";"0";"0";"0";"0";"0";"0";"0";"0";"0";"0";"0";"0";"0";"0";"0";"0";"0";"0";"0";"0";"0";"0";"0";"0";"0";"0";"0";"0";"0";"0";"0";"0";"0";"0";"0";"0";"0";"0";"0";"0";"0";"0";"0";"0";"0";"0";"0";"0";"0";"0";"0";"0";"0";"0";"0";"0";"0";"0";"0";"0";"0";"0";"0";"0";"0";"364";"2457129_364"
"main_coder";2457129;"China naarstig op zoek naar ziekenhuisbedden voor coronapatiënten";"2022-12-20";"https://nos.nl/artikel/2457129-china-naarstig-op-zoek-naar-ziekenhuisbedden-voor-coronapatienten";"Een zegsman van het Amerikaanse ministerie van Defensie";"Persoon";"Regeringen/regeringsleiders/regeringsleden en/of andere politici in een ander land dan NL, op nationaal of lokaal niveau OF staatsorganisaties en hun ambtenaren";"";"";"0";"1";"18";"0";"0";"0";"0";"0";"0";"0";"0";"0";"0";"0";"0";"0";"0";"0";"0";"0";"0";"0";"0";"0";"0";"0";"0";"0";"0";"0";"0";"0";"0";"0";"0";"0";"0";"0";"0";"0";"0";"0";"0";"0";"0";"0";"0";"0";"0";"0";"0";"0";"0";"0";"0";"0";"0";"0";"0";"0";"0";"0";"0";"0";"0";"0";"0";"0";"0";"0";"0";"0";"0";"0";"0";"0";"364";"2457129_364"
"researcher";2457129;"China naarstig op zoek naar ziekenhuisbedden voor coronapatiënten";"2022-12-20";"https://nos.nl/artikel/2457129-china-naarstig-op-zoek-naar-ziekenhuisbedden-voor-coronapatienten";"Peking";"Geopolitieke entiteit";"Regeringen/regeringsleiders/regeringsleden en/of andere politici in een ander land dan NL, op nationaal of lokaal niveau OF staatsorganisaties en hun ambtenaren";"";"";"0";"1";"16";"1";"1";"0";"0";"1";"0";"0";"0";"0";"0";"0";"0";"0";"0";"0";"0";"0";"0";"0";"0";"0";"0";"0";"0";"0";"0";"0";"0";"0";"0";"0";"0";"0";"0";"0";"0";"0";"0";"0";"0";"0";"0";"0";"0";"0";"0";"0";"0";"0";"0";"0";"0";"0";"0";"0";"0";"0";"0";"0";"0";"0";"0";"0";"0";"0";"0";"0";"0";"0";"0";"0";"0";"0";"365";"2457129_365"
"main_coder";2457129;"China naarstig op zoek naar ziekenhuisbedden voor coronapatiënten";"2022-12-20";"https://nos.nl/artikel/2457129-china-naarstig-op-zoek-naar-ziekenhuisbedden-voor-coronapatienten";"Peking";"Geopolitieke entiteit";"Regeringen/regeringsleiders/regeringsleden en/of andere politici in een ander land dan NL, op nationaal of lokaal niveau OF staatsorganisaties en hun ambtenaren";"";"";"0";"1";"16";"1";"1";"0";"0";"1";"0";"0";"0";"0";"0";"0";"0";"0";"0";"0";"0";"0";"0";"0";"0";"0";"0";"0";"0";"0";"0";"0";"0";"0";"0";"0";"0";"0";"0";"0";"0";"0";"0";"0";"0";"0";"0";"0";"0";"0";"0";"0";"0";"0";"0";"0";"0";"0";"0";"0";"0";"0";"0";"0";"0";"0";"0";"0";"0";"0";"0";"0";"0";"0";"0";"0";"0";"0";"365";"2457129_365"
"main_coder";2457129;"China naarstig op zoek naar ziekenhuisbedden voor coronapatiënten";"2022-12-20";"https://nos.nl/artikel/2457129-china-naarstig-op-zoek-naar-ziekenhuisbedden-voor-coronapatienten";"Reuters-journalisten";"Persoon";"Journalisten anders dan de schrijver van het huidige artikel of nieuwsorganisaties anders dan de nieuwsorganisatie van het huidige artikel.";"";"";"0";"1";"5";"0";"0";"0";"0";"0";"0";"0";"0";"0";"0";"0";"0";"0";"0";"0";"0";"0";"0";"0";"0";"0";"0";"0";"0";"0";"0";"0";"0";"0";"0";"0";"0";"0";"0";"0";"0";"0";"0";"0";"0";"0";"0";"0";"0";"0";"0";"0";"0";"0";"0";"0";"0";"0";"0";"0";"0";"0";"0";"0";"0";"0";"0";"0";"0";"0";"0";"0";"0";"0";"0";"0";"0";"0";"366";"2457129_366"
"researcher";2457129;"China naarstig op zoek naar ziekenhuisbedden voor coronapatiënten";"2022-12-20";"https://nos.nl/artikel/2457129-china-naarstig-op-zoek-naar-ziekenhuisbedden-voor-coronapatienten";"Westerse deskundigen";"Persoon";"Wetenschappelijke/medische organisaties en onderzoekers";"";"";"0";"1";"17";"0";"0";"0";"0";"0";"0";"0";"0";"0";"0";"0";"0";"0";"0";"0";"0";"0";"0";"0";"0";"0";"0";"0";"0";"0";"0";"0";"0";"0";"0";"0";"0";"0";"0";"0";"0";"0";"0";"0";"0";"0";"0";"0";"0";"0";"0";"0";"0";"0";"0";"0";"0";"0";"0";"0";"0";"0";"0";"0";"0";"0";"0";"0";"0";"0";"0";"0";"0";"0";"0";"0";"0";"0";"367";"2457129_367"
"second_coder";2457129;"China naarstig op zoek naar ziekenhuisbedden voor coronapatiënten";"2022-12-20";"https://nos.nl/artikel/2457129-china-naarstig-op-zoek-naar-ziekenhuisbedden-voor-coronapatienten";"Westerse deskundigen";"Persoon";"Wetenschappelijke/medische organisaties en onderzoekers";"";"";"0";"1";"17";"0";"0";"0";"0";"0";"0";"0";"0";"0";"0";"0";"0";"0";"0";"0";"0";"0";"0";"0";"0";"0";"0";"0";"0";"0";"0";"0";"0";"0";"0";"0";"0";"0";"0";"0";"0";"0";"0";"0";"0";"0";"0";"0";"0";"0";"0";"0";"0";"0";"0";"0";"0";"0";"0";"0";"0";"0";"0";"0";"0";"0";"0";"0";"0";"0";"0";"0";"0";"0";"0";"0";"0";"0";"367";"2457129_367"
"main_coder";2457129;"China naarstig op zoek naar ziekenhuisbedden voor coronapatiënten";"2022-12-20";"https://nos.nl/artikel/2457129-china-naarstig-op-zoek-naar-ziekenhuisbedden-voor-coronapatienten";"Westerse deskundigen";"Persoon";"Wetenschappelijke/medische organisaties en onderzoekers";"";"";"0";"1";"17";"0";"0";"0";"0";"0";"0";"0";"0";"0";"0";"0";"0";"0";"0";"0";"0";"0";"0";"0";"0";"0";"0";"0";"0";"0";"0";"0";"0";"0";"0";"0";"0";"0";"0";"0";"0";"0";"0";"0";"0";"0";"0";"0";"0";"0";"0";"0";"0";"0";"0";"0";"0";"0";"0";"0";"0";"0";"0";"0";"0";"0";"0";"0";"0";"0";"0";"0";"0";"0";"0";"0";"0";"0";"367";"2457129_367"
"researcher";2457129;"China naarstig op zoek naar ziekenhuisbedden voor coronapatiënten";"2022-12-20";"https://nos.nl/artikel/2457129-china-naarstig-op-zoek-naar-ziekenhuisbedden-voor-coronapatienten";"deskundigen";"Persoon";"Wetenschappelijke/medische organisaties en onderzoekers";"";"";"0";"1";"22";"0";"0";"0";"0";"0";"0";"0";"0";"0";"0";"0";"0";"0";"0";"0";"0";"0";"0";"0";"0";"0";"0";"0";"0";"0";"0";"0";"0";"0";"0";"0";"0";"0";"0";"0";"0";"0";"0";"0";"0";"0";"0";"0";"0";"0";"0";"0";"0";"0";"0";"0";"0";"0";"0";"0";"0";"0";"0";"0";"0";"0";"0";"0";"0";"0";"0";"0";"0";"0";"0";"0";"0";"0";"368";"2457129_368"
"second_coder";2457129;"China naarstig op zoek naar ziekenhuisbedden voor coronapatiënten";"2022-12-20";"https://nos.nl/artikel/2457129-china-naarstig-op-zoek-naar-ziekenhuisbedden-voor-coronapatienten";"deskundigen";"Persoon";"Wetenschappelijke/medische organisaties en onderzoekers";"";"";"0";"1";"47";"0";"0";"0";"0";"0";"0";"0";"0";"0";"0";"0";"0";"0";"0";"0";"0";"0";"0";"0";"0";"0";"0";"0";"0";"0";"0";"0";"0";"0";"0";"0";"0";"0";"0";"0";"0";"0";"0";"0";"0";"0";"0";"0";"0";"0";"0";"0";"0";"0";"0";"0";"0";"0";"0";"0";"0";"0";"0";"0";"0";"0";"0";"0";"0";"0";"0";"0";"0";"0";"0";"0";"0";"0";"368";"2457129_368"
"main_coder";2457129;"China naarstig op zoek naar ziekenhuisbedden voor coronapatiënten";"2022-12-20";"https://nos.nl/artikel/2457129-china-naarstig-op-zoek-naar-ziekenhuisbedden-voor-coronapatienten";"deskundigen";"Persoon";"Wetenschappelijke/medische organisaties en onderzoekers";"";"";"0";"1";"22";"0";"0";"0";"0";"0";"0";"0";"0";"0";"0";"0";"0";"0";"0";"0";"0";"0";"0";"0";"0";"0";"0";"0";"0";"0";"0";"0";"0";"0";"0";"0";"0";"0";"0";"0";"0";"0";"0";"0";"0";"0";"0";"0";"0";"0";"0";"0";"0";"0";"0";"0";"0";"0";"0";"0";"0";"0";"0";"0";"0";"0";"0";"0";"0";"0";"0";"0";"0";"0";"0";"0";"0";"0";"368";"2457129_368"
"second_coder";2457129;"China naarstig op zoek naar ziekenhuisbedden voor coronapatiënten";"2022-12-20";"https://nos.nl/artikel/2457129-china-naarstig-op-zoek-naar-ziekenhuisbedden-voor-coronapatienten";"westerse landen";"Geopolitieke entiteit";"Landen die worden genoemd zonder enige functie zoals hierboven vermeld";"";"";"0";"1";"5";"1";"0";"0";"0";"0";"0";"0";"0";"0";"0";"0";"0";"0";"0";"0";"0";"0";"0";"0";"0";"0";"0";"0";"0";"0";"0";"0";"0";"0";"0";"0";"0";"0";"0";"0";"0";"0";"0";"0";"0";"0";"0";"0";"0";"0";"0";"0";"0";"0";"0";"0";"0";"0";"0";"0";"0";"0";"0";"0";"0";"0";"0";"0";"0";"0";"1";"0";"0";"1";"0";"0";"0";"0";"369";"2457129_369"
"researcher";2479493;"""Let bij long covid ook op maatschappelijke gevolgen""";"2023-06-19";"https://nos.nl/artikel/2479493-let-bij-long-covid-ook-op-maatschappelijke-gevolgen";"Jolande Sap";"Persoon";"Niet-governementele organisaties (NGO), maatschappelijke organisaties, en hun leden";"";"";"1";"1";"28";"0";"0";"0";"0";"0";"0";"0";"0";"0";"0";"0";"0";"0";"0";"0";"0";"0";"0";"0";"0";"0";"0";"0";"0";"0";"0";"0";"0";"0";"0";"0";"0";"0";"0";"0";"0";"0";"0";"0";"0";"0";"0";"0";"0";"0";"0";"0";"0";"0";"0";"0";"0";"0";"0";"0";"0";"0";"0";"0";"0";"0";"0";"0";"0";"0";"0";"0";"0";"0";"0";"0";"0";"0";"370";"2479493_370"
"second_coder";2479493;"""Let bij long covid ook op maatschappelijke gevolgen""";"2023-06-19";"https://nos.nl/artikel/2479493-let-bij-long-covid-ook-op-maatschappelijke-gevolgen";"Jolande Sap";"Persoon";"Niet-governementele organisaties (NGO), maatschappelijke organisaties, en hun leden";"";"";"1";"1";"28";"0";"0";"0";"0";"0";"0";"0";"0";"0";"0";"0";"0";"0";"0";"0";"0";"0";"0";"0";"0";"0";"0";"0";"0";"0";"0";"0";"0";"0";"0";"0";"0";"0";"0";"0";"0";"0";"0";"0";"0";"0";"0";"0";"0";"0";"0";"0";"0";"0";"0";"0";"0";"0";"0";"0";"0";"0";"0";"0";"0";"0";"0";"0";"0";"0";"0";"0";"0";"0";"0";"0";"0";"0";"370";"2479493_370"
"main_coder";2479493;"""Let bij long covid ook op maatschappelijke gevolgen""";"2023-06-19";"https://nos.nl/artikel/2479493-let-bij-long-covid-ook-op-maatschappelijke-gevolgen";"Jolande Sap";"Persoon";"Openbare en semiopenbare instellingen";"";"";"1";"1";"28";"0";"0";"0";"0";"0";"0";"0";"0";"0";"0";"0";"0";"0";"0";"0";"0";"0";"0";"0";"0";"0";"0";"0";"0";"0";"0";"0";"0";"0";"0";"0";"0";"0";"0";"0";"0";"0";"0";"0";"0";"0";"0";"0";"0";"0";"0";"0";"0";"0";"0";"0";"0";"0";"0";"0";"0";"0";"0";"0";"0";"0";"0";"0";"0";"0";"0";"0";"0";"0";"0";"0";"0";"0";"370";"2479493_370"
"researcher";2479493;"""Let bij long covid ook op maatschappelijke gevolgen""";"2023-06-19";"https://nos.nl/artikel/2479493-let-bij-long-covid-ook-op-maatschappelijke-gevolgen";"Maatschappelijk Impact Team (MIT)";"Organisatie";"Openbare en semiopenbare instellingen";"";"";"1";"1";"74";"0";"0";"0";"0";"0";"0";"0";"0";"0";"0";"0";"0";"0";"0";"0";"0";"0";"0";"0";"0";"0";"0";"0";"0";"0";"0";"0";"0";"0";"0";"0";"0";"0";"0";"0";"0";"0";"0";"0";"0";"0";"0";"0";"0";"0";"0";"0";"0";"0";"0";"0";"0";"0";"0";"0";"0";"0";"0";"0";"0";"0";"0";"0";"0";"0";"0";"0";"0";"0";"0";"0";"0";"0";"371";"2479493_371"
"second_coder";2479493;"""Let bij long covid ook op maatschappelijke gevolgen""";"2023-06-19";"https://nos.nl/artikel/2479493-let-bij-long-covid-ook-op-maatschappelijke-gevolgen";"Maatschappelijk Impact Team (MIT)";"Organisatie";"Niet-governementele organisaties (NGO), maatschappelijke organisaties, en hun leden";"";"";"1";"1";"70";"0";"0";"0";"0";"0";"0";"0";"0";"0";"0";"0";"0";"0";"0";"0";"0";"0";"0";"0";"0";"0";"0";"0";"0";"0";"0";"0";"0";"0";"0";"0";"0";"0";"0";"0";"0";"0";"0";"0";"0";"0";"0";"0";"0";"0";"0";"0";"0";"0";"0";"0";"0";"0";"0";"0";"0";"0";"0";"0";"0";"0";"0";"0";"0";"0";"0";"0";"0";"0";"0";"0";"0";"0";"371";"2479493_371"
"main_coder";2479493;"""Let bij long covid ook op maatschappelijke gevolgen""";"2023-06-19";"https://nos.nl/artikel/2479493-let-bij-long-covid-ook-op-maatschappelijke-gevolgen";"Maatschappelijk Impact Team (MIT)";"Organisatie";"Openbare en semiopenbare instellingen";"";"";"1";"1";"74";"0";"0";"0";"0";"0";"0";"0";"0";"0";"0";"0";"0";"0";"0";"0";"0";"0";"0";"0";"0";"0";"0";"0";"0";"0";"0";"0";"0";"0";"0";"0";"0";"0";"0";"0";"0";"0";"0";"0";"0";"0";"0";"0";"0";"0";"0";"0";"0";"0";"0";"0";"0";"0";"0";"0";"0";"0";"0";"0";"0";"0";"0";"0";"0";"0";"0";"0";"0";"0";"0";"0";"0";"0";"371";"2479493_371"
