"coder";"article_id";"title";"date";"url";"about_covid";"actors_present";"actor_name";"actor_type";"actor_function";"actor_function_text";"actor_pp";"directly_quoted";"indirectly_quoted";"nr_words";"talks_covid_measures";"measure_1";"measure_1_positive";"measure_1_negative";"measure_1_neutral";"measure_2";"measure_2_positive";"measure_2_negative";"measure_2_neutral";"measure_3";"measure_3_positive";"measure_3_negative";"measure_3_neutral";"measure_4";"measure_4_positive";"measure_4_negative";"measure_4_neutral";"measure_5";"measure_5_positive";"measure_5_negative";"measure_5_neutral";"measure_6";"measure_6_positive";"measure_6_negative";"measure_6_neutral";"measure_7";"measure_7_positive";"measure_7_negative";"measure_7_neutral";"measure_8";"measure_8_positive";"measure_8_negative";"measure_8_neutral";"measure_9";"measure_9_positive";"measure_9_negative";"measure_9_neutral";"measure_10";"measure_10_positive";"measure_10_negative";"measure_10_neutral";"measure_11";"measure_11_positive";"measure_11_negative";"measure_11_neutral";"measure_12";"measure_12_positive";"measure_12_negative";"measure_12_neutral";"measure_13";"measure_13_positive";"measure_13_negative";"measure_13_neutral";"measure_14";"measure_14_positive";"measure_14_negative";"measure_14_neutral";"measure_15";"measure_15_positive";"measure_15_negative";"measure_15_neutral";"measure_16";"measure_16_positive";"measure_16_negative";"measure_16_neutral";"measure_17";"measure_17_positive";"measure_17_negative";"measure_17_neutral";"measure_other";"measure_other_positive";"measure_other_negative";"measure_other_neutral";"add_more_actor"
"main_coder";2379607;"Kamer wil geen eigen bijdrage van 7,50 euro voor toegangstest";"2021-05-06";"https://nos.nl/artikel/2379607-kamer-wil-geen-eigen-bijdrage-van-7-50-euro-voor-toegangstest";"1";"1";"Paternotte";"Persoon";"NL - Nationaal parlement en nationale partijen – wetgevende macht";"";"D66";"1";"0";"20";"1";"0";"0";"0";"0";"0";"0";"0";"0";"0";"0";"0";"0";"0";"0";"0";"0";"0";"0";"0";"0";"0";"0";"0";"0";"0";"0";"0";"0";"0";"0";"0";"0";"0";"0";"0";"0";"0";"0";"0";"0";"0";"0";"0";"0";"0";"0";"0";"0";"0";"0";"0";"0";"0";"0";"0";"0";"1";"0";"1";"0";"0";"0";"0";"0";"0";"0";"0";"0";"0";"0";"0";"0";"Ja"
"main_coder";2331140;"""Nu de grootste coronapaniek weg is, neemt ook de saamhorigheid af""";"2020-04-20";"https://nos.nl/collectie/13839/artikel/2331140-nu-de-grootste-coronapaniek-weg-is-neemt-ook-de-saamhorigheid-af";"1";"1";"Marco de Baat";"Persoon";"Wetenschappelijke/medische organisaties en onderzoekers";"";"";"1";"1";"59";"1";"1";"0";"0";"1";"0";"0";"0";"0";"0";"0";"0";"0";"0";"0";"0";"0";"0";"0";"0";"0";"0";"0";"0";"0";"0";"0";"0";"0";"0";"0";"0";"0";"0";"0";"0";"0";"0";"0";"0";"0";"0";"0";"0";"0";"0";"0";"0";"0";"0";"0";"0";"0";"0";"0";"0";"0";"0";"0";"0";"0";"0";"0";"0";"0";"0";"0";"0";"0";"0";"0";"0";"0";"Ja"
"main_coder";2363978;"Chinees vaccin is voor China ""kans om invloed in Afrika uit te breiden""";"2021-01-11";"https://nos.nl/artikel/2363978-chinees-vaccin-is-voor-china-kans-om-invloed-in-afrika-uit-te-breiden";"1";"1";"Akinyinka Akinyoade";"Persoon";"Wetenschappelijke/medische organisaties en onderzoekers";"";"";"1";"1";"52";"1";"0";"0";"0";"0";"0";"0";"0";"0";"0";"0";"0";"0";"0";"0";"0";"0";"0";"0";"0";"0";"0";"0";"0";"0";"0";"0";"0";"0";"0";"0";"0";"0";"0";"0";"0";"0";"0";"0";"0";"0";"0";"0";"0";"0";"0";"0";"0";"0";"0";"0";"0";"0";"0";"0";"0";"0";"0";"0";"0";"0";"0";"0";"0";"0";"1";"0";"0";"1";"0";"0";"0";"0";"Ja"
"main_coder";2365392;"7,6 miljard euro voor verruiming steunpakket voor ondernemers";"2021-01-21";"https://nos.nl/artikel/2365392-7-6-miljard-euro-voor-verruiming-steunpakket-voor-ondernemers";"1";"0";"";"";"";"";"";"0";"0";"";"";"0";"0";"0";"0";"0";"0";"0";"0";"0";"0";"0";"0";"0";"0";"0";"0";"0";"0";"0";"0";"0";"0";"0";"0";"0";"0";"0";"0";"0";"0";"0";"0";"0";"0";"0";"0";"0";"0";"0";"0";"0";"0";"0";"0";"0";"0";"0";"0";"0";"0";"0";"0";"0";"0";"0";"0";"0";"0";"0";"0";"0";"0";"0";"0";"0";"0";"0";"0";"0";"0";"0";"0";""
"main_coder";2344174;"Veiligheidsregio Zeeland verbiedt geluidsapparatuur voor illegale feesten";"2020-08-15";"https://nos.nl/artikel/2344174-veiligheidsregio-zeeland-verbiedt-geluidsapparatuur-voor-illegale-feesten.html";"1";"1";"Jan Lonink";"Persoon";"Openbare en semiopenbare instellingen";"";"";"1";"1";"142";"1";"0";"0";"0";"0";"0";"0";"0";"0";"0";"0";"0";"0";"0";"0";"0";"0";"0";"0";"0";"0";"0";"0";"0";"0";"0";"0";"0";"0";"0";"0";"0";"0";"0";"0";"0";"0";"0";"0";"0";"0";"0";"0";"0";"0";"0";"0";"0";"0";"0";"0";"0";"0";"1";"1";"0";"0";"0";"0";"0";"0";"0";"0";"0";"0";"0";"0";"0";"0";"0";"0";"0";"0";"Nee"
"main_coder";2350260;"Lid OMT: mondkapjesplicht in verpleeghuizen in drie regio's onvoldoende";"2020-09-29";"https://nos.nl/artikel/2350260-lid-omt-mondkapjesplicht-in-verpleeghuizen-in-drie-regio-s-onvoldoende.html";"1";"1";"Cees Hertogh";"Persoon";"Wetenschappelijke/medische organisaties en onderzoekers";"";"";"1";"1";"194";"1";"0";"0";"0";"0";"0";"0";"0";"0";"0";"0";"0";"0";"0";"0";"0";"0";"0";"0";"0";"0";"0";"0";"0";"0";"1";"1";"0";"0";"0";"0";"0";"0";"0";"0";"0";"0";"0";"0";"0";"0";"0";"0";"0";"0";"0";"0";"0";"0";"0";"0";"0";"0";"0";"0";"0";"0";"0";"0";"0";"0";"0";"0";"0";"0";"0";"0";"0";"0";"0";"0";"0";"0";"Ja"
"main_coder";2415061;"Skispringster Kramer zes dagen voor olympisch debuut positief getest op corona";"2022-01-30";"https://nos.nl/artikel/2415061-skispringster-kramer-zes-dagen-voor-olympisch-debuut-positief-getest-op-corona";"1";"0";"";"";"";"";"";"0";"0";"";"";"0";"0";"0";"0";"0";"0";"0";"0";"0";"0";"0";"0";"0";"0";"0";"0";"0";"0";"0";"0";"0";"0";"0";"0";"0";"0";"0";"0";"0";"0";"0";"0";"0";"0";"0";"0";"0";"0";"0";"0";"0";"0";"0";"0";"0";"0";"0";"0";"0";"0";"0";"0";"0";"0";"0";"0";"0";"0";"0";"0";"0";"0";"0";"0";"0";"0";"0";"0";"0";"0";"0";"0";""
"main_coder";2396862;"Huisartsen schreven vaker antidepressiva voor aan jongeren in tweede lockdown";"2021-09-07";"https://nos.nl/artikel/2396862-huisartsen-schreven-vaker-antidepressiva-voor-aan-jongeren-in-tweede-lockdown";"1";"1";"het Nivel";"Organisatie";"Wetenschappelijke/medische organisaties en onderzoekers";"";"";"1";"0";"32";"0";"0";"0";"0";"0";"0";"0";"0";"0";"0";"0";"0";"0";"0";"0";"0";"0";"0";"0";"0";"0";"0";"0";"0";"0";"0";"0";"0";"0";"0";"0";"0";"0";"0";"0";"0";"0";"0";"0";"0";"0";"0";"0";"0";"0";"0";"0";"0";"0";"0";"0";"0";"0";"0";"0";"0";"0";"0";"0";"0";"0";"0";"0";"0";"0";"0";"0";"0";"0";"0";"0";"0";"0";"Ja"
"main_coder";2407133;"Uitputtingsslag in ziekenhuizen: ""Angst voor wat nog komt""";"2021-11-26";"https://nos.nl/artikel/2407133-uitputtingsslag-in-ziekenhuizen-angst-voor-wat-nog-komt";"1";"1";"Aaron John";"Persoon";"Wetenschappelijke/medische organisaties en onderzoekers";"";"";"1";"0";"311";"0";"0";"0";"0";"0";"0";"0";"0";"0";"0";"0";"0";"0";"0";"0";"0";"0";"0";"0";"0";"0";"0";"0";"0";"0";"0";"0";"0";"0";"0";"0";"0";"0";"0";"0";"0";"0";"0";"0";"0";"0";"0";"0";"0";"0";"0";"0";"0";"0";"0";"0";"0";"0";"0";"0";"0";"0";"0";"0";"0";"0";"0";"0";"0";"0";"0";"0";"0";"0";"0";"0";"0";"0";"Ja"
"main_coder";2413608;"Gemeente Amsterdam en Kapsalon Theater in conflict over ludieke protestactie";"2022-01-18";"https://nos.nl/artikel/2413608-gemeente-amsterdam-en-kapsalon-theater-in-conflict-over-ludieke-protestactie";"1";"1";"Kapsalon Theater";"Organisatie";"Niet-governementele organisaties (NGO), maatschappelijke organisaties, en hun leden";"";"";"1";"1";"75";"1";"0";"0";"0";"0";"0";"0";"0";"0";"0";"0";"0";"0";"0";"0";"0";"0";"0";"0";"0";"0";"0";"0";"0";"0";"0";"0";"0";"0";"0";"0";"0";"0";"0";"0";"0";"0";"0";"0";"0";"0";"0";"0";"0";"0";"0";"0";"0";"0";"0";"0";"0";"0";"1";"0";"1";"0";"0";"0";"0";"0";"0";"0";"0";"0";"0";"0";"0";"0";"0";"0";"0";"0";"Ja"
"main_coder";2397937;"YouTube mocht filmpjes met toespraak Baudet over corona verwijderen";"2021-09-15";"https://nos.nl/artikel/2397937-youtube-mocht-filmpjes-met-toespraak-baudet-over-corona-verwijderen";"1";"1";"Thierry Baudet";"Persoon";"NL - Nationaal parlement en nationale partijen – wetgevende macht";"";"FvD";"1";"0";"44";"0";"0";"0";"0";"0";"0";"0";"0";"0";"0";"0";"0";"0";"0";"0";"0";"0";"0";"0";"0";"0";"0";"0";"0";"0";"0";"0";"0";"0";"0";"0";"0";"0";"0";"0";"0";"0";"0";"0";"0";"0";"0";"0";"0";"0";"0";"0";"0";"0";"0";"0";"0";"0";"0";"0";"0";"0";"0";"0";"0";"0";"0";"0";"0";"0";"0";"0";"0";"0";"0";"0";"0";"0";"Ja"
"main_coder";2387267;"De ethische discussie over tieners vaccineren: ""Hoe vertel ik dit mijn kinderen?""";"2021-06-29";"https://nos.nl/artikel/2387267-de-ethische-discussie-over-tieners-vaccineren-hoe-vertel-ik-dit-mijn-kinderen";"1";"1";"de Gezondheidsraad";"Organisatie";"Wetenschappelijke/medische organisaties en onderzoekers";"";"";"0";"1";"82";"1";"0";"0";"0";"0";"0";"0";"0";"0";"0";"0";"0";"0";"0";"0";"0";"0";"0";"0";"0";"0";"0";"0";"0";"0";"0";"0";"0";"0";"0";"0";"0";"0";"0";"0";"0";"0";"0";"0";"0";"0";"0";"0";"0";"0";"0";"0";"0";"0";"0";"0";"0";"0";"0";"0";"0";"0";"0";"0";"0";"0";"0";"0";"0";"0";"1";"1";"0";"0";"0";"0";"0";"0";"Ja"
"main_coder";2328119;"Aanscherping coronamaatregelen is een hard gelag: ""Het valt ons zwaar""";"2020-03-23";"https://nos.nl/artikel/2328119-aanscherping-coronamaatregelen-is-een-hard-gelag-het-valt-ons-zwaar";"1";"1";"Paaspop";"Organisatie";"Niet-governementele organisaties (NGO), maatschappelijke organisaties, en hun leden";"";"";"1";"0";"15";"1";"0";"0";"0";"0";"0";"0";"0";"0";"0";"0";"0";"0";"0";"0";"0";"0";"0";"0";"0";"0";"0";"0";"0";"0";"0";"0";"0";"0";"0";"0";"0";"0";"0";"0";"0";"0";"0";"0";"0";"0";"0";"0";"0";"0";"0";"0";"0";"0";"0";"0";"0";"0";"1";"0";"1";"0";"0";"0";"0";"0";"0";"0";"0";"0";"0";"0";"0";"0";"0";"0";"0";"0";"Ja"
"main_coder";2340450;"MLS-duel net voor aftrap uitgesteld vanwege positieve coronatest";"2020-07-12";"https://nos.nl/artikel/2340450-mls-duel-net-voor-aftrap-uitgesteld-vanwege-positieve-coronatest";"1";"1";"MLS";"Organisatie";"Zakelijke organisaties en hun werknemers";"";"";"1";"0";"11";"1";"0";"0";"0";"0";"0";"0";"0";"0";"0";"0";"0";"0";"0";"0";"0";"0";"0";"0";"0";"0";"0";"0";"0";"0";"0";"0";"0";"0";"0";"0";"0";"0";"0";"0";"0";"0";"0";"0";"0";"0";"0";"0";"0";"0";"0";"0";"0";"0";"0";"0";"0";"0";"0";"0";"0";"0";"1";"0";"0";"1";"0";"0";"0";"0";"0";"0";"0";"0";"0";"0";"0";"0";"Nee"
"main_coder";2409659;"De Jonge waarschuwt in Kamer: volgende week mogelijk al nieuwe maatregelen";"2021-12-15";"https://nos.nl/artikel/2409659-de-jonge-waarschuwt-in-kamer-volgende-week-mogelijk-al-nieuwe-maatregelen";"1";"1";"Westerveld";"Persoon";"NL - Nationaal parlement en nationale partijen – wetgevende macht";"";"GroenLinks";"1";"0";"22";"0";"0";"0";"0";"0";"0";"0";"0";"0";"0";"0";"0";"0";"0";"0";"0";"0";"0";"0";"0";"0";"0";"0";"0";"0";"0";"0";"0";"0";"0";"0";"0";"0";"0";"0";"0";"0";"0";"0";"0";"0";"0";"0";"0";"0";"0";"0";"0";"0";"0";"0";"0";"0";"0";"0";"0";"0";"0";"0";"0";"0";"0";"0";"0";"0";"0";"0";"0";"0";"0";"0";"0";"0";"Ja"
"main_coder";2336043;"Nederland wil samen met andere landen aan coronavaccin komen";"2020-06-03";"https://nos.nl/artikel/2336043-nederland-wil-samen-met-andere-landen-aan-coronavaccin-komen.html";"1";"1";"Het kabinet";"Organisatie";"NL - Nationale regering - executive / uitvoerende macht";"";"NvT";"1";"1";"18";"1";"0";"0";"0";"0";"0";"0";"0";"0";"0";"0";"0";"0";"0";"0";"0";"0";"0";"0";"0";"0";"0";"0";"0";"0";"0";"0";"0";"0";"0";"0";"0";"0";"0";"0";"0";"0";"0";"0";"0";"0";"0";"0";"0";"0";"0";"0";"0";"0";"0";"0";"0";"0";"0";"0";"0";"0";"0";"0";"0";"0";"0";"0";"0";"0";"1";"0";"0";"1";"0";"0";"0";"0";"Ja"
"main_coder";2404689;"Enkele tienduizenden betogers bij coronaprotest Den Haag";"2021-11-07";"https://nos.nl/artikel/2404689-enkele-tienduizenden-betogers-bij-coronaprotest-den-haag";"1";"1";"Samen Voor Nederland";"Organisatie";"NL - Nationaal parlement en nationale partijen – wetgevende macht";"";"SVN";"0";"1";"11";"0";"0";"0";"0";"0";"0";"0";"0";"0";"0";"0";"0";"0";"0";"0";"0";"0";"0";"0";"0";"0";"0";"0";"0";"0";"0";"0";"0";"0";"0";"0";"0";"0";"0";"0";"0";"0";"0";"0";"0";"0";"0";"0";"0";"0";"0";"0";"0";"0";"0";"0";"0";"0";"0";"0";"0";"0";"0";"0";"0";"0";"0";"0";"0";"0";"0";"0";"0";"0";"0";"0";"0";"0";"Ja"
"main_coder";2346916;"Evenementen in tijd van corona: ""Elke tribune heeft eigen parkeerplaatsen""";"2020-09-05";"https://nos.nl/artikel/2346916-evenementen-in-tijd-van-corona-elke-tribune-heeft-eigen-parkeerplaatsen.html";"1";"1";"Marcel Neervoort";"Persoon";"Niet-governementele organisaties (NGO), maatschappelijke organisaties, en hun leden";"";"";"1";"1";"46";"0";"0";"0";"0";"0";"0";"0";"0";"0";"0";"0";"0";"0";"0";"0";"0";"0";"0";"0";"0";"0";"0";"0";"0";"0";"0";"0";"0";"0";"0";"0";"0";"0";"0";"0";"0";"0";"0";"0";"0";"0";"0";"0";"0";"0";"0";"0";"0";"0";"0";"0";"0";"0";"0";"0";"0";"0";"0";"0";"0";"0";"0";"0";"0";"0";"0";"0";"0";"0";"0";"0";"0";"0";"Ja"
"main_coder";2417611;"Overheid wilde pas informeren over corona na ""grote klap""";"2022-02-16";"https://nos.nl/artikel/2417611-overheid-wilde-pas-informeren-over-corona-na-grote-klap";"1";"1";"de Onderzoeksraad voor Veiligheid";"Organisatie";"Wetenschappelijke/medische organisaties en onderzoekers";"";"";"1";"1";"186";"0";"0";"0";"0";"0";"0";"0";"0";"0";"0";"0";"0";"0";"0";"0";"0";"0";"0";"0";"0";"0";"0";"0";"0";"0";"0";"0";"0";"0";"0";"0";"0";"0";"0";"0";"0";"0";"0";"0";"0";"0";"0";"0";"0";"0";"0";"0";"0";"0";"0";"0";"0";"0";"0";"0";"0";"0";"0";"0";"0";"0";"0";"0";"0";"0";"0";"0";"0";"0";"0";"0";"0";"0";"Ja"
"main_coder";2350775;"Republikeinen besmet die samen waren in tuin Witte Huis, coronaregels genegeerd";"2020-10-03";"https://nos.nl/artikel/2350775-republikeinen-besmet-die-samen-waren-in-tuin-witte-huis-coronaregels-genegeerd.html";"1";"1";"Lucas Waagmeester";"Persoon";"Journalisten anders dan de schrijver van het huidige artikel of nieuwsorganisaties anders dan de nieuwsorganisatie van het huidige artikel.";"";"";"1";"0";"20";"0";"0";"0";"0";"0";"0";"0";"0";"0";"0";"0";"0";"0";"0";"0";"0";"0";"0";"0";"0";"0";"0";"0";"0";"0";"0";"0";"0";"0";"0";"0";"0";"0";"0";"0";"0";"0";"0";"0";"0";"0";"0";"0";"0";"0";"0";"0";"0";"0";"0";"0";"0";"0";"0";"0";"0";"0";"0";"0";"0";"0";"0";"0";"0";"0";"0";"0";"0";"0";"0";"0";"0";"0";"Ja"
"main_coder";2410526;"NHL geeft ijshockeyspelers opnieuw niet vrij voor Winterspelen";"2021-12-22";"https://nos.nl/artikel/2410526-nhl-geeft-ijshockeyspelers-opnieuw-niet-vrij-voor-winterspelen";"1";"1";"de NHL";"Organisatie";"Zakelijke organisaties en hun werknemers";"";"";"0";"1";"13";"0";"0";"0";"0";"0";"0";"0";"0";"0";"0";"0";"0";"0";"0";"0";"0";"0";"0";"0";"0";"0";"0";"0";"0";"0";"0";"0";"0";"0";"0";"0";"0";"0";"0";"0";"0";"0";"0";"0";"0";"0";"0";"0";"0";"0";"0";"0";"0";"0";"0";"0";"0";"0";"0";"0";"0";"0";"0";"0";"0";"0";"0";"0";"0";"0";"0";"0";"0";"0";"0";"0";"0";"0";"Ja"
"main_coder";2373350;"RIVM: ""Oplopend aantal besmettingen betekent niet per se meer ziekenhuisopnames""";"2021-03-20";"https://nos.nl/artikel/2373350-rivm-oplopend-aantal-besmettingen-betekent-niet-per-se-meer-ziekenhuisopnames";"1";"1";"Hugo de Jonge";"Persoon";"NL - Nationale regering - executive / uitvoerende macht";"";"CDA";"1";"0";"31";"1";"1";"0";"0";"1";"0";"0";"0";"0";"0";"0";"0";"0";"0";"0";"0";"0";"0";"0";"0";"0";"0";"0";"0";"0";"0";"0";"0";"0";"0";"0";"0";"0";"0";"0";"0";"0";"0";"0";"0";"0";"0";"0";"0";"0";"0";"0";"0";"0";"0";"0";"0";"0";"0";"0";"0";"0";"0";"0";"0";"0";"0";"0";"0";"0";"0";"0";"0";"0";"0";"0";"0";"0";"Ja"
"main_coder";2336349;"Israël sluit 90 scholen weer uit angst voor nieuwe corona-uitbraak";"2020-06-05";"https://nos.nl/artikel/2336349-israel-sluit-90-scholen-weer-uit-angst-voor-nieuwe-corona-uitbraak";"1";"1";"het ministerie van Volksgezondheid";"Organisatie";"Regeringen/regeringsleiders/regeringsleden en/of andere politici in een ander land dan NL, op nationaal of lokaal niveau OF staatsorganisaties en hun ambtenaren";"";"";"0";"1";"16";"0";"0";"0";"0";"0";"0";"0";"0";"0";"0";"0";"0";"0";"0";"0";"0";"0";"0";"0";"0";"0";"0";"0";"0";"0";"0";"0";"0";"0";"0";"0";"0";"0";"0";"0";"0";"0";"0";"0";"0";"0";"0";"0";"0";"0";"0";"0";"0";"0";"0";"0";"0";"0";"0";"0";"0";"0";"0";"0";"0";"0";"0";"0";"0";"0";"0";"0";"0";"0";"0";"0";"0";"0";"Ja"
"main_coder";2407489;"Doodgeboortes bij niet-gevaccineerde vrouwen na ontsteking door corona";"2021-11-29";"https://nos.nl/artikel/2407489-doodgeboortes-bij-niet-gevaccineerde-vrouwen-na-ontsteking-door-corona";"1";"1";"Sam Schoenmakers";"Persoon";"Wetenschappelijke/medische organisaties en onderzoekers";"";"";"1";"1";"236";"1";"0";"0";"0";"0";"0";"0";"0";"0";"0";"0";"0";"0";"0";"0";"0";"0";"0";"0";"0";"0";"0";"0";"0";"0";"0";"0";"0";"0";"0";"0";"0";"0";"0";"0";"0";"0";"0";"0";"0";"0";"0";"0";"0";"0";"0";"0";"0";"0";"0";"0";"0";"0";"0";"0";"0";"0";"0";"0";"0";"0";"0";"0";"0";"0";"1";"1";"0";"1";"0";"0";"0";"0";"Ja"
"main_coder";2365836;"190 aanhoudingen bij protest Amsterdam, ambtswoning Halsema extra beveiligd";"2021-01-24";"https://nos.nl/artikel/2365836-190-aanhoudingen-bij-protest-amsterdam-ambtswoning-halsema-extra-beveiligd";"1";"1";"De politie";"Organisatie";"NL - Nationale staatsorganisaties en hun ambtenaren";"";"";"0";"1";"6";"0";"0";"0";"0";"0";"0";"0";"0";"0";"0";"0";"0";"0";"0";"0";"0";"0";"0";"0";"0";"0";"0";"0";"0";"0";"0";"0";"0";"0";"0";"0";"0";"0";"0";"0";"0";"0";"0";"0";"0";"0";"0";"0";"0";"0";"0";"0";"0";"0";"0";"0";"0";"0";"0";"0";"0";"0";"0";"0";"0";"0";"0";"0";"0";"0";"0";"0";"0";"0";"0";"0";"0";"0";"Ja"
"main_coder";2457129;"China naarstig op zoek naar ziekenhuisbedden voor coronapatiënten";"2022-12-20";"https://nos.nl/artikel/2457129-china-naarstig-op-zoek-naar-ziekenhuisbedden-voor-coronapatienten";"1";"1";"deskundigen";"Persoon";"Wetenschappelijke/medische organisaties en onderzoekers";"";"";"0";"1";"22";"0";"0";"0";"0";"0";"0";"0";"0";"0";"0";"0";"0";"0";"0";"0";"0";"0";"0";"0";"0";"0";"0";"0";"0";"0";"0";"0";"0";"0";"0";"0";"0";"0";"0";"0";"0";"0";"0";"0";"0";"0";"0";"0";"0";"0";"0";"0";"0";"0";"0";"0";"0";"0";"0";"0";"0";"0";"0";"0";"0";"0";"0";"0";"0";"0";"0";"0";"0";"0";"0";"0";"0";"0";"Ja"
"main_coder";2394513;"Veelbelovend middel verkleint kans op het krijgen van corona flink";"2021-08-20";"https://nos.nl/artikel/2394513-veelbelovend-middel-verkleint-kans-op-het-krijgen-van-corona-flink";"1";"1";"Marjolein van Egmond";"Persoon";"Wetenschappelijke/medische organisaties en onderzoekers";"";"";"1";"1";"62";"1";"0";"0";"0";"0";"0";"0";"0";"0";"0";"0";"0";"0";"0";"0";"0";"0";"0";"0";"0";"0";"0";"0";"0";"0";"0";"0";"0";"0";"0";"0";"0";"0";"0";"0";"0";"0";"0";"0";"0";"0";"0";"0";"0";"0";"0";"0";"0";"0";"0";"0";"0";"0";"0";"0";"0";"0";"0";"0";"0";"0";"0";"0";"0";"0";"1";"0";"0";"1";"0";"0";"0";"0";"Ja"
"main_coder";2454001;"Protesten in China tegen coronabeleid na brand met tien doden";"2022-11-26";"https://nos.nl/artikel/2454001-protesten-in-china-tegen-coronabeleid-na-brand-met-tien-doden";"1";"1";"Lokale autoriteiten";"Organisatie";"Regeringen/regeringsleiders/regeringsleden en/of andere politici in een ander land dan NL, op nationaal of lokaal niveau OF staatsorganisaties en hun ambtenaren";"";"";"0";"1";"15";"0";"0";"0";"0";"0";"0";"0";"0";"0";"0";"0";"0";"0";"0";"0";"0";"0";"0";"0";"0";"0";"0";"0";"0";"0";"0";"0";"0";"0";"0";"0";"0";"0";"0";"0";"0";"0";"0";"0";"0";"0";"0";"0";"0";"0";"0";"0";"0";"0";"0";"0";"0";"0";"0";"0";"0";"0";"0";"0";"0";"0";"0";"0";"0";"0";"0";"0";"0";"0";"0";"0";"0";"0";"Ja"
"main_coder";2386070;"Toegangsbewijs voor festival of club: ""Er is altijd een groep die dit niet accepteert""";"2021-06-21";"https://nos.nl/artikel/2386070-toegangsbewijs-voor-festival-of-club-er-is-altijd-een-groep-die-dit-niet-accepteert";"1";"1";"Pieter de Kroon";"Persoon";"Niet-governementele organisaties (NGO), maatschappelijke organisaties, en hun leden";"";"";"1";"1";"87";"1";"0";"0";"0";"0";"0";"0";"0";"0";"0";"0";"0";"0";"0";"0";"0";"0";"0";"0";"0";"0";"0";"0";"0";"0";"0";"0";"0";"0";"0";"0";"0";"0";"0";"0";"0";"0";"0";"0";"0";"0";"0";"0";"0";"0";"0";"0";"0";"0";"0";"0";"0";"0";"1";"1";"0";"0";"0";"0";"0";"0";"0";"0";"0";"0";"0";"0";"0";"0";"0";"0";"0";"0";"Ja"
"main_coder";2339595;"Modezaken worstelen met impact corona, veel uitverkoop en onverkochte voorraden";"2020-07-05";"https://nos.nl/artikel/2339595-modezaken-worstelen-met-impact-corona-veel-uitverkoop-en-onverkochte-voorraden.html";"1";"1";"winkeliers";"Persoon";"Zakelijke organisaties en hun werknemers";"";"";"0";"1";"18";"0";"0";"0";"0";"0";"0";"0";"0";"0";"0";"0";"0";"0";"0";"0";"0";"0";"0";"0";"0";"0";"0";"0";"0";"0";"0";"0";"0";"0";"0";"0";"0";"0";"0";"0";"0";"0";"0";"0";"0";"0";"0";"0";"0";"0";"0";"0";"0";"0";"0";"0";"0";"0";"0";"0";"0";"0";"0";"0";"0";"0";"0";"0";"0";"0";"0";"0";"0";"0";"0";"0";"0";"0";"Ja"
"main_coder";2336823;"Wereldwijde coronatrends: voor het eerst in maanden weer meer doden";"2020-06-10";"https://nos.nl/artikel/2336823-wereldwijde-coronatrends-voor-het-eerst-in-maanden-weer-meer-doden";"1";"1";"Wereldgezondheidsorganisatie WHO";"Organisatie";"EU-instellingen en Internationale overheidsorganisaties (ook IGO’s) en hun leden";"";"";"0";"1";"14";"0";"0";"0";"0";"0";"0";"0";"0";"0";"0";"0";"0";"0";"0";"0";"0";"0";"0";"0";"0";"0";"0";"0";"0";"0";"0";"0";"0";"0";"0";"0";"0";"0";"0";"0";"0";"0";"0";"0";"0";"0";"0";"0";"0";"0";"0";"0";"0";"0";"0";"0";"0";"0";"0";"0";"0";"0";"0";"0";"0";"0";"0";"0";"0";"0";"0";"0";"0";"0";"0";"0";"0";"0";"Ja"
"main_coder";2370347;"Steun voor maatregelen sterk afgenomen, maar meeste mensen houden zich er nog aan";"2021-02-26";"https://nos.nl/artikel/2370347-steun-voor-maatregelen-sterk-afgenomen-maar-meeste-mensen-houden-zich-er-nog-aan.html";"1";"1";"Minder dan de helft van de Nederlanders";"Persoon";"Publiek en leden van het publiek, publieke opiniepeilingen en hun respondenten";"";"";"0";"1";"12";"1";"0";"0";"0";"0";"0";"0";"0";"0";"0";"0";"0";"0";"1";"0";"1";"0";"1";"0";"1";"0";"0";"0";"0";"0";"0";"0";"0";"0";"0";"0";"0";"0";"0";"0";"0";"0";"0";"0";"0";"0";"0";"0";"0";"0";"0";"0";"0";"0";"0";"0";"0";"0";"0";"0";"0";"0";"0";"0";"0";"0";"0";"0";"0";"0";"0";"0";"0";"0";"0";"0";"0";"0";"Ja"
"main_coder";2355910;"Van commerciële tests op het coronavirus is alleen topje van ijsberg bekend";"2020-11-09";"https://nos.nl/artikel/2355910-van-commerciele-tests-op-het-coronavirus-is-alleen-topje-van-ijsberg-bekend.html";"1";"1";"het ministerie van Volksgezondheid";"Organisatie";"NL - Nationale regering - executive / uitvoerende macht";"";"NvT";"1";"1";"22";"1";"0";"0";"0";"0";"0";"0";"0";"0";"0";"0";"0";"0";"0";"0";"0";"0";"0";"0";"0";"0";"0";"0";"0";"0";"0";"0";"0";"0";"0";"0";"0";"0";"0";"0";"0";"0";"0";"0";"0";"0";"0";"0";"0";"0";"0";"0";"0";"0";"0";"0";"0";"0";"0";"0";"0";"0";"1";"0";"0";"1";"0";"0";"0";"0";"0";"0";"0";"0";"0";"0";"0";"0";"Ja"
"main_coder";2339109;"1 juli: coronaregels verder versoepeld, wat mag er allemaal weer?";"2020-07-01";"https://nos.nl/artikel/2339109-1-juli-coronaregels-verder-versoepeld-wat-mag-er-allemaal-weer.html";"1";"1";"het kabinet";"Organisatie";"NL - Nationale regering - executive / uitvoerende macht";"";"NvT";"1";"1";"11";"1";"1";"0";"0";"1";"0";"0";"0";"0";"0";"0";"0";"0";"0";"0";"0";"0";"0";"0";"0";"0";"0";"0";"0";"0";"0";"0";"0";"0";"0";"0";"0";"0";"0";"0";"0";"0";"0";"0";"0";"0";"0";"0";"0";"0";"0";"0";"0";"0";"0";"0";"0";"0";"0";"0";"0";"0";"0";"0";"0";"0";"0";"0";"0";"0";"0";"0";"0";"0";"0";"0";"0";"0";"Nee"
"main_coder";2365889;"Oxfam: ""Economische ongelijkheid neemt toe door corona""";"2021-01-25";"https://nos.nl/artikel/2365889-oxfam-economische-ongelijkheid-neemt-toe-door-corona";"1";"1";"Oxfam Novib";"Organisatie";"Niet-governementele organisaties (NGO), maatschappelijke organisaties, en hun leden";"";"";"1";"1";"74";"1";"0";"0";"0";"0";"0";"0";"0";"0";"0";"0";"0";"0";"0";"0";"0";"0";"0";"0";"0";"0";"0";"0";"0";"0";"0";"0";"0";"0";"0";"0";"0";"0";"0";"0";"0";"0";"0";"0";"0";"0";"0";"0";"0";"0";"0";"0";"0";"0";"0";"0";"0";"0";"0";"0";"0";"0";"0";"0";"0";"0";"0";"0";"0";"0";"1";"0";"0";"1";"0";"0";"0";"0";"Ja"
"main_coder";2358194;"Het is rustig in de teststraat, waarom wordt die capaciteit niet gebruikt?";"2020-11-26";"https://nos.nl/artikel/2358194-het-is-rustig-in-de-teststraat-waarom-wordt-die-capaciteit-niet-gebruikt.html";"1";"1";"de GGD";"Organisatie";"Openbare en semiopenbare instellingen";"";"";"0";"1";"9";"1";"0";"0";"0";"0";"0";"0";"0";"0";"0";"0";"0";"0";"0";"0";"0";"0";"0";"0";"0";"0";"0";"0";"0";"0";"0";"0";"0";"0";"0";"0";"0";"0";"0";"0";"0";"0";"0";"0";"0";"0";"0";"0";"0";"0";"0";"0";"0";"0";"0";"0";"0";"0";"0";"0";"0";"0";"1";"0";"0";"1";"0";"0";"0";"0";"0";"0";"0";"0";"0";"0";"0";"0";"Ja"
"main_coder";2329762;"""We zijn nog lang niet van corona af, dus stop met gijzeling overige zorg""";"2020-04-07";"https://nos.nl/nieuwsuur/artikel/2329762-we-zijn-nog-lang-niet-van-corona-af-dus-stop-met-gijzeling-overige-zorg";"1";"1";"Ernst Kuipers";"Persoon";"Wetenschappelijke/medische organisaties en onderzoekers";"";"";"1";"1";"375";"1";"0";"0";"0";"0";"0";"0";"0";"0";"0";"0";"0";"0";"0";"0";"0";"0";"0";"0";"0";"0";"0";"0";"0";"0";"0";"0";"0";"0";"0";"0";"0";"0";"0";"0";"0";"0";"0";"0";"0";"0";"0";"0";"0";"0";"0";"0";"0";"0";"0";"0";"0";"0";"0";"0";"0";"0";"1";"1";"0";"0";"0";"0";"0";"0";"0";"0";"0";"0";"0";"0";"0";"0";"Ja"
"main_coder";2328680;"Coronanieuws 28 maart: onveilige mondkapjes en ziekenhuis wil hulp van Duitsland";"2020-03-28";"https://nos.nl/artikel/2328680-coronanieuws-28-maart-onveilige-mondkapjes-en-ziekenhuis-wil-hulp-van-duitsland";"1";"1";"Het Isala Ziekenhuis";"Organisatie";"Wetenschappelijke/medische organisaties en onderzoekers";"";"";"0";"1";"16";"0";"0";"0";"0";"0";"0";"0";"0";"0";"0";"0";"0";"0";"0";"0";"0";"0";"0";"0";"0";"0";"0";"0";"0";"0";"0";"0";"0";"0";"0";"0";"0";"0";"0";"0";"0";"0";"0";"0";"0";"0";"0";"0";"0";"0";"0";"0";"0";"0";"0";"0";"0";"0";"0";"0";"0";"0";"0";"0";"0";"0";"0";"0";"0";"0";"0";"0";"0";"0";"0";"0";"0";"0";"Ja"
"main_coder";2380020;"Zweedse corona-aanpak onder de loep, vooral migranten hard getroffen";"2021-05-09";"https://nos.nl/nieuwsuur/artikel/2380020-zweedse-corona-aanpak-onder-de-loep-vooral-migranten-hard-getroffen";"1";"1";"Anders Tegnell";"Persoon";"Wetenschappelijke/medische organisaties en onderzoekers";"";"";"1";"1";"142";"1";"0";"0";"0";"0";"0";"0";"0";"0";"0";"0";"0";"0";"0";"0";"0";"0";"0";"0";"0";"0";"0";"0";"0";"0";"1";"0";"1";"0";"0";"0";"0";"0";"0";"0";"0";"0";"0";"0";"0";"0";"0";"0";"0";"0";"0";"0";"0";"0";"0";"0";"0";"0";"0";"0";"0";"0";"0";"0";"0";"0";"0";"0";"0";"0";"0";"0";"0";"0";"0";"0";"0";"0";"Ja"
"main_coder";2330078;"Google en Apple bouwen ""corona-tracking"" in op smartphones";"2020-04-10";"https://nos.nl/artikel/2330078-google-en-apple-bouwen-corona-tracking-in-op-smartphones";"0";"0";"";"";"";"";"";"0";"0";"";"";"0";"0";"0";"0";"0";"0";"0";"0";"0";"0";"0";"0";"0";"0";"0";"0";"0";"0";"0";"0";"0";"0";"0";"0";"0";"0";"0";"0";"0";"0";"0";"0";"0";"0";"0";"0";"0";"0";"0";"0";"0";"0";"0";"0";"0";"0";"0";"0";"0";"0";"0";"0";"0";"0";"0";"0";"0";"0";"0";"0";"0";"0";"0";"0";"0";"0";"0";"0";"0";"0";"0";"0";""
"main_coder";2322751;"Een cruiseschip als mega-onderzoekslab voor het coronavirus";"2020-02-12";"https://nos.nl/artikel/2322751-een-cruiseschip-als-mega-onderzoekslab-voor-het-coronavirus";"1";"1";"Patricia Bruijning";"Persoon";"Wetenschappelijke/medische organisaties en onderzoekers";"";"";"1";"1";"228";"0";"0";"0";"0";"0";"0";"0";"0";"0";"0";"0";"0";"0";"0";"0";"0";"0";"0";"0";"0";"0";"0";"0";"0";"0";"0";"0";"0";"0";"0";"0";"0";"0";"0";"0";"0";"0";"0";"0";"0";"0";"0";"0";"0";"0";"0";"0";"0";"0";"0";"0";"0";"0";"0";"0";"0";"0";"0";"0";"0";"0";"0";"0";"0";"0";"0";"0";"0";"0";"0";"0";"0";"0";"Ja"
"main_coder";2325123;"Opnieuw (of nog steeds) besmet met corona: hoe kan dat?";"2020-02-29";"https://nos.nl/artikel/2325123-opnieuw-of-nog-steeds-besmet-met-corona-hoe-kan-dat";"1";"1";"de Chinese gezondheidsfunctionaris uit Guangdong";"Persoon";"Wetenschappelijke/medische organisaties en onderzoekers";"";"";"0";"1";"28";"0";"0";"0";"0";"0";"0";"0";"0";"0";"0";"0";"0";"0";"0";"0";"0";"0";"0";"0";"0";"0";"0";"0";"0";"0";"0";"0";"0";"0";"0";"0";"0";"0";"0";"0";"0";"0";"0";"0";"0";"0";"0";"0";"0";"0";"0";"0";"0";"0";"0";"0";"0";"0";"0";"0";"0";"0";"0";"0";"0";"0";"0";"0";"0";"0";"0";"0";"0";"0";"0";"0";"0";"0";"Ja"
"main_coder";2326923;"Dit was de dag dat Nederland ""een patiënt"" werd";"2020-03-12";"https://nos.nl/artikel/2326923-dit-was-de-dag-dat-nederland-een-patient-werd";"1";"1";"Jaap van Dissel";"Persoon";"Openbare en semiopenbare instellingen";"";"";"1";"0";"10";"0";"0";"0";"0";"0";"0";"0";"0";"0";"0";"0";"0";"0";"0";"0";"0";"0";"0";"0";"0";"0";"0";"0";"0";"0";"0";"0";"0";"0";"0";"0";"0";"0";"0";"0";"0";"0";"0";"0";"0";"0";"0";"0";"0";"0";"0";"0";"0";"0";"0";"0";"0";"0";"0";"0";"0";"0";"0";"0";"0";"0";"0";"0";"0";"0";"0";"0";"0";"0";"0";"0";"0";"0";"Ja"
"main_coder";2328418;"Brabantse ziekenhuizen denken piek van IC-patiënten aan te kunnen";"2020-03-26";"https://nos.nl/artikel/2328418-brabantse-ziekenhuizen-denken-piek-van-ic-patienten-aan-te-kunnen";"1";"1";"Bart Berden";"Persoon";"Wetenschappelijke/medische organisaties en onderzoekers";"";"";"1";"1";"140";"0";"0";"0";"0";"0";"0";"0";"0";"0";"0";"0";"0";"0";"0";"0";"0";"0";"0";"0";"0";"0";"0";"0";"0";"0";"0";"0";"0";"0";"0";"0";"0";"0";"0";"0";"0";"0";"0";"0";"0";"0";"0";"0";"0";"0";"0";"0";"0";"0";"0";"0";"0";"0";"0";"0";"0";"0";"0";"0";"0";"0";"0";"0";"0";"0";"0";"0";"0";"0";"0";"0";"0";"0";"Ja"
"main_coder";2479493;"""Let bij long covid ook op maatschappelijke gevolgen""";"2023-06-19";"https://nos.nl/artikel/2479493-let-bij-long-covid-ook-op-maatschappelijke-gevolgen";"1";"1";"het Maatschappelijk Impact Team";"Organisatie";"Openbare en semiopenbare instellingen";"";"";"1";"1";"74";"0";"0";"0";"0";"0";"0";"0";"0";"0";"0";"0";"0";"0";"0";"0";"0";"0";"0";"0";"0";"0";"0";"0";"0";"0";"0";"0";"0";"0";"0";"0";"0";"0";"0";"0";"0";"0";"0";"0";"0";"0";"0";"0";"0";"0";"0";"0";"0";"0";"0";"0";"0";"0";"0";"0";"0";"0";"0";"0";"0";"0";"0";"0";"0";"0";"0";"0";"0";"0";"0";"0";"0";"0";"Ja"
"main_coder";2456638;"Kabinet draagt bij aan toekomstig fonds voor zorgwerkers met long covid";"2022-12-16";"https://nos.nl/artikel/2456638-kabinet-draagt-bij-aan-toekomstig-fonds-voor-zorgwerkers-met-long-covid";"1";"1";"Het kabinet";"Organisatie";"NL - Nationale regering - executive / uitvoerende macht";"";"NvT";"0";"1";"17";"0";"0";"0";"0";"0";"0";"0";"0";"0";"0";"0";"0";"0";"0";"0";"0";"0";"0";"0";"0";"0";"0";"0";"0";"0";"0";"0";"0";"0";"0";"0";"0";"0";"0";"0";"0";"0";"0";"0";"0";"0";"0";"0";"0";"0";"0";"0";"0";"0";"0";"0";"0";"0";"0";"0";"0";"0";"0";"0";"0";"0";"0";"0";"0";"0";"0";"0";"0";"0";"0";"0";"0";"0";"Ja"
"main_coder";2440742;"Agent vervolgd die vrouw in Eindhoven van dichtbij bespoot met waterkanon";"2022-08-15";"https://nos.nl/artikel/2440742-agent-vervolgd-die-vrouw-in-eindhoven-van-dichtbij-bespoot-met-waterkanon";"1";"1";"justitie";"Organisatie";"Nationale en internationale rechterlijke macht";"";"";"0";"1";"18";"0";"0";"0";"0";"0";"0";"0";"0";"0";"0";"0";"0";"0";"0";"0";"0";"0";"0";"0";"0";"0";"0";"0";"0";"0";"0";"0";"0";"0";"0";"0";"0";"0";"0";"0";"0";"0";"0";"0";"0";"0";"0";"0";"0";"0";"0";"0";"0";"0";"0";"0";"0";"0";"0";"0";"0";"0";"0";"0";"0";"0";"0";"0";"0";"0";"0";"0";"0";"0";"0";"0";"0";"0";"Ja"
"main_coder";2441951;"""9 op 10 opgenomen coronapatiënten hebben jaar later nog klachten""";"2022-08-25";"https://nos.nl/artikel/2441951-9-op-10-opgenomen-coronapatienten-hebben-jaar-later-nog-klachten";"1";"1";"de onderzoekers";"Persoon";"Wetenschappelijke/medische organisaties en onderzoekers";"";"";"0";"1";"16";"0";"0";"0";"0";"0";"0";"0";"0";"0";"0";"0";"0";"0";"0";"0";"0";"0";"0";"0";"0";"0";"0";"0";"0";"0";"0";"0";"0";"0";"0";"0";"0";"0";"0";"0";"0";"0";"0";"0";"0";"0";"0";"0";"0";"0";"0";"0";"0";"0";"0";"0";"0";"0";"0";"0";"0";"0";"0";"0";"0";"0";"0";"0";"0";"0";"0";"0";"0";"0";"0";"0";"0";"0";"Ja"
"main_coder";2427515;"Voor eerst sinds september 2020 minder dan 50 coronapatiënten op IC";"2022-05-04";"https://nos.nl/artikel/2427515-voor-eerst-sinds-september-2020-minder-dan-50-coronapatienten-op-ic";"1";"1";"het Landelijk Coördinatiecentrum Patiënten Spreiding";"Organisatie";"Wetenschappelijke/medische organisaties en onderzoekers";"";"";"0";"1";"17";"0";"0";"0";"0";"0";"0";"0";"0";"0";"0";"0";"0";"0";"0";"0";"0";"0";"0";"0";"0";"0";"0";"0";"0";"0";"0";"0";"0";"0";"0";"0";"0";"0";"0";"0";"0";"0";"0";"0";"0";"0";"0";"0";"0";"0";"0";"0";"0";"0";"0";"0";"0";"0";"0";"0";"0";"0";"0";"0";"0";"0";"0";"0";"0";"0";"0";"0";"0";"0";"0";"0";"0";"0";"Ja"
"main_coder";2428330;"Lockdown trof mentale gezondheid jongeren, veel ouderen voelden zich juist goed";"2022-05-11";"https://nos.nl/artikel/2428330-lockdown-trof-mentale-gezondheid-jongeren-veel-ouderen-voelden-zich-juist-goed";"1";"1";"Michel Dückers";"Persoon";"Wetenschappelijke/medische organisaties en onderzoekers";"";"";"1";"0";"151";"1";"1";"0";"0";"1";"0";"0";"0";"0";"0";"0";"0";"0";"0";"0";"0";"0";"0";"0";"0";"0";"0";"0";"0";"0";"0";"0";"0";"0";"0";"0";"0";"0";"0";"0";"0";"0";"0";"0";"0";"0";"0";"0";"0";"0";"0";"0";"0";"0";"0";"0";"0";"0";"0";"0";"0";"0";"0";"0";"0";"0";"0";"0";"0";"0";"0";"0";"0";"0";"0";"0";"0";"0";"Ja"
"main_coder";2432686;"Post-covid kan nog eens duizenden zorgmedewerkers baan kosten";"2022-06-14";"https://nos.nl/artikel/2432686-post-covid-kan-nog-eens-duizenden-zorgmedewerkers-baan-kosten";"1";"1";"vakbond FNV";"Organisatie";"Niet-governementele organisaties (NGO), maatschappelijke organisaties, en hun leden";"";"";"0";"1";"41";"0";"0";"0";"0";"0";"0";"0";"0";"0";"0";"0";"0";"0";"0";"0";"0";"0";"0";"0";"0";"0";"0";"0";"0";"0";"0";"0";"0";"0";"0";"0";"0";"0";"0";"0";"0";"0";"0";"0";"0";"0";"0";"0";"0";"0";"0";"0";"0";"0";"0";"0";"0";"0";"0";"0";"0";"0";"0";"0";"0";"0";"0";"0";"0";"0";"0";"0";"0";"0";"0";"0";"0";"0";"Ja"
"main_coder";2417327;"Gezondheidsraad wil meer aandacht voor langdurige coronaklachten";"2022-02-14";"https://nos.nl/artikel/2417327-gezondheidsraad-wil-meer-aandacht-voor-langdurige-coronaklachten";"1";"1";"de Gezondheidsraad";"Organisatie";"Wetenschappelijke/medische organisaties en onderzoekers";"";"";"1";"1";"100";"0";"0";"0";"0";"0";"0";"0";"0";"0";"0";"0";"0";"0";"0";"0";"0";"0";"0";"0";"0";"0";"0";"0";"0";"0";"0";"0";"0";"0";"0";"0";"0";"0";"0";"0";"0";"0";"0";"0";"0";"0";"0";"0";"0";"0";"0";"0";"0";"0";"0";"0";"0";"0";"0";"0";"0";"0";"0";"0";"0";"0";"0";"0";"0";"0";"0";"0";"0";"0";"0";"0";"0";"0";"Ja"
"main_coder";2413877;"Kabinet hoopt op opening horeca en cultuur, maar ""gaat nog geen garanties geven""";"2022-01-20";"https://nos.nl/artikel/2413877-kabinet-hoopt-op-opening-horeca-en-cultuur-maar-gaat-nog-geen-garanties-geven";"1";"1";"Het kabinet";"Organisatie";"NL - Nationale regering - executive / uitvoerende macht";"";"NvT";"1";"1";"42";"1";"0";"0";"0";"0";"0";"0";"0";"0";"0";"0";"0";"0";"0";"0";"0";"0";"0";"0";"0";"0";"0";"0";"0";"0";"0";"0";"0";"0";"0";"0";"0";"0";"0";"0";"0";"0";"0";"0";"0";"0";"0";"0";"0";"0";"0";"0";"0";"0";"0";"0";"0";"0";"0";"0";"0";"0";"0";"0";"0";"0";"0";"0";"0";"0";"1";"1";"0";"0";"0";"0";"0";"0";"Ja"
"main_coder";2408462;"Instroom van coronapatiënten in ziekenhuizen over piek heen";"2021-12-06";"https://nos.nl/artikel/2408462-instroom-van-coronapatienten-in-ziekenhuizen-over-piek-heen";"1";"1";"Ernst Kuipers";"Persoon";"Wetenschappelijke/medische organisaties en onderzoekers";"";"";"1";"1";"212";"1";"1";"0";"0";"1";"0";"0";"0";"0";"0";"0";"0";"0";"0";"0";"0";"0";"0";"0";"0";"0";"0";"0";"0";"0";"0";"0";"0";"0";"0";"0";"0";"0";"0";"0";"0";"0";"0";"0";"0";"0";"0";"0";"0";"0";"0";"0";"0";"0";"0";"0";"0";"0";"0";"0";"0";"0";"0";"0";"0";"0";"0";"0";"0";"0";"0";"0";"0";"0";"0";"0";"0";"0";"Ja"
"main_coder";2413380;"Oxfam: vermogen tien rijkste mannen verdubbeld, armoede toegenomen tijdens pandemie";"2022-01-17";"https://nos.nl/artikel/2413380-oxfam-vermogen-tien-rijkste-mannen-verdubbeld-armoede-toegenomen-tijdens-pandemie";"1";"1";"Oxfam Novib";"Organisatie";"Niet-governementele organisaties (NGO), maatschappelijke organisaties, en hun leden";"";"";"0";"1";"114";"1";"0";"0";"0";"0";"0";"0";"0";"0";"0";"0";"0";"0";"0";"0";"0";"0";"0";"0";"0";"0";"0";"0";"0";"0";"0";"0";"0";"0";"0";"0";"0";"0";"0";"0";"0";"0";"0";"0";"0";"0";"0";"0";"0";"0";"0";"0";"0";"0";"0";"0";"0";"0";"0";"0";"0";"0";"0";"0";"0";"0";"0";"0";"0";"0";"1";"0";"0";"1";"0";"0";"0";"0";"Ja"
"main_coder";2406422;"Tienduizenden Oostenrijkers protesteren tegen lockdown en vaccinatieplicht";"2021-11-20";"https://nos.nl/artikel/2406422-tienduizenden-oostenrijkers-protesteren-tegen-lockdown-en-vaccinatieplicht";"1";"1";"de politie";"Organisatie";"Regeringen/regeringsleiders/regeringsleden en/of andere politici in een ander land dan NL, op nationaal of lokaal niveau OF staatsorganisaties en hun ambtenaren";"";"";"0";"1";"7";"0";"0";"0";"0";"0";"0";"0";"0";"0";"0";"0";"0";"0";"0";"0";"0";"0";"0";"0";"0";"0";"0";"0";"0";"0";"0";"0";"0";"0";"0";"0";"0";"0";"0";"0";"0";"0";"0";"0";"0";"0";"0";"0";"0";"0";"0";"0";"0";"0";"0";"0";"0";"0";"0";"0";"0";"0";"0";"0";"0";"0";"0";"0";"0";"0";"0";"0";"0";"0";"0";"0";"0";"0";"Ja"
"main_coder";2399840;"Rechter: gemeente Utrecht mocht restaurant Waku Waku sluiten";"2021-09-30";"https://nos.nl/artikel/2399840-rechter-gemeente-utrecht-mocht-restaurant-waku-waku-sluiten";"1";"1";"de rechter";"Persoon";"Nationale en internationale rechterlijke macht";"";"";"0";"1";"90";"1";"0";"0";"0";"0";"0";"0";"0";"0";"0";"0";"0";"0";"0";"0";"0";"0";"0";"0";"0";"0";"0";"0";"0";"0";"0";"0";"0";"0";"0";"0";"0";"0";"0";"0";"0";"0";"0";"0";"0";"0";"0";"0";"0";"0";"0";"0";"0";"0";"0";"0";"0";"0";"0";"0";"0";"0";"0";"0";"0";"0";"0";"0";"0";"0";"1";"1";"0";"1";"0";"0";"0";"0";"Ja"
"main_coder";2384683;"RIVM: ""Het gaat goed en steeds beter""";"2021-06-12";"https://nos.nl/artikel/2384683-rivm-het-gaat-goed-en-steeds-beter";"1";"1";"I&O Research";"Organisatie";"Wetenschappelijke/medische organisaties en onderzoekers";"";"";"0";"1";"14";"1";"1";"0";"0";"1";"0";"0";"0";"0";"0";"0";"0";"0";"0";"0";"0";"0";"0";"0";"0";"0";"0";"0";"0";"0";"0";"0";"0";"0";"0";"0";"0";"0";"0";"0";"0";"0";"0";"0";"0";"0";"0";"0";"0";"0";"0";"0";"0";"0";"0";"0";"0";"0";"0";"0";"0";"0";"0";"0";"0";"0";"0";"0";"0";"0";"0";"0";"0";"0";"0";"0";"0";"0";"Ja"
"main_coder";2387341;"Tieners kunnen vanaf vrijdag afspraak maken voor coronavaccinatie";"2021-06-30";"https://nos.nl/artikel/2387341-tieners-kunnen-vanaf-vrijdag-afspraak-maken-voor-coronavaccinatie";"1";"1";"Het kabinet";"Organisatie";"NL - Nationale regering - executive / uitvoerende macht";"";"NvT";"0";"1";"17";"1";"0";"0";"0";"0";"0";"0";"0";"0";"0";"0";"0";"0";"0";"0";"0";"0";"0";"0";"0";"0";"0";"0";"0";"0";"0";"0";"0";"0";"0";"0";"0";"0";"0";"0";"0";"0";"0";"0";"0";"0";"0";"0";"0";"0";"0";"0";"0";"0";"0";"0";"0";"0";"0";"0";"0";"0";"0";"0";"0";"0";"0";"0";"0";"0";"1";"0";"0";"1";"0";"0";"0";"0";"Ja"
"main_coder";2378929;"Lange wachttijden en vaak jonge patiënten bij nazorgpoli's corona";"2021-05-01";"https://nos.nl/artikel/2378929-lange-wachttijden-en-vaak-jonge-patienten-bij-nazorgpoli-s-corona";"1";"1";"de NOS";"Organisatie";"Journalisten anders dan de schrijver van het huidige artikel of nieuwsorganisaties anders dan de nieuwsorganisatie van het huidige artikel.";"";"";"0";"1";"13";"0";"0";"0";"0";"0";"0";"0";"0";"0";"0";"0";"0";"0";"0";"0";"0";"0";"0";"0";"0";"0";"0";"0";"0";"0";"0";"0";"0";"0";"0";"0";"0";"0";"0";"0";"0";"0";"0";"0";"0";"0";"0";"0";"0";"0";"0";"0";"0";"0";"0";"0";"0";"0";"0";"0";"0";"0";"0";"0";"0";"0";"0";"0";"0";"0";"0";"0";"0";"0";"0";"0";"0";"0";"Ja"
"main_coder";2379298;"Is de piek van de derde golf bereikt? ""Het is nog even koffiedik kijken""";"2021-05-03";"https://nos.nl/artikel/2379298-is-de-piek-van-de-derde-golf-bereikt-het-is-nog-even-koffiedik-kijken";"1";"1";"Jaap van Dissel";"Persoon";"Openbare en semiopenbare instellingen";"";"";"0";"1";"19";"0";"0";"0";"0";"0";"0";"0";"0";"0";"0";"0";"0";"0";"0";"0";"0";"0";"0";"0";"0";"0";"0";"0";"0";"0";"0";"0";"0";"0";"0";"0";"0";"0";"0";"0";"0";"0";"0";"0";"0";"0";"0";"0";"0";"0";"0";"0";"0";"0";"0";"0";"0";"0";"0";"0";"0";"0";"0";"0";"0";"0";"0";"0";"0";"0";"0";"0";"0";"0";"0";"0";"0";"0";"Ja"
"main_coder";2379841;"Besmettingen India gaan hard door virusmutaties en niet naleven maatregelen";"2021-05-08";"https://nos.nl/artikel/2379841-besmettingen-india-gaan-hard-door-virusmutaties-en-niet-naleven-maatregelen";"1";"1";"Marion Koopmans";"Persoon";"Wetenschappelijke/medische organisaties en onderzoekers";"";"";"1";"1";"183";"1";"0";"0";"0";"0";"0";"0";"0";"0";"0";"0";"0";"0";"0";"0";"0";"0";"0";"0";"0";"0";"0";"0";"0";"0";"0";"0";"0";"0";"0";"0";"0";"0";"0";"0";"0";"0";"0";"0";"0";"0";"0";"0";"0";"0";"0";"0";"0";"0";"0";"0";"0";"0";"0";"0";"0";"0";"0";"0";"0";"0";"0";"0";"0";"0";"1";"1";"0";"0";"0";"0";"0";"0";"Ja"
"main_coder";2381978;"Hoe houden we zicht op het virus als we richting het ""oude normaal"" gaan?";"2021-05-23";"https://nos.nl/artikel/2381978-hoe-houden-we-zicht-op-het-virus-als-we-richting-het-oude-normaal-gaan";"1";"1";"Amrish Baidjoe";"Persoon";"Wetenschappelijke/medische organisaties en onderzoekers";"";"";"1";"1";"219";"1";"0";"0";"0";"0";"0";"0";"0";"0";"0";"0";"0";"0";"0";"0";"0";"0";"0";"0";"0";"0";"0";"0";"0";"0";"0";"0";"0";"0";"0";"0";"0";"0";"0";"0";"0";"0";"0";"0";"0";"0";"0";"0";"0";"0";"0";"0";"0";"0";"0";"0";"0";"0";"0";"0";"0";"0";"0";"0";"0";"0";"0";"0";"0";"0";"1";"1";"1";"0";"0";"0";"0";"0";"Ja"
"main_coder";2375503;"Servië heeft zo veel vaccins dat er keuze is, en bussen uit buurland toestromen";"2021-04-05";"https://nos.nl/artikel/2375503-servie-heeft-zo-veel-vaccins-dat-er-keuze-is-en-bussen-uit-buurland-toestromen";"1";"1";"Servische media";"Organisatie";"Journalisten anders dan de schrijver van het huidige artikel of nieuwsorganisaties anders dan de nieuwsorganisatie van het huidige artikel.";"";"";"0";"1";"15";"1";"0";"0";"0";"0";"0";"0";"0";"0";"0";"0";"0";"0";"0";"0";"0";"0";"0";"0";"0";"0";"0";"0";"0";"0";"0";"0";"0";"0";"0";"0";"0";"0";"0";"0";"0";"0";"0";"0";"0";"0";"0";"0";"0";"0";"0";"0";"0";"0";"0";"0";"0";"0";"0";"0";"0";"0";"0";"0";"0";"0";"0";"0";"0";"0";"1";"0";"0";"1";"0";"0";"0";"0";"Ja"
"main_coder";2376137;"Demonstratie tegen coronabeleid in Baarn en omgeving";"2021-04-10";"https://nos.nl/artikel/2376137-demonstratie-tegen-coronabeleid-in-baarn-en-omgeving";"1";"1";"Police for freedom";"Organisatie";"Niet-governementele organisaties (NGO), maatschappelijke organisaties, en hun leden";"";"";"0";"1";"13";"0";"0";"0";"0";"0";"0";"0";"0";"0";"0";"0";"0";"0";"0";"0";"0";"0";"0";"0";"0";"0";"0";"0";"0";"0";"0";"0";"0";"0";"0";"0";"0";"0";"0";"0";"0";"0";"0";"0";"0";"0";"0";"0";"0";"0";"0";"0";"0";"0";"0";"0";"0";"0";"0";"0";"0";"0";"0";"0";"0";"0";"0";"0";"0";"0";"0";"0";"0";"0";"0";"0";"0";"0";"Ja"
"main_coder";2377898;"Zorgen bij Gommers over aantal IC-opnames, vrees voor ""code zwart""";"2021-04-23";"https://nos.nl/artikel/2377898-zorgen-bij-gommers-over-aantal-ic-opnames-vrees-voor-code-zwart";"1";"1";"Diederik Gommers";"Persoon";"Wetenschappelijke/medische organisaties en onderzoekers";"";"";"1";"1";"178";"0";"0";"0";"0";"0";"0";"0";"0";"0";"0";"0";"0";"0";"0";"0";"0";"0";"0";"0";"0";"0";"0";"0";"0";"0";"0";"0";"0";"0";"0";"0";"0";"0";"0";"0";"0";"0";"0";"0";"0";"0";"0";"0";"0";"0";"0";"0";"0";"0";"0";"0";"0";"0";"0";"0";"0";"0";"0";"0";"0";"0";"0";"0";"0";"0";"0";"0";"0";"0";"0";"0";"0";"0";"Ja"
"main_coder";2369444;"Ook Eerste Kamer stemt in met nieuwe avondklok-wet";"2021-02-19";"https://nos.nl/artikel/2369444-ook-eerste-kamer-stemt-in-met-nieuwe-avondklok-wet";"1";"1";"Bruijn";"Persoon";"NL - Nationaal parlement en nationale partijen – wetgevende macht";"";"VVD";"1";"0";"5";"0";"0";"0";"0";"0";"0";"0";"0";"0";"0";"0";"0";"0";"0";"0";"0";"0";"0";"0";"0";"0";"0";"0";"0";"0";"0";"0";"0";"0";"0";"0";"0";"0";"0";"0";"0";"0";"0";"0";"0";"0";"0";"0";"0";"0";"0";"0";"0";"0";"0";"0";"0";"0";"0";"0";"0";"0";"0";"0";"0";"0";"0";"0";"0";"0";"0";"0";"0";"0";"0";"0";"0";"0";"Ja"
"main_coder";2374653;"Oxfam Novib: coronavaccins snel ineffectief door vaccingebrek in arme landen";"2021-03-30";"https://nos.nl/artikel/2374653-oxfam-novib-coronavaccins-snel-ineffectief-door-vaccingebrek-in-arme-landen";"1";"1";"Negen van de tien wetenschappers";"Persoon";"Wetenschappelijke/medische organisaties en onderzoekers";"";"";"0";"1";"20";"0";"0";"0";"0";"0";"0";"0";"0";"0";"0";"0";"0";"0";"0";"0";"0";"0";"0";"0";"0";"0";"0";"0";"0";"0";"0";"0";"0";"0";"0";"0";"0";"0";"0";"0";"0";"0";"0";"0";"0";"0";"0";"0";"0";"0";"0";"0";"0";"0";"0";"0";"0";"0";"0";"0";"0";"0";"0";"0";"0";"0";"0";"0";"0";"0";"0";"0";"0";"0";"0";"0";"0";"0";"Ja"
"main_coder";2369393;"Hof doet over een week uitspraak, avondklok blijft tot die tijd van kracht";"2021-02-19";"https://nos.nl/artikel/2369393-hof-doet-over-een-week-uitspraak-avondklok-blijft-tot-die-tijd-van-kracht.html";"1";"1";"Marie-Anne Tan-de Sonnaville";"Persoon";"Nationale en internationale rechterlijke macht";"";"";"1";"1";"42";"1";"0";"0";"0";"0";"0";"0";"0";"0";"0";"0";"0";"0";"0";"0";"0";"0";"1";"0";"0";"1";"0";"0";"0";"0";"0";"0";"0";"0";"0";"0";"0";"0";"0";"0";"0";"0";"0";"0";"0";"0";"0";"0";"0";"0";"0";"0";"0";"0";"0";"0";"0";"0";"0";"0";"0";"0";"0";"0";"0";"0";"0";"0";"0";"0";"0";"0";"0";"0";"0";"0";"0";"0";"Ja"
"main_coder";2369436;"Waarom veel zwarte Amerikanen het coronavaccin wantrouwen";"2021-02-19";"https://nos.nl/artikel/2369436-waarom-veel-zwarte-amerikanen-het-coronavaccin-wantrouwen.html";"1";"1";"Marvin McDowell";"Persoon";"Publiek en leden van het publiek, publieke opiniepeilingen en hun respondenten";"";"";"1";"0";"54";"1";"0";"0";"0";"0";"0";"0";"0";"0";"0";"0";"0";"0";"0";"0";"0";"0";"0";"0";"0";"0";"0";"0";"0";"0";"0";"0";"0";"0";"0";"0";"0";"0";"0";"0";"0";"0";"0";"0";"0";"0";"0";"0";"0";"0";"0";"0";"0";"0";"0";"0";"0";"0";"0";"0";"0";"0";"0";"0";"0";"0";"0";"0";"0";"0";"1";"0";"1";"0";"0";"0";"0";"0";"Ja"
"main_coder";2366056;"Grapperhaus: snelrecht tegen relschoppers, avondklok blijft";"2021-01-26";"https://nos.nl/artikel/2366056-grapperhaus-snelrecht-tegen-relschoppers-avondklok-blijft";"1";"1";"Grapperhaus";"Persoon";"NL - Nationale regering - executive / uitvoerende macht";"";"CDA";"1";"1";"131";"0";"0";"0";"0";"0";"0";"0";"0";"0";"0";"0";"0";"0";"0";"0";"0";"0";"0";"0";"0";"0";"0";"0";"0";"0";"0";"0";"0";"0";"0";"0";"0";"0";"0";"0";"0";"0";"0";"0";"0";"0";"0";"0";"0";"0";"0";"0";"0";"0";"0";"0";"0";"0";"0";"0";"0";"0";"0";"0";"0";"0";"0";"0";"0";"0";"0";"0";"0";"0";"0";"0";"0";"0";"Ja"
"main_coder";2366198;"Rellen creëren ook groep ""die staat voor iets anders"": veel initiatieven om te helpen";"2021-01-27";"https://nos.nl/artikel/2366198-rellen-creeren-ook-groep-die-staat-voor-iets-anders-veel-initiatieven-om-te-helpen";"1";"1";"Otto Adang";"Persoon";"Wetenschappelijke/medische organisaties en onderzoekers";"";"";"1";"1";"200";"0";"0";"0";"0";"0";"0";"0";"0";"0";"0";"0";"0";"0";"0";"0";"0";"0";"0";"0";"0";"0";"0";"0";"0";"0";"0";"0";"0";"0";"0";"0";"0";"0";"0";"0";"0";"0";"0";"0";"0";"0";"0";"0";"0";"0";"0";"0";"0";"0";"0";"0";"0";"0";"0";"0";"0";"0";"0";"0";"0";"0";"0";"0";"0";"0";"0";"0";"0";"0";"0";"0";"0";"0";"Ja"
"main_coder";2366327;"Koning spreekt na avondklokrellen met bewoners en ondernemers in Den Bosch";"2021-01-28";"https://nos.nl/artikel/2366327-koning-spreekt-na-avondklokrellen-met-bewoners-en-ondernemers-in-den-bosch";"1";"1";"Koning Willem-Alexander";"Persoon";"NL - Nationale koninklijke familie en haar leden";"";"";"1";"1";"32";"0";"0";"0";"0";"0";"0";"0";"0";"0";"0";"0";"0";"0";"0";"0";"0";"0";"0";"0";"0";"0";"0";"0";"0";"0";"0";"0";"0";"0";"0";"0";"0";"0";"0";"0";"0";"0";"0";"0";"0";"0";"0";"0";"0";"0";"0";"0";"0";"0";"0";"0";"0";"0";"0";"0";"0";"0";"0";"0";"0";"0";"0";"0";"0";"0";"0";"0";"0";"0";"0";"0";"0";"0";"Nee"
"main_coder";2366896;"Oproep uit IC-hoek: ""Versoepel aantal maatregelen, accepteer meer overlijdens""";"2021-02-01";"https://nos.nl/artikel/2366896-oproep-uit-ic-hoek-versoepel-aantal-maatregelen-accepteer-meer-overlijdens.html";"1";"1";"Hugo Touw";"Persoon";"Wetenschappelijke/medische organisaties en onderzoekers";"";"";"1";"1";"198";"1";"1";"1";"1";"0";"0";"0";"0";"0";"0";"0";"0";"0";"0";"0";"0";"0";"0";"0";"0";"0";"0";"0";"0";"0";"0";"0";"0";"0";"0";"0";"0";"0";"0";"0";"0";"0";"0";"0";"0";"0";"0";"0";"0";"0";"0";"0";"0";"0";"0";"0";"0";"0";"0";"0";"0";"0";"0";"0";"0";"0";"0";"0";"0";"0";"0";"0";"0";"0";"0";"0";"0";"0";"Ja"
"main_coder";2367812;"19-jarige Brit ontwaakt na jaar in coma in totaal andere wereld";"2021-02-08";"https://nos.nl/artikel/2367812-19-jarige-brit-ontwaakt-na-jaar-in-coma-in-totaal-andere-wereld.html";"0";"0";"";"";"";"";"";"0";"0";"";"";"0";"0";"0";"0";"0";"0";"0";"0";"0";"0";"0";"0";"0";"0";"0";"0";"0";"0";"0";"0";"0";"0";"0";"0";"0";"0";"0";"0";"0";"0";"0";"0";"0";"0";"0";"0";"0";"0";"0";"0";"0";"0";"0";"0";"0";"0";"0";"0";"0";"0";"0";"0";"0";"0";"0";"0";"0";"0";"0";"0";"0";"0";"0";"0";"0";"0";"0";"0";"0";"0";"0";"0";""
"main_coder";2365172;"Zuurstof en vaccins voor zwaar getroffen Braziliaanse stad Manaus";"2021-01-20";"https://nos.nl/artikel/2365172-zuurstof-en-vaccins-voor-zwaar-getroffen-braziliaanse-stad-manaus";"1";"1";"een inwoonster van Manaus";"Persoon";"Publiek en leden van het publiek, publieke opiniepeilingen en hun respondenten";"";"";"1";"0";"21";"0";"0";"0";"0";"0";"0";"0";"0";"0";"0";"0";"0";"0";"0";"0";"0";"0";"0";"0";"0";"0";"0";"0";"0";"0";"0";"0";"0";"0";"0";"0";"0";"0";"0";"0";"0";"0";"0";"0";"0";"0";"0";"0";"0";"0";"0";"0";"0";"0";"0";"0";"0";"0";"0";"0";"0";"0";"0";"0";"0";"0";"0";"0";"0";"0";"0";"0";"0";"0";"0";"0";"0";"0";"Ja"
"main_coder";2365361;"Rutte: avondklok misschien iets later, maar niet na 21.00 uur";"2021-01-21";"https://nos.nl/artikel/2365361-rutte-avondklok-misschien-iets-later-maar-niet-na-21-00-uur";"1";"1";"Rutte";"Persoon";"NL - Nationale regering - executive / uitvoerende macht";"";"VVD";"1";"1";"104";"1";"0";"0";"0";"0";"1";"1";"0";"0";"0";"0";"0";"0";"0";"0";"0";"0";"1";"1";"1";"0";"0";"0";"0";"0";"0";"0";"0";"0";"0";"0";"0";"0";"0";"0";"0";"0";"0";"0";"0";"0";"0";"0";"0";"0";"0";"0";"0";"0";"0";"0";"0";"0";"0";"0";"0";"0";"0";"0";"0";"0";"0";"0";"0";"0";"0";"0";"0";"0";"0";"0";"0";"0";"Ja"
"main_coder";2365867;"""Op dit soort momenten schaam ik me om Urker te zijn""";"2021-01-24";"https://nos.nl/artikel/2365867-op-dit-soort-momenten-schaam-ik-me-om-urker-te-zijn";"1";"1";"De inwoners die de NOS sprak";"Persoon";"Publiek en leden van het publiek, publieke opiniepeilingen en hun respondenten";"";"";"0";"1";"7";"0";"0";"0";"0";"0";"0";"0";"0";"0";"0";"0";"0";"0";"0";"0";"0";"0";"0";"0";"0";"0";"0";"0";"0";"0";"0";"0";"0";"0";"0";"0";"0";"0";"0";"0";"0";"0";"0";"0";"0";"0";"0";"0";"0";"0";"0";"0";"0";"0";"0";"0";"0";"0";"0";"0";"0";"0";"0";"0";"0";"0";"0";"0";"0";"0";"0";"0";"0";"0";"0";"0";"0";"0";"Ja"
"main_coder";2358916;"Bedrijven worstelen met thuiswerken, ""mentale gesteldheid is ook belangrijk""";"2020-12-01";"https://nos.nl/artikel/2358916-bedrijven-worstelen-met-thuiswerken-mentale-gesteldheid-is-ook-belangrijk";"1";"1";"Rutte en De Jonge";"Persoon";"NL - Nationale regering - executive / uitvoerende macht";"";"VVD, CDA";"1";"0";"4";"1";"0";"0";"0";"0";"1";"1";"0";"0";"0";"0";"0";"0";"0";"0";"0";"0";"0";"0";"0";"0";"0";"0";"0";"0";"0";"0";"0";"0";"0";"0";"0";"0";"0";"0";"0";"0";"0";"0";"0";"0";"0";"0";"0";"0";"0";"0";"0";"0";"0";"0";"0";"0";"0";"0";"0";"0";"0";"0";"0";"0";"0";"0";"0";"0";"0";"0";"0";"0";"0";"0";"0";"0";"Ja"
"main_coder";2361815;"RIVM: Britse coronavariant verspreidt zich door Nederland";"2020-12-23";"https://nos.nl/artikel/2361815-rivm-britse-coronavariant-verspreidt-zich-door-nederland.html";"1";"1";"het RIVM";"Organisatie";"Openbare en semiopenbare instellingen";"";"";"0";"1";"9";"0";"0";"0";"0";"0";"0";"0";"0";"0";"0";"0";"0";"0";"0";"0";"0";"0";"0";"0";"0";"0";"0";"0";"0";"0";"0";"0";"0";"0";"0";"0";"0";"0";"0";"0";"0";"0";"0";"0";"0";"0";"0";"0";"0";"0";"0";"0";"0";"0";"0";"0";"0";"0";"0";"0";"0";"0";"0";"0";"0";"0";"0";"0";"0";"0";"0";"0";"0";"0";"0";"0";"0";"0";"Ja"
"main_coder";2362513;"Zorgautoriteit: tientallen ziekenhuizen schrappen dringende operaties door corona";"2020-12-30";"https://nos.nl/artikel/2362513-zorgautoriteit-tientallen-ziekenhuizen-schrappen-dringende-operaties-door-corona.html";"1";"1";"de Nederlandse Zorgautoriteit";"Organisatie";"Openbare en semiopenbare instellingen";"";"";"0";"1";"23";"0";"0";"0";"0";"0";"0";"0";"0";"0";"0";"0";"0";"0";"0";"0";"0";"0";"0";"0";"0";"0";"0";"0";"0";"0";"0";"0";"0";"0";"0";"0";"0";"0";"0";"0";"0";"0";"0";"0";"0";"0";"0";"0";"0";"0";"0";"0";"0";"0";"0";"0";"0";"0";"0";"0";"0";"0";"0";"0";"0";"0";"0";"0";"0";"0";"0";"0";"0";"0";"0";"0";"0";"0";"Ja"
"main_coder";2363133;"Kabinet wil geen leeftijdselectie op intensive care, artsen houden vast aan draaiboek";"2021-01-05";"https://nos.nl/artikel/2363133-kabinet-wil-geen-leeftijdselectie-op-intensive-care-artsen-houden-vast-aan-draaiboek.html";"1";"1";"Van Ark";"Persoon";"NL - Nationale regering - executive / uitvoerende macht";"";"VVD";"1";"1";"28";"0";"0";"0";"0";"0";"0";"0";"0";"0";"0";"0";"0";"0";"0";"0";"0";"0";"0";"0";"0";"0";"0";"0";"0";"0";"0";"0";"0";"0";"0";"0";"0";"0";"0";"0";"0";"0";"0";"0";"0";"0";"0";"0";"0";"0";"0";"0";"0";"0";"0";"0";"0";"0";"0";"0";"0";"0";"0";"0";"0";"0";"0";"0";"0";"0";"0";"0";"0";"0";"0";"0";"0";"0";"Ja"
"second_coder";2336349;"Israël sluit 90 scholen weer uit angst voor nieuwe corona-uitbraak";"2020-06-05";"https://nos.nl/artikel/2336349-israel-sluit-90-scholen-weer-uit-angst-voor-nieuwe-corona-uitbraak";"1";"1";"Het ministerie van Volksgezondheid";"Organisatie";"Regeringen/regeringsleiders/regeringsleden en/of andere politici in een ander land dan NL, op nationaal of lokaal niveau OF staatsorganisaties en hun ambtenaren";"";"";"0";"1";"16";"1";"0";"0";"0";"0";"0";"0";"0";"0";"0";"0";"0";"0";"0";"0";"0";"0";"0";"0";"0";"0";"0";"0";"0";"0";"0";"0";"0";"0";"1";"0";"0";"1";"0";"0";"0";"0";"0";"0";"0";"0";"0";"0";"0";"0";"0";"0";"0";"0";"0";"0";"0";"0";"0";"0";"0";"0";"0";"0";"0";"0";"0";"0";"0";"0";"0";"0";"0";"0";"0";"0";"0";"0";"Ja"
"second_coder";2339109;"1 juli: coronaregels verder versoepeld, wat mag er allemaal weer?";"2020-07-01";"https://nos.nl/artikel/2339109-1-juli-coronaregels-verder-versoepeld-wat-mag-er-allemaal-weer.html";"1";"1";"het kabinet";"Organisatie";"NL - Nationale regering - executive / uitvoerende macht";"";"NvT";"0";"1";"10";"1";"1";"1";"0";"0";"0";"0";"0";"0";"0";"0";"0";"0";"0";"0";"0";"0";"0";"0";"0";"0";"0";"0";"0";"0";"0";"0";"0";"0";"0";"0";"0";"0";"0";"0";"0";"0";"0";"0";"0";"0";"0";"0";"0";"0";"0";"0";"0";"0";"0";"0";"0";"0";"0";"0";"0";"0";"0";"0";"0";"0";"0";"0";"0";"0";"0";"0";"0";"0";"0";"0";"0";"0";"Nee"
"second_coder";2350775;"Republikeinen besmet die samen waren in tuin Witte Huis, coronaregels genegeerd";"2020-10-03";"https://nos.nl/artikel/2350775-republikeinen-besmet-die-samen-waren-in-tuin-witte-huis-coronaregels-genegeerd.html";"1";"1";"Lucas Waagmeester";"Persoon";"Journalisten anders dan de schrijver van het huidige artikel of nieuwsorganisaties anders dan de nieuwsorganisatie van het huidige artikel.";"";"";"1";"0";"20";"0";"0";"0";"0";"0";"0";"0";"0";"0";"0";"0";"0";"0";"0";"0";"0";"0";"0";"0";"0";"0";"0";"0";"0";"0";"0";"0";"0";"0";"0";"0";"0";"0";"0";"0";"0";"0";"0";"0";"0";"0";"0";"0";"0";"0";"0";"0";"0";"0";"0";"0";"0";"0";"0";"0";"0";"0";"0";"0";"0";"0";"0";"0";"0";"0";"0";"0";"0";"0";"0";"0";"0";"0";"Ja"
"second_coder";2363133;"Kabinet wil geen leeftijdselectie op intensive care, artsen houden vast aan draaiboek";"2021-01-05";"https://nos.nl/artikel/2363133-kabinet-wil-geen-leeftijdselectie-op-intensive-care-artsen-houden-vast-aan-draaiboek.html";"1";"1";"Minister Van Ark";"Persoon";"NL - Nationale regering - executive / uitvoerende macht";"";"VVD";"1";"1";"46";"1";"0";"0";"0";"0";"0";"0";"0";"0";"0";"0";"0";"0";"0";"0";"0";"0";"0";"0";"0";"0";"0";"0";"0";"0";"0";"0";"0";"0";"0";"0";"0";"0";"0";"0";"0";"0";"0";"0";"0";"0";"0";"0";"0";"0";"0";"0";"0";"0";"0";"0";"0";"0";"0";"0";"0";"0";"0";"0";"0";"0";"0";"0";"0";"0";"0";"0";"0";"0";"1";"0";"1";"0";"Ja"
"second_coder";2369436;"Waarom veel zwarte Amerikanen het coronavaccin wantrouwen";"2021-02-19";"https://nos.nl/artikel/2369436-waarom-veel-zwarte-amerikanen-het-coronavaccin-wantrouwen.html";"1";"1";"Marvin McDowell";"Persoon";"Publiek en leden van het publiek, publieke opiniepeilingen en hun respondenten";"";"";"1";"1";"181";"1";"0";"0";"0";"0";"0";"0";"0";"0";"0";"0";"0";"0";"0";"0";"0";"0";"0";"0";"0";"0";"0";"0";"0";"0";"0";"0";"0";"0";"0";"0";"0";"0";"0";"0";"0";"0";"0";"0";"0";"0";"0";"0";"0";"0";"0";"0";"0";"0";"0";"0";"0";"0";"0";"0";"0";"0";"0";"0";"0";"0";"0";"0";"0";"0";"1";"0";"1";"0";"0";"0";"0";"0";"Ja"
"second_coder";2377898;"Zorgen bij Gommers over aantal IC-opnames, vrees voor ""code zwart""";"2021-04-23";"https://nos.nl/artikel/2377898-zorgen-bij-gommers-over-aantal-ic-opnames-vrees-voor-code-zwart";"1";"1";"Diederik Gommers";"Persoon";"Wetenschappelijke/medische organisaties en onderzoekers";"";"";"1";"1";"183";"0";"0";"0";"0";"0";"0";"0";"0";"0";"0";"0";"0";"0";"0";"0";"0";"0";"0";"0";"0";"0";"0";"0";"0";"0";"0";"0";"0";"0";"0";"0";"0";"0";"0";"0";"0";"0";"0";"0";"0";"0";"0";"0";"0";"0";"0";"0";"0";"0";"0";"0";"0";"0";"0";"0";"0";"0";"0";"0";"0";"0";"0";"0";"0";"0";"0";"0";"0";"0";"0";"0";"0";"0";"Ja"
"second_coder";2387341;"Tieners kunnen vanaf vrijdag afspraak maken voor coronavaccinatie";"2021-06-30";"https://nos.nl/artikel/2387341-tieners-kunnen-vanaf-vrijdag-afspraak-maken-voor-coronavaccinatie";"1";"1";"De Jonge";"Persoon";"NL - Nationale regering - executive / uitvoerende macht";"";"CDA";"1";"1";"152";"1";"0";"0";"0";"0";"0";"0";"0";"0";"0";"0";"0";"0";"0";"0";"0";"0";"0";"0";"0";"0";"0";"0";"0";"0";"0";"0";"0";"0";"0";"0";"0";"0";"0";"0";"0";"0";"0";"0";"0";"0";"0";"0";"0";"0";"0";"0";"0";"0";"0";"0";"0";"0";"0";"0";"0";"0";"0";"0";"0";"0";"0";"0";"0";"0";"1";"1";"0";"0";"0";"0";"0";"0";"Nee"
"second_coder";2396862;"Huisartsen schreven vaker antidepressiva voor aan jongeren in tweede lockdown";"2021-09-07";"https://nos.nl/artikel/2396862-huisartsen-schreven-vaker-antidepressiva-voor-aan-jongeren-in-tweede-lockdown";"1";"1";"onderzoekers van het Nivel";"Persoon";"Wetenschappelijke/medische organisaties en onderzoekers";"";"";"1";"0";"63";"0";"0";"0";"0";"0";"0";"0";"0";"0";"0";"0";"0";"0";"0";"0";"0";"0";"0";"0";"0";"0";"0";"0";"0";"0";"0";"0";"0";"0";"0";"0";"0";"0";"0";"0";"0";"0";"0";"0";"0";"0";"0";"0";"0";"0";"0";"0";"0";"0";"0";"0";"0";"0";"0";"0";"0";"0";"0";"0";"0";"0";"0";"0";"0";"0";"0";"0";"0";"0";"0";"0";"0";"0";"Ja"
"second_coder";2397937;"YouTube mocht filmpjes met toespraak Baudet over corona verwijderen";"2021-09-15";"https://nos.nl/artikel/2397937-youtube-mocht-filmpjes-met-toespraak-baudet-over-corona-verwijderen";"1";"1";"de rechtbank van Amsterdam";"Organisatie";"Nationale en internationale rechterlijke macht";"";"";"0";"1";"47";"0";"0";"0";"0";"0";"0";"0";"0";"0";"0";"0";"0";"0";"0";"0";"0";"0";"0";"0";"0";"0";"0";"0";"0";"0";"0";"0";"0";"0";"0";"0";"0";"0";"0";"0";"0";"0";"0";"0";"0";"0";"0";"0";"0";"0";"0";"0";"0";"0";"0";"0";"0";"0";"0";"0";"0";"0";"0";"0";"0";"0";"0";"0";"0";"0";"0";"0";"0";"0";"0";"0";"0";"0";"Ja"
"second_coder";2407133;"Uitputtingsslag in ziekenhuizen: ""Angst voor wat nog komt""";"2021-11-26";"https://nos.nl/artikel/2407133-uitputtingsslag-in-ziekenhuizen-angst-voor-wat-nog-komt";"1";"1";"experts";"Persoon";"Wetenschappelijke/medische organisaties en onderzoekers";"";"";"0";"1";"8";"0";"0";"0";"0";"0";"0";"0";"0";"0";"0";"0";"0";"0";"0";"0";"0";"0";"0";"0";"0";"0";"0";"0";"0";"0";"0";"0";"0";"0";"0";"0";"0";"0";"0";"0";"0";"0";"0";"0";"0";"0";"0";"0";"0";"0";"0";"0";"0";"0";"0";"0";"0";"0";"0";"0";"0";"0";"0";"0";"0";"0";"0";"0";"0";"0";"0";"0";"0";"0";"0";"0";"0";"0";"Ja"
"second_coder";2417327;"Gezondheidsraad wil meer aandacht voor langdurige coronaklachten";"2022-02-14";"https://nos.nl/artikel/2417327-gezondheidsraad-wil-meer-aandacht-voor-langdurige-coronaklachten";"1";"1";"Gezondheidsraad";"Organisatie";"Openbare en semiopenbare instellingen";"";"";"1";"1";"73";"0";"0";"0";"0";"0";"0";"0";"0";"0";"0";"0";"0";"0";"0";"0";"0";"0";"0";"0";"0";"0";"0";"0";"0";"0";"0";"0";"0";"0";"0";"0";"0";"0";"0";"0";"0";"0";"0";"0";"0";"0";"0";"0";"0";"0";"0";"0";"0";"0";"0";"0";"0";"0";"0";"0";"0";"0";"0";"0";"0";"0";"0";"0";"0";"0";"0";"0";"0";"0";"0";"0";"0";"0";"Ja"
"second_coder";2428330;"Lockdown trof mentale gezondheid jongeren, veel ouderen voelden zich juist goed";"2022-05-11";"https://nos.nl/artikel/2428330-lockdown-trof-mentale-gezondheid-jongeren-veel-ouderen-voelden-zich-juist-goed";"1";"1";"Michel Dückers";"Persoon";"Wetenschappelijke/medische organisaties en onderzoekers";"";"";"1";"1";"158";"1";"0";"0";"0";"0";"0";"0";"0";"0";"0";"0";"0";"0";"0";"0";"0";"0";"0";"0";"0";"0";"0";"0";"0";"0";"0";"0";"0";"0";"0";"0";"0";"0";"0";"0";"0";"0";"0";"0";"0";"0";"0";"0";"0";"0";"0";"0";"0";"0";"0";"0";"0";"0";"0";"0";"0";"0";"0";"0";"0";"0";"1";"0";"1";"0";"0";"0";"0";"0";"0";"0";"0";"0";"Ja"
"second_coder";2432686;"Post-covid kan nog eens duizenden zorgmedewerkers baan kosten";"2022-06-14";"https://nos.nl/artikel/2432686-post-covid-kan-nog-eens-duizenden-zorgmedewerkers-baan-kosten";"1";"1";"zorgmedewerkers die zich hebben gemeld";"Persoon";"Wetenschappelijke/medische organisaties en onderzoekers";"";"";"1";"0";"17";"0";"0";"0";"0";"0";"0";"0";"0";"0";"0";"0";"0";"0";"0";"0";"0";"0";"0";"0";"0";"0";"0";"0";"0";"0";"0";"0";"0";"0";"0";"0";"0";"0";"0";"0";"0";"0";"0";"0";"0";"0";"0";"0";"0";"0";"0";"0";"0";"0";"0";"0";"0";"0";"0";"0";"0";"0";"0";"0";"0";"0";"0";"0";"0";"0";"0";"0";"0";"0";"0";"0";"0";"0";"Ja"
"second_coder";2407489;"Doodgeboortes bij niet-gevaccineerde vrouwen na ontsteking door corona";"2021-11-29";"https://nos.nl/artikel/2407489-doodgeboortes-bij-niet-gevaccineerde-vrouwen-na-ontsteking-door-corona";"1";"1";"Sam Schoenmakers";"Persoon";"Wetenschappelijke/medische organisaties en onderzoekers";"";"";"1";"1";"246";"1";"0";"0";"0";"0";"0";"0";"0";"0";"0";"0";"0";"0";"0";"0";"0";"0";"0";"0";"0";"0";"0";"0";"0";"0";"0";"0";"0";"0";"0";"0";"0";"0";"0";"0";"0";"0";"0";"0";"0";"0";"0";"0";"0";"0";"0";"0";"0";"0";"0";"0";"0";"0";"0";"0";"0";"0";"0";"0";"0";"0";"0";"0";"0";"0";"1";"1";"0";"0";"0";"0";"0";"0";"Ja"
"second_coder";2365361;"Rutte: avondklok misschien iets later, maar niet na 21.00 uur";"2021-01-21";"https://nos.nl/artikel/2365361-rutte-avondklok-misschien-iets-later-maar-niet-na-21-00-uur";"1";"1";"Rutte";"Persoon";"NL - Nationale regering - executive / uitvoerende macht";"";"VVD";"1";"1";"145";"1";"0";"0";"0";"0";"0";"0";"0";"0";"0";"0";"0";"0";"0";"0";"0";"0";"1";"1";"1";"0";"0";"0";"0";"0";"0";"0";"0";"0";"0";"0";"0";"0";"0";"0";"0";"0";"0";"0";"0";"0";"0";"0";"0";"0";"0";"0";"0";"0";"0";"0";"0";"0";"0";"0";"0";"0";"0";"0";"0";"0";"0";"0";"0";"0";"0";"0";"0";"0";"0";"0";"0";"0";"Ja"
"second_coder";2365867;"""Op dit soort momenten schaam ik me om Urker te zijn""";"2021-01-24";"https://nos.nl/artikel/2365867-op-dit-soort-momenten-schaam-ik-me-om-urker-te-zijn";"1";"1";"De inwoners die de NOS sprak";"Persoon";"Publiek en leden van het publiek, publieke opiniepeilingen en hun respondenten";"";"";"0";"1";"8";"0";"0";"0";"0";"0";"0";"0";"0";"0";"0";"0";"0";"0";"0";"0";"0";"0";"0";"0";"0";"0";"0";"0";"0";"0";"0";"0";"0";"0";"0";"0";"0";"0";"0";"0";"0";"0";"0";"0";"0";"0";"0";"0";"0";"0";"0";"0";"0";"0";"0";"0";"0";"0";"0";"0";"0";"0";"0";"0";"0";"0";"0";"0";"0";"0";"0";"0";"0";"0";"0";"0";"0";"0";"Ja"
"second_coder";2366056;"Grapperhaus: snelrecht tegen relschoppers, avondklok blijft";"2021-01-26";"https://nos.nl/artikel/2366056-grapperhaus-snelrecht-tegen-relschoppers-avondklok-blijft";"1";"1";"Grapperhaus";"Persoon";"NL - Nationale regering - executive / uitvoerende macht";"";"CDA";"1";"1";"129";"1";"1";"1";"0";"0";"0";"0";"0";"0";"0";"0";"0";"0";"0";"0";"0";"0";"1";"1";"0";"0";"0";"0";"0";"0";"0";"0";"0";"0";"0";"0";"0";"0";"0";"0";"0";"0";"0";"0";"0";"0";"0";"0";"0";"0";"0";"0";"0";"0";"0";"0";"0";"0";"0";"0";"0";"0";"0";"0";"0";"0";"0";"0";"0";"0";"0";"0";"0";"0";"0";"0";"0";"0";"Ja"
"second_coder";2331140;"""Nu de grootste coronapaniek weg is, neemt ook de saamhorigheid af""";"2020-04-20";"https://nos.nl/collectie/13839/artikel/2331140-nu-de-grootste-coronapaniek-weg-is-neemt-ook-de-saamhorigheid-af";"1";"1";"Marco de Baat";"Persoon";"Wetenschappelijke/medische organisaties en onderzoekers";"";"";"1";"1";"44";"1";"1";"1";"0";"0";"0";"0";"0";"0";"0";"0";"0";"0";"0";"0";"0";"0";"0";"0";"0";"0";"0";"0";"0";"0";"0";"0";"0";"0";"0";"0";"0";"0";"0";"0";"0";"0";"0";"0";"0";"0";"0";"0";"0";"0";"0";"0";"0";"0";"0";"0";"0";"0";"0";"0";"0";"0";"0";"0";"0";"0";"0";"0";"0";"0";"0";"0";"0";"0";"0";"0";"0";"0";"Ja"
"second_coder";2366896;"Oproep uit IC-hoek: ""Versoepel aantal maatregelen, accepteer meer overlijdens""";"2021-02-01";"https://nos.nl/artikel/2366896-oproep-uit-ic-hoek-versoepel-aantal-maatregelen-accepteer-meer-overlijdens.html";"1";"1";"Hugo Touw";"Persoon";"Wetenschappelijke/medische organisaties en onderzoekers";"";"";"1";"1";"452";"1";"1";"0";"1";"0";"0";"0";"0";"0";"0";"0";"0";"0";"0";"0";"0";"0";"0";"0";"0";"0";"0";"0";"0";"0";"0";"0";"0";"0";"0";"0";"0";"0";"0";"0";"0";"0";"0";"0";"0";"0";"0";"0";"0";"0";"0";"0";"0";"0";"0";"0";"0";"0";"0";"0";"0";"0";"0";"0";"0";"0";"0";"0";"0";"0";"0";"0";"0";"0";"0";"0";"0";"0";"Ja"
"second_coder";2367812;"19-jarige Brit ontwaakt na jaar in coma in totaal andere wereld";"2021-02-08";"https://nos.nl/artikel/2367812-19-jarige-brit-ontwaakt-na-jaar-in-coma-in-totaal-andere-wereld.html";"1";"1";"Sally";"Persoon";"Publiek en leden van het publiek, publieke opiniepeilingen en hun respondenten";"";"";"1";"1";"129";"1";"1";"0";"0";"1";"0";"0";"0";"0";"0";"0";"0";"0";"0";"0";"0";"0";"0";"0";"0";"0";"0";"0";"0";"0";"0";"0";"0";"0";"0";"0";"0";"0";"0";"0";"0";"0";"0";"0";"0";"0";"0";"0";"0";"0";"0";"0";"0";"0";"0";"0";"0";"0";"0";"0";"0";"0";"0";"0";"0";"0";"1";"0";"0";"1";"0";"0";"0";"0";"0";"0";"0";"0";"Nee"
"second_coder";2386070;"Toegangsbewijs voor festival of club: ""Er is altijd een groep die dit niet accepteert""";"2021-06-21";"https://nos.nl/artikel/2386070-toegangsbewijs-voor-festival-of-club-er-is-altijd-een-groep-die-dit-niet-accepteert";"1";"1";"Pieter de Kroon";"Persoon";"Niet-governementele organisaties (NGO), maatschappelijke organisaties, en hun leden";"";"";"1";"1";"88";"1";"0";"0";"0";"0";"0";"0";"0";"0";"0";"0";"0";"0";"0";"0";"0";"0";"0";"0";"0";"0";"0";"0";"0";"0";"0";"0";"0";"0";"0";"0";"0";"0";"1";"0";"1";"0";"0";"0";"0";"0";"0";"0";"0";"0";"0";"0";"0";"0";"0";"0";"0";"0";"0";"0";"0";"0";"0";"0";"0";"0";"0";"0";"0";"0";"0";"0";"0";"0";"0";"0";"0";"0";"Ja"
"second_coder";2408462;"Instroom van coronapatiënten in ziekenhuizen over piek heen";"2021-12-06";"https://nos.nl/artikel/2408462-instroom-van-coronapatienten-in-ziekenhuizen-over-piek-heen";"1";"1";"Ernst Kuipers";"Persoon";"Openbare en semiopenbare instellingen";"";"";"1";"1";"218";"1";"1";"1";"0";"0";"0";"0";"0";"0";"0";"0";"0";"0";"0";"0";"0";"0";"0";"0";"0";"0";"0";"0";"0";"0";"0";"0";"0";"0";"0";"0";"0";"0";"0";"0";"0";"0";"0";"0";"0";"0";"0";"0";"0";"0";"0";"0";"0";"0";"0";"0";"0";"0";"0";"0";"0";"0";"0";"0";"0";"0";"0";"0";"0";"0";"0";"0";"0";"0";"0";"0";"0";"0";"Ja"
"second_coder";2346916;"Evenementen in tijd van corona: ""Elke tribune heeft eigen parkeerplaatsen""";"2020-09-05";"https://nos.nl/artikel/2346916-evenementen-in-tijd-van-corona-elke-tribune-heeft-eigen-parkeerplaatsen.html";"1";"1";"Marcel Neervoort";"Persoon";"Zakelijke organisaties en hun werknemers";"";"";"1";"1";"47";"0";"0";"0";"0";"0";"0";"0";"0";"0";"0";"0";"0";"0";"0";"0";"0";"0";"0";"0";"0";"0";"0";"0";"0";"0";"0";"0";"0";"0";"0";"0";"0";"0";"0";"0";"0";"0";"0";"0";"0";"0";"0";"0";"0";"0";"0";"0";"0";"0";"0";"0";"0";"0";"0";"0";"0";"0";"0";"0";"0";"0";"0";"0";"0";"0";"0";"0";"0";"0";"0";"0";"0";"0";"Ja"
"second_coder";2355910;"Van commerciële tests op het coronavirus is alleen topje van ijsberg bekend";"2020-11-09";"https://nos.nl/artikel/2355910-van-commerciele-tests-op-het-coronavirus-is-alleen-topje-van-ijsberg-bekend.html";"1";"1";"Het ministerie van Volksgezondheid";"Organisatie";"NL - Nationale regering - executive / uitvoerende macht";"";"NvT";"1";"1";"14";"1";"0";"0";"0";"0";"0";"0";"0";"0";"0";"0";"0";"0";"0";"0";"0";"0";"0";"0";"0";"0";"0";"0";"0";"0";"0";"0";"0";"0";"0";"0";"0";"0";"0";"0";"0";"0";"0";"0";"0";"0";"0";"0";"0";"0";"0";"0";"0";"0";"0";"0";"0";"0";"0";"0";"0";"0";"1";"0";"1";"0";"0";"0";"0";"0";"0";"0";"0";"0";"0";"0";"0";"0";"Ja"
"second_coder";2363978;"Chinees vaccin is voor China ""kans om invloed in Afrika uit te breiden""";"2021-01-11";"https://nos.nl/artikel/2363978-chinees-vaccin-is-voor-china-kans-om-invloed-in-afrika-uit-te-breiden";"1";"1";"Akinyinka Akinyoade";"Persoon";"Wetenschappelijke/medische organisaties en onderzoekers";"";"";"1";"1";"54";"1";"0";"0";"0";"0";"0";"0";"0";"0";"0";"0";"0";"0";"0";"0";"0";"0";"0";"0";"0";"0";"0";"0";"0";"0";"0";"0";"0";"0";"0";"0";"0";"0";"0";"0";"0";"0";"0";"0";"0";"0";"0";"0";"0";"0";"0";"0";"0";"0";"0";"0";"0";"0";"0";"0";"0";"0";"0";"0";"0";"0";"0";"0";"0";"0";"1";"0";"0";"1";"0";"0";"0";"0";"Ja"
"second_coder";2381978;"Hoe houden we zicht op het virus als we richting het ""oude normaal"" gaan?";"2021-05-23";"https://nos.nl/artikel/2381978-hoe-houden-we-zicht-op-het-virus-als-we-richting-het-oude-normaal-gaan";"1";"1";"Amrish Baidjoe";"Persoon";"Wetenschappelijke/medische organisaties en onderzoekers";"";"";"1";"1";"218";"1";"0";"0";"0";"0";"0";"0";"0";"0";"0";"0";"0";"0";"0";"0";"0";"0";"0";"0";"0";"0";"0";"0";"0";"0";"0";"0";"0";"0";"0";"0";"0";"0";"0";"0";"0";"0";"0";"0";"0";"0";"0";"0";"0";"0";"0";"0";"0";"0";"0";"0";"0";"0";"0";"0";"0";"0";"0";"0";"0";"0";"0";"0";"0";"0";"1";"1";"0";"0";"0";"0";"0";"0";"Ja"
"second_coder";2413380;"Oxfam: vermogen tien rijkste mannen verdubbeld, armoede toegenomen tijdens pandemie";"2022-01-17";"https://nos.nl/artikel/2413380-oxfam-vermogen-tien-rijkste-mannen-verdubbeld-armoede-toegenomen-tijdens-pandemie";"1";"1";"Oxfam Novib";"Organisatie";"Niet-governementele organisaties (NGO), maatschappelijke organisaties, en hun leden";"";"";"1";"1";"104";"1";"0";"0";"0";"0";"0";"0";"0";"0";"0";"0";"0";"0";"0";"0";"0";"0";"0";"0";"0";"0";"0";"0";"0";"0";"0";"0";"0";"0";"0";"0";"0";"0";"0";"0";"0";"0";"0";"0";"0";"0";"0";"0";"0";"0";"0";"0";"0";"0";"0";"0";"0";"0";"0";"0";"0";"0";"0";"0";"0";"0";"0";"0";"0";"0";"1";"0";"0";"1";"0";"0";"0";"0";"Ja"
"second_coder";2336043;"Nederland wil samen met andere landen aan coronavaccin komen";"2020-06-03";"https://nos.nl/artikel/2336043-nederland-wil-samen-met-andere-landen-aan-coronavaccin-komen.html";"1";"1";"Het kabinet";"Organisatie";"NL - Nationale regering - executive / uitvoerende macht";"";"NvT";"1";"0";"3";"1";"0";"0";"0";"0";"0";"0";"0";"0";"0";"0";"0";"0";"0";"0";"0";"0";"0";"0";"0";"0";"0";"0";"0";"0";"0";"0";"0";"0";"0";"0";"0";"0";"0";"0";"0";"0";"0";"0";"0";"0";"0";"0";"0";"0";"0";"0";"0";"0";"0";"0";"0";"0";"0";"0";"0";"0";"0";"0";"0";"0";"0";"0";"0";"0";"1";"1";"0";"0";"0";"0";"0";"0";"Ja"
"second_coder";2373350;"RIVM: ""Oplopend aantal besmettingen betekent niet per se meer ziekenhuisopnames""";"2021-03-20";"https://nos.nl/artikel/2373350-rivm-oplopend-aantal-besmettingen-betekent-niet-per-se-meer-ziekenhuisopnames";"1";"1";"RIVM";"Organisatie";"Openbare en semiopenbare instellingen";"";"";"1";"0";"9";"0";"0";"0";"0";"0";"0";"0";"0";"0";"0";"0";"0";"0";"0";"0";"0";"0";"0";"0";"0";"0";"0";"0";"0";"0";"0";"0";"0";"0";"0";"0";"0";"0";"0";"0";"0";"0";"0";"0";"0";"0";"0";"0";"0";"0";"0";"0";"0";"0";"0";"0";"0";"0";"0";"0";"0";"0";"0";"0";"0";"0";"0";"0";"0";"0";"0";"0";"0";"0";"0";"0";"0";"0";"Ja"
"second_coder";2326923;"Dit was de dag dat Nederland ""een patiënt"" werd";"2020-03-12";"https://nos.nl/artikel/2326923-dit-was-de-dag-dat-nederland-een-patient-werd";"1";"1";"Jaap van Dissel";"Persoon";"Openbare en semiopenbare instellingen";"";"";"1";"0";"10";"0";"0";"0";"0";"0";"0";"0";"0";"0";"0";"0";"0";"0";"0";"0";"0";"0";"0";"0";"0";"0";"0";"0";"0";"0";"0";"0";"0";"0";"0";"0";"0";"0";"0";"0";"0";"0";"0";"0";"0";"0";"0";"0";"0";"0";"0";"0";"0";"0";"0";"0";"0";"0";"0";"0";"0";"0";"0";"0";"0";"0";"0";"0";"0";"0";"0";"0";"0";"0";"0";"0";"0";"0";"Ja"
"second_coder";2328119;"Aanscherping coronamaatregelen is een hard gelag: ""Het valt ons zwaar""";"2020-03-23";"https://nos.nl/artikel/2328119-aanscherping-coronamaatregelen-is-een-hard-gelag-het-valt-ons-zwaar";"1";"1";"Paaspop";"Organisatie";"Zakelijke organisaties en hun werknemers";"";"";"1";"1";"36";"1";"1";"0";"0";"1";"0";"0";"0";"0";"0";"0";"0";"0";"0";"0";"0";"0";"0";"0";"0";"0";"0";"0";"0";"0";"0";"0";"0";"0";"0";"0";"0";"0";"0";"0";"0";"0";"0";"0";"0";"0";"0";"0";"0";"0";"0";"0";"0";"0";"0";"0";"0";"0";"0";"0";"0";"0";"0";"0";"0";"0";"0";"0";"0";"0";"0";"0";"0";"0";"0";"0";"0";"0";"Ja"
"second_coder";2328418;"Brabantse ziekenhuizen denken piek van IC-patiënten aan te kunnen";"2020-03-26";"https://nos.nl/artikel/2328418-brabantse-ziekenhuizen-denken-piek-van-ic-patienten-aan-te-kunnen";"1";"1";"Bart Berden";"Persoon";"Wetenschappelijke/medische organisaties en onderzoekers";"";"";"1";"1";"116";"0";"0";"0";"0";"0";"0";"0";"0";"0";"0";"0";"0";"0";"0";"0";"0";"0";"0";"0";"0";"0";"0";"0";"0";"0";"0";"0";"0";"0";"0";"0";"0";"0";"0";"0";"0";"0";"0";"0";"0";"0";"0";"0";"0";"0";"0";"0";"0";"0";"0";"0";"0";"0";"0";"0";"0";"0";"0";"0";"0";"0";"0";"0";"0";"0";"0";"0";"0";"0";"0";"0";"0";"0";"Ja"
"second_coder";2330078;"Google en Apple bouwen ""corona-tracking"" in op smartphones";"2020-04-10";"https://nos.nl/artikel/2330078-google-en-apple-bouwen-corona-tracking-in-op-smartphones";"1";"1";"tech-giganten";"Organisatie";"Zakelijke organisaties en hun werknemers";"";"";"1";"1";"22";"0";"0";"0";"0";"0";"0";"0";"0";"0";"0";"0";"0";"0";"0";"0";"0";"0";"0";"0";"0";"0";"0";"0";"0";"0";"0";"0";"0";"0";"0";"0";"0";"0";"0";"0";"0";"0";"0";"0";"0";"0";"0";"0";"0";"0";"0";"0";"0";"0";"0";"0";"0";"0";"0";"0";"0";"0";"0";"0";"0";"0";"0";"0";"0";"0";"0";"0";"0";"0";"0";"0";"0";"0";"Ja"
"second_coder";2350260;"Lid OMT: mondkapjesplicht in verpleeghuizen in drie regio's onvoldoende";"2020-09-29";"https://nos.nl/artikel/2350260-lid-omt-mondkapjesplicht-in-verpleeghuizen-in-drie-regio-s-onvoldoende.html";"1";"1";"Cees Hertogh";"Persoon";"Wetenschappelijke/medische organisaties en onderzoekers";"";"";"1";"1";"195";"1";"1";"1";"0";"0";"0";"0";"0";"0";"0";"0";"0";"0";"0";"0";"0";"0";"0";"0";"0";"0";"0";"0";"0";"0";"1";"1";"0";"0";"0";"0";"0";"0";"0";"0";"0";"0";"0";"0";"0";"0";"0";"0";"0";"0";"0";"0";"0";"0";"0";"0";"0";"0";"0";"0";"0";"0";"0";"0";"0";"0";"0";"0";"0";"0";"0";"0";"0";"0";"0";"0";"0";"0";"Ja"
"second_coder";2427515;"Voor eerst sinds september 2020 minder dan 50 coronapatiënten op IC";"2022-05-04";"https://nos.nl/artikel/2427515-voor-eerst-sinds-september-2020-minder-dan-50-coronapatienten-op-ic";"1";"1";"Landelijk Coördinatiecentrum Patiënten Spreiding";"Organisatie";"Wetenschappelijke/medische organisaties en onderzoekers";"";"";"0";"1";"17";"0";"0";"0";"0";"0";"0";"0";"0";"0";"0";"0";"0";"0";"0";"0";"0";"0";"0";"0";"0";"0";"0";"0";"0";"0";"0";"0";"0";"0";"0";"0";"0";"0";"0";"0";"0";"0";"0";"0";"0";"0";"0";"0";"0";"0";"0";"0";"0";"0";"0";"0";"0";"0";"0";"0";"0";"0";"0";"0";"0";"0";"0";"0";"0";"0";"0";"0";"0";"0";"0";"0";"0";"0";"Ja"
"second_coder";2409659;"De Jonge waarschuwt in Kamer: volgende week mogelijk al nieuwe maatregelen";"2021-12-15";"https://nos.nl/artikel/2409659-de-jonge-waarschuwt-in-kamer-volgende-week-mogelijk-al-nieuwe-maatregelen";"1";"1";"Westerveld";"Persoon";"NL - Nationaal parlement en nationale partijen – wetgevende macht";"";"GroenLinks";"1";"0";"22";"0";"0";"0";"0";"0";"0";"0";"0";"0";"0";"0";"0";"0";"0";"0";"0";"0";"0";"0";"0";"0";"0";"0";"0";"0";"0";"0";"0";"0";"0";"0";"0";"0";"0";"0";"0";"0";"0";"0";"0";"0";"0";"0";"0";"0";"0";"0";"0";"0";"0";"0";"0";"0";"0";"0";"0";"0";"0";"0";"0";"0";"0";"0";"0";"0";"0";"0";"0";"0";"0";"0";"0";"0";"Ja"
"second_coder";2413877;"Kabinet hoopt op opening horeca en cultuur, maar ""gaat nog geen garanties geven""";"2022-01-20";"https://nos.nl/artikel/2413877-kabinet-hoopt-op-opening-horeca-en-cultuur-maar-gaat-nog-geen-garanties-geven";"1";"1";"Rutte";"Persoon";"NL - Nationale regering - executive / uitvoerende macht";"";"VVD";"1";"1";"79";"1";"1";"0";"0";"1";"0";"0";"0";"0";"0";"0";"0";"0";"0";"0";"0";"0";"0";"0";"0";"0";"0";"0";"0";"0";"0";"0";"0";"0";"0";"0";"0";"0";"0";"0";"0";"0";"0";"0";"0";"0";"0";"0";"0";"0";"0";"0";"0";"0";"0";"0";"0";"0";"0";"0";"0";"0";"0";"0";"0";"0";"0";"0";"0";"0";"0";"0";"0";"0";"0";"0";"0";"0";"Ja"
"second_coder";2394513;"Veelbelovend middel verkleint kans op het krijgen van corona flink";"2021-08-20";"https://nos.nl/artikel/2394513-veelbelovend-middel-verkleint-kans-op-het-krijgen-van-corona-flink";"1";"1";"Marjolein van Egmond";"Persoon";"Wetenschappelijke/medische organisaties en onderzoekers";"";"";"1";"1";"100";"0";"0";"0";"0";"0";"0";"0";"0";"0";"0";"0";"0";"0";"0";"0";"0";"0";"0";"0";"0";"0";"0";"0";"0";"0";"0";"0";"0";"0";"0";"0";"0";"0";"0";"0";"0";"0";"0";"0";"0";"0";"0";"0";"0";"0";"0";"0";"0";"0";"0";"0";"0";"0";"0";"0";"0";"0";"0";"0";"0";"0";"0";"0";"0";"0";"0";"0";"0";"0";"0";"0";"0";"0";"Ja"
"second_coder";2376137;"Demonstratie tegen coronabeleid in Baarn en omgeving";"2021-04-10";"https://nos.nl/artikel/2376137-demonstratie-tegen-coronabeleid-in-baarn-en-omgeving";"1";"1";"Police for freedom";"Organisatie";"Niet-governementele organisaties (NGO), maatschappelijke organisaties, en hun leden";"";"";"0";"1";"13";"0";"0";"0";"0";"0";"0";"0";"0";"0";"0";"0";"0";"0";"0";"0";"0";"0";"0";"0";"0";"0";"0";"0";"0";"0";"0";"0";"0";"0";"0";"0";"0";"0";"0";"0";"0";"0";"0";"0";"0";"0";"0";"0";"0";"0";"0";"0";"0";"0";"0";"0";"0";"0";"0";"0";"0";"0";"0";"0";"0";"0";"0";"0";"0";"0";"0";"0";"0";"0";"0";"0";"0";"0";"Ja"
"second_coder";2365392;"7,6 miljard euro voor verruiming steunpakket voor ondernemers";"2021-01-21";"https://nos.nl/artikel/2365392-7-6-miljard-euro-voor-verruiming-steunpakket-voor-ondernemers";"1";"0";"";"";"";"";"";"0";"0";"";"";"0";"0";"0";"0";"0";"0";"0";"0";"0";"0";"0";"0";"0";"0";"0";"0";"0";"0";"0";"0";"0";"0";"0";"0";"0";"0";"0";"0";"0";"0";"0";"0";"0";"0";"0";"0";"0";"0";"0";"0";"0";"0";"0";"0";"0";"0";"0";"0";"0";"0";"0";"0";"0";"0";"0";"0";"0";"0";"0";"0";"0";"0";"0";"0";"0";"0";"0";"0";"0";"0";"0";"0";""
"second_coder";2374653;"Oxfam Novib: coronavaccins snel ineffectief door vaccingebrek in arme landen";"2021-03-30";"https://nos.nl/artikel/2374653-oxfam-novib-coronavaccins-snel-ineffectief-door-vaccingebrek-in-arme-landen";"1";"1";"Negen van de tien wetenschappers";"Persoon";"Wetenschappelijke/medische organisaties en onderzoekers";"";"";"0";"1";"21";"1";"0";"0";"0";"0";"0";"0";"0";"0";"0";"0";"0";"0";"0";"0";"0";"0";"0";"0";"0";"0";"0";"0";"0";"0";"0";"0";"0";"0";"0";"0";"0";"0";"0";"0";"0";"0";"0";"0";"0";"0";"0";"0";"0";"0";"0";"0";"0";"0";"0";"0";"0";"0";"0";"0";"0";"0";"0";"0";"0";"0";"0";"0";"0";"0";"1";"0";"1";"0";"0";"0";"0";"0";"Ja"
"second_coder";2406422;"Tienduizenden Oostenrijkers protesteren tegen lockdown en vaccinatieplicht";"2021-11-20";"https://nos.nl/artikel/2406422-tienduizenden-oostenrijkers-protesteren-tegen-lockdown-en-vaccinatieplicht";"1";"1";"De politie";"Organisatie";"NL - Nationale staatsorganisaties en hun ambtenaren";"";"";"0";"1";"7";"0";"0";"0";"0";"0";"0";"0";"0";"0";"0";"0";"0";"0";"0";"0";"0";"0";"0";"0";"0";"0";"0";"0";"0";"0";"0";"0";"0";"0";"0";"0";"0";"0";"0";"0";"0";"0";"0";"0";"0";"0";"0";"0";"0";"0";"0";"0";"0";"0";"0";"0";"0";"0";"0";"0";"0";"0";"0";"0";"0";"0";"0";"0";"0";"0";"0";"0";"0";"0";"0";"0";"0";"0";"Ja"
"second_coder";2375503;"Servië heeft zo veel vaccins dat er keuze is, en bussen uit buurland toestromen";"2021-04-05";"https://nos.nl/artikel/2375503-servie-heeft-zo-veel-vaccins-dat-er-keuze-is-en-bussen-uit-buurland-toestromen";"1";"1";"Servische media";"Organisatie";"Journalisten anders dan de schrijver van het huidige artikel of nieuwsorganisaties anders dan de nieuwsorganisatie van het huidige artikel.";"";"";"0";"1";"14";"1";"0";"0";"0";"0";"0";"0";"0";"0";"0";"0";"0";"0";"0";"0";"0";"0";"0";"0";"0";"0";"0";"0";"0";"0";"0";"0";"0";"0";"0";"0";"0";"0";"0";"0";"0";"0";"0";"0";"0";"0";"0";"0";"0";"0";"0";"0";"0";"0";"0";"0";"0";"0";"0";"0";"0";"0";"0";"0";"0";"0";"0";"0";"0";"0";"1";"0";"0";"1";"0";"0";"0";"0";"Ja"
"second_coder";2379298;"Is de piek van de derde golf bereikt? ""Het is nog even koffiedik kijken""";"2021-05-03";"https://nos.nl/artikel/2379298-is-de-piek-van-de-derde-golf-bereikt-het-is-nog-even-koffiedik-kijken";"1";"1";"Jaap van Dissel";"Persoon";"Wetenschappelijke/medische organisaties en onderzoekers";"";"";"0";"1";"20";"0";"0";"0";"0";"0";"0";"0";"0";"0";"0";"0";"0";"0";"0";"0";"0";"0";"0";"0";"0";"0";"0";"0";"0";"0";"0";"0";"0";"0";"0";"0";"0";"0";"0";"0";"0";"0";"0";"0";"0";"0";"0";"0";"0";"0";"0";"0";"0";"0";"0";"0";"0";"0";"0";"0";"0";"0";"0";"0";"0";"0";"0";"0";"0";"0";"0";"0";"0";"0";"0";"0";"0";"0";"Ja"
"second_coder";2365172;"Zuurstof en vaccins voor zwaar getroffen Braziliaanse stad Manaus";"2021-01-20";"https://nos.nl/artikel/2365172-zuurstof-en-vaccins-voor-zwaar-getroffen-braziliaanse-stad-manaus";"1";"1";"een inwoonster van Manaus";"Persoon";"Publiek en leden van het publiek, publieke opiniepeilingen en hun respondenten";"";"";"1";"0";"21";"0";"0";"0";"0";"0";"0";"0";"0";"0";"0";"0";"0";"0";"0";"0";"0";"0";"0";"0";"0";"0";"0";"0";"0";"0";"0";"0";"0";"0";"0";"0";"0";"0";"0";"0";"0";"0";"0";"0";"0";"0";"0";"0";"0";"0";"0";"0";"0";"0";"0";"0";"0";"0";"0";"0";"0";"0";"0";"0";"0";"0";"0";"0";"0";"0";"0";"0";"0";"0";"0";"0";"0";"0";"Ja"
"second_coder";2404689;"Enkele tienduizenden betogers bij coronaprotest Den Haag";"2021-11-07";"https://nos.nl/artikel/2404689-enkele-tienduizenden-betogers-bij-coronaprotest-den-haag";"1";"1";"Samen Voor Nederland (SVN)";"Organisatie";"Niet-governementele organisaties (NGO), maatschappelijke organisaties, en hun leden";"";"";"0";"1";"4";"0";"0";"0";"0";"0";"0";"0";"0";"0";"0";"0";"0";"0";"0";"0";"0";"0";"0";"0";"0";"0";"0";"0";"0";"0";"0";"0";"0";"0";"0";"0";"0";"0";"0";"0";"0";"0";"0";"0";"0";"0";"0";"0";"0";"0";"0";"0";"0";"0";"0";"0";"0";"0";"0";"0";"0";"0";"0";"0";"0";"0";"0";"0";"0";"0";"0";"0";"0";"0";"0";"0";"0";"0";"Nee"
"second_coder";2379607;"Kamer wil geen eigen bijdrage van 7,50 euro voor toegangstest";"2021-05-06";"https://nos.nl/artikel/2379607-kamer-wil-geen-eigen-bijdrage-van-7-50-euro-voor-toegangstest";"1";"1";"Paternotte";"Persoon";"NL - Nationaal parlement en nationale partijen – wetgevende macht";"";"D66";"1";"0";"20";"1";"0";"0";"0";"0";"0";"0";"0";"0";"0";"0";"0";"0";"0";"0";"0";"0";"0";"0";"0";"0";"0";"0";"0";"0";"0";"0";"0";"0";"0";"0";"0";"0";"0";"0";"0";"0";"0";"0";"0";"0";"0";"0";"0";"0";"0";"0";"0";"0";"0";"0";"0";"0";"0";"0";"0";"0";"1";"0";"1";"0";"0";"0";"0";"0";"0";"0";"0";"0";"0";"0";"0";"0";"Ja"
"second_coder";2370347;"Steun voor maatregelen sterk afgenomen, maar meeste mensen houden zich er nog aan";"2021-02-26";"https://nos.nl/artikel/2370347-steun-voor-maatregelen-sterk-afgenomen-maar-meeste-mensen-houden-zich-er-nog-aan.html";"1";"1";"42 procent van de ondervraagden";"Persoon";"Publiek en leden van het publiek, publieke opiniepeilingen en hun respondenten";"";"";"0";"1";"4";"1";"0";"0";"0";"0";"0";"0";"0";"0";"0";"0";"0";"0";"0";"0";"0";"0";"1";"1";"0";"0";"0";"0";"0";"0";"0";"0";"0";"0";"0";"0";"0";"0";"0";"0";"0";"0";"0";"0";"0";"0";"0";"0";"0";"0";"0";"0";"0";"0";"0";"0";"0";"0";"0";"0";"0";"0";"0";"0";"0";"0";"0";"0";"0";"0";"0";"0";"0";"0";"0";"0";"0";"0";"Ja"
"second_coder";2366327;"Koning spreekt na avondklokrellen met bewoners en ondernemers in Den Bosch";"2021-01-28";"https://nos.nl/artikel/2366327-koning-spreekt-na-avondklokrellen-met-bewoners-en-ondernemers-in-den-bosch";"0";"0";"";"";"";"";"";"0";"0";"";"";"0";"0";"0";"0";"0";"0";"0";"0";"0";"0";"0";"0";"0";"0";"0";"0";"0";"0";"0";"0";"0";"0";"0";"0";"0";"0";"0";"0";"0";"0";"0";"0";"0";"0";"0";"0";"0";"0";"0";"0";"0";"0";"0";"0";"0";"0";"0";"0";"0";"0";"0";"0";"0";"0";"0";"0";"0";"0";"0";"0";"0";"0";"0";"0";"0";"0";"0";"0";"0";"0";"0";"0";""
"second_coder";2366198;"Rellen creëren ook groep ""die staat voor iets anders"": veel initiatieven om te helpen";"2021-01-27";"https://nos.nl/artikel/2366198-rellen-creeren-ook-groep-die-staat-voor-iets-anders-veel-initiatieven-om-te-helpen";"0";"0";"";"";"";"";"";"0";"0";"";"";"0";"0";"0";"0";"0";"0";"0";"0";"0";"0";"0";"0";"0";"0";"0";"0";"0";"0";"0";"0";"0";"0";"0";"0";"0";"0";"0";"0";"0";"0";"0";"0";"0";"0";"0";"0";"0";"0";"0";"0";"0";"0";"0";"0";"0";"0";"0";"0";"0";"0";"0";"0";"0";"0";"0";"0";"0";"0";"0";"0";"0";"0";"0";"0";"0";"0";"0";"0";"0";"0";"0";"0";""
"second_coder";2322751;"Een cruiseschip als mega-onderzoekslab voor het coronavirus";"2020-02-12";"https://nos.nl/artikel/2322751-een-cruiseschip-als-mega-onderzoekslab-voor-het-coronavirus";"1";"1";"Patricia Bruijning";"Persoon";"Wetenschappelijke/medische organisaties en onderzoekers";"";"";"1";"0";"316";"0";"0";"0";"0";"0";"0";"0";"0";"0";"0";"0";"0";"0";"0";"0";"0";"0";"0";"0";"0";"0";"0";"0";"0";"0";"0";"0";"0";"0";"0";"0";"0";"0";"0";"0";"0";"0";"0";"0";"0";"0";"0";"0";"0";"0";"0";"0";"0";"0";"0";"0";"0";"0";"0";"0";"0";"0";"0";"0";"0";"0";"0";"0";"0";"0";"0";"0";"0";"0";"0";"0";"0";"0";"Ja"
"second_coder";2325123;"Opnieuw (of nog steeds) besmet met corona: hoe kan dat?";"2020-02-29";"https://nos.nl/artikel/2325123-opnieuw-of-nog-steeds-besmet-met-corona-hoe-kan-dat";"1";"1";"een gezondheidsfunctionaris uit de Chinese kustprovincie Guangdong";"Persoon";"Wetenschappelijke/medische organisaties en onderzoekers";"";"";"0";"1";"33";"1";"0";"0";"0";"0";"0";"0";"0";"0";"0";"0";"0";"0";"0";"0";"0";"0";"0";"0";"0";"0";"0";"0";"0";"0";"0";"0";"0";"0";"0";"0";"0";"0";"0";"0";"0";"0";"0";"0";"0";"0";"0";"0";"0";"0";"0";"0";"0";"0";"0";"0";"0";"0";"0";"0";"0";"0";"1";"0";"0";"1";"0";"0";"0";"0";"0";"0";"0";"0";"0";"0";"0";"0";"Ja"
"second_coder";2479493;"""Let bij long covid ook op maatschappelijke gevolgen""";"2023-06-19";"https://nos.nl/artikel/2479493-let-bij-long-covid-ook-op-maatschappelijke-gevolgen";"1";"1";"Maatschappelijk Impact Team (MIT)";"Organisatie";"Niet-governementele organisaties (NGO), maatschappelijke organisaties, en hun leden";"";"";"1";"1";"70";"0";"0";"0";"0";"0";"0";"0";"0";"0";"0";"0";"0";"0";"0";"0";"0";"0";"0";"0";"0";"0";"0";"0";"0";"0";"0";"0";"0";"0";"0";"0";"0";"0";"0";"0";"0";"0";"0";"0";"0";"0";"0";"0";"0";"0";"0";"0";"0";"0";"0";"0";"0";"0";"0";"0";"0";"0";"0";"0";"0";"0";"0";"0";"0";"0";"0";"0";"0";"0";"0";"0";"0";"0";"Ja"
"second_coder";2328680;"Coronanieuws 28 maart: onveilige mondkapjes en ziekenhuis wil hulp van Duitsland";"2020-03-28";"https://nos.nl/artikel/2328680-coronanieuws-28-maart-onveilige-mondkapjes-en-ziekenhuis-wil-hulp-van-duitsland";"1";"1";"minister De Jonge";"Persoon";"NL - Nationale regering - executive / uitvoerende macht";"";"CDA";"0";"1";"9";"0";"0";"0";"0";"0";"0";"0";"0";"0";"0";"0";"0";"0";"0";"0";"0";"0";"0";"0";"0";"0";"0";"0";"0";"0";"0";"0";"0";"0";"0";"0";"0";"0";"0";"0";"0";"0";"0";"0";"0";"0";"0";"0";"0";"0";"0";"0";"0";"0";"0";"0";"0";"0";"0";"0";"0";"0";"0";"0";"0";"0";"0";"0";"0";"0";"0";"0";"0";"0";"0";"0";"0";"0";"Ja"
"second_coder";2329762;"""We zijn nog lang niet van corona af, dus stop met gijzeling overige zorg""";"2020-04-07";"https://nos.nl/nieuwsuur/artikel/2329762-we-zijn-nog-lang-niet-van-corona-af-dus-stop-met-gijzeling-overige-zorg";"1";"1";"Ernst Kuipers";"Persoon";"Wetenschappelijke/medische organisaties en onderzoekers";"";"";"1";"1";"349";"0";"0";"0";"0";"0";"0";"0";"0";"0";"0";"0";"0";"0";"0";"0";"0";"0";"0";"0";"0";"0";"0";"0";"0";"0";"0";"0";"0";"0";"0";"0";"0";"0";"0";"0";"0";"0";"0";"0";"0";"0";"0";"0";"0";"0";"0";"0";"0";"0";"0";"0";"0";"0";"0";"0";"0";"0";"0";"0";"0";"0";"0";"0";"0";"0";"0";"0";"0";"0";"0";"0";"0";"0";"Ja"
"second_coder";2336823;"Wereldwijde coronatrends: voor het eerst in maanden weer meer doden";"2020-06-10";"https://nos.nl/artikel/2336823-wereldwijde-coronatrends-voor-het-eerst-in-maanden-weer-meer-doden";"1";"1";"Wereldgezondheidsorganisatie WHO";"Organisatie";"Wetenschappelijke/medische organisaties en onderzoekers";"";"";"0";"1";"14";"0";"0";"0";"0";"0";"0";"0";"0";"0";"0";"0";"0";"0";"0";"0";"0";"0";"0";"0";"0";"0";"0";"0";"0";"0";"0";"0";"0";"0";"0";"0";"0";"0";"0";"0";"0";"0";"0";"0";"0";"0";"0";"0";"0";"0";"0";"0";"0";"0";"0";"0";"0";"0";"0";"0";"0";"0";"0";"0";"0";"0";"0";"0";"0";"0";"0";"0";"0";"0";"0";"0";"0";"0";"Ja"
"second_coder";2339595;"Modezaken worstelen met impact corona, veel uitverkoop en onverkochte voorraden";"2020-07-05";"https://nos.nl/artikel/2339595-modezaken-worstelen-met-impact-corona-veel-uitverkoop-en-onverkochte-voorraden.html";"1";"1";"winkeliers";"Persoon";"Andere functie:";"handelaars";"";"0";"1";"9";"0";"0";"0";"0";"0";"0";"0";"0";"0";"0";"0";"0";"0";"0";"0";"0";"0";"0";"0";"0";"0";"0";"0";"0";"0";"0";"0";"0";"0";"0";"0";"0";"0";"0";"0";"0";"0";"0";"0";"0";"0";"0";"0";"0";"0";"0";"0";"0";"0";"0";"0";"0";"0";"0";"0";"0";"0";"0";"0";"0";"0";"0";"0";"0";"0";"0";"0";"0";"0";"0";"0";"0";"0";"Ja"
"second_coder";2340450;"MLS-duel net voor aftrap uitgesteld vanwege positieve coronatest";"2020-07-12";"https://nos.nl/artikel/2340450-mls-duel-net-voor-aftrap-uitgesteld-vanwege-positieve-coronatest";"1";"1";"de organisatie van de Major League Soccer (MLS)";"Organisatie";"Andere functie:";"Sportorganisatie";"";"1";"1";"42";"1";"0";"0";"0";"0";"0";"0";"0";"0";"0";"0";"0";"0";"0";"0";"0";"0";"0";"0";"0";"0";"0";"0";"0";"0";"0";"0";"0";"0";"0";"0";"0";"0";"0";"0";"0";"0";"0";"0";"0";"0";"0";"0";"0";"0";"0";"0";"0";"0";"0";"0";"0";"0";"0";"0";"0";"0";"1";"0";"0";"1";"0";"0";"0";"0";"0";"0";"0";"0";"0";"0";"0";"0";"Nee"
"second_coder";2344174;"Veiligheidsregio Zeeland verbiedt geluidsapparatuur voor illegale feesten";"2020-08-15";"https://nos.nl/artikel/2344174-veiligheidsregio-zeeland-verbiedt-geluidsapparatuur-voor-illegale-feesten.html";"1";"1";"Jan Lonink";"Persoon";"Publiek en leden van het publiek, publieke opiniepeilingen en hun respondenten";"";"";"1";"1";"156";"1";"0";"0";"0";"0";"0";"0";"0";"0";"0";"0";"0";"0";"0";"0";"0";"0";"0";"0";"0";"0";"0";"0";"0";"0";"0";"0";"0";"0";"0";"0";"0";"0";"0";"0";"0";"0";"0";"0";"0";"0";"0";"0";"0";"0";"1";"0";"0";"1";"0";"0";"0";"0";"0";"0";"0";"0";"0";"0";"0";"0";"0";"0";"0";"0";"0";"0";"0";"0";"0";"0";"0";"0";"Ja"
"second_coder";2410526;"NHL geeft ijshockeyspelers opnieuw niet vrij voor Winterspelen";"2021-12-22";"https://nos.nl/artikel/2410526-nhl-geeft-ijshockeyspelers-opnieuw-niet-vrij-voor-winterspelen";"0";"0";"";"";"";"";"";"0";"0";"";"";"0";"0";"0";"0";"0";"0";"0";"0";"0";"0";"0";"0";"0";"0";"0";"0";"0";"0";"0";"0";"0";"0";"0";"0";"0";"0";"0";"0";"0";"0";"0";"0";"0";"0";"0";"0";"0";"0";"0";"0";"0";"0";"0";"0";"0";"0";"0";"0";"0";"0";"0";"0";"0";"0";"0";"0";"0";"0";"0";"0";"0";"0";"0";"0";"0";"0";"0";"0";"0";"0";"0";"0";""
"second_coder";2358194;"Het is rustig in de teststraat, waarom wordt die capaciteit niet gebruikt?";"2020-11-26";"https://nos.nl/artikel/2358194-het-is-rustig-in-de-teststraat-waarom-wordt-die-capaciteit-niet-gebruikt.html";"1";"1";"Sonja Kloppenburg";"Persoon";"Wetenschappelijke/medische organisaties en onderzoekers";"";"";"1";"0";"49";"1";"0";"0";"0";"0";"0";"0";"0";"0";"0";"0";"0";"0";"0";"0";"0";"0";"0";"0";"0";"0";"0";"0";"0";"0";"0";"0";"0";"0";"0";"0";"0";"0";"0";"0";"0";"0";"0";"0";"0";"0";"0";"0";"0";"0";"0";"0";"0";"0";"0";"0";"0";"0";"0";"0";"0";"0";"1";"1";"0";"0";"0";"0";"0";"0";"0";"0";"0";"0";"0";"0";"0";"0";"Ja"
"second_coder";2440742;"Agent vervolgd die vrouw in Eindhoven van dichtbij bespoot met waterkanon";"2022-08-15";"https://nos.nl/artikel/2440742-agent-vervolgd-die-vrouw-in-eindhoven-van-dichtbij-bespoot-met-waterkanon";"0";"0";"";"";"";"";"";"0";"0";"";"";"0";"0";"0";"0";"0";"0";"0";"0";"0";"0";"0";"0";"0";"0";"0";"0";"0";"0";"0";"0";"0";"0";"0";"0";"0";"0";"0";"0";"0";"0";"0";"0";"0";"0";"0";"0";"0";"0";"0";"0";"0";"0";"0";"0";"0";"0";"0";"0";"0";"0";"0";"0";"0";"0";"0";"0";"0";"0";"0";"0";"0";"0";"0";"0";"0";"0";"0";"0";"0";"0";"0";"0";""
"second_coder";2384683;"RIVM: ""Het gaat goed en steeds beter""";"2021-06-12";"https://nos.nl/artikel/2384683-rivm-het-gaat-goed-en-steeds-beter";"1";"1";"Jacco Wallinga";"Persoon";"Wetenschappelijke/medische organisaties en onderzoekers";"";"";"1";"0";"587";"1";"0";"0";"0";"0";"0";"0";"0";"0";"0";"0";"0";"0";"0";"0";"0";"0";"0";"0";"0";"0";"0";"0";"0";"0";"0";"0";"0";"0";"0";"0";"0";"0";"0";"0";"0";"0";"0";"0";"0";"0";"0";"0";"0";"0";"0";"0";"0";"0";"0";"0";"0";"0";"0";"0";"0";"0";"0";"0";"0";"0";"0";"0";"0";"0";"1";"1";"0";"0";"0";"0";"0";"0";"Ja"
"second_coder";2456638;"Kabinet draagt bij aan toekomstig fonds voor zorgwerkers met long covid";"2022-12-16";"https://nos.nl/artikel/2456638-kabinet-draagt-bij-aan-toekomstig-fonds-voor-zorgwerkers-met-long-covid";"1";"1";"Minister Helder";"Persoon";"NL - Nationale regering - executive / uitvoerende macht";"";"VVD";"1";"1";"81";"0";"0";"0";"0";"0";"0";"0";"0";"0";"0";"0";"0";"0";"0";"0";"0";"0";"0";"0";"0";"0";"0";"0";"0";"0";"0";"0";"0";"0";"0";"0";"0";"0";"0";"0";"0";"0";"0";"0";"0";"0";"0";"0";"0";"0";"0";"0";"0";"0";"0";"0";"0";"0";"0";"0";"0";"0";"0";"0";"0";"0";"0";"0";"0";"0";"0";"0";"0";"0";"0";"0";"0";"0";"Ja"
"second_coder";2457129;"China naarstig op zoek naar ziekenhuisbedden voor coronapatiënten";"2022-12-20";"https://nos.nl/artikel/2457129-china-naarstig-op-zoek-naar-ziekenhuisbedden-voor-coronapatienten";"1";"1";"deskundigen";"Persoon";"Wetenschappelijke/medische organisaties en onderzoekers";"";"";"0";"1";"47";"0";"0";"0";"0";"0";"0";"0";"0";"0";"0";"0";"0";"0";"0";"0";"0";"0";"0";"0";"0";"0";"0";"0";"0";"0";"0";"0";"0";"0";"0";"0";"0";"0";"0";"0";"0";"0";"0";"0";"0";"0";"0";"0";"0";"0";"0";"0";"0";"0";"0";"0";"0";"0";"0";"0";"0";"0";"0";"0";"0";"0";"0";"0";"0";"0";"0";"0";"0";"0";"0";"0";"0";"0";"Ja"
"second_coder";2441951;"""9 op 10 opgenomen coronapatiënten hebben jaar later nog klachten""";"2022-08-25";"https://nos.nl/artikel/2441951-9-op-10-opgenomen-coronapatienten-hebben-jaar-later-nog-klachten";"1";"1";"Merel Hellemons";"Persoon";"Wetenschappelijke/medische organisaties en onderzoekers";"";"";"1";"0";"61";"0";"0";"0";"0";"0";"0";"0";"0";"0";"0";"0";"0";"0";"0";"0";"0";"0";"0";"0";"0";"0";"0";"0";"0";"0";"0";"0";"0";"0";"0";"0";"0";"0";"0";"0";"0";"0";"0";"0";"0";"0";"0";"0";"0";"0";"0";"0";"0";"0";"0";"0";"0";"0";"0";"0";"0";"0";"0";"0";"0";"0";"0";"0";"0";"0";"0";"0";"0";"0";"0";"0";"0";"0";"Ja"
"second_coder";2399840;"Rechter: gemeente Utrecht mocht restaurant Waku Waku sluiten";"2021-09-30";"https://nos.nl/artikel/2399840-rechter-gemeente-utrecht-mocht-restaurant-waku-waku-sluiten";"1";"1";"de eigenaren";"Persoon";"Publiek en leden van het publiek, publieke opiniepeilingen en hun respondenten";"";"";"0";"1";"15";"1";"0";"0";"0";"0";"0";"0";"0";"0";"0";"0";"0";"0";"0";"0";"0";"0";"0";"0";"0";"0";"0";"0";"0";"0";"0";"0";"0";"0";"0";"0";"0";"0";"0";"0";"0";"0";"0";"0";"0";"0";"0";"0";"0";"0";"0";"0";"0";"0";"0";"0";"0";"0";"0";"0";"0";"0";"0";"0";"0";"0";"0";"0";"0";"0";"1";"0";"1";"0";"0";"0";"0";"0";"Ja"
"second_coder";2358916;"Bedrijven worstelen met thuiswerken, ""mentale gesteldheid is ook belangrijk""";"2020-12-01";"https://nos.nl/artikel/2358916-bedrijven-worstelen-met-thuiswerken-mentale-gesteldheid-is-ook-belangrijk";"1";"1";"premier Rutte en minister De Jonge";"Persoon";"NL - Nationale regering - executive / uitvoerende macht";"";"VVD, CDA";"1";"0";"4";"1";"0";"0";"0";"0";"1";"1";"0";"0";"0";"0";"0";"0";"0";"0";"0";"0";"0";"0";"0";"0";"0";"0";"0";"0";"0";"0";"0";"0";"0";"0";"0";"0";"0";"0";"0";"0";"0";"0";"0";"0";"0";"0";"0";"0";"0";"0";"0";"0";"0";"0";"0";"0";"0";"0";"0";"0";"0";"0";"0";"0";"0";"0";"0";"0";"0";"0";"0";"0";"0";"0";"0";"0";"Ja"
"second_coder";2361815;"RIVM: Britse coronavariant verspreidt zich door Nederland";"2020-12-23";"https://nos.nl/artikel/2361815-rivm-britse-coronavariant-verspreidt-zich-door-nederland.html";"1";"1";"RIVM";"Organisatie";"Openbare en semiopenbare instellingen";"";"";"0";"1";"10";"0";"0";"0";"0";"0";"0";"0";"0";"0";"0";"0";"0";"0";"0";"0";"0";"0";"0";"0";"0";"0";"0";"0";"0";"0";"0";"0";"0";"0";"0";"0";"0";"0";"0";"0";"0";"0";"0";"0";"0";"0";"0";"0";"0";"0";"0";"0";"0";"0";"0";"0";"0";"0";"0";"0";"0";"0";"0";"0";"0";"0";"0";"0";"0";"0";"0";"0";"0";"0";"0";"0";"0";"0";"Ja"
"second_coder";2362513;"Zorgautoriteit: tientallen ziekenhuizen schrappen dringende operaties door corona";"2020-12-30";"https://nos.nl/artikel/2362513-zorgautoriteit-tientallen-ziekenhuizen-schrappen-dringende-operaties-door-corona.html";"1";"1";"Nederlandse Zorgautoriteit (NZa)";"Organisatie";"Niet-governementele organisaties (NGO), maatschappelijke organisaties, en hun leden";"";"";"0";"1";"23";"0";"0";"0";"0";"0";"0";"0";"0";"0";"0";"0";"0";"0";"0";"0";"0";"0";"0";"0";"0";"0";"0";"0";"0";"0";"0";"0";"0";"0";"0";"0";"0";"0";"0";"0";"0";"0";"0";"0";"0";"0";"0";"0";"0";"0";"0";"0";"0";"0";"0";"0";"0";"0";"0";"0";"0";"0";"0";"0";"0";"0";"0";"0";"0";"0";"0";"0";"0";"0";"0";"0";"0";"0";"Ja"
"second_coder";2365836;"190 aanhoudingen bij protest Amsterdam, ambtswoning Halsema extra beveiligd";"2021-01-24";"https://nos.nl/artikel/2365836-190-aanhoudingen-bij-protest-amsterdam-ambtswoning-halsema-extra-beveiligd";"1";"1";"de politie";"Organisatie";"Andere functie:";"Politie";"";"0";"1";"7";"0";"0";"0";"0";"0";"0";"0";"0";"0";"0";"0";"0";"0";"0";"0";"0";"0";"0";"0";"0";"0";"0";"0";"0";"0";"0";"0";"0";"0";"0";"0";"0";"0";"0";"0";"0";"0";"0";"0";"0";"0";"0";"0";"0";"0";"0";"0";"0";"0";"0";"0";"0";"0";"0";"0";"0";"0";"0";"0";"0";"0";"0";"0";"0";"0";"0";"0";"0";"0";"0";"0";"0";"0";"Ja"
"second_coder";2365889;"Oxfam: ""Economische ongelijkheid neemt toe door corona""";"2021-01-25";"https://nos.nl/artikel/2365889-oxfam-economische-ongelijkheid-neemt-toe-door-corona";"1";"1";"Oxfam Novib";"Organisatie";"Niet-governementele organisaties (NGO), maatschappelijke organisaties, en hun leden";"";"";"1";"1";"79";"0";"0";"0";"0";"0";"0";"0";"0";"0";"0";"0";"0";"0";"0";"0";"0";"0";"0";"0";"0";"0";"0";"0";"0";"0";"0";"0";"0";"0";"0";"0";"0";"0";"0";"0";"0";"0";"0";"0";"0";"0";"0";"0";"0";"0";"0";"0";"0";"0";"0";"0";"0";"0";"0";"0";"0";"0";"0";"0";"0";"0";"0";"0";"0";"0";"0";"0";"0";"0";"0";"0";"0";"0";"Ja"
"second_coder";2369444;"Ook Eerste Kamer stemt in met nieuwe avondklok-wet";"2021-02-19";"https://nos.nl/artikel/2369444-ook-eerste-kamer-stemt-in-met-nieuwe-avondklok-wet";"1";"1";"Eerste Kamervoorzitter Bruijn";"Persoon";"NL - Nationale regering - executive / uitvoerende macht";"";"D66";"1";"0";"5";"0";"0";"0";"0";"0";"0";"0";"0";"0";"0";"0";"0";"0";"0";"0";"0";"0";"0";"0";"0";"0";"0";"0";"0";"0";"0";"0";"0";"0";"0";"0";"0";"0";"0";"0";"0";"0";"0";"0";"0";"0";"0";"0";"0";"0";"0";"0";"0";"0";"0";"0";"0";"0";"0";"0";"0";"0";"0";"0";"0";"0";"0";"0";"0";"0";"0";"0";"0";"0";"0";"0";"0";"0";"Nee"
"second_coder";2454001;"Protesten in China tegen coronabeleid na brand met tien doden";"2022-11-26";"https://nos.nl/artikel/2454001-protesten-in-china-tegen-coronabeleid-na-brand-met-tien-doden";"1";"0";"";"";"";"";"";"0";"0";"";"";"0";"0";"0";"0";"0";"0";"0";"0";"0";"0";"0";"0";"0";"0";"0";"0";"0";"0";"0";"0";"0";"0";"0";"0";"0";"0";"0";"0";"0";"0";"0";"0";"0";"0";"0";"0";"0";"0";"0";"0";"0";"0";"0";"0";"0";"0";"0";"0";"0";"0";"0";"0";"0";"0";"0";"0";"0";"0";"0";"0";"0";"0";"0";"0";"0";"0";"0";"0";"0";"0";"0";"0";""
"second_coder";2378929;"Lange wachttijden en vaak jonge patiënten bij nazorgpoli's corona";"2021-05-01";"https://nos.nl/artikel/2378929-lange-wachttijden-en-vaak-jonge-patienten-bij-nazorgpoli-s-corona";"1";"1";"Natasja Jelsma";"Persoon";"Wetenschappelijke/medische organisaties en onderzoekers";"";"";"1";"0";"26";"0";"0";"0";"0";"0";"0";"0";"0";"0";"0";"0";"0";"0";"0";"0";"0";"0";"0";"0";"0";"0";"0";"0";"0";"0";"0";"0";"0";"0";"0";"0";"0";"0";"0";"0";"0";"0";"0";"0";"0";"0";"0";"0";"0";"0";"0";"0";"0";"0";"0";"0";"0";"0";"0";"0";"0";"0";"0";"0";"0";"0";"0";"0";"0";"0";"0";"0";"0";"0";"0";"0";"0";"0";"Ja"
"second_coder";2369393;"Hof doet over een week uitspraak, avondklok blijft tot die tijd van kracht";"2021-02-19";"https://nos.nl/artikel/2369393-hof-doet-over-een-week-uitspraak-avondklok-blijft-tot-die-tijd-van-kracht.html";"1";"1";"Marie-Anne Tan-de Sonnaville";"Persoon";"Nationale en internationale rechterlijke macht";"";"";"1";"1";"41";"1";"0";"0";"0";"0";"0";"0";"0";"0";"0";"0";"0";"0";"0";"0";"0";"0";"1";"0";"0";"1";"0";"0";"0";"0";"0";"0";"0";"0";"0";"0";"0";"0";"0";"0";"0";"0";"0";"0";"0";"0";"0";"0";"0";"0";"0";"0";"0";"0";"0";"0";"0";"0";"0";"0";"0";"0";"0";"0";"0";"0";"0";"0";"0";"0";"0";"0";"0";"0";"0";"0";"0";"0";"Ja"
"second_coder";2379841;"Besmettingen India gaan hard door virusmutaties en niet naleven maatregelen";"2021-05-08";"https://nos.nl/artikel/2379841-besmettingen-india-gaan-hard-door-virusmutaties-en-niet-naleven-maatregelen";"1";"1";"Marion Koopmans";"Persoon";"Wetenschappelijke/medische organisaties en onderzoekers";"";"";"1";"1";"195";"0";"0";"0";"0";"0";"0";"0";"0";"0";"0";"0";"0";"0";"0";"0";"0";"0";"0";"0";"0";"0";"0";"0";"0";"0";"0";"0";"0";"0";"0";"0";"0";"0";"0";"0";"0";"0";"0";"0";"0";"0";"0";"0";"0";"0";"0";"0";"0";"0";"0";"0";"0";"0";"0";"0";"0";"0";"0";"0";"0";"0";"0";"0";"0";"0";"0";"0";"0";"0";"0";"0";"0";"0";"Ja"
"second_coder";2417611;"Overheid wilde pas informeren over corona na ""grote klap""";"2022-02-16";"https://nos.nl/artikel/2417611-overheid-wilde-pas-informeren-over-corona-na-grote-klap";"1";"1";"Onderzoeksraad voor Veiligheid";"Organisatie";"Openbare en semiopenbare instellingen";"";"";"1";"1";"224";"0";"0";"0";"0";"0";"0";"0";"0";"0";"0";"0";"0";"0";"0";"0";"0";"0";"0";"0";"0";"0";"0";"0";"0";"0";"0";"0";"0";"0";"0";"0";"0";"0";"0";"0";"0";"0";"0";"0";"0";"0";"0";"0";"0";"0";"0";"0";"0";"0";"0";"0";"0";"0";"0";"0";"0";"0";"0";"0";"0";"0";"0";"0";"0";"0";"0";"0";"0";"0";"0";"0";"0";"0";"Ja"
"second_coder";2380020;"Zweedse corona-aanpak onder de loep, vooral migranten hard getroffen";"2021-05-09";"https://nos.nl/nieuwsuur/artikel/2380020-zweedse-corona-aanpak-onder-de-loep-vooral-migranten-hard-getroffen";"1";"1";"Anders Tegnell";"Persoon";"Wetenschappelijke/medische organisaties en onderzoekers";"";"";"1";"1";"143";"1";"0";"0";"0";"0";"0";"0";"0";"0";"0";"0";"0";"0";"0";"0";"0";"0";"0";"0";"0";"0";"0";"0";"0";"0";"1";"0";"1";"0";"0";"0";"0";"0";"0";"0";"0";"0";"0";"0";"0";"0";"0";"0";"0";"0";"0";"0";"0";"0";"0";"0";"0";"0";"0";"0";"0";"0";"0";"0";"0";"0";"0";"0";"0";"0";"0";"0";"0";"0";"0";"0";"0";"0";"Ja"
"second_coder";2413608;"Gemeente Amsterdam en Kapsalon Theater in conflict over ludieke protestactie";"2022-01-18";"https://nos.nl/artikel/2413608-gemeente-amsterdam-en-kapsalon-theater-in-conflict-over-ludieke-protestactie";"1";"1";"burgemeester Halsema";"Persoon";"NL - Nationale regionale en lokale politieke organisaties en hun ambtenaren";"";"GroenLinks";"1";"1";"77";"1";"1";"1";"0";"0";"0";"0";"0";"0";"0";"0";"0";"0";"0";"0";"0";"0";"0";"0";"0";"0";"0";"0";"0";"0";"0";"0";"0";"0";"0";"0";"0";"0";"0";"0";"0";"0";"0";"0";"0";"0";"0";"0";"0";"0";"0";"0";"0";"0";"0";"0";"0";"0";"0";"0";"0";"0";"0";"0";"0";"0";"0";"0";"0";"0";"0";"0";"0";"0";"0";"0";"0";"0";"Ja"
"second_coder";2415061;"Skispringster Kramer zes dagen voor olympisch debuut positief getest op corona";"2022-01-30";"https://nos.nl/artikel/2415061-skispringster-kramer-zes-dagen-voor-olympisch-debuut-positief-getest-op-corona";"1";"0";"";"";"";"";"";"0";"0";"";"";"0";"0";"0";"0";"0";"0";"0";"0";"0";"0";"0";"0";"0";"0";"0";"0";"0";"0";"0";"0";"0";"0";"0";"0";"0";"0";"0";"0";"0";"0";"0";"0";"0";"0";"0";"0";"0";"0";"0";"0";"0";"0";"0";"0";"0";"0";"0";"0";"0";"0";"0";"0";"0";"0";"0";"0";"0";"0";"0";"0";"0";"0";"0";"0";"0";"0";"0";"0";"0";"0";"0";"0";""
"second_coder";2387267;"De ethische discussie over tieners vaccineren: ""Hoe vertel ik dit mijn kinderen?""";"2021-06-29";"https://nos.nl/artikel/2387267-de-ethische-discussie-over-tieners-vaccineren-hoe-vertel-ik-dit-mijn-kinderen";"1";"1";"Gezondheidsraad";"Organisatie";"Wetenschappelijke/medische organisaties en onderzoekers";"";"";"0";"1";"105";"1";"0";"0";"0";"0";"0";"0";"0";"0";"0";"0";"0";"0";"0";"0";"0";"0";"0";"0";"0";"0";"0";"0";"0";"0";"0";"0";"0";"0";"0";"0";"0";"0";"0";"0";"0";"0";"0";"0";"0";"0";"0";"0";"0";"0";"0";"0";"0";"0";"0";"0";"0";"0";"0";"0";"0";"0";"0";"0";"0";"0";"0";"0";"0";"0";"1";"1";"0";"0";"0";"0";"0";"0";"Ja"
"main_coder";2379607;"Kamer wil geen eigen bijdrage van 7,50 euro voor toegangstest";"2021-05-06";"https://nos.nl/artikel/2379607-kamer-wil-geen-eigen-bijdrage-van-7-50-euro-voor-toegangstest";"1";"1";"Kwint";"Persoon";"NL - Nationaal parlement en nationale partijen – wetgevende macht";"";"SP";"1";"1";"21";"1";"0";"0";"0";"0";"0";"0";"0";"0";"0";"0";"0";"0";"0";"0";"0";"0";"0";"0";"0";"0";"0";"0";"0";"0";"0";"0";"0";"0";"0";"0";"0";"0";"0";"0";"0";"0";"0";"0";"0";"0";"0";"0";"0";"0";"0";"0";"0";"0";"0";"0";"0";"0";"0";"0";"0";"0";"1";"0";"1";"0";"0";"0";"0";"0";"0";"0";"0";"0";"0";"0";"0";"0";"Ja"
"main_coder";2331140;"""Nu de grootste coronapaniek weg is, neemt ook de saamhorigheid af""";"2020-04-20";"https://nos.nl/collectie/13839/artikel/2331140-nu-de-grootste-coronapaniek-weg-is-neemt-ook-de-saamhorigheid-af";"1";"1";"Marco Zannoni";"Persoon";"Wetenschappelijke/medische organisaties en onderzoekers";"";"";"1";"1";"398";"1";"1";"0";"0";"1";"0";"0";"0";"0";"0";"0";"0";"0";"0";"0";"0";"0";"0";"0";"0";"0";"0";"0";"0";"0";"0";"0";"0";"0";"0";"0";"0";"0";"0";"0";"0";"0";"0";"0";"0";"0";"0";"0";"0";"0";"0";"0";"0";"0";"0";"0";"0";"0";"0";"0";"0";"0";"0";"0";"0";"0";"0";"0";"0";"0";"0";"0";"0";"0";"0";"0";"0";"0";"Nee"
"main_coder";2363978;"Chinees vaccin is voor China ""kans om invloed in Afrika uit te breiden""";"2021-01-11";"https://nos.nl/artikel/2363978-chinees-vaccin-is-voor-china-kans-om-invloed-in-afrika-uit-te-breiden";"1";"1";"Elles van Gelder";"Persoon";"Journalisten anders dan de schrijver van het huidige artikel of nieuwsorganisaties anders dan de nieuwsorganisatie van het huidige artikel.";"";"";"1";"0";"57";"1";"0";"0";"0";"0";"0";"0";"0";"0";"0";"0";"0";"0";"0";"0";"0";"0";"0";"0";"0";"0";"0";"0";"0";"0";"0";"0";"0";"0";"0";"0";"0";"0";"0";"0";"0";"0";"0";"0";"0";"0";"0";"0";"0";"0";"0";"0";"0";"0";"0";"0";"0";"0";"0";"0";"0";"0";"0";"0";"0";"0";"0";"0";"0";"0";"1";"0";"0";"1";"0";"0";"0";"0";"Ja"
"main_coder";2365392;"7,6 miljard euro voor verruiming steunpakket voor ondernemers";"2021-01-21";"https://nos.nl/artikel/2365392-7-6-miljard-euro-voor-verruiming-steunpakket-voor-ondernemers";"1";"0";"";"";"";"";"";"0";"0";"";"";"0";"0";"0";"0";"0";"0";"0";"0";"0";"0";"0";"0";"0";"0";"0";"0";"0";"0";"0";"0";"0";"0";"0";"0";"0";"0";"0";"0";"0";"0";"0";"0";"0";"0";"0";"0";"0";"0";"0";"0";"0";"0";"0";"0";"0";"0";"0";"0";"0";"0";"0";"0";"0";"0";"0";"0";"0";"0";"0";"0";"0";"0";"0";"0";"0";"0";"0";"0";"0";"0";"0";"0";""
"main_coder";2350260;"Lid OMT: mondkapjesplicht in verpleeghuizen in drie regio's onvoldoende";"2020-09-29";"https://nos.nl/artikel/2350260-lid-omt-mondkapjesplicht-in-verpleeghuizen-in-drie-regio-s-onvoldoende.html";"1";"1";"De Jonge";"Persoon";"NL - Nationale regering - executive / uitvoerende macht";"";"CDA";"1";"1";"33";"1";"0";"0";"0";"0";"0";"0";"0";"0";"0";"0";"0";"0";"0";"0";"0";"0";"0";"0";"0";"0";"0";"0";"0";"0";"1";"0";"0";"1";"0";"0";"0";"0";"0";"0";"0";"0";"0";"0";"0";"0";"0";"0";"0";"0";"0";"0";"0";"0";"0";"0";"0";"0";"0";"0";"0";"0";"0";"0";"0";"0";"0";"0";"0";"0";"0";"0";"0";"0";"0";"0";"0";"0";"Nee"
"main_coder";2415061;"Skispringster Kramer zes dagen voor olympisch debuut positief getest op corona";"2022-01-30";"https://nos.nl/artikel/2415061-skispringster-kramer-zes-dagen-voor-olympisch-debuut-positief-getest-op-corona";"1";"0";"";"";"";"";"";"0";"0";"";"";"0";"0";"0";"0";"0";"0";"0";"0";"0";"0";"0";"0";"0";"0";"0";"0";"0";"0";"0";"0";"0";"0";"0";"0";"0";"0";"0";"0";"0";"0";"0";"0";"0";"0";"0";"0";"0";"0";"0";"0";"0";"0";"0";"0";"0";"0";"0";"0";"0";"0";"0";"0";"0";"0";"0";"0";"0";"0";"0";"0";"0";"0";"0";"0";"0";"0";"0";"0";"0";"0";"0";"0";""
"main_coder";2396862;"Huisartsen schreven vaker antidepressiva voor aan jongeren in tweede lockdown";"2021-09-07";"https://nos.nl/artikel/2396862-huisartsen-schreven-vaker-antidepressiva-voor-aan-jongeren-in-tweede-lockdown";"1";"1";"de onderzoekers";"Persoon";"Wetenschappelijke/medische organisaties en onderzoekers";"";"";"1";"0";"31";"0";"0";"0";"0";"0";"0";"0";"0";"0";"0";"0";"0";"0";"0";"0";"0";"0";"0";"0";"0";"0";"0";"0";"0";"0";"0";"0";"0";"0";"0";"0";"0";"0";"0";"0";"0";"0";"0";"0";"0";"0";"0";"0";"0";"0";"0";"0";"0";"0";"0";"0";"0";"0";"0";"0";"0";"0";"0";"0";"0";"0";"0";"0";"0";"0";"0";"0";"0";"0";"0";"0";"0";"0";"Ja"
"main_coder";2407133;"Uitputtingsslag in ziekenhuizen: ""Angst voor wat nog komt""";"2021-11-26";"https://nos.nl/artikel/2407133-uitputtingsslag-in-ziekenhuizen-angst-voor-wat-nog-komt";"1";"1";"Marion Schaap";"Persoon";"Wetenschappelijke/medische organisaties en onderzoekers";"";"";"1";"0";"261";"1";"1";"0";"0";"1";"0";"0";"0";"0";"0";"0";"0";"0";"0";"0";"0";"0";"0";"0";"0";"0";"0";"0";"0";"0";"0";"0";"0";"0";"0";"0";"0";"0";"0";"0";"0";"0";"0";"0";"0";"0";"0";"0";"0";"0";"0";"0";"0";"0";"0";"0";"0";"0";"0";"0";"0";"0";"0";"0";"0";"0";"0";"0";"0";"0";"0";"0";"0";"0";"0";"0";"0";"0";"Ja"
"main_coder";2413608;"Gemeente Amsterdam en Kapsalon Theater in conflict over ludieke protestactie";"2022-01-18";"https://nos.nl/artikel/2413608-gemeente-amsterdam-en-kapsalon-theater-in-conflict-over-ludieke-protestactie";"1";"1";"Halsema";"Persoon";"NL - Nationale regionale en lokale politieke organisaties en hun ambtenaren";"";"GroenLinks";"1";"1";"77";"1";"1";"0";"0";"1";"0";"0";"0";"0";"0";"0";"0";"0";"0";"0";"0";"0";"0";"0";"0";"0";"0";"0";"0";"0";"0";"0";"0";"0";"0";"0";"0";"0";"0";"0";"0";"0";"0";"0";"0";"0";"0";"0";"0";"0";"0";"0";"0";"0";"0";"0";"0";"0";"0";"0";"0";"0";"0";"0";"0";"0";"0";"0";"0";"0";"0";"0";"0";"0";"0";"0";"0";"0";"Ja"
"main_coder";2397937;"YouTube mocht filmpjes met toespraak Baudet over corona verwijderen";"2021-09-15";"https://nos.nl/artikel/2397937-youtube-mocht-filmpjes-met-toespraak-baudet-over-corona-verwijderen";"1";"1";"YouTube";"Organisatie";"Zakelijke organisaties en hun werknemers";"";"";"0";"1";"17";"0";"0";"0";"0";"0";"0";"0";"0";"0";"0";"0";"0";"0";"0";"0";"0";"0";"0";"0";"0";"0";"0";"0";"0";"0";"0";"0";"0";"0";"0";"0";"0";"0";"0";"0";"0";"0";"0";"0";"0";"0";"0";"0";"0";"0";"0";"0";"0";"0";"0";"0";"0";"0";"0";"0";"0";"0";"0";"0";"0";"0";"0";"0";"0";"0";"0";"0";"0";"0";"0";"0";"0";"0";"Ja"
"main_coder";2387267;"De ethische discussie over tieners vaccineren: ""Hoe vertel ik dit mijn kinderen?""";"2021-06-29";"https://nos.nl/artikel/2387267-de-ethische-discussie-over-tieners-vaccineren-hoe-vertel-ik-dit-mijn-kinderen";"1";"1";"Rieke van der Graaf";"Persoon";"Wetenschappelijke/medische organisaties en onderzoekers";"";"";"1";"1";"50";"1";"0";"0";"0";"0";"0";"0";"0";"0";"0";"0";"0";"0";"0";"0";"0";"0";"0";"0";"0";"0";"0";"0";"0";"0";"0";"0";"0";"0";"0";"0";"0";"0";"0";"0";"0";"0";"0";"0";"0";"0";"0";"0";"0";"0";"0";"0";"0";"0";"0";"0";"0";"0";"0";"0";"0";"0";"0";"0";"0";"0";"0";"0";"0";"0";"1";"0";"0";"1";"0";"0";"0";"0";"Ja"
"main_coder";2328119;"Aanscherping coronamaatregelen is een hard gelag: ""Het valt ons zwaar""";"2020-03-23";"https://nos.nl/artikel/2328119-aanscherping-coronamaatregelen-is-een-hard-gelag-het-valt-ons-zwaar";"1";"1";"The Passion";"Organisatie";"Niet-governementele organisaties (NGO), maatschappelijke organisaties, en hun leden";"";"";"0";"1";"8";"1";"0";"0";"0";"0";"0";"0";"0";"0";"0";"0";"0";"0";"0";"0";"0";"0";"0";"0";"0";"0";"0";"0";"0";"0";"0";"0";"0";"0";"0";"0";"0";"0";"0";"0";"0";"0";"0";"0";"0";"0";"0";"0";"0";"0";"0";"0";"0";"0";"0";"0";"0";"0";"1";"0";"0";"1";"0";"0";"0";"0";"0";"0";"0";"0";"0";"0";"0";"0";"0";"0";"0";"0";"Ja"
"main_coder";2409659;"De Jonge waarschuwt in Kamer: volgende week mogelijk al nieuwe maatregelen";"2021-12-15";"https://nos.nl/artikel/2409659-de-jonge-waarschuwt-in-kamer-volgende-week-mogelijk-al-nieuwe-maatregelen";"1";"1";"Rutte en De Jonge";"Persoon";"NL - Nationale regering - executive / uitvoerende macht";"";"VVD, CDA";"0";"1";"9";"0";"0";"0";"0";"0";"0";"0";"0";"0";"0";"0";"0";"0";"0";"0";"0";"0";"0";"0";"0";"0";"0";"0";"0";"0";"0";"0";"0";"0";"0";"0";"0";"0";"0";"0";"0";"0";"0";"0";"0";"0";"0";"0";"0";"0";"0";"0";"0";"0";"0";"0";"0";"0";"0";"0";"0";"0";"0";"0";"0";"0";"0";"0";"0";"0";"0";"0";"0";"0";"0";"0";"0";"0";"Ja"
"main_coder";2336043;"Nederland wil samen met andere landen aan coronavaccin komen";"2020-06-03";"https://nos.nl/artikel/2336043-nederland-wil-samen-met-andere-landen-aan-coronavaccin-komen.html";"1";"1";"Nederland, Duitsland, Frankrijk en Italië";"Geopolitieke entiteit";"NL - Nationale regering - executive / uitvoerende macht";"";"NvT";"1";"1";"41";"1";"0";"0";"0";"0";"0";"0";"0";"0";"0";"0";"0";"0";"0";"0";"0";"0";"0";"0";"0";"0";"0";"0";"0";"0";"0";"0";"0";"0";"0";"0";"0";"0";"0";"0";"0";"0";"0";"0";"0";"0";"0";"0";"0";"0";"0";"0";"0";"0";"0";"0";"0";"0";"0";"0";"0";"0";"0";"0";"0";"0";"0";"0";"0";"0";"1";"0";"0";"1";"0";"0";"0";"0";"Ja"
"main_coder";2404689;"Enkele tienduizenden betogers bij coronaprotest Den Haag";"2021-11-07";"https://nos.nl/artikel/2404689-enkele-tienduizenden-betogers-bij-coronaprotest-den-haag";"1";"1";"De Haagse politie";"Organisatie";"NL - Nationale staatsorganisaties en hun ambtenaren";"";"";"0";"1";"5";"0";"0";"0";"0";"0";"0";"0";"0";"0";"0";"0";"0";"0";"0";"0";"0";"0";"0";"0";"0";"0";"0";"0";"0";"0";"0";"0";"0";"0";"0";"0";"0";"0";"0";"0";"0";"0";"0";"0";"0";"0";"0";"0";"0";"0";"0";"0";"0";"0";"0";"0";"0";"0";"0";"0";"0";"0";"0";"0";"0";"0";"0";"0";"0";"0";"0";"0";"0";"0";"0";"0";"0";"0";"Nee"
"main_coder";2346916;"Evenementen in tijd van corona: ""Elke tribune heeft eigen parkeerplaatsen""";"2020-09-05";"https://nos.nl/artikel/2346916-evenementen-in-tijd-van-corona-elke-tribune-heeft-eigen-parkeerplaatsen.html";"1";"1";"Bezoekers van de Indonesische beurs";"Persoon";"Publiek en leden van het publiek, publieke opiniepeilingen en hun respondenten";"";"";"1";"0";"9";"0";"0";"0";"0";"0";"0";"0";"0";"0";"0";"0";"0";"0";"0";"0";"0";"0";"0";"0";"0";"0";"0";"0";"0";"0";"0";"0";"0";"0";"0";"0";"0";"0";"0";"0";"0";"0";"0";"0";"0";"0";"0";"0";"0";"0";"0";"0";"0";"0";"0";"0";"0";"0";"0";"0";"0";"0";"0";"0";"0";"0";"0";"0";"0";"0";"0";"0";"0";"0";"0";"0";"0";"0";"Ja"
"main_coder";2417611;"Overheid wilde pas informeren over corona na ""grote klap""";"2022-02-16";"https://nos.nl/artikel/2417611-overheid-wilde-pas-informeren-over-corona-na-grote-klap";"1";"1";"het RIVM";"Organisatie";"Openbare en semiopenbare instellingen";"";"";"0";"1";"7";"0";"0";"0";"0";"0";"0";"0";"0";"0";"0";"0";"0";"0";"0";"0";"0";"0";"0";"0";"0";"0";"0";"0";"0";"0";"0";"0";"0";"0";"0";"0";"0";"0";"0";"0";"0";"0";"0";"0";"0";"0";"0";"0";"0";"0";"0";"0";"0";"0";"0";"0";"0";"0";"0";"0";"0";"0";"0";"0";"0";"0";"0";"0";"0";"0";"0";"0";"0";"0";"0";"0";"0";"0";"Ja"
"main_coder";2350775;"Republikeinen besmet die samen waren in tuin Witte Huis, coronaregels genegeerd";"2020-10-03";"https://nos.nl/artikel/2350775-republikeinen-besmet-die-samen-waren-in-tuin-witte-huis-coronaregels-genegeerd.html";"1";"1";"het Witte Huis";"Organisatie";"Regeringen/regeringsleiders/regeringsleden en/of andere politici in een ander land dan NL, op nationaal of lokaal niveau OF staatsorganisaties en hun ambtenaren";"";"";"0";"1";"4";"1";"0";"0";"0";"0";"0";"0";"0";"0";"0";"0";"0";"0";"0";"0";"0";"0";"0";"0";"0";"0";"0";"0";"0";"0";"0";"0";"0";"0";"0";"0";"0";"0";"0";"0";"0";"0";"0";"0";"0";"0";"0";"0";"0";"0";"0";"0";"0";"0";"0";"0";"0";"0";"0";"0";"0";"0";"1";"0";"0";"1";"0";"0";"0";"0";"0";"0";"0";"0";"0";"0";"0";"0";"Ja"
"main_coder";2410526;"NHL geeft ijshockeyspelers opnieuw niet vrij voor Winterspelen";"2021-12-22";"https://nos.nl/artikel/2410526-nhl-geeft-ijshockeyspelers-opnieuw-niet-vrij-voor-winterspelen";"1";"1";"Sidney Crosby";"Persoon";"Bekende mediapersonen (anders dan journalisten)";"";"";"1";"0";"38";"0";"0";"0";"0";"0";"0";"0";"0";"0";"0";"0";"0";"0";"0";"0";"0";"0";"0";"0";"0";"0";"0";"0";"0";"0";"0";"0";"0";"0";"0";"0";"0";"0";"0";"0";"0";"0";"0";"0";"0";"0";"0";"0";"0";"0";"0";"0";"0";"0";"0";"0";"0";"0";"0";"0";"0";"0";"0";"0";"0";"0";"0";"0";"0";"0";"0";"0";"0";"0";"0";"0";"0";"0";"Ja"
"main_coder";2373350;"RIVM: ""Oplopend aantal besmettingen betekent niet per se meer ziekenhuisopnames""";"2021-03-20";"https://nos.nl/artikel/2373350-rivm-oplopend-aantal-besmettingen-betekent-niet-per-se-meer-ziekenhuisopnames";"1";"1";"Jaap van Dissel";"Persoon";"Openbare en semiopenbare instellingen";"";"";"1";"0";"356";"1";"0";"0";"0";"0";"0";"0";"0";"0";"0";"0";"0";"0";"0";"0";"0";"0";"0";"0";"0";"0";"0";"0";"0";"0";"0";"0";"0";"0";"0";"0";"0";"0";"0";"0";"0";"0";"0";"0";"0";"0";"0";"0";"0";"0";"0";"0";"0";"0";"0";"0";"0";"0";"0";"0";"0";"0";"1";"0";"0";"1";"0";"0";"0";"0";"0";"0";"0";"0";"0";"0";"0";"0";"Ja"
"main_coder";2336349;"Israël sluit 90 scholen weer uit angst voor nieuwe corona-uitbraak";"2020-06-05";"https://nos.nl/artikel/2336349-israel-sluit-90-scholen-weer-uit-angst-voor-nieuwe-corona-uitbraak";"1";"1";"Asher Salmon";"Persoon";"Regeringen/regeringsleiders/regeringsleden en/of andere politici in een ander land dan NL, op nationaal of lokaal niveau OF staatsorganisaties en hun ambtenaren";"";"";"1";"1";"57";"1";"0";"0";"0";"0";"0";"0";"0";"0";"0";"0";"0";"0";"0";"0";"0";"0";"0";"0";"0";"0";"0";"0";"0";"0";"0";"0";"0";"0";"1";"0";"0";"1";"0";"0";"0";"0";"0";"0";"0";"0";"0";"0";"0";"0";"0";"0";"0";"0";"0";"0";"0";"0";"0";"0";"0";"0";"0";"0";"0";"0";"0";"0";"0";"0";"0";"0";"0";"0";"0";"0";"0";"0";"Ja"
"main_coder";2407489;"Doodgeboortes bij niet-gevaccineerde vrouwen na ontsteking door corona";"2021-11-29";"https://nos.nl/artikel/2407489-doodgeboortes-bij-niet-gevaccineerde-vrouwen-na-ontsteking-door-corona";"1";"1";"de Volkskrant";"Organisatie";"Journalisten anders dan de schrijver van het huidige artikel of nieuwsorganisaties anders dan de nieuwsorganisatie van het huidige artikel.";"";"";"1";"0";"24";"0";"0";"0";"0";"0";"0";"0";"0";"0";"0";"0";"0";"0";"0";"0";"0";"0";"0";"0";"0";"0";"0";"0";"0";"0";"0";"0";"0";"0";"0";"0";"0";"0";"0";"0";"0";"0";"0";"0";"0";"0";"0";"0";"0";"0";"0";"0";"0";"0";"0";"0";"0";"0";"0";"0";"0";"0";"0";"0";"0";"0";"0";"0";"0";"0";"0";"0";"0";"0";"0";"0";"0";"0";"Ja"
"main_coder";2365836;"190 aanhoudingen bij protest Amsterdam, ambtswoning Halsema extra beveiligd";"2021-01-24";"https://nos.nl/artikel/2365836-190-aanhoudingen-bij-protest-amsterdam-ambtswoning-halsema-extra-beveiligd";"1";"1";"de gemeente";"Organisatie";"NL - Nationale regionale en lokale politieke organisaties en hun ambtenaren";"";"NvT";"1";"0";"44";"0";"0";"0";"0";"0";"0";"0";"0";"0";"0";"0";"0";"0";"0";"0";"0";"0";"0";"0";"0";"0";"0";"0";"0";"0";"0";"0";"0";"0";"0";"0";"0";"0";"0";"0";"0";"0";"0";"0";"0";"0";"0";"0";"0";"0";"0";"0";"0";"0";"0";"0";"0";"0";"0";"0";"0";"0";"0";"0";"0";"0";"0";"0";"0";"0";"0";"0";"0";"0";"0";"0";"0";"0";"Ja"
"main_coder";2457129;"China naarstig op zoek naar ziekenhuisbedden voor coronapatiënten";"2022-12-20";"https://nos.nl/artikel/2457129-china-naarstig-op-zoek-naar-ziekenhuisbedden-voor-coronapatienten";"1";"1";"Reuters-journalisten";"Persoon";"Journalisten anders dan de schrijver van het huidige artikel of nieuwsorganisaties anders dan de nieuwsorganisatie van het huidige artikel.";"";"";"0";"1";"5";"0";"0";"0";"0";"0";"0";"0";"0";"0";"0";"0";"0";"0";"0";"0";"0";"0";"0";"0";"0";"0";"0";"0";"0";"0";"0";"0";"0";"0";"0";"0";"0";"0";"0";"0";"0";"0";"0";"0";"0";"0";"0";"0";"0";"0";"0";"0";"0";"0";"0";"0";"0";"0";"0";"0";"0";"0";"0";"0";"0";"0";"0";"0";"0";"0";"0";"0";"0";"0";"0";"0";"0";"0";"Ja"
"main_coder";2394513;"Veelbelovend middel verkleint kans op het krijgen van corona flink";"2021-08-20";"https://nos.nl/artikel/2394513-veelbelovend-middel-verkleint-kans-op-het-krijgen-van-corona-flink";"1";"1";"AstraZeneca";"Organisatie";"Zakelijke organisaties en hun werknemers";"";"";"1";"1";"15";"0";"0";"0";"0";"0";"0";"0";"0";"0";"0";"0";"0";"0";"0";"0";"0";"0";"0";"0";"0";"0";"0";"0";"0";"0";"0";"0";"0";"0";"0";"0";"0";"0";"0";"0";"0";"0";"0";"0";"0";"0";"0";"0";"0";"0";"0";"0";"0";"0";"0";"0";"0";"0";"0";"0";"0";"0";"0";"0";"0";"0";"0";"0";"0";"0";"0";"0";"0";"0";"0";"0";"0";"0";"Nee"
"main_coder";2454001;"Protesten in China tegen coronabeleid na brand met tien doden";"2022-11-26";"https://nos.nl/artikel/2454001-protesten-in-china-tegen-coronabeleid-na-brand-met-tien-doden";"1";"1";"Garrie van Pinxteren";"Persoon";"Journalisten anders dan de schrijver van het huidige artikel of nieuwsorganisaties anders dan de nieuwsorganisatie van het huidige artikel.";"";"";"1";"0";"92";"1";"1";"0";"0";"1";"0";"0";"0";"0";"0";"0";"0";"0";"0";"0";"0";"0";"0";"0";"0";"0";"0";"0";"0";"0";"0";"0";"0";"0";"0";"0";"0";"0";"0";"0";"0";"0";"0";"0";"0";"0";"0";"0";"0";"0";"0";"0";"0";"0";"0";"0";"0";"0";"0";"0";"0";"0";"0";"0";"0";"0";"1";"0";"0";"1";"0";"0";"0";"0";"0";"0";"0";"0";"Nee"
"main_coder";2386070;"Toegangsbewijs voor festival of club: ""Er is altijd een groep die dit niet accepteert""";"2021-06-21";"https://nos.nl/artikel/2386070-toegangsbewijs-voor-festival-of-club-er-is-altijd-een-groep-die-dit-niet-accepteert";"1";"1";"Niek Mouter";"Persoon";"Wetenschappelijke/medische organisaties en onderzoekers";"";"";"1";"1";"89";"1";"0";"0";"0";"0";"0";"0";"0";"0";"0";"0";"0";"0";"0";"0";"0";"0";"0";"0";"0";"0";"0";"0";"0";"0";"0";"0";"0";"0";"0";"0";"0";"0";"0";"0";"0";"0";"0";"0";"0";"0";"0";"0";"0";"0";"0";"0";"0";"0";"0";"0";"0";"0";"0";"0";"0";"0";"1";"0";"0";"1";"0";"0";"0";"0";"0";"0";"0";"0";"0";"0";"0";"0";"Ja"
"main_coder";2339595;"Modezaken worstelen met impact corona, veel uitverkoop en onverkochte voorraden";"2020-07-05";"https://nos.nl/artikel/2339595-modezaken-worstelen-met-impact-corona-veel-uitverkoop-en-onverkochte-voorraden.html";"1";"1";"Edwin Belt";"Persoon";"Niet-governementele organisaties (NGO), maatschappelijke organisaties, en hun leden";"";"";"1";"0";"66";"0";"0";"0";"0";"0";"0";"0";"0";"0";"0";"0";"0";"0";"0";"0";"0";"0";"0";"0";"0";"0";"0";"0";"0";"0";"0";"0";"0";"0";"0";"0";"0";"0";"0";"0";"0";"0";"0";"0";"0";"0";"0";"0";"0";"0";"0";"0";"0";"0";"0";"0";"0";"0";"0";"0";"0";"0";"0";"0";"0";"0";"0";"0";"0";"0";"0";"0";"0";"0";"0";"0";"0";"0";"Ja"
"main_coder";2336823;"Wereldwijde coronatrends: voor het eerst in maanden weer meer doden";"2020-06-10";"https://nos.nl/artikel/2336823-wereldwijde-coronatrends-voor-het-eerst-in-maanden-weer-meer-doden";"1";"1";"López Obrador";"Persoon";"Regeringen/regeringsleiders/regeringsleden en/of andere politici in een ander land dan NL, op nationaal of lokaal niveau OF staatsorganisaties en hun ambtenaren";"";"";"1";"1";"16";"0";"0";"0";"0";"0";"0";"0";"0";"0";"0";"0";"0";"0";"0";"0";"0";"0";"0";"0";"0";"0";"0";"0";"0";"0";"0";"0";"0";"0";"0";"0";"0";"0";"0";"0";"0";"0";"0";"0";"0";"0";"0";"0";"0";"0";"0";"0";"0";"0";"0";"0";"0";"0";"0";"0";"0";"0";"0";"0";"0";"0";"0";"0";"0";"0";"0";"0";"0";"0";"0";"0";"0";"0";"Ja"
"main_coder";2370347;"Steun voor maatregelen sterk afgenomen, maar meeste mensen houden zich er nog aan";"2021-02-26";"https://nos.nl/artikel/2370347-steun-voor-maatregelen-sterk-afgenomen-maar-meeste-mensen-houden-zich-er-nog-aan.html";"1";"1";"de Gedragsunit van het RIVM";"Organisatie";"Openbare en semiopenbare instellingen";"";"";"0";"1";"19";"1";"1";"0";"0";"1";"0";"0";"0";"0";"0";"0";"0";"0";"0";"0";"0";"0";"0";"0";"0";"0";"0";"0";"0";"0";"0";"0";"0";"0";"0";"0";"0";"0";"0";"0";"0";"0";"0";"0";"0";"0";"0";"0";"0";"0";"0";"0";"0";"0";"0";"0";"0";"0";"0";"0";"0";"0";"0";"0";"0";"0";"0";"0";"0";"0";"0";"0";"0";"0";"0";"0";"0";"0";"Ja"
"main_coder";2355910;"Van commerciële tests op het coronavirus is alleen topje van ijsberg bekend";"2020-11-09";"https://nos.nl/artikel/2355910-van-commerciele-tests-op-het-coronavirus-is-alleen-topje-van-ijsberg-bekend.html";"1";"1";"de woordvoerder";"Persoon";"Openbare en semiopenbare instellingen";"";"";"1";"0";"21";"0";"0";"0";"0";"0";"0";"0";"0";"0";"0";"0";"0";"0";"0";"0";"0";"0";"0";"0";"0";"0";"0";"0";"0";"0";"0";"0";"0";"0";"0";"0";"0";"0";"0";"0";"0";"0";"0";"0";"0";"0";"0";"0";"0";"0";"0";"0";"0";"0";"0";"0";"0";"0";"0";"0";"0";"0";"0";"0";"0";"0";"0";"0";"0";"0";"0";"0";"0";"0";"0";"0";"0";"0";"Ja"
"main_coder";2365889;"Oxfam: ""Economische ongelijkheid neemt toe door corona""";"2021-01-25";"https://nos.nl/artikel/2365889-oxfam-economische-ongelijkheid-neemt-toe-door-corona";"1";"1";"Michiel Servaes";"Persoon";"Niet-governementele organisaties (NGO), maatschappelijke organisaties, en hun leden";"";"";"1";"0";"95";"1";"0";"0";"0";"0";"0";"0";"0";"0";"0";"0";"0";"0";"0";"0";"0";"0";"0";"0";"0";"0";"0";"0";"0";"0";"0";"0";"0";"0";"0";"0";"0";"0";"0";"0";"0";"0";"0";"0";"0";"0";"0";"0";"0";"0";"0";"0";"0";"0";"0";"0";"0";"0";"0";"0";"0";"0";"0";"0";"0";"0";"0";"0";"0";"0";"1";"1";"0";"1";"0";"0";"0";"0";"Nee"
"main_coder";2358194;"Het is rustig in de teststraat, waarom wordt die capaciteit niet gebruikt?";"2020-11-26";"https://nos.nl/artikel/2358194-het-is-rustig-in-de-teststraat-waarom-wordt-die-capaciteit-niet-gebruikt.html";"1";"1";"Sonja Kloppenburg";"Persoon";"Openbare en semiopenbare instellingen";"";"";"1";"0";"49";"1";"0";"0";"0";"0";"0";"0";"0";"0";"0";"0";"0";"0";"0";"0";"0";"0";"0";"0";"0";"0";"0";"0";"0";"0";"0";"0";"0";"0";"0";"0";"0";"0";"0";"0";"0";"0";"0";"0";"0";"0";"0";"0";"0";"0";"0";"0";"0";"0";"0";"0";"0";"0";"0";"0";"0";"0";"1";"1";"0";"0";"0";"0";"0";"0";"0";"0";"0";"0";"0";"0";"0";"0";"Ja"
"main_coder";2329762;"""We zijn nog lang niet van corona af, dus stop met gijzeling overige zorg""";"2020-04-07";"https://nos.nl/nieuwsuur/artikel/2329762-we-zijn-nog-lang-niet-van-corona-af-dus-stop-met-gijzeling-overige-zorg";"1";"1";"twee op de drie patiënten van wie een behandeling of operatie is afgezegd";"Persoon";"Publiek en leden van het publiek, publieke opiniepeilingen en hun respondenten";"";"";"0";"1";"4";"0";"0";"0";"0";"0";"0";"0";"0";"0";"0";"0";"0";"0";"0";"0";"0";"0";"0";"0";"0";"0";"0";"0";"0";"0";"0";"0";"0";"0";"0";"0";"0";"0";"0";"0";"0";"0";"0";"0";"0";"0";"0";"0";"0";"0";"0";"0";"0";"0";"0";"0";"0";"0";"0";"0";"0";"0";"0";"0";"0";"0";"0";"0";"0";"0";"0";"0";"0";"0";"0";"0";"0";"0";"Ja"
"main_coder";2328680;"Coronanieuws 28 maart: onveilige mondkapjes en ziekenhuis wil hulp van Duitsland";"2020-03-28";"https://nos.nl/artikel/2328680-coronanieuws-28-maart-onveilige-mondkapjes-en-ziekenhuis-wil-hulp-van-duitsland";"1";"1";"de vereniging van ic-artsen";"Persoon";"Wetenschappelijke/medische organisaties en onderzoekers";"";"";"0";"1";"11";"0";"0";"0";"0";"0";"0";"0";"0";"0";"0";"0";"0";"0";"0";"0";"0";"0";"0";"0";"0";"0";"0";"0";"0";"0";"0";"0";"0";"0";"0";"0";"0";"0";"0";"0";"0";"0";"0";"0";"0";"0";"0";"0";"0";"0";"0";"0";"0";"0";"0";"0";"0";"0";"0";"0";"0";"0";"0";"0";"0";"0";"0";"0";"0";"0";"0";"0";"0";"0";"0";"0";"0";"0";"Ja"
"main_coder";2380020;"Zweedse corona-aanpak onder de loep, vooral migranten hard getroffen";"2021-05-09";"https://nos.nl/nieuwsuur/artikel/2380020-zweedse-corona-aanpak-onder-de-loep-vooral-migranten-hard-getroffen";"1";"1";"Stefan Hanson";"Persoon";"Wetenschappelijke/medische organisaties en onderzoekers";"";"";"1";"0";"73";"1";"1";"0";"0";"1";"0";"0";"0";"0";"0";"0";"0";"0";"0";"0";"0";"0";"0";"0";"0";"0";"0";"0";"0";"0";"0";"0";"0";"0";"0";"0";"0";"0";"0";"0";"0";"0";"0";"0";"0";"0";"0";"0";"0";"0";"0";"0";"0";"0";"0";"0";"0";"0";"0";"0";"0";"0";"0";"0";"0";"0";"0";"0";"0";"0";"0";"0";"0";"0";"0";"0";"0";"0";"Ja"
"main_coder";2330078;"Google en Apple bouwen ""corona-tracking"" in op smartphones";"2020-04-10";"https://nos.nl/artikel/2330078-google-en-apple-bouwen-corona-tracking-in-op-smartphones";"0";"0";"";"";"";"";"";"0";"0";"";"";"0";"0";"0";"0";"0";"0";"0";"0";"0";"0";"0";"0";"0";"0";"0";"0";"0";"0";"0";"0";"0";"0";"0";"0";"0";"0";"0";"0";"0";"0";"0";"0";"0";"0";"0";"0";"0";"0";"0";"0";"0";"0";"0";"0";"0";"0";"0";"0";"0";"0";"0";"0";"0";"0";"0";"0";"0";"0";"0";"0";"0";"0";"0";"0";"0";"0";"0";"0";"0";"0";"0";"0";""
"main_coder";2322751;"Een cruiseschip als mega-onderzoekslab voor het coronavirus";"2020-02-12";"https://nos.nl/artikel/2322751-een-cruiseschip-als-mega-onderzoekslab-voor-het-coronavirus";"1";"1";"Katsunobu Kato";"Persoon";"Regeringen/regeringsleiders/regeringsleden en/of andere politici in een ander land dan NL, op nationaal of lokaal niveau OF staatsorganisaties en hun ambtenaren";"";"";"1";"1";"29";"1";"0";"0";"0";"0";"0";"0";"0";"0";"0";"0";"0";"0";"0";"0";"0";"0";"0";"0";"0";"0";"0";"0";"0";"0";"0";"0";"0";"0";"0";"0";"0";"0";"0";"0";"0";"0";"0";"0";"0";"0";"0";"0";"0";"0";"0";"0";"0";"0";"0";"0";"0";"0";"0";"0";"0";"0";"1";"1";"0";"0";"0";"0";"0";"0";"0";"0";"0";"0";"0";"0";"0";"0";"Nee"
"main_coder";2325123;"Opnieuw (of nog steeds) besmet met corona: hoe kan dat?";"2020-02-29";"https://nos.nl/artikel/2325123-opnieuw-of-nog-steeds-besmet-met-corona-hoe-kan-dat";"1";"1";"Mariet Feltkamp";"Persoon";"Wetenschappelijke/medische organisaties en onderzoekers";"";"";"1";"1";"221";"1";"0";"0";"0";"0";"0";"0";"0";"0";"0";"0";"0";"0";"0";"0";"0";"0";"0";"0";"0";"0";"0";"0";"0";"0";"0";"0";"0";"0";"0";"0";"0";"0";"0";"0";"0";"0";"0";"0";"0";"0";"0";"0";"0";"0";"0";"0";"0";"0";"0";"0";"0";"0";"0";"0";"0";"0";"1";"0";"0";"1";"0";"0";"0";"0";"0";"0";"0";"0";"0";"0";"0";"0";"Ja"
"main_coder";2326923;"Dit was de dag dat Nederland ""een patiënt"" werd";"2020-03-12";"https://nos.nl/artikel/2326923-dit-was-de-dag-dat-nederland-een-patient-werd";"1";"1";"Rutte";"Persoon";"NL - Nationale regering - executive / uitvoerende macht";"";"VVD";"1";"1";"115";"1";"0";"0";"0";"0";"0";"0";"0";"0";"0";"0";"0";"0";"0";"0";"0";"0";"0";"0";"0";"0";"0";"0";"0";"0";"0";"0";"0";"0";"1";"0";"1";"0";"0";"0";"0";"0";"0";"0";"0";"0";"0";"0";"0";"0";"0";"0";"0";"0";"0";"0";"0";"0";"0";"0";"0";"0";"0";"0";"0";"0";"0";"0";"0";"0";"0";"0";"0";"0";"0";"0";"0";"0";"Ja"
"main_coder";2328418;"Brabantse ziekenhuizen denken piek van IC-patiënten aan te kunnen";"2020-03-26";"https://nos.nl/artikel/2328418-brabantse-ziekenhuizen-denken-piek-van-ic-patienten-aan-te-kunnen";"1";"1";"Diederik Gommers";"Persoon";"Wetenschappelijke/medische organisaties en onderzoekers";"";"";"1";"1";"81";"0";"0";"0";"0";"0";"0";"0";"0";"0";"0";"0";"0";"0";"0";"0";"0";"0";"0";"0";"0";"0";"0";"0";"0";"0";"0";"0";"0";"0";"0";"0";"0";"0";"0";"0";"0";"0";"0";"0";"0";"0";"0";"0";"0";"0";"0";"0";"0";"0";"0";"0";"0";"0";"0";"0";"0";"0";"0";"0";"0";"0";"0";"0";"0";"0";"0";"0";"0";"0";"0";"0";"0";"0";"Nee"
"main_coder";2479493;"""Let bij long covid ook op maatschappelijke gevolgen""";"2023-06-19";"https://nos.nl/artikel/2479493-let-bij-long-covid-ook-op-maatschappelijke-gevolgen";"1";"1";"Jolande Sap";"Persoon";"Openbare en semiopenbare instellingen";"";"";"1";"1";"28";"0";"0";"0";"0";"0";"0";"0";"0";"0";"0";"0";"0";"0";"0";"0";"0";"0";"0";"0";"0";"0";"0";"0";"0";"0";"0";"0";"0";"0";"0";"0";"0";"0";"0";"0";"0";"0";"0";"0";"0";"0";"0";"0";"0";"0";"0";"0";"0";"0";"0";"0";"0";"0";"0";"0";"0";"0";"0";"0";"0";"0";"0";"0";"0";"0";"0";"0";"0";"0";"0";"0";"0";"0";"Nee"
"main_coder";2456638;"Kabinet draagt bij aan toekomstig fonds voor zorgwerkers met long covid";"2022-12-16";"https://nos.nl/artikel/2456638-kabinet-draagt-bij-aan-toekomstig-fonds-voor-zorgwerkers-met-long-covid";"1";"1";"Helder";"Persoon";"NL - Nationale regering - executive / uitvoerende macht";"";"VVD";"1";"1";"62";"0";"0";"0";"0";"0";"0";"0";"0";"0";"0";"0";"0";"0";"0";"0";"0";"0";"0";"0";"0";"0";"0";"0";"0";"0";"0";"0";"0";"0";"0";"0";"0";"0";"0";"0";"0";"0";"0";"0";"0";"0";"0";"0";"0";"0";"0";"0";"0";"0";"0";"0";"0";"0";"0";"0";"0";"0";"0";"0";"0";"0";"0";"0";"0";"0";"0";"0";"0";"0";"0";"0";"0";"0";"Ja"
"main_coder";2440742;"Agent vervolgd die vrouw in Eindhoven van dichtbij bespoot met waterkanon";"2022-08-15";"https://nos.nl/artikel/2440742-agent-vervolgd-die-vrouw-in-eindhoven-van-dichtbij-bespoot-met-waterkanon";"1";"1";"het OM";"Organisatie";"Nationale en internationale rechterlijke macht";"";"";"1";"1";"75";"0";"0";"0";"0";"0";"0";"0";"0";"0";"0";"0";"0";"0";"0";"0";"0";"0";"0";"0";"0";"0";"0";"0";"0";"0";"0";"0";"0";"0";"0";"0";"0";"0";"0";"0";"0";"0";"0";"0";"0";"0";"0";"0";"0";"0";"0";"0";"0";"0";"0";"0";"0";"0";"0";"0";"0";"0";"0";"0";"0";"0";"0";"0";"0";"0";"0";"0";"0";"0";"0";"0";"0";"0";"Ja"
"main_coder";2441951;"""9 op 10 opgenomen coronapatiënten hebben jaar later nog klachten""";"2022-08-25";"https://nos.nl/artikel/2441951-9-op-10-opgenomen-coronapatienten-hebben-jaar-later-nog-klachten";"1";"1";"Merel Hellemons";"Persoon";"Wetenschappelijke/medische organisaties en onderzoekers";"";"";"1";"0";"61";"0";"0";"0";"0";"0";"0";"0";"0";"0";"0";"0";"0";"0";"0";"0";"0";"0";"0";"0";"0";"0";"0";"0";"0";"0";"0";"0";"0";"0";"0";"0";"0";"0";"0";"0";"0";"0";"0";"0";"0";"0";"0";"0";"0";"0";"0";"0";"0";"0";"0";"0";"0";"0";"0";"0";"0";"0";"0";"0";"0";"0";"0";"0";"0";"0";"0";"0";"0";"0";"0";"0";"0";"0";"Ja"
"main_coder";2427515;"Voor eerst sinds september 2020 minder dan 50 coronapatiënten op IC";"2022-05-04";"https://nos.nl/artikel/2427515-voor-eerst-sinds-september-2020-minder-dan-50-coronapatienten-op-ic";"1";"1";"het kabinet";"Organisatie";"NL - Nationale regering - executive / uitvoerende macht";"";"NvT";"0";"1";"14";"1";"0";"0";"0";"0";"0";"0";"0";"0";"0";"0";"0";"0";"0";"0";"0";"0";"0";"0";"0";"0";"0";"0";"0";"0";"0";"0";"0";"0";"0";"0";"0";"0";"0";"0";"0";"0";"0";"0";"0";"0";"0";"0";"0";"0";"0";"0";"0";"0";"0";"0";"0";"0";"0";"0";"0";"0";"0";"0";"0";"0";"1";"0";"1";"0";"0";"0";"0";"0";"0";"0";"0";"0";"Nee"
"main_coder";2428330;"Lockdown trof mentale gezondheid jongeren, veel ouderen voelden zich juist goed";"2022-05-11";"https://nos.nl/artikel/2428330-lockdown-trof-mentale-gezondheid-jongeren-veel-ouderen-voelden-zich-juist-goed";"1";"1";"De onderzoekers";"Persoon";"Wetenschappelijke/medische organisaties en onderzoekers";"";"";"0";"1";"23";"0";"0";"0";"0";"0";"0";"0";"0";"0";"0";"0";"0";"0";"0";"0";"0";"0";"0";"0";"0";"0";"0";"0";"0";"0";"0";"0";"0";"0";"0";"0";"0";"0";"0";"0";"0";"0";"0";"0";"0";"0";"0";"0";"0";"0";"0";"0";"0";"0";"0";"0";"0";"0";"0";"0";"0";"0";"0";"0";"0";"0";"0";"0";"0";"0";"0";"0";"0";"0";"0";"0";"0";"0";"Ja"
"main_coder";2432686;"Post-covid kan nog eens duizenden zorgmedewerkers baan kosten";"2022-06-14";"https://nos.nl/artikel/2432686-post-covid-kan-nog-eens-duizenden-zorgmedewerkers-baan-kosten";"1";"1";"de NOS";"Organisatie";"Journalisten anders dan de schrijver van het huidige artikel of nieuwsorganisaties anders dan de nieuwsorganisatie van het huidige artikel.";"";"";"0";"1";"10";"0";"0";"0";"0";"0";"0";"0";"0";"0";"0";"0";"0";"0";"0";"0";"0";"0";"0";"0";"0";"0";"0";"0";"0";"0";"0";"0";"0";"0";"0";"0";"0";"0";"0";"0";"0";"0";"0";"0";"0";"0";"0";"0";"0";"0";"0";"0";"0";"0";"0";"0";"0";"0";"0";"0";"0";"0";"0";"0";"0";"0";"0";"0";"0";"0";"0";"0";"0";"0";"0";"0";"0";"0";"Ja"
"main_coder";2417327;"Gezondheidsraad wil meer aandacht voor langdurige coronaklachten";"2022-02-14";"https://nos.nl/artikel/2417327-gezondheidsraad-wil-meer-aandacht-voor-langdurige-coronaklachten";"1";"1";"Marianne Geleijnse";"Persoon";"Wetenschappelijke/medische organisaties en onderzoekers";"";"";"1";"0";"68";"0";"0";"0";"0";"0";"0";"0";"0";"0";"0";"0";"0";"0";"0";"0";"0";"0";"0";"0";"0";"0";"0";"0";"0";"0";"0";"0";"0";"0";"0";"0";"0";"0";"0";"0";"0";"0";"0";"0";"0";"0";"0";"0";"0";"0";"0";"0";"0";"0";"0";"0";"0";"0";"0";"0";"0";"0";"0";"0";"0";"0";"0";"0";"0";"0";"0";"0";"0";"0";"0";"0";"0";"0";"Nee"
"main_coder";2413877;"Kabinet hoopt op opening horeca en cultuur, maar ""gaat nog geen garanties geven""";"2022-01-20";"https://nos.nl/artikel/2413877-kabinet-hoopt-op-opening-horeca-en-cultuur-maar-gaat-nog-geen-garanties-geven";"1";"1";"Rutte";"Persoon";"NL - Nationale regering - executive / uitvoerende macht";"";"VVD";"1";"0";"44";"0";"0";"0";"0";"0";"0";"0";"0";"0";"0";"0";"0";"0";"0";"0";"0";"0";"0";"0";"0";"0";"0";"0";"0";"0";"0";"0";"0";"0";"0";"0";"0";"0";"0";"0";"0";"0";"0";"0";"0";"0";"0";"0";"0";"0";"0";"0";"0";"0";"0";"0";"0";"0";"0";"0";"0";"0";"0";"0";"0";"0";"0";"0";"0";"0";"0";"0";"0";"0";"0";"0";"0";"0";"Ja"
"main_coder";2408462;"Instroom van coronapatiënten in ziekenhuizen over piek heen";"2021-12-06";"https://nos.nl/artikel/2408462-instroom-van-coronapatienten-in-ziekenhuizen-over-piek-heen";"1";"1";"Alma Tostmann";"Persoon";"Wetenschappelijke/medische organisaties en onderzoekers";"";"";"1";"1";"99";"0";"0";"0";"0";"0";"0";"0";"0";"0";"0";"0";"0";"0";"0";"0";"0";"0";"0";"0";"0";"0";"0";"0";"0";"0";"0";"0";"0";"0";"0";"0";"0";"0";"0";"0";"0";"0";"0";"0";"0";"0";"0";"0";"0";"0";"0";"0";"0";"0";"0";"0";"0";"0";"0";"0";"0";"0";"0";"0";"0";"0";"0";"0";"0";"0";"0";"0";"0";"0";"0";"0";"0";"0";"Ja"
"main_coder";2413380;"Oxfam: vermogen tien rijkste mannen verdubbeld, armoede toegenomen tijdens pandemie";"2022-01-17";"https://nos.nl/artikel/2413380-oxfam-vermogen-tien-rijkste-mannen-verdubbeld-armoede-toegenomen-tijdens-pandemie";"1";"1";"Michiel Servaes";"Persoon";"Niet-governementele organisaties (NGO), maatschappelijke organisaties, en hun leden";"";"";"1";"0";"103";"1";"0";"0";"0";"0";"0";"0";"0";"0";"0";"0";"0";"0";"0";"0";"0";"0";"0";"0";"0";"0";"0";"0";"0";"0";"0";"0";"0";"0";"0";"0";"0";"0";"0";"0";"0";"0";"0";"0";"0";"0";"0";"0";"0";"0";"0";"0";"0";"0";"0";"0";"0";"0";"0";"0";"0";"0";"0";"0";"0";"0";"0";"0";"0";"0";"1";"0";"1";"0";"0";"0";"0";"0";"Nee"
"main_coder";2406422;"Tienduizenden Oostenrijkers protesteren tegen lockdown en vaccinatieplicht";"2021-11-20";"https://nos.nl/artikel/2406422-tienduizenden-oostenrijkers-protesteren-tegen-lockdown-en-vaccinatieplicht";"1";"1";"Schallenberg";"Persoon";"Regeringen/regeringsleiders/regeringsleden en/of andere politici in een ander land dan NL, op nationaal of lokaal niveau OF staatsorganisaties en hun ambtenaren";"";"";"0";"1";"17";"1";"0";"0";"0";"0";"0";"0";"0";"0";"0";"0";"0";"0";"0";"0";"0";"0";"0";"0";"0";"0";"0";"0";"0";"0";"0";"0";"0";"0";"0";"0";"0";"0";"0";"0";"0";"0";"0";"0";"0";"0";"0";"0";"0";"0";"0";"0";"0";"0";"0";"0";"0";"0";"0";"0";"0";"0";"0";"0";"0";"0";"1";"0";"0";"1";"1";"0";"0";"1";"0";"0";"0";"0";"Ja"
"main_coder";2399840;"Rechter: gemeente Utrecht mocht restaurant Waku Waku sluiten";"2021-09-30";"https://nos.nl/artikel/2399840-rechter-gemeente-utrecht-mocht-restaurant-waku-waku-sluiten";"1";"1";"De eigenaren";"Persoon";"Publiek en leden van het publiek, publieke opiniepeilingen en hun respondenten";"";"";"0";"1";"4";"1";"0";"0";"0";"0";"0";"0";"0";"0";"0";"0";"0";"0";"0";"0";"0";"0";"0";"0";"0";"0";"0";"0";"0";"0";"0";"0";"0";"0";"0";"0";"0";"0";"0";"0";"0";"0";"0";"0";"0";"0";"0";"0";"0";"0";"0";"0";"0";"0";"0";"0";"0";"0";"0";"0";"0";"0";"0";"0";"0";"0";"0";"0";"0";"0";"1";"0";"1";"0";"0";"0";"0";"0";"Ja"
"main_coder";2384683;"RIVM: ""Het gaat goed en steeds beter""";"2021-06-12";"https://nos.nl/artikel/2384683-rivm-het-gaat-goed-en-steeds-beter";"1";"1";"Jacco Wallinga";"Persoon";"Openbare en semiopenbare instellingen";"";"";"1";"0";"587";"1";"0";"0";"0";"0";"0";"0";"0";"0";"0";"0";"0";"0";"0";"0";"0";"0";"0";"0";"0";"0";"0";"0";"0";"0";"0";"0";"0";"0";"0";"0";"0";"0";"0";"0";"0";"0";"0";"0";"0";"0";"0";"0";"0";"0";"0";"0";"0";"0";"0";"0";"0";"0";"0";"0";"0";"0";"0";"0";"0";"0";"0";"0";"0";"0";"1";"1";"0";"1";"0";"0";"0";"0";"Ja"
"main_coder";2387341;"Tieners kunnen vanaf vrijdag afspraak maken voor coronavaccinatie";"2021-06-30";"https://nos.nl/artikel/2387341-tieners-kunnen-vanaf-vrijdag-afspraak-maken-voor-coronavaccinatie";"1";"1";"De Jonge";"Persoon";"NL - Nationale regering - executive / uitvoerende macht";"";"CDA";"1";"1";"133";"1";"0";"0";"0";"0";"0";"0";"0";"0";"0";"0";"0";"0";"0";"0";"0";"0";"0";"0";"0";"0";"0";"0";"0";"0";"0";"0";"0";"0";"1";"0";"1";"0";"0";"0";"0";"0";"0";"0";"0";"0";"0";"0";"0";"0";"0";"0";"0";"0";"0";"0";"0";"0";"0";"0";"0";"0";"0";"0";"0";"0";"0";"0";"0";"0";"1";"1";"0";"1";"0";"0";"0";"0";"Nee"
"main_coder";2378929;"Lange wachttijden en vaak jonge patiënten bij nazorgpoli's corona";"2021-05-01";"https://nos.nl/artikel/2378929-lange-wachttijden-en-vaak-jonge-patienten-bij-nazorgpoli-s-corona";"1";"1";"artsen";"Persoon";"Wetenschappelijke/medische organisaties en onderzoekers";"";"";"0";"1";"20";"0";"0";"0";"0";"0";"0";"0";"0";"0";"0";"0";"0";"0";"0";"0";"0";"0";"0";"0";"0";"0";"0";"0";"0";"0";"0";"0";"0";"0";"0";"0";"0";"0";"0";"0";"0";"0";"0";"0";"0";"0";"0";"0";"0";"0";"0";"0";"0";"0";"0";"0";"0";"0";"0";"0";"0";"0";"0";"0";"0";"0";"0";"0";"0";"0";"0";"0";"0";"0";"0";"0";"0";"0";"Ja"
"main_coder";2379298;"Is de piek van de derde golf bereikt? ""Het is nog even koffiedik kijken""";"2021-05-03";"https://nos.nl/artikel/2379298-is-de-piek-van-de-derde-golf-bereikt-het-is-nog-even-koffiedik-kijken";"1";"1";"Yorick Bleijenberg";"Persoon";"Wetenschappelijke/medische organisaties en onderzoekers";"";"";"1";"1";"92";"1";"0";"0";"0";"0";"0";"0";"0";"0";"0";"0";"0";"0";"0";"0";"0";"0";"0";"0";"0";"0";"0";"0";"0";"0";"0";"0";"0";"0";"0";"0";"0";"0";"0";"0";"0";"0";"0";"0";"0";"0";"0";"0";"0";"0";"0";"0";"0";"0";"0";"0";"0";"0";"0";"0";"0";"0";"1";"0";"0";"1";"0";"0";"0";"0";"1";"0";"0";"1";"0";"0";"0";"0";"Ja"
"main_coder";2379841;"Besmettingen India gaan hard door virusmutaties en niet naleven maatregelen";"2021-05-08";"https://nos.nl/artikel/2379841-besmettingen-india-gaan-hard-door-virusmutaties-en-niet-naleven-maatregelen";"1";"1";"Deskundigen";"Persoon";"Wetenschappelijke/medische organisaties en onderzoekers";"";"";"0";"1";"19";"1";"0";"0";"0";"0";"0";"0";"0";"0";"0";"0";"0";"0";"0";"0";"0";"0";"0";"0";"0";"0";"0";"0";"0";"0";"0";"0";"0";"0";"0";"0";"0";"0";"0";"0";"0";"0";"0";"0";"0";"0";"0";"0";"0";"0";"0";"0";"0";"0";"0";"0";"0";"0";"0";"0";"0";"0";"1";"0";"0";"1";"0";"0";"0";"0";"0";"0";"0";"0";"0";"0";"0";"0";"Ja"
"main_coder";2381978;"Hoe houden we zicht op het virus als we richting het ""oude normaal"" gaan?";"2021-05-23";"https://nos.nl/artikel/2381978-hoe-houden-we-zicht-op-het-virus-als-we-richting-het-oude-normaal-gaan";"1";"1";"Alma Tostmann";"Persoon";"Wetenschappelijke/medische organisaties en onderzoekers";"";"";"1";"1";"152";"1";"0";"0";"0";"0";"0";"0";"0";"0";"0";"0";"0";"0";"0";"0";"0";"0";"0";"0";"0";"0";"0";"0";"0";"0";"0";"0";"0";"0";"0";"0";"0";"0";"0";"0";"0";"0";"0";"0";"0";"0";"0";"0";"0";"0";"0";"0";"0";"0";"0";"0";"0";"0";"0";"0";"0";"0";"1";"1";"0";"0";"0";"0";"0";"0";"0";"0";"0";"0";"0";"0";"0";"0";"Ja"
"main_coder";2375503;"Servië heeft zo veel vaccins dat er keuze is, en bussen uit buurland toestromen";"2021-04-05";"https://nos.nl/artikel/2375503-servie-heeft-zo-veel-vaccins-dat-er-keuze-is-en-bussen-uit-buurland-toestromen";"1";"1";"Fabian Vendrig";"Persoon";"Publiek en leden van het publiek, publieke opiniepeilingen en hun respondenten";"";"";"1";"1";"72";"1";"0";"0";"0";"0";"0";"0";"0";"0";"0";"0";"0";"0";"0";"0";"0";"0";"0";"0";"0";"0";"0";"0";"0";"0";"0";"0";"0";"0";"0";"0";"0";"0";"0";"0";"0";"0";"0";"0";"0";"0";"0";"0";"0";"0";"0";"0";"0";"0";"0";"0";"0";"0";"0";"0";"0";"0";"0";"0";"0";"0";"0";"0";"0";"0";"1";"1";"0";"0";"0";"0";"0";"0";"Ja"
"main_coder";2376137;"Demonstratie tegen coronabeleid in Baarn en omgeving";"2021-04-10";"https://nos.nl/artikel/2376137-demonstratie-tegen-coronabeleid-in-baarn-en-omgeving";"1";"1";"Marlo Reeders";"Persoon";"Niet-governementele organisaties (NGO), maatschappelijke organisaties, en hun leden";"";"";"1";"1";"120";"1";"0";"0";"0";"0";"0";"0";"0";"0";"0";"0";"0";"0";"0";"0";"0";"0";"0";"0";"0";"0";"0";"0";"0";"0";"1";"0";"0";"1";"0";"0";"0";"0";"0";"0";"0";"0";"0";"0";"0";"0";"0";"0";"0";"0";"0";"0";"0";"0";"0";"0";"0";"0";"0";"0";"0";"0";"1";"0";"0";"1";"0";"0";"0";"0";"0";"0";"0";"0";"0";"0";"0";"0";"Ja"
"main_coder";2377898;"Zorgen bij Gommers over aantal IC-opnames, vrees voor ""code zwart""";"2021-04-23";"https://nos.nl/artikel/2377898-zorgen-bij-gommers-over-aantal-ic-opnames-vrees-voor-code-zwart";"1";"1";"Het kabinet";"Organisatie";"NL - Nationale regering - executive / uitvoerende macht";"";"NvT";"0";"1";"11";"1";"1";"0";"0";"1";"0";"0";"0";"0";"0";"0";"0";"0";"0";"0";"0";"0";"0";"0";"0";"0";"0";"0";"0";"0";"0";"0";"0";"0";"0";"0";"0";"0";"0";"0";"0";"0";"0";"0";"0";"0";"0";"0";"0";"0";"0";"0";"0";"0";"0";"0";"0";"0";"0";"0";"0";"0";"0";"0";"0";"0";"0";"0";"0";"0";"0";"0";"0";"0";"0";"0";"0";"0";"Ja"
"main_coder";2369444;"Ook Eerste Kamer stemt in met nieuwe avondklok-wet";"2021-02-19";"https://nos.nl/artikel/2369444-ook-eerste-kamer-stemt-in-met-nieuwe-avondklok-wet";"1";"1";"de rechtbank in Den Haag";"Organisatie";"Nationale en internationale rechterlijke macht";"";"";"0";"1";"9";"0";"0";"0";"0";"0";"0";"0";"0";"0";"0";"0";"0";"0";"0";"0";"0";"0";"0";"0";"0";"0";"0";"0";"0";"0";"0";"0";"0";"0";"0";"0";"0";"0";"0";"0";"0";"0";"0";"0";"0";"0";"0";"0";"0";"0";"0";"0";"0";"0";"0";"0";"0";"0";"0";"0";"0";"0";"0";"0";"0";"0";"0";"0";"0";"0";"0";"0";"0";"0";"0";"0";"0";"0";"Ja"
"main_coder";2374653;"Oxfam Novib: coronavaccins snel ineffectief door vaccingebrek in arme landen";"2021-03-30";"https://nos.nl/artikel/2374653-oxfam-novib-coronavaccins-snel-ineffectief-door-vaccingebrek-in-arme-landen";"1";"1";"Een meerderheid";"Persoon";"Wetenschappelijke/medische organisaties en onderzoekers";"";"";"0";"1";"7";"0";"0";"0";"0";"0";"0";"0";"0";"0";"0";"0";"0";"0";"0";"0";"0";"0";"0";"0";"0";"0";"0";"0";"0";"0";"0";"0";"0";"0";"0";"0";"0";"0";"0";"0";"0";"0";"0";"0";"0";"0";"0";"0";"0";"0";"0";"0";"0";"0";"0";"0";"0";"0";"0";"0";"0";"0";"0";"0";"0";"0";"0";"0";"0";"0";"0";"0";"0";"0";"0";"0";"0";"0";"Ja"
"main_coder";2369393;"Hof doet over een week uitspraak, avondklok blijft tot die tijd van kracht";"2021-02-19";"https://nos.nl/artikel/2369393-hof-doet-over-een-week-uitspraak-avondklok-blijft-tot-die-tijd-van-kracht.html";"1";"1";"een Haagse voorzieningenrechter";"Persoon";"Nationale en internationale rechterlijke macht";"";"";"0";"1";"23";"1";"0";"0";"0";"0";"0";"0";"0";"0";"0";"0";"0";"0";"0";"0";"0";"0";"1";"0";"1";"0";"0";"0";"0";"0";"0";"0";"0";"0";"0";"0";"0";"0";"0";"0";"0";"0";"0";"0";"0";"0";"0";"0";"0";"0";"0";"0";"0";"0";"0";"0";"0";"0";"0";"0";"0";"0";"0";"0";"0";"0";"0";"0";"0";"0";"0";"0";"0";"0";"0";"0";"0";"0";"Ja"
"main_coder";2369436;"Waarom veel zwarte Amerikanen het coronavaccin wantrouwen";"2021-02-19";"https://nos.nl/artikel/2369436-waarom-veel-zwarte-amerikanen-het-coronavaccin-wantrouwen.html";"1";"1";"Clinton";"Persoon";"Regeringen/regeringsleiders/regeringsleden en/of andere politici in een ander land dan NL, op nationaal of lokaal niveau OF staatsorganisaties en hun ambtenaren";"";"";"1";"0";"2";"0";"0";"0";"0";"0";"0";"0";"0";"0";"0";"0";"0";"0";"0";"0";"0";"0";"0";"0";"0";"0";"0";"0";"0";"0";"0";"0";"0";"0";"0";"0";"0";"0";"0";"0";"0";"0";"0";"0";"0";"0";"0";"0";"0";"0";"0";"0";"0";"0";"0";"0";"0";"0";"0";"0";"0";"0";"0";"0";"0";"0";"0";"0";"0";"0";"0";"0";"0";"0";"0";"0";"0";"0";"Ja"
"main_coder";2366056;"Grapperhaus: snelrecht tegen relschoppers, avondklok blijft";"2021-01-26";"https://nos.nl/artikel/2366056-grapperhaus-snelrecht-tegen-relschoppers-avondklok-blijft";"1";"1";"Hoekstra";"Persoon";"NL - Nationale regering - executive / uitvoerende macht";"";"CDA";"1";"0";"8";"0";"0";"0";"0";"0";"0";"0";"0";"0";"0";"0";"0";"0";"0";"0";"0";"0";"0";"0";"0";"0";"0";"0";"0";"0";"0";"0";"0";"0";"0";"0";"0";"0";"0";"0";"0";"0";"0";"0";"0";"0";"0";"0";"0";"0";"0";"0";"0";"0";"0";"0";"0";"0";"0";"0";"0";"0";"0";"0";"0";"0";"0";"0";"0";"0";"0";"0";"0";"0";"0";"0";"0";"0";"Nee"
"main_coder";2366198;"Rellen creëren ook groep ""die staat voor iets anders"": veel initiatieven om te helpen";"2021-01-27";"https://nos.nl/artikel/2366198-rellen-creeren-ook-groep-die-staat-voor-iets-anders-veel-initiatieven-om-te-helpen";"1";"1";"Jan Baarssen";"Persoon";"Publiek en leden van het publiek, publieke opiniepeilingen en hun respondenten";"";"";"1";"1";"117";"1";"0";"0";"0";"0";"0";"0";"0";"0";"0";"0";"0";"0";"0";"0";"0";"0";"1";"0";"1";"0";"0";"0";"0";"0";"0";"0";"0";"0";"0";"0";"0";"0";"0";"0";"0";"0";"0";"0";"0";"0";"0";"0";"0";"0";"0";"0";"0";"0";"0";"0";"0";"0";"0";"0";"0";"0";"0";"0";"0";"0";"0";"0";"0";"0";"0";"0";"0";"0";"0";"0";"0";"0";"Ja"
"main_coder";2366896;"Oproep uit IC-hoek: ""Versoepel aantal maatregelen, accepteer meer overlijdens""";"2021-02-01";"https://nos.nl/artikel/2366896-oproep-uit-ic-hoek-versoepel-aantal-maatregelen-accepteer-meer-overlijdens.html";"1";"1";"Hugo Touw, Hans van der Hoeven, Alec Veenendaal en Nynke Postma";"Persoon";"Wetenschappelijke/medische organisaties en onderzoekers";"";"";"1";"1";"186";"1";"1";"1";"1";"0";"0";"0";"0";"0";"0";"0";"0";"0";"0";"0";"0";"0";"0";"0";"0";"0";"0";"0";"0";"0";"0";"0";"0";"0";"0";"0";"0";"0";"0";"0";"0";"0";"0";"0";"0";"0";"0";"0";"0";"0";"0";"0";"0";"0";"0";"0";"0";"0";"0";"0";"0";"0";"0";"0";"0";"0";"0";"0";"0";"0";"0";"0";"0";"0";"0";"0";"0";"0";"Ja"
"main_coder";2367812;"19-jarige Brit ontwaakt na jaar in coma in totaal andere wereld";"2021-02-08";"https://nos.nl/artikel/2367812-19-jarige-brit-ontwaakt-na-jaar-in-coma-in-totaal-andere-wereld.html";"0";"0";"";"";"";"";"";"0";"0";"";"";"0";"0";"0";"0";"0";"0";"0";"0";"0";"0";"0";"0";"0";"0";"0";"0";"0";"0";"0";"0";"0";"0";"0";"0";"0";"0";"0";"0";"0";"0";"0";"0";"0";"0";"0";"0";"0";"0";"0";"0";"0";"0";"0";"0";"0";"0";"0";"0";"0";"0";"0";"0";"0";"0";"0";"0";"0";"0";"0";"0";"0";"0";"0";"0";"0";"0";"0";"0";"0";"0";"0";"0";""
"main_coder";2365172;"Zuurstof en vaccins voor zwaar getroffen Braziliaanse stad Manaus";"2021-01-20";"https://nos.nl/artikel/2365172-zuurstof-en-vaccins-voor-zwaar-getroffen-braziliaanse-stad-manaus";"1";"1";"De minister van Volksgezondheid";"Persoon";"Regeringen/regeringsleiders/regeringsleden en/of andere politici in een ander land dan NL, op nationaal of lokaal niveau OF staatsorganisaties en hun ambtenaren";"";"";"0";"1";"14";"0";"0";"0";"0";"0";"0";"0";"0";"0";"0";"0";"0";"0";"0";"0";"0";"0";"0";"0";"0";"0";"0";"0";"0";"0";"0";"0";"0";"0";"0";"0";"0";"0";"0";"0";"0";"0";"0";"0";"0";"0";"0";"0";"0";"0";"0";"0";"0";"0";"0";"0";"0";"0";"0";"0";"0";"0";"0";"0";"0";"0";"0";"0";"0";"0";"0";"0";"0";"0";"0";"0";"0";"0";"Ja"
"main_coder";2365361;"Rutte: avondklok misschien iets later, maar niet na 21.00 uur";"2021-01-21";"https://nos.nl/artikel/2365361-rutte-avondklok-misschien-iets-later-maar-niet-na-21-00-uur";"1";"1";"veel Kamerleden";"Persoon";"NL - Nationale regering - executive / uitvoerende macht";"";"NvT";"0";"1";"7";"1";"0";"0";"0";"0";"0";"0";"0";"0";"0";"0";"0";"0";"0";"0";"0";"0";"1";"0";"0";"1";"0";"0";"0";"0";"0";"0";"0";"0";"0";"0";"0";"0";"0";"0";"0";"0";"0";"0";"0";"0";"0";"0";"0";"0";"0";"0";"0";"0";"0";"0";"0";"0";"0";"0";"0";"0";"0";"0";"0";"0";"0";"0";"0";"0";"0";"0";"0";"0";"0";"0";"0";"0";"Ja"
"main_coder";2365867;"""Op dit soort momenten schaam ik me om Urker te zijn""";"2021-01-24";"https://nos.nl/artikel/2365867-op-dit-soort-momenten-schaam-ik-me-om-urker-te-zijn";"1";"1";"een Urker";"Persoon";"Publiek en leden van het publiek, publieke opiniepeilingen en hun respondenten";"";"";"1";"1";"124";"0";"0";"0";"0";"0";"0";"0";"0";"0";"0";"0";"0";"0";"0";"0";"0";"0";"0";"0";"0";"0";"0";"0";"0";"0";"0";"0";"0";"0";"0";"0";"0";"0";"0";"0";"0";"0";"0";"0";"0";"0";"0";"0";"0";"0";"0";"0";"0";"0";"0";"0";"0";"0";"0";"0";"0";"0";"0";"0";"0";"0";"0";"0";"0";"0";"0";"0";"0";"0";"0";"0";"0";"0";"Ja"
"main_coder";2358916;"Bedrijven worstelen met thuiswerken, ""mentale gesteldheid is ook belangrijk""";"2020-12-01";"https://nos.nl/artikel/2358916-bedrijven-worstelen-met-thuiswerken-mentale-gesteldheid-is-ook-belangrijk";"1";"1";"het RIVM";"Organisatie";"Openbare en semiopenbare instellingen";"";"";"1";"0";"35";"0";"0";"0";"0";"0";"0";"0";"0";"0";"0";"0";"0";"0";"0";"0";"0";"0";"0";"0";"0";"0";"0";"0";"0";"0";"0";"0";"0";"0";"0";"0";"0";"0";"0";"0";"0";"0";"0";"0";"0";"0";"0";"0";"0";"0";"0";"0";"0";"0";"0";"0";"0";"0";"0";"0";"0";"0";"0";"0";"0";"0";"0";"0";"0";"0";"0";"0";"0";"0";"0";"0";"0";"0";"Ja"
"main_coder";2361815;"RIVM: Britse coronavariant verspreidt zich door Nederland";"2020-12-23";"https://nos.nl/artikel/2361815-rivm-britse-coronavariant-verspreidt-zich-door-nederland.html";"1";"1";"Chantal Reusken";"Persoon";"Openbare en semiopenbare instellingen";"";"";"1";"1";"175";"1";"1";"1";"0";"0";"0";"0";"0";"0";"0";"0";"0";"0";"0";"0";"0";"0";"0";"0";"0";"0";"0";"0";"0";"0";"0";"0";"0";"0";"0";"0";"0";"0";"0";"0";"0";"0";"0";"0";"0";"0";"0";"0";"0";"0";"0";"0";"0";"0";"0";"0";"0";"0";"0";"0";"0";"0";"1";"0";"0";"1";"0";"0";"0";"0";"0";"0";"0";"0";"0";"0";"0";"0";"Ja"
"main_coder";2362513;"Zorgautoriteit: tientallen ziekenhuizen schrappen dringende operaties door corona";"2020-12-30";"https://nos.nl/artikel/2362513-zorgautoriteit-tientallen-ziekenhuizen-schrappen-dringende-operaties-door-corona.html";"1";"1";"NZa-woordvoerder";"Persoon";"Openbare en semiopenbare instellingen";"";"";"1";"0";"18";"0";"0";"0";"0";"0";"0";"0";"0";"0";"0";"0";"0";"0";"0";"0";"0";"0";"0";"0";"0";"0";"0";"0";"0";"0";"0";"0";"0";"0";"0";"0";"0";"0";"0";"0";"0";"0";"0";"0";"0";"0";"0";"0";"0";"0";"0";"0";"0";"0";"0";"0";"0";"0";"0";"0";"0";"0";"0";"0";"0";"0";"0";"0";"0";"0";"0";"0";"0";"0";"0";"0";"0";"0";"Ja"
"main_coder";2363133;"Kabinet wil geen leeftijdselectie op intensive care, artsen houden vast aan draaiboek";"2021-01-05";"https://nos.nl/artikel/2363133-kabinet-wil-geen-leeftijdselectie-op-intensive-care-artsen-houden-vast-aan-draaiboek.html";"1";"1";"Jetten";"Persoon";"NL - Nationaal parlement en nationale partijen – wetgevende macht";"";"D66";"0";"1";"7";"0";"0";"0";"0";"0";"0";"0";"0";"0";"0";"0";"0";"0";"0";"0";"0";"0";"0";"0";"0";"0";"0";"0";"0";"0";"0";"0";"0";"0";"0";"0";"0";"0";"0";"0";"0";"0";"0";"0";"0";"0";"0";"0";"0";"0";"0";"0";"0";"0";"0";"0";"0";"0";"0";"0";"0";"0";"0";"0";"0";"0";"0";"0";"0";"0";"0";"0";"0";"0";"0";"0";"0";"0";"Ja"
"second_coder";2336349;"Israël sluit 90 scholen weer uit angst voor nieuwe corona-uitbraak";"2020-06-05";"https://nos.nl/artikel/2336349-israel-sluit-90-scholen-weer-uit-angst-voor-nieuwe-corona-uitbraak";"1";"1";"Asher Salmon";"Persoon";"Regeringen/regeringsleiders/regeringsleden en/of andere politici in een ander land dan NL, op nationaal of lokaal niveau OF staatsorganisaties en hun ambtenaren";"";"";"1";"1";"57";"1";"0";"0";"0";"0";"0";"0";"0";"0";"0";"0";"0";"0";"0";"0";"0";"0";"0";"0";"0";"0";"0";"0";"0";"0";"0";"0";"0";"0";"1";"0";"0";"1";"0";"0";"0";"0";"0";"0";"0";"0";"0";"0";"0";"0";"0";"0";"0";"0";"0";"0";"0";"0";"0";"0";"0";"0";"0";"0";"0";"0";"0";"0";"0";"0";"0";"0";"0";"0";"0";"0";"0";"0";"Ja"
"second_coder";2350775;"Republikeinen besmet die samen waren in tuin Witte Huis, coronaregels genegeerd";"2020-10-03";"https://nos.nl/artikel/2350775-republikeinen-besmet-die-samen-waren-in-tuin-witte-huis-coronaregels-genegeerd.html";"1";"1";"het Witte Huis";"Organisatie";"Regeringen/regeringsleiders/regeringsleden en/of andere politici in een ander land dan NL, op nationaal of lokaal niveau OF staatsorganisaties en hun ambtenaren";"";"";"0";"1";"4";"1";"0";"0";"0";"0";"0";"0";"0";"0";"0";"0";"0";"0";"0";"0";"0";"0";"0";"0";"0";"0";"0";"0";"0";"0";"0";"0";"0";"0";"0";"0";"0";"0";"0";"0";"0";"0";"0";"0";"0";"0";"0";"0";"0";"0";"0";"0";"0";"0";"0";"0";"0";"0";"0";"0";"0";"0";"1";"0";"0";"1";"0";"0";"0";"0";"0";"0";"0";"0";"0";"0";"0";"0";"Ja"
"second_coder";2363133;"Kabinet wil geen leeftijdselectie op intensive care, artsen houden vast aan draaiboek";"2021-01-05";"https://nos.nl/artikel/2363133-kabinet-wil-geen-leeftijdselectie-op-intensive-care-artsen-houden-vast-aan-draaiboek.html";"1";"1";"Artsenorganisaties Federatie Medisch Specialisten en KNMG";"Organisatie";"Niet-governementele organisaties (NGO), maatschappelijke organisaties, en hun leden";"";"";"0";"1";"17";"0";"0";"0";"0";"0";"0";"0";"0";"0";"0";"0";"0";"0";"0";"0";"0";"0";"0";"0";"0";"0";"0";"0";"0";"0";"0";"0";"0";"0";"0";"0";"0";"0";"0";"0";"0";"0";"0";"0";"0";"0";"0";"0";"0";"0";"0";"0";"0";"0";"0";"0";"0";"0";"0";"0";"0";"0";"0";"0";"0";"0";"0";"0";"0";"0";"0";"0";"0";"0";"0";"0";"0";"0";"Ja"
"second_coder";2369436;"Waarom veel zwarte Amerikanen het coronavaccin wantrouwen";"2021-02-19";"https://nos.nl/artikel/2369436-waarom-veel-zwarte-amerikanen-het-coronavaccin-wantrouwen.html";"1";"1";"Kendrick Curry";"Persoon";"Religieuze instellingen en hun leden (ook gelovigen)";"";"";"1";"1";"136";"1";"0";"0";"0";"0";"0";"0";"0";"0";"0";"0";"0";"0";"0";"0";"0";"0";"0";"0";"0";"0";"0";"0";"0";"0";"0";"0";"0";"0";"0";"0";"0";"0";"0";"0";"0";"0";"0";"0";"0";"0";"0";"0";"0";"0";"0";"0";"0";"0";"0";"0";"0";"0";"0";"0";"0";"0";"0";"0";"0";"0";"0";"0";"0";"0";"1";"1";"0";"0";"0";"0";"0";"0";"Nee"
"second_coder";2377898;"Zorgen bij Gommers over aantal IC-opnames, vrees voor ""code zwart""";"2021-04-23";"https://nos.nl/artikel/2377898-zorgen-bij-gommers-over-aantal-ic-opnames-vrees-voor-code-zwart";"1";"1";"Het kabinet";"Organisatie";"NL - Nationale regering - executive / uitvoerende macht";"";"NvT";"0";"1";"43";"1";"1";"0";"0";"1";"0";"0";"0";"0";"0";"0";"0";"0";"0";"0";"0";"0";"1";"0";"0";"1";"0";"0";"0";"0";"0";"0";"0";"0";"0";"0";"0";"0";"1";"0";"0";"1";"1";"0";"0";"1";"0";"0";"0";"0";"0";"0";"0";"0";"0";"0";"0";"0";"0";"0";"0";"0";"0";"0";"0";"0";"0";"0";"0";"0";"0";"0";"0";"0";"0";"0";"0";"0";"Ja"
"second_coder";2396862;"Huisartsen schreven vaker antidepressiva voor aan jongeren in tweede lockdown";"2021-09-07";"https://nos.nl/artikel/2396862-huisartsen-schreven-vaker-antidepressiva-voor-aan-jongeren-in-tweede-lockdown";"1";"1";"CBS";"Organisatie";"Openbare en semiopenbare instellingen";"";"";"0";"1";"19";"0";"0";"0";"0";"0";"0";"0";"0";"0";"0";"0";"0";"0";"0";"0";"0";"0";"0";"0";"0";"0";"0";"0";"0";"0";"0";"0";"0";"0";"0";"0";"0";"0";"0";"0";"0";"0";"0";"0";"0";"0";"0";"0";"0";"0";"0";"0";"0";"0";"0";"0";"0";"0";"0";"0";"0";"0";"0";"0";"0";"0";"0";"0";"0";"0";"0";"0";"0";"0";"0";"0";"0";"0";"Nee"
"second_coder";2397937;"YouTube mocht filmpjes met toespraak Baudet over corona verwijderen";"2021-09-15";"https://nos.nl/artikel/2397937-youtube-mocht-filmpjes-met-toespraak-baudet-over-corona-verwijderen";"1";"1";"Youtube";"Organisatie";"Zakelijke organisaties en hun werknemers";"";"";"0";"1";"8";"0";"0";"0";"0";"0";"0";"0";"0";"0";"0";"0";"0";"0";"0";"0";"0";"0";"0";"0";"0";"0";"0";"0";"0";"0";"0";"0";"0";"0";"0";"0";"0";"0";"0";"0";"0";"0";"0";"0";"0";"0";"0";"0";"0";"0";"0";"0";"0";"0";"0";"0";"0";"0";"0";"0";"0";"0";"0";"0";"0";"0";"0";"0";"0";"0";"0";"0";"0";"0";"0";"0";"0";"0";"Ja"
"second_coder";2407133;"Uitputtingsslag in ziekenhuizen: ""Angst voor wat nog komt""";"2021-11-26";"https://nos.nl/artikel/2407133-uitputtingsslag-in-ziekenhuizen-angst-voor-wat-nog-komt";"1";"1";"Medische specialist 1";"Persoon";"Wetenschappelijke/medische organisaties en onderzoekers";"";"";"1";"0";"311";"1";"0";"0";"0";"0";"0";"0";"0";"0";"0";"0";"0";"0";"0";"0";"0";"0";"0";"0";"0";"0";"0";"0";"0";"0";"0";"0";"0";"0";"0";"0";"0";"0";"0";"0";"0";"0";"0";"0";"0";"0";"0";"0";"0";"0";"0";"0";"0";"0";"0";"0";"0";"0";"0";"0";"0";"0";"0";"0";"0";"0";"0";"0";"0";"0";"1";"1";"0";"0";"0";"0";"0";"0";"Ja"
"second_coder";2417327;"Gezondheidsraad wil meer aandacht voor langdurige coronaklachten";"2022-02-14";"https://nos.nl/artikel/2417327-gezondheidsraad-wil-meer-aandacht-voor-langdurige-coronaklachten";"1";"1";"Marianne Geleijnse";"Persoon";"Openbare en semiopenbare instellingen";"";"";"1";"0";"68";"0";"0";"0";"0";"0";"0";"0";"0";"0";"0";"0";"0";"0";"0";"0";"0";"0";"0";"0";"0";"0";"0";"0";"0";"0";"0";"0";"0";"0";"0";"0";"0";"0";"0";"0";"0";"0";"0";"0";"0";"0";"0";"0";"0";"0";"0";"0";"0";"0";"0";"0";"0";"0";"0";"0";"0";"0";"0";"0";"0";"0";"0";"0";"0";"0";"0";"0";"0";"0";"0";"0";"0";"0";"Nee"
"second_coder";2428330;"Lockdown trof mentale gezondheid jongeren, veel ouderen voelden zich juist goed";"2022-05-11";"https://nos.nl/artikel/2428330-lockdown-trof-mentale-gezondheid-jongeren-veel-ouderen-voelden-zich-juist-goed";"1";"1";"Commissie Actuele Nederlandse Suïcide Registratie (CANS)";"Organisatie";"Openbare en semiopenbare instellingen";"";"";"0";"1";"16";"0";"0";"0";"0";"0";"0";"0";"0";"0";"0";"0";"0";"0";"0";"0";"0";"0";"0";"0";"0";"0";"0";"0";"0";"0";"0";"0";"0";"0";"0";"0";"0";"0";"0";"0";"0";"0";"0";"0";"0";"0";"0";"0";"0";"0";"0";"0";"0";"0";"0";"0";"0";"0";"0";"0";"0";"0";"0";"0";"0";"0";"0";"0";"0";"0";"0";"0";"0";"0";"0";"0";"0";"0";"Ja"
"second_coder";2432686;"Post-covid kan nog eens duizenden zorgmedewerkers baan kosten";"2022-06-14";"https://nos.nl/artikel/2432686-post-covid-kan-nog-eens-duizenden-zorgmedewerkers-baan-kosten";"1";"1";"Het kabinet";"Organisatie";"NL - Nationale regering - executive / uitvoerende macht";"";"NvT";"0";"1";"7";"0";"0";"0";"0";"0";"0";"0";"0";"0";"0";"0";"0";"0";"0";"0";"0";"0";"0";"0";"0";"0";"0";"0";"0";"0";"0";"0";"0";"0";"0";"0";"0";"0";"0";"0";"0";"0";"0";"0";"0";"0";"0";"0";"0";"0";"0";"0";"0";"0";"0";"0";"0";"0";"0";"0";"0";"0";"0";"0";"0";"0";"0";"0";"0";"0";"0";"0";"0";"0";"0";"0";"0";"0";"Ja"
"second_coder";2407489;"Doodgeboortes bij niet-gevaccineerde vrouwen na ontsteking door corona";"2021-11-29";"https://nos.nl/artikel/2407489-doodgeboortes-bij-niet-gevaccineerde-vrouwen-na-ontsteking-door-corona";"1";"1";"de Volkskrant";"Organisatie";"Journalisten anders dan de schrijver van het huidige artikel of nieuwsorganisaties anders dan de nieuwsorganisatie van het huidige artikel.";"";"";"1";"0";"24";"0";"0";"0";"0";"0";"0";"0";"0";"0";"0";"0";"0";"0";"0";"0";"0";"0";"0";"0";"0";"0";"0";"0";"0";"0";"0";"0";"0";"0";"0";"0";"0";"0";"0";"0";"0";"0";"0";"0";"0";"0";"0";"0";"0";"0";"0";"0";"0";"0";"0";"0";"0";"0";"0";"0";"0";"0";"0";"0";"0";"0";"0";"0";"0";"0";"0";"0";"0";"0";"0";"0";"0";"0";"Ja"
"second_coder";2365361;"Rutte: avondklok misschien iets later, maar niet na 21.00 uur";"2021-01-21";"https://nos.nl/artikel/2365361-rutte-avondklok-misschien-iets-later-maar-niet-na-21-00-uur";"1";"1";"Jetten";"Persoon";"NL - Nationaal parlement en nationale partijen – wetgevende macht";"";"D66";"0";"1";"16";"1";"1";"0";"0";"1";"0";"0";"0";"0";"0";"0";"0";"0";"0";"0";"0";"0";"1";"0";"0";"1";"0";"0";"0";"0";"0";"0";"0";"0";"0";"0";"0";"0";"0";"0";"0";"0";"0";"0";"0";"0";"0";"0";"0";"0";"0";"0";"0";"0";"0";"0";"0";"0";"0";"0";"0";"0";"0";"0";"0";"0";"0";"0";"0";"0";"0";"0";"0";"0";"0";"0";"0";"0";"Ja"
"second_coder";2365867;"""Op dit soort momenten schaam ik me om Urker te zijn""";"2021-01-24";"https://nos.nl/artikel/2365867-op-dit-soort-momenten-schaam-ik-me-om-urker-te-zijn";"1";"1";"Een Urker die liever anoniem wil blijven";"Persoon";"Publiek en leden van het publiek, publieke opiniepeilingen en hun respondenten";"";"";"1";"1";"160";"0";"0";"0";"0";"0";"0";"0";"0";"0";"0";"0";"0";"0";"0";"0";"0";"0";"0";"0";"0";"0";"0";"0";"0";"0";"0";"0";"0";"0";"0";"0";"0";"0";"0";"0";"0";"0";"0";"0";"0";"0";"0";"0";"0";"0";"0";"0";"0";"0";"0";"0";"0";"0";"0";"0";"0";"0";"0";"0";"0";"0";"0";"0";"0";"0";"0";"0";"0";"0";"0";"0";"0";"0";"Ja"
"second_coder";2366056;"Grapperhaus: snelrecht tegen relschoppers, avondklok blijft";"2021-01-26";"https://nos.nl/artikel/2366056-grapperhaus-snelrecht-tegen-relschoppers-avondklok-blijft";"1";"1";"Hoekstra";"Persoon";"NL - Nationale regering - executive / uitvoerende macht";"";"CDA";"1";"0";"8";"0";"0";"0";"0";"0";"0";"0";"0";"0";"0";"0";"0";"0";"0";"0";"0";"0";"0";"0";"0";"0";"0";"0";"0";"0";"0";"0";"0";"0";"0";"0";"0";"0";"0";"0";"0";"0";"0";"0";"0";"0";"0";"0";"0";"0";"0";"0";"0";"0";"0";"0";"0";"0";"0";"0";"0";"0";"0";"0";"0";"0";"0";"0";"0";"0";"0";"0";"0";"0";"0";"0";"0";"0";"Nee"
"second_coder";2331140;"""Nu de grootste coronapaniek weg is, neemt ook de saamhorigheid af""";"2020-04-20";"https://nos.nl/collectie/13839/artikel/2331140-nu-de-grootste-coronapaniek-weg-is-neemt-ook-de-saamhorigheid-af";"1";"1";"Marco Zannoni";"Persoon";"Wetenschappelijke/medische organisaties en onderzoekers";"";"";"1";"1";"337";"1";"1";"0";"0";"1";"0";"0";"0";"0";"0";"0";"0";"0";"1";"0";"0";"1";"0";"0";"0";"0";"0";"0";"0";"0";"0";"0";"0";"0";"1";"0";"0";"1";"0";"0";"0";"0";"0";"0";"0";"0";"0";"0";"0";"0";"0";"0";"0";"0";"0";"0";"0";"0";"0";"0";"0";"0";"0";"0";"0";"0";"0";"0";"0";"0";"0";"0";"0";"0";"0";"0";"0";"0";"Nee"
"second_coder";2366896;"Oproep uit IC-hoek: ""Versoepel aantal maatregelen, accepteer meer overlijdens""";"2021-02-01";"https://nos.nl/artikel/2366896-oproep-uit-ic-hoek-versoepel-aantal-maatregelen-accepteer-meer-overlijdens.html";"1";"1";"Hans van der Hoeven";"Persoon";"Wetenschappelijke/medische organisaties en onderzoekers";"";"";"1";"1";"256";"1";"1";"0";"1";"0";"0";"0";"0";"0";"0";"0";"0";"0";"0";"0";"0";"0";"0";"0";"0";"0";"0";"0";"0";"0";"0";"0";"0";"0";"0";"0";"0";"0";"0";"0";"0";"0";"0";"0";"0";"0";"0";"0";"0";"0";"0";"0";"0";"0";"0";"0";"0";"0";"0";"0";"0";"0";"0";"0";"0";"0";"0";"0";"0";"0";"0";"0";"0";"0";"0";"0";"0";"0";"Ja"
"second_coder";2386070;"Toegangsbewijs voor festival of club: ""Er is altijd een groep die dit niet accepteert""";"2021-06-21";"https://nos.nl/artikel/2386070-toegangsbewijs-voor-festival-of-club-er-is-altijd-een-groep-die-dit-niet-accepteert";"1";"1";"Niek Mouter";"Persoon";"Wetenschappelijke/medische organisaties en onderzoekers";"";"";"1";"1";"89";"1";"0";"0";"0";"0";"0";"0";"0";"0";"0";"0";"0";"0";"0";"0";"0";"0";"0";"0";"0";"0";"0";"0";"0";"0";"0";"0";"0";"0";"0";"0";"0";"0";"0";"0";"0";"0";"0";"0";"0";"0";"0";"0";"0";"0";"0";"0";"0";"0";"0";"0";"0";"0";"0";"0";"0";"0";"0";"0";"0";"0";"0";"0";"0";"0";"1";"1";"0";"0";"0";"0";"0";"0";"Ja"
"second_coder";2408462;"Instroom van coronapatiënten in ziekenhuizen over piek heen";"2021-12-06";"https://nos.nl/artikel/2408462-instroom-van-coronapatienten-in-ziekenhuizen-over-piek-heen";"1";"1";"Alma Tostmann";"Persoon";"Wetenschappelijke/medische organisaties en onderzoekers";"";"";"1";"1";"99";"0";"0";"0";"0";"0";"0";"0";"0";"0";"0";"0";"0";"0";"0";"0";"0";"0";"0";"0";"0";"0";"0";"0";"0";"0";"0";"0";"0";"0";"0";"0";"0";"0";"0";"0";"0";"0";"0";"0";"0";"0";"0";"0";"0";"0";"0";"0";"0";"0";"0";"0";"0";"0";"0";"0";"0";"0";"0";"0";"0";"0";"0";"0";"0";"0";"0";"0";"0";"0";"0";"0";"0";"0";"Ja"
"second_coder";2346916;"Evenementen in tijd van corona: ""Elke tribune heeft eigen parkeerplaatsen""";"2020-09-05";"https://nos.nl/artikel/2346916-evenementen-in-tijd-van-corona-elke-tribune-heeft-eigen-parkeerplaatsen.html";"1";"1";"Bezoekers van de Indonesische beurs";"Persoon";"Publiek en leden van het publiek, publieke opiniepeilingen en hun respondenten";"";"";"1";"0";"9";"0";"0";"0";"0";"0";"0";"0";"0";"0";"0";"0";"0";"0";"0";"0";"0";"0";"0";"0";"0";"0";"0";"0";"0";"0";"0";"0";"0";"0";"0";"0";"0";"0";"0";"0";"0";"0";"0";"0";"0";"0";"0";"0";"0";"0";"0";"0";"0";"0";"0";"0";"0";"0";"0";"0";"0";"0";"0";"0";"0";"0";"0";"0";"0";"0";"0";"0";"0";"0";"0";"0";"0";"0";"Ja"
"second_coder";2355910;"Van commerciële tests op het coronavirus is alleen topje van ijsberg bekend";"2020-11-09";"https://nos.nl/artikel/2355910-van-commerciele-tests-op-het-coronavirus-is-alleen-topje-van-ijsberg-bekend.html";"1";"1";"een woordvoerder";"Persoon";"NL - Nationale regering - executive / uitvoerende macht";"";"NvT";"1";"0";"21";"0";"0";"0";"0";"0";"0";"0";"0";"0";"0";"0";"0";"0";"0";"0";"0";"0";"0";"0";"0";"0";"0";"0";"0";"0";"0";"0";"0";"0";"0";"0";"0";"0";"0";"0";"0";"0";"0";"0";"0";"0";"0";"0";"0";"0";"0";"0";"0";"0";"0";"0";"0";"0";"0";"0";"0";"0";"0";"0";"0";"0";"0";"0";"0";"0";"0";"0";"0";"0";"0";"0";"0";"0";"Ja"
"second_coder";2363978;"Chinees vaccin is voor China ""kans om invloed in Afrika uit te breiden""";"2021-01-11";"https://nos.nl/artikel/2363978-chinees-vaccin-is-voor-china-kans-om-invloed-in-afrika-uit-te-breiden";"1";"1";"Elles van Gelder";"Persoon";"Journalisten anders dan de schrijver van het huidige artikel of nieuwsorganisaties anders dan de nieuwsorganisatie van het huidige artikel.";"";"";"1";"1";"71";"1";"0";"0";"0";"0";"0";"0";"0";"0";"0";"0";"0";"0";"0";"0";"0";"0";"0";"0";"0";"0";"0";"0";"0";"0";"0";"0";"0";"0";"0";"0";"0";"0";"0";"0";"0";"0";"0";"0";"0";"0";"0";"0";"0";"0";"0";"0";"0";"0";"0";"0";"0";"0";"0";"0";"0";"0";"0";"0";"0";"0";"0";"0";"0";"0";"1";"0";"0";"1";"0";"0";"0";"0";"Ja"
"second_coder";2381978;"Hoe houden we zicht op het virus als we richting het ""oude normaal"" gaan?";"2021-05-23";"https://nos.nl/artikel/2381978-hoe-houden-we-zicht-op-het-virus-als-we-richting-het-oude-normaal-gaan";"1";"1";"Alma Tostmann";"Persoon";"Wetenschappelijke/medische organisaties en onderzoekers";"";"";"1";"1";"132";"1";"0";"0";"0";"0";"0";"0";"0";"0";"0";"0";"0";"0";"0";"0";"0";"0";"0";"0";"0";"0";"0";"0";"0";"0";"0";"0";"0";"0";"0";"0";"0";"0";"0";"0";"0";"0";"0";"0";"0";"0";"0";"0";"0";"0";"0";"0";"0";"0";"0";"0";"0";"0";"0";"0";"0";"0";"1";"1";"0";"0";"0";"0";"0";"0";"0";"0";"0";"0";"0";"0";"0";"0";"Ja"
"second_coder";2413380;"Oxfam: vermogen tien rijkste mannen verdubbeld, armoede toegenomen tijdens pandemie";"2022-01-17";"https://nos.nl/artikel/2413380-oxfam-vermogen-tien-rijkste-mannen-verdubbeld-armoede-toegenomen-tijdens-pandemie";"1";"1";"Michiel Servaes";"Persoon";"Niet-governementele organisaties (NGO), maatschappelijke organisaties, en hun leden";"";"";"1";"0";"103";"1";"0";"0";"0";"0";"0";"0";"0";"0";"0";"0";"0";"0";"0";"0";"0";"0";"0";"0";"0";"0";"0";"0";"0";"0";"0";"0";"0";"0";"0";"0";"0";"0";"0";"0";"0";"0";"0";"0";"0";"0";"0";"0";"0";"0";"0";"0";"0";"0";"0";"0";"0";"0";"0";"0";"0";"0";"0";"0";"0";"0";"0";"0";"0";"0";"1";"0";"0";"1";"0";"0";"0";"0";"Nee"
"second_coder";2336043;"Nederland wil samen met andere landen aan coronavaccin komen";"2020-06-03";"https://nos.nl/artikel/2336043-nederland-wil-samen-met-andere-landen-aan-coronavaccin-komen.html";"1";"1";"Het ministerie van Volksgezondheid";"Organisatie";"NL - Nationale regering - executive / uitvoerende macht";"";"NvT";"0";"1";"9";"0";"0";"0";"0";"0";"0";"0";"0";"0";"0";"0";"0";"0";"0";"0";"0";"0";"0";"0";"0";"0";"0";"0";"0";"0";"0";"0";"0";"0";"0";"0";"0";"0";"0";"0";"0";"0";"0";"0";"0";"0";"0";"0";"0";"0";"0";"0";"0";"0";"0";"0";"0";"0";"0";"0";"0";"0";"0";"0";"0";"0";"0";"0";"0";"0";"0";"0";"0";"0";"0";"0";"0";"0";"Ja"
"second_coder";2373350;"RIVM: ""Oplopend aantal besmettingen betekent niet per se meer ziekenhuisopnames""";"2021-03-20";"https://nos.nl/artikel/2373350-rivm-oplopend-aantal-besmettingen-betekent-niet-per-se-meer-ziekenhuisopnames";"1";"1";"Hugo de Jonge";"Persoon";"NL - Nationale regering - executive / uitvoerende macht";"";"CDA";"1";"0";"31";"1";"0";"0";"0";"0";"0";"0";"0";"0";"0";"0";"0";"0";"0";"0";"0";"0";"0";"0";"0";"0";"0";"0";"0";"0";"0";"0";"0";"0";"0";"0";"0";"0";"0";"0";"0";"0";"0";"0";"0";"0";"0";"0";"0";"0";"0";"0";"0";"0";"0";"0";"0";"0";"0";"0";"0";"0";"1";"1";"0";"0";"0";"0";"0";"0";"0";"0";"0";"0";"0";"0";"0";"0";"Ja"
"second_coder";2326923;"Dit was de dag dat Nederland ""een patiënt"" werd";"2020-03-12";"https://nos.nl/artikel/2326923-dit-was-de-dag-dat-nederland-een-patient-werd";"1";"1";"premier Rutte";"Persoon";"NL - Nationale regering - executive / uitvoerende macht";"";"VVD";"1";"1";"113";"1";"1";"0";"0";"1";"0";"0";"0";"0";"0";"0";"0";"0";"0";"0";"0";"0";"0";"0";"0";"0";"0";"0";"0";"0";"0";"0";"0";"0";"1";"0";"1";"0";"0";"0";"0";"0";"0";"0";"0";"0";"0";"0";"0";"0";"0";"0";"0";"0";"0";"0";"0";"0";"0";"0";"0";"0";"0";"0";"0";"0";"0";"0";"0";"0";"0";"0";"0";"0";"0";"0";"0";"0";"Ja"
"second_coder";2328119;"Aanscherping coronamaatregelen is een hard gelag: ""Het valt ons zwaar""";"2020-03-23";"https://nos.nl/artikel/2328119-aanscherping-coronamaatregelen-is-een-hard-gelag-het-valt-ons-zwaar";"1";"1";"Paasevenement The Passion";"Organisatie";"Zakelijke organisaties en hun werknemers";"";"";"0";"1";"9";"1";"0";"0";"0";"0";"0";"0";"0";"0";"0";"0";"0";"0";"0";"0";"0";"0";"0";"0";"0";"0";"0";"0";"0";"0";"0";"0";"0";"0";"0";"0";"0";"0";"0";"0";"0";"0";"0";"0";"0";"0";"0";"0";"0";"0";"0";"0";"0";"0";"0";"0";"0";"0";"1";"0";"0";"1";"0";"0";"0";"0";"0";"0";"0";"0";"0";"0";"0";"0";"0";"0";"0";"0";"Ja"
"second_coder";2328418;"Brabantse ziekenhuizen denken piek van IC-patiënten aan te kunnen";"2020-03-26";"https://nos.nl/artikel/2328418-brabantse-ziekenhuizen-denken-piek-van-ic-patienten-aan-te-kunnen";"1";"1";"Diederik Gommers";"Persoon";"Niet-governementele organisaties (NGO), maatschappelijke organisaties, en hun leden";"";"";"1";"1";"73";"1";"1";"1";"0";"0";"0";"0";"0";"0";"0";"0";"0";"0";"0";"0";"0";"0";"0";"0";"0";"0";"0";"0";"0";"0";"0";"0";"0";"0";"0";"0";"0";"0";"0";"0";"0";"0";"0";"0";"0";"0";"0";"0";"0";"0";"0";"0";"0";"0";"0";"0";"0";"0";"0";"0";"0";"0";"0";"0";"0";"0";"0";"0";"0";"0";"0";"0";"0";"0";"0";"0";"0";"0";"Ja"
"second_coder";2330078;"Google en Apple bouwen ""corona-tracking"" in op smartphones";"2020-04-10";"https://nos.nl/artikel/2330078-google-en-apple-bouwen-corona-tracking-in-op-smartphones";"1";"1";"Kabinet";"Organisatie";"NL - Nationale regering - executive / uitvoerende macht";"";"NvT";"0";"1";"28";"0";"0";"0";"0";"0";"0";"0";"0";"0";"0";"0";"0";"0";"0";"0";"0";"0";"0";"0";"0";"0";"0";"0";"0";"0";"0";"0";"0";"0";"0";"0";"0";"0";"0";"0";"0";"0";"0";"0";"0";"0";"0";"0";"0";"0";"0";"0";"0";"0";"0";"0";"0";"0";"0";"0";"0";"0";"0";"0";"0";"0";"0";"0";"0";"0";"0";"0";"0";"0";"0";"0";"0";"0";"Nee"
"second_coder";2350260;"Lid OMT: mondkapjesplicht in verpleeghuizen in drie regio's onvoldoende";"2020-09-29";"https://nos.nl/artikel/2350260-lid-omt-mondkapjesplicht-in-verpleeghuizen-in-drie-regio-s-onvoldoende.html";"1";"1";"De Jonge";"Persoon";"NL - Nationale regering - executive / uitvoerende macht";"";"CDA";"1";"1";"34";"1";"0";"0";"0";"0";"0";"0";"0";"0";"0";"0";"0";"0";"0";"0";"0";"0";"0";"0";"0";"0";"0";"0";"0";"0";"1";"0";"0";"1";"0";"0";"0";"0";"0";"0";"0";"0";"0";"0";"0";"0";"0";"0";"0";"0";"0";"0";"0";"0";"0";"0";"0";"0";"0";"0";"0";"0";"0";"0";"0";"0";"0";"0";"0";"0";"0";"0";"0";"0";"0";"0";"0";"0";"Nee"
"second_coder";2427515;"Voor eerst sinds september 2020 minder dan 50 coronapatiënten op IC";"2022-05-04";"https://nos.nl/artikel/2427515-voor-eerst-sinds-september-2020-minder-dan-50-coronapatienten-op-ic";"1";"1";"ministerie van Volksgezondheid";"Organisatie";"NL - Nationale regering - executive / uitvoerende macht";"";"NvT";"0";"1";"14";"0";"0";"0";"0";"0";"0";"0";"0";"0";"0";"0";"0";"0";"0";"0";"0";"0";"0";"0";"0";"0";"0";"0";"0";"0";"0";"0";"0";"0";"0";"0";"0";"0";"0";"0";"0";"0";"0";"0";"0";"0";"0";"0";"0";"0";"0";"0";"0";"0";"0";"0";"0";"0";"0";"0";"0";"0";"0";"0";"0";"0";"0";"0";"0";"0";"0";"0";"0";"0";"0";"0";"0";"0";"Ja"
"second_coder";2409659;"De Jonge waarschuwt in Kamer: volgende week mogelijk al nieuwe maatregelen";"2021-12-15";"https://nos.nl/artikel/2409659-de-jonge-waarschuwt-in-kamer-volgende-week-mogelijk-al-nieuwe-maatregelen";"1";"1";"Rutte";"Persoon";"NL - Nationale regering - executive / uitvoerende macht";"";"VVD";"0";"1";"9";"0";"0";"0";"0";"0";"0";"0";"0";"0";"0";"0";"0";"0";"0";"0";"0";"0";"0";"0";"0";"0";"0";"0";"0";"0";"0";"0";"0";"0";"0";"0";"0";"0";"0";"0";"0";"0";"0";"0";"0";"0";"0";"0";"0";"0";"0";"0";"0";"0";"0";"0";"0";"0";"0";"0";"0";"0";"0";"0";"0";"0";"0";"0";"0";"0";"0";"0";"0";"0";"0";"0";"0";"0";"Ja"
"second_coder";2413877;"Kabinet hoopt op opening horeca en cultuur, maar ""gaat nog geen garanties geven""";"2022-01-20";"https://nos.nl/artikel/2413877-kabinet-hoopt-op-opening-horeca-en-cultuur-maar-gaat-nog-geen-garanties-geven";"1";"1";"Kuipers";"Persoon";"NL - Nationale regering - executive / uitvoerende macht";"";"D66";"1";"0";"5";"0";"0";"0";"0";"0";"0";"0";"0";"0";"0";"0";"0";"0";"0";"0";"0";"0";"0";"0";"0";"0";"0";"0";"0";"0";"0";"0";"0";"0";"0";"0";"0";"0";"0";"0";"0";"0";"0";"0";"0";"0";"0";"0";"0";"0";"0";"0";"0";"0";"0";"0";"0";"0";"0";"0";"0";"0";"0";"0";"0";"0";"0";"0";"0";"0";"0";"0";"0";"0";"0";"0";"0";"0";"Ja"
"second_coder";2394513;"Veelbelovend middel verkleint kans op het krijgen van corona flink";"2021-08-20";"https://nos.nl/artikel/2394513-veelbelovend-middel-verkleint-kans-op-het-krijgen-van-corona-flink";"1";"1";"AstraZeneca";"Organisatie";"Wetenschappelijke/medische organisaties en onderzoekers";"";"";"1";"0";"17";"0";"0";"0";"0";"0";"0";"0";"0";"0";"0";"0";"0";"0";"0";"0";"0";"0";"0";"0";"0";"0";"0";"0";"0";"0";"0";"0";"0";"0";"0";"0";"0";"0";"0";"0";"0";"0";"0";"0";"0";"0";"0";"0";"0";"0";"0";"0";"0";"0";"0";"0";"0";"0";"0";"0";"0";"0";"0";"0";"0";"0";"0";"0";"0";"0";"0";"0";"0";"0";"0";"0";"0";"0";"Nee"
"second_coder";2376137;"Demonstratie tegen coronabeleid in Baarn en omgeving";"2021-04-10";"https://nos.nl/artikel/2376137-demonstratie-tegen-coronabeleid-in-baarn-en-omgeving";"1";"1";"Marlo Reeders";"Persoon";"Niet-governementele organisaties (NGO), maatschappelijke organisaties, en hun leden";"";"";"1";"0";"120";"1";"0";"0";"0";"0";"0";"0";"0";"0";"0";"0";"0";"0";"0";"0";"0";"0";"0";"0";"0";"0";"0";"0";"0";"0";"1";"0";"0";"1";"0";"0";"0";"0";"0";"0";"0";"0";"0";"0";"0";"0";"0";"0";"0";"0";"0";"0";"0";"0";"0";"0";"0";"0";"0";"0";"0";"0";"0";"0";"0";"0";"0";"0";"0";"0";"0";"0";"0";"0";"0";"0";"0";"0";"Ja"
"second_coder";2365392;"7,6 miljard euro voor verruiming steunpakket voor ondernemers";"2021-01-21";"https://nos.nl/artikel/2365392-7-6-miljard-euro-voor-verruiming-steunpakket-voor-ondernemers";"1";"0";"";"";"";"";"";"0";"0";"";"";"0";"0";"0";"0";"0";"0";"0";"0";"0";"0";"0";"0";"0";"0";"0";"0";"0";"0";"0";"0";"0";"0";"0";"0";"0";"0";"0";"0";"0";"0";"0";"0";"0";"0";"0";"0";"0";"0";"0";"0";"0";"0";"0";"0";"0";"0";"0";"0";"0";"0";"0";"0";"0";"0";"0";"0";"0";"0";"0";"0";"0";"0";"0";"0";"0";"0";"0";"0";"0";"0";"0";"0";""
"second_coder";2374653;"Oxfam Novib: coronavaccins snel ineffectief door vaccingebrek in arme landen";"2021-03-30";"https://nos.nl/artikel/2374653-oxfam-novib-coronavaccins-snel-ineffectief-door-vaccingebrek-in-arme-landen";"1";"1";"Oxfam Novib";"Organisatie";"Wetenschappelijke/medische organisaties en onderzoekers";"";"";"0";"1";"18";"1";"0";"0";"0";"0";"0";"0";"0";"0";"0";"0";"0";"0";"0";"0";"0";"0";"0";"0";"0";"0";"0";"0";"0";"0";"0";"0";"0";"0";"0";"0";"0";"0";"0";"0";"0";"0";"0";"0";"0";"0";"0";"0";"0";"0";"0";"0";"0";"0";"0";"0";"0";"0";"0";"0";"0";"0";"0";"0";"0";"0";"0";"0";"0";"0";"1";"0";"1";"0";"0";"0";"0";"0";"Ja"
"second_coder";2406422;"Tienduizenden Oostenrijkers protesteren tegen lockdown en vaccinatieplicht";"2021-11-20";"https://nos.nl/artikel/2406422-tienduizenden-oostenrijkers-protesteren-tegen-lockdown-en-vaccinatieplicht";"1";"1";"Schallenberg";"Persoon";"Regeringen/regeringsleiders/regeringsleden en/of andere politici in een ander land dan NL, op nationaal of lokaal niveau OF staatsorganisaties en hun ambtenaren";"";"";"0";"1";"18";"1";"0";"0";"0";"0";"0";"0";"0";"0";"0";"0";"0";"0";"0";"0";"0";"0";"0";"0";"0";"0";"0";"0";"0";"0";"0";"0";"0";"0";"0";"0";"0";"0";"0";"0";"0";"0";"0";"0";"0";"0";"0";"0";"0";"0";"0";"0";"0";"0";"0";"0";"0";"0";"0";"0";"0";"0";"0";"0";"0";"0";"0";"0";"0";"0";"1";"0";"0";"1";"0";"0";"0";"0";"Ja"
"second_coder";2375503;"Servië heeft zo veel vaccins dat er keuze is, en bussen uit buurland toestromen";"2021-04-05";"https://nos.nl/artikel/2375503-servie-heeft-zo-veel-vaccins-dat-er-keuze-is-en-bussen-uit-buurland-toestromen";"1";"1";"Fabian Verdrig";"Persoon";"Publiek en leden van het publiek, publieke opiniepeilingen en hun respondenten";"";"";"1";"0";"61";"1";"0";"0";"0";"0";"0";"0";"0";"0";"0";"0";"0";"0";"0";"0";"0";"0";"0";"0";"0";"0";"0";"0";"0";"0";"0";"0";"0";"0";"0";"0";"0";"0";"0";"0";"0";"0";"0";"0";"0";"0";"0";"0";"0";"0";"0";"0";"0";"0";"0";"0";"0";"0";"0";"0";"0";"0";"0";"0";"0";"0";"0";"0";"0";"0";"1";"1";"0";"0";"0";"0";"0";"0";"Ja"
"second_coder";2379298;"Is de piek van de derde golf bereikt? ""Het is nog even koffiedik kijken""";"2021-05-03";"https://nos.nl/artikel/2379298-is-de-piek-van-de-derde-golf-bereikt-het-is-nog-even-koffiedik-kijken";"1";"1";"Yorick Bleijenberg";"Persoon";"Wetenschappelijke/medische organisaties en onderzoekers";"";"";"1";"1";"79";"1";"0";"0";"0";"0";"0";"0";"0";"0";"0";"0";"0";"0";"0";"0";"0";"0";"0";"0";"0";"0";"0";"0";"0";"0";"0";"0";"0";"0";"0";"0";"0";"0";"0";"0";"0";"0";"0";"0";"0";"0";"0";"0";"0";"0";"0";"0";"0";"0";"0";"0";"0";"0";"0";"0";"0";"0";"1";"0";"0";"1";"0";"0";"0";"0";"0";"0";"0";"0";"0";"0";"0";"0";"Ja"
"second_coder";2365172;"Zuurstof en vaccins voor zwaar getroffen Braziliaanse stad Manaus";"2021-01-20";"https://nos.nl/artikel/2365172-zuurstof-en-vaccins-voor-zwaar-getroffen-braziliaanse-stad-manaus";"1";"1";"Virgílio Neto";"Persoon";"Regeringen/regeringsleiders/regeringsleden en/of andere politici in een ander land dan NL, op nationaal of lokaal niveau OF staatsorganisaties en hun ambtenaren";"";"";"1";"0";"32";"0";"0";"0";"0";"0";"0";"0";"0";"0";"0";"0";"0";"0";"0";"0";"0";"0";"0";"0";"0";"0";"0";"0";"0";"0";"0";"0";"0";"0";"0";"0";"0";"0";"0";"0";"0";"0";"0";"0";"0";"0";"0";"0";"0";"0";"0";"0";"0";"0";"0";"0";"0";"0";"0";"0";"0";"0";"0";"0";"0";"0";"0";"0";"0";"0";"0";"0";"0";"0";"0";"0";"0";"0";"Ja"
"second_coder";2379607;"Kamer wil geen eigen bijdrage van 7,50 euro voor toegangstest";"2021-05-06";"https://nos.nl/artikel/2379607-kamer-wil-geen-eigen-bijdrage-van-7-50-euro-voor-toegangstest";"1";"1";"Kwint";"Persoon";"NL - Nationaal parlement en nationale partijen – wetgevende macht";"";"SP";"1";"1";"21";"1";"0";"0";"0";"0";"0";"0";"0";"0";"0";"0";"0";"0";"0";"0";"0";"0";"0";"0";"0";"0";"0";"0";"0";"0";"0";"0";"0";"0";"0";"0";"0";"0";"0";"0";"0";"0";"0";"0";"0";"0";"0";"0";"0";"0";"0";"0";"0";"0";"0";"0";"0";"0";"0";"0";"0";"0";"1";"0";"1";"0";"0";"0";"0";"0";"0";"0";"0";"0";"0";"0";"0";"0";"Ja"
"second_coder";2370347;"Steun voor maatregelen sterk afgenomen, maar meeste mensen houden zich er nog aan";"2021-02-26";"https://nos.nl/artikel/2370347-steun-voor-maatregelen-sterk-afgenomen-maar-meeste-mensen-houden-zich-er-nog-aan.html";"1";"1";"Marijn de Bruin";"Persoon";"Wetenschappelijke/medische organisaties en onderzoekers";"";"";"1";"0";"123";"1";"1";"0";"0";"1";"0";"0";"0";"0";"1";"0";"0";"1";"0";"0";"0";"0";"0";"0";"0";"0";"0";"0";"0";"0";"0";"0";"0";"0";"0";"0";"0";"0";"0";"0";"0";"0";"0";"0";"0";"0";"0";"0";"0";"0";"0";"0";"0";"0";"0";"0";"0";"0";"0";"0";"0";"0";"1";"0";"0";"1";"1";"0";"0";"1";"0";"0";"0";"0";"0";"0";"0";"0";"Ja"
"second_coder";2366327;"Koning spreekt na avondklokrellen met bewoners en ondernemers in Den Bosch";"2021-01-28";"https://nos.nl/artikel/2366327-koning-spreekt-na-avondklokrellen-met-bewoners-en-ondernemers-in-den-bosch";"0";"0";"";"";"";"";"";"0";"0";"";"";"0";"0";"0";"0";"0";"0";"0";"0";"0";"0";"0";"0";"0";"0";"0";"0";"0";"0";"0";"0";"0";"0";"0";"0";"0";"0";"0";"0";"0";"0";"0";"0";"0";"0";"0";"0";"0";"0";"0";"0";"0";"0";"0";"0";"0";"0";"0";"0";"0";"0";"0";"0";"0";"0";"0";"0";"0";"0";"0";"0";"0";"0";"0";"0";"0";"0";"0";"0";"0";"0";"0";"0";""
"second_coder";2366198;"Rellen creëren ook groep ""die staat voor iets anders"": veel initiatieven om te helpen";"2021-01-27";"https://nos.nl/artikel/2366198-rellen-creeren-ook-groep-die-staat-voor-iets-anders-veel-initiatieven-om-te-helpen";"0";"0";"";"";"";"";"";"0";"0";"";"";"0";"0";"0";"0";"0";"0";"0";"0";"0";"0";"0";"0";"0";"0";"0";"0";"0";"0";"0";"0";"0";"0";"0";"0";"0";"0";"0";"0";"0";"0";"0";"0";"0";"0";"0";"0";"0";"0";"0";"0";"0";"0";"0";"0";"0";"0";"0";"0";"0";"0";"0";"0";"0";"0";"0";"0";"0";"0";"0";"0";"0";"0";"0";"0";"0";"0";"0";"0";"0";"0";"0";"0";""
"second_coder";2322751;"Een cruiseschip als mega-onderzoekslab voor het coronavirus";"2020-02-12";"https://nos.nl/artikel/2322751-een-cruiseschip-als-mega-onderzoekslab-voor-het-coronavirus";"1";"1";"Katsunobu Kato";"Persoon";"Regeringen/regeringsleiders/regeringsleden en/of andere politici in een ander land dan NL, op nationaal of lokaal niveau OF staatsorganisaties en hun ambtenaren";"";"";"1";"0";"23";"1";"0";"0";"0";"0";"0";"0";"0";"0";"0";"0";"0";"0";"0";"0";"0";"0";"0";"0";"0";"0";"0";"0";"0";"0";"0";"0";"0";"0";"0";"0";"0";"0";"0";"0";"0";"0";"0";"0";"0";"0";"0";"0";"0";"0";"0";"0";"0";"0";"0";"0";"0";"0";"0";"0";"0";"0";"1";"1";"0";"0";"0";"0";"0";"0";"0";"0";"0";"0";"0";"0";"0";"0";"Nee"
"second_coder";2325123;"Opnieuw (of nog steeds) besmet met corona: hoe kan dat?";"2020-02-29";"https://nos.nl/artikel/2325123-opnieuw-of-nog-steeds-besmet-met-corona-hoe-kan-dat";"1";"1";"Mariet Feltkamp";"Persoon";"Wetenschappelijke/medische organisaties en onderzoekers";"";"";"1";"1";"232";"1";"0";"0";"0";"0";"0";"0";"0";"0";"0";"0";"0";"0";"0";"0";"0";"0";"0";"0";"0";"0";"0";"0";"0";"0";"0";"0";"0";"0";"0";"0";"0";"0";"0";"0";"0";"0";"0";"0";"0";"0";"0";"0";"0";"0";"0";"0";"0";"0";"0";"0";"0";"0";"0";"0";"0";"0";"1";"1";"1";"0";"0";"0";"0";"0";"0";"0";"0";"0";"0";"0";"0";"0";"Ja"
"second_coder";2479493;"""Let bij long covid ook op maatschappelijke gevolgen""";"2023-06-19";"https://nos.nl/artikel/2479493-let-bij-long-covid-ook-op-maatschappelijke-gevolgen";"1";"1";"Jolande Sap";"Persoon";"Niet-governementele organisaties (NGO), maatschappelijke organisaties, en hun leden";"";"";"1";"1";"28";"0";"0";"0";"0";"0";"0";"0";"0";"0";"0";"0";"0";"0";"0";"0";"0";"0";"0";"0";"0";"0";"0";"0";"0";"0";"0";"0";"0";"0";"0";"0";"0";"0";"0";"0";"0";"0";"0";"0";"0";"0";"0";"0";"0";"0";"0";"0";"0";"0";"0";"0";"0";"0";"0";"0";"0";"0";"0";"0";"0";"0";"0";"0";"0";"0";"0";"0";"0";"0";"0";"0";"0";"0";"Nee"
"second_coder";2328680;"Coronanieuws 28 maart: onveilige mondkapjes en ziekenhuis wil hulp van Duitsland";"2020-03-28";"https://nos.nl/artikel/2328680-coronanieuws-28-maart-onveilige-mondkapjes-en-ziekenhuis-wil-hulp-van-duitsland";"1";"1";"RIVM";"Organisatie";"NL - Nationale staatsorganisaties en hun ambtenaren";"";"";"1";"1";"44";"1";"1";"0";"0";"1";"0";"0";"0";"0";"0";"0";"0";"0";"0";"0";"0";"0";"0";"0";"0";"0";"0";"0";"0";"0";"0";"0";"0";"0";"0";"0";"0";"0";"0";"0";"0";"0";"0";"0";"0";"0";"0";"0";"0";"0";"0";"0";"0";"0";"0";"0";"0";"0";"0";"0";"0";"0";"0";"0";"0";"0";"0";"0";"0";"0";"0";"0";"0";"0";"0";"0";"0";"0";"Ja"
"second_coder";2329762;"""We zijn nog lang niet van corona af, dus stop met gijzeling overige zorg""";"2020-04-07";"https://nos.nl/nieuwsuur/artikel/2329762-we-zijn-nog-lang-niet-van-corona-af-dus-stop-met-gijzeling-overige-zorg";"1";"1";"twee op de drie patiënten van wie een behandeling of operatie is afgezegd";"Persoon";"Publiek en leden van het publiek, publieke opiniepeilingen en hun respondenten";"";"";"0";"1";"5";"0";"0";"0";"0";"0";"0";"0";"0";"0";"0";"0";"0";"0";"0";"0";"0";"0";"0";"0";"0";"0";"0";"0";"0";"0";"0";"0";"0";"0";"0";"0";"0";"0";"0";"0";"0";"0";"0";"0";"0";"0";"0";"0";"0";"0";"0";"0";"0";"0";"0";"0";"0";"0";"0";"0";"0";"0";"0";"0";"0";"0";"0";"0";"0";"0";"0";"0";"0";"0";"0";"0";"0";"0";"Ja"
"second_coder";2336823;"Wereldwijde coronatrends: voor het eerst in maanden weer meer doden";"2020-06-10";"https://nos.nl/artikel/2336823-wereldwijde-coronatrends-voor-het-eerst-in-maanden-weer-meer-doden";"1";"1";"López Obrador";"Persoon";"Regeringen/regeringsleiders/regeringsleden en/of andere politici in een ander land dan NL, op nationaal of lokaal niveau OF staatsorganisaties en hun ambtenaren";"";"";"1";"0";"3";"0";"0";"0";"0";"0";"0";"0";"0";"0";"0";"0";"0";"0";"0";"0";"0";"0";"0";"0";"0";"0";"0";"0";"0";"0";"0";"0";"0";"0";"0";"0";"0";"0";"0";"0";"0";"0";"0";"0";"0";"0";"0";"0";"0";"0";"0";"0";"0";"0";"0";"0";"0";"0";"0";"0";"0";"0";"0";"0";"0";"0";"0";"0";"0";"0";"0";"0";"0";"0";"0";"0";"0";"0";"Ja"
"second_coder";2339595;"Modezaken worstelen met impact corona, veel uitverkoop en onverkochte voorraden";"2020-07-05";"https://nos.nl/artikel/2339595-modezaken-worstelen-met-impact-corona-veel-uitverkoop-en-onverkochte-voorraden.html";"1";"1";"Edwin Belt";"Persoon";"Niet-governementele organisaties (NGO), maatschappelijke organisaties, en hun leden";"";"";"1";"0";"66";"0";"0";"0";"0";"0";"0";"0";"0";"0";"0";"0";"0";"0";"0";"0";"0";"0";"0";"0";"0";"0";"0";"0";"0";"0";"0";"0";"0";"0";"0";"0";"0";"0";"0";"0";"0";"0";"0";"0";"0";"0";"0";"0";"0";"0";"0";"0";"0";"0";"0";"0";"0";"0";"0";"0";"0";"0";"0";"0";"0";"0";"0";"0";"0";"0";"0";"0";"0";"0";"0";"0";"0";"0";"Ja"
"second_coder";2344174;"Veiligheidsregio Zeeland verbiedt geluidsapparatuur voor illegale feesten";"2020-08-15";"https://nos.nl/artikel/2344174-veiligheidsregio-zeeland-verbiedt-geluidsapparatuur-voor-illegale-feesten.html";"1";"1";"De veiligheidsregio";"Organisatie";"Publiek en leden van het publiek, publieke opiniepeilingen en hun respondenten";"";"";"0";"1";"7";"1";"1";"0";"0";"1";"0";"0";"0";"0";"0";"0";"0";"0";"0";"0";"0";"0";"0";"0";"0";"0";"0";"0";"0";"0";"0";"0";"0";"0";"0";"0";"0";"0";"0";"0";"0";"0";"0";"0";"0";"0";"0";"0";"0";"0";"0";"0";"0";"0";"0";"0";"0";"0";"0";"0";"0";"0";"0";"0";"0";"0";"0";"0";"0";"0";"0";"0";"0";"0";"0";"0";"0";"0";"Nee"
"second_coder";2410526;"NHL geeft ijshockeyspelers opnieuw niet vrij voor Winterspelen";"2021-12-22";"https://nos.nl/artikel/2410526-nhl-geeft-ijshockeyspelers-opnieuw-niet-vrij-voor-winterspelen";"0";"0";"";"";"";"";"";"0";"0";"";"";"0";"0";"0";"0";"0";"0";"0";"0";"0";"0";"0";"0";"0";"0";"0";"0";"0";"0";"0";"0";"0";"0";"0";"0";"0";"0";"0";"0";"0";"0";"0";"0";"0";"0";"0";"0";"0";"0";"0";"0";"0";"0";"0";"0";"0";"0";"0";"0";"0";"0";"0";"0";"0";"0";"0";"0";"0";"0";"0";"0";"0";"0";"0";"0";"0";"0";"0";"0";"0";"0";"0";"0";""
"second_coder";2358194;"Het is rustig in de teststraat, waarom wordt die capaciteit niet gebruikt?";"2020-11-26";"https://nos.nl/artikel/2358194-het-is-rustig-in-de-teststraat-waarom-wordt-die-capaciteit-niet-gebruikt.html";"1";"1";"het kabinet";"Organisatie";"NL - Nationale regering - executive / uitvoerende macht";"";"NvT";"0";"1";"11";"1";"0";"0";"0";"0";"0";"0";"0";"0";"0";"0";"0";"0";"0";"0";"0";"0";"0";"0";"0";"0";"0";"0";"0";"0";"0";"0";"0";"0";"0";"0";"0";"0";"0";"0";"0";"0";"0";"0";"0";"0";"0";"0";"0";"0";"0";"0";"0";"0";"0";"0";"0";"0";"0";"0";"0";"0";"1";"1";"0";"0";"0";"0";"0";"0";"0";"0";"0";"0";"0";"0";"0";"0";"Ja"
"second_coder";2440742;"Agent vervolgd die vrouw in Eindhoven van dichtbij bespoot met waterkanon";"2022-08-15";"https://nos.nl/artikel/2440742-agent-vervolgd-die-vrouw-in-eindhoven-van-dichtbij-bespoot-met-waterkanon";"0";"0";"";"";"";"";"";"0";"0";"";"";"0";"0";"0";"0";"0";"0";"0";"0";"0";"0";"0";"0";"0";"0";"0";"0";"0";"0";"0";"0";"0";"0";"0";"0";"0";"0";"0";"0";"0";"0";"0";"0";"0";"0";"0";"0";"0";"0";"0";"0";"0";"0";"0";"0";"0";"0";"0";"0";"0";"0";"0";"0";"0";"0";"0";"0";"0";"0";"0";"0";"0";"0";"0";"0";"0";"0";"0";"0";"0";"0";"0";"0";""
"second_coder";2384683;"RIVM: ""Het gaat goed en steeds beter""";"2021-06-12";"https://nos.nl/artikel/2384683-rivm-het-gaat-goed-en-steeds-beter";"1";"1";"Jaap van Dissel";"Persoon";"Wetenschappelijke/medische organisaties en onderzoekers";"";"";"1";"0";"270";"1";"0";"0";"0";"0";"0";"0";"0";"0";"0";"0";"0";"0";"0";"0";"0";"0";"0";"0";"0";"0";"0";"0";"0";"0";"0";"0";"0";"0";"0";"0";"0";"0";"0";"0";"0";"0";"0";"0";"0";"0";"0";"0";"0";"0";"0";"0";"0";"0";"0";"0";"0";"0";"0";"0";"0";"0";"1";"1";"0";"0";"0";"0";"0";"0";"1";"1";"0";"0";"0";"0";"0";"0";"Nee"
"second_coder";2456638;"Kabinet draagt bij aan toekomstig fonds voor zorgwerkers met long covid";"2022-12-16";"https://nos.nl/artikel/2456638-kabinet-draagt-bij-aan-toekomstig-fonds-voor-zorgwerkers-met-long-covid";"1";"1";"FNV";"Organisatie";"Niet-governementele organisaties (NGO), maatschappelijke organisaties, en hun leden";"";"";"0";"1";"24";"0";"0";"0";"0";"0";"0";"0";"0";"0";"0";"0";"0";"0";"0";"0";"0";"0";"0";"0";"0";"0";"0";"0";"0";"0";"0";"0";"0";"0";"0";"0";"0";"0";"0";"0";"0";"0";"0";"0";"0";"0";"0";"0";"0";"0";"0";"0";"0";"0";"0";"0";"0";"0";"0";"0";"0";"0";"0";"0";"0";"0";"0";"0";"0";"0";"0";"0";"0";"0";"0";"0";"0";"0";"Ja"
"second_coder";2457129;"China naarstig op zoek naar ziekenhuisbedden voor coronapatiënten";"2022-12-20";"https://nos.nl/artikel/2457129-china-naarstig-op-zoek-naar-ziekenhuisbedden-voor-coronapatienten";"1";"1";"Een zegsman van het Amerikaanse ministerie van Defensie";"Persoon";"Regeringen/regeringsleiders/regeringsleden en/of andere politici in een ander land dan NL, op nationaal of lokaal niveau OF staatsorganisaties en hun ambtenaren";"";"";"0";"1";"18";"0";"0";"0";"0";"0";"0";"0";"0";"0";"0";"0";"0";"0";"0";"0";"0";"0";"0";"0";"0";"0";"0";"0";"0";"0";"0";"0";"0";"0";"0";"0";"0";"0";"0";"0";"0";"0";"0";"0";"0";"0";"0";"0";"0";"0";"0";"0";"0";"0";"0";"0";"0";"0";"0";"0";"0";"0";"0";"0";"0";"0";"0";"0";"0";"0";"0";"0";"0";"0";"0";"0";"0";"0";"Ja"
"second_coder";2441951;"""9 op 10 opgenomen coronapatiënten hebben jaar later nog klachten""";"2022-08-25";"https://nos.nl/artikel/2441951-9-op-10-opgenomen-coronapatienten-hebben-jaar-later-nog-klachten";"1";"1";"RIVM";"Organisatie";"Openbare en semiopenbare instellingen";"";"";"0";"1";"12";"0";"0";"0";"0";"0";"0";"0";"0";"0";"0";"0";"0";"0";"0";"0";"0";"0";"0";"0";"0";"0";"0";"0";"0";"0";"0";"0";"0";"0";"0";"0";"0";"0";"0";"0";"0";"0";"0";"0";"0";"0";"0";"0";"0";"0";"0";"0";"0";"0";"0";"0";"0";"0";"0";"0";"0";"0";"0";"0";"0";"0";"0";"0";"0";"0";"0";"0";"0";"0";"0";"0";"0";"0";"Ja"
"second_coder";2399840;"Rechter: gemeente Utrecht mocht restaurant Waku Waku sluiten";"2021-09-30";"https://nos.nl/artikel/2399840-rechter-gemeente-utrecht-mocht-restaurant-waku-waku-sluiten";"1";"1";"café Kloek";"Organisatie";"Publiek en leden van het publiek, publieke opiniepeilingen en hun respondenten";"";"";"1";"1";"5";"0";"0";"0";"0";"0";"0";"0";"0";"0";"0";"0";"0";"0";"0";"0";"0";"0";"0";"0";"0";"0";"0";"0";"0";"0";"0";"0";"0";"0";"0";"0";"0";"0";"0";"0";"0";"0";"0";"0";"0";"0";"0";"0";"0";"0";"0";"0";"0";"0";"0";"0";"0";"0";"0";"0";"0";"0";"0";"0";"0";"0";"0";"0";"0";"0";"0";"0";"0";"0";"0";"0";"0";"0";"Ja"
"second_coder";2358916;"Bedrijven worstelen met thuiswerken, ""mentale gesteldheid is ook belangrijk""";"2020-12-01";"https://nos.nl/artikel/2358916-bedrijven-worstelen-met-thuiswerken-mentale-gesteldheid-is-ook-belangrijk";"1";"1";"RIVM";"Organisatie";"Openbare en semiopenbare instellingen";"";"";"1";"0";"35";"0";"0";"0";"0";"0";"0";"0";"0";"0";"0";"0";"0";"0";"0";"0";"0";"0";"0";"0";"0";"0";"0";"0";"0";"0";"0";"0";"0";"0";"0";"0";"0";"0";"0";"0";"0";"0";"0";"0";"0";"0";"0";"0";"0";"0";"0";"0";"0";"0";"0";"0";"0";"0";"0";"0";"0";"0";"0";"0";"0";"0";"0";"0";"0";"0";"0";"0";"0";"0";"0";"0";"0";"0";"Ja"
"second_coder";2361815;"RIVM: Britse coronavariant verspreidt zich door Nederland";"2020-12-23";"https://nos.nl/artikel/2361815-rivm-britse-coronavariant-verspreidt-zich-door-nederland.html";"1";"1";"Chantal Reusken";"Persoon";"Wetenschappelijke/medische organisaties en onderzoekers";"";"";"1";"1";"156";"1";"1";"1";"0";"0";"0";"0";"0";"0";"0";"0";"0";"0";"0";"0";"0";"0";"0";"0";"0";"0";"0";"0";"0";"0";"0";"0";"0";"0";"0";"0";"0";"0";"0";"0";"0";"0";"0";"0";"0";"0";"0";"0";"0";"0";"0";"0";"0";"0";"0";"0";"0";"0";"0";"0";"0";"0";"1";"1";"0";"0";"0";"0";"0";"0";"0";"0";"0";"0";"0";"0";"0";"0";"Ja"
"second_coder";2362513;"Zorgautoriteit: tientallen ziekenhuizen schrappen dringende operaties door corona";"2020-12-30";"https://nos.nl/artikel/2362513-zorgautoriteit-tientallen-ziekenhuizen-schrappen-dringende-operaties-door-corona.html";"1";"1";"een NZa-woordvoerder";"Persoon";"Niet-governementele organisaties (NGO), maatschappelijke organisaties, en hun leden";"";"";"1";"0";"18";"0";"0";"0";"0";"0";"0";"0";"0";"0";"0";"0";"0";"0";"0";"0";"0";"0";"0";"0";"0";"0";"0";"0";"0";"0";"0";"0";"0";"0";"0";"0";"0";"0";"0";"0";"0";"0";"0";"0";"0";"0";"0";"0";"0";"0";"0";"0";"0";"0";"0";"0";"0";"0";"0";"0";"0";"0";"0";"0";"0";"0";"0";"0";"0";"0";"0";"0";"0";"0";"0";"0";"0";"0";"Ja"
"second_coder";2365836;"190 aanhoudingen bij protest Amsterdam, ambtswoning Halsema extra beveiligd";"2021-01-24";"https://nos.nl/artikel/2365836-190-aanhoudingen-bij-protest-amsterdam-ambtswoning-halsema-extra-beveiligd";"1";"1";"de gemeente";"Organisatie";"NL - Nationale regionale en lokale politieke organisaties en hun ambtenaren";"";"NvT";"1";"0";"44";"0";"0";"0";"0";"0";"0";"0";"0";"0";"0";"0";"0";"0";"0";"0";"0";"0";"0";"0";"0";"0";"0";"0";"0";"0";"0";"0";"0";"0";"0";"0";"0";"0";"0";"0";"0";"0";"0";"0";"0";"0";"0";"0";"0";"0";"0";"0";"0";"0";"0";"0";"0";"0";"0";"0";"0";"0";"0";"0";"0";"0";"0";"0";"0";"0";"0";"0";"0";"0";"0";"0";"0";"0";"Nee"
"second_coder";2365889;"Oxfam: ""Economische ongelijkheid neemt toe door corona""";"2021-01-25";"https://nos.nl/artikel/2365889-oxfam-economische-ongelijkheid-neemt-toe-door-corona";"1";"1";"Michiel Servaes";"Persoon";"Niet-governementele organisaties (NGO), maatschappelijke organisaties, en hun leden";"";"";"1";"0";"95";"1";"0";"0";"0";"0";"0";"0";"0";"0";"0";"0";"0";"0";"0";"0";"0";"0";"0";"0";"0";"0";"0";"0";"0";"0";"0";"0";"0";"0";"0";"0";"0";"0";"0";"0";"0";"0";"0";"0";"0";"0";"0";"0";"0";"0";"0";"0";"0";"0";"0";"0";"0";"0";"0";"0";"0";"0";"0";"0";"0";"0";"0";"0";"0";"0";"1";"0";"1";"0";"0";"0";"0";"0";"Nee"
"second_coder";2454001;"Protesten in China tegen coronabeleid na brand met tien doden";"2022-11-26";"https://nos.nl/artikel/2454001-protesten-in-china-tegen-coronabeleid-na-brand-met-tien-doden";"1";"0";"";"";"";"";"";"0";"0";"";"";"0";"0";"0";"0";"0";"0";"0";"0";"0";"0";"0";"0";"0";"0";"0";"0";"0";"0";"0";"0";"0";"0";"0";"0";"0";"0";"0";"0";"0";"0";"0";"0";"0";"0";"0";"0";"0";"0";"0";"0";"0";"0";"0";"0";"0";"0";"0";"0";"0";"0";"0";"0";"0";"0";"0";"0";"0";"0";"0";"0";"0";"0";"0";"0";"0";"0";"0";"0";"0";"0";"0";"0";""
"second_coder";2378929;"Lange wachttijden en vaak jonge patiënten bij nazorgpoli's corona";"2021-05-01";"https://nos.nl/artikel/2378929-lange-wachttijden-en-vaak-jonge-patienten-bij-nazorgpoli-s-corona";"1";"1";"Bram van den Borst";"Persoon";"Wetenschappelijke/medische organisaties en onderzoekers";"";"";"1";"1";"77";"0";"0";"0";"0";"0";"0";"0";"0";"0";"0";"0";"0";"0";"0";"0";"0";"0";"0";"0";"0";"0";"0";"0";"0";"0";"0";"0";"0";"0";"0";"0";"0";"0";"0";"0";"0";"0";"0";"0";"0";"0";"0";"0";"0";"0";"0";"0";"0";"0";"0";"0";"0";"0";"0";"0";"0";"0";"0";"0";"0";"0";"0";"0";"0";"0";"0";"0";"0";"0";"0";"0";"0";"0";"Ja"
"second_coder";2369393;"Hof doet over een week uitspraak, avondklok blijft tot die tijd van kracht";"2021-02-19";"https://nos.nl/artikel/2369393-hof-doet-over-een-week-uitspraak-avondklok-blijft-tot-die-tijd-van-kracht.html";"1";"1";"de rechter";"Persoon";"Nationale en internationale rechterlijke macht";"";"";"0";"1";"16";"1";"0";"0";"0";"0";"0";"0";"0";"0";"0";"0";"0";"0";"0";"0";"0";"0";"1";"0";"1";"0";"0";"0";"0";"0";"0";"0";"0";"0";"0";"0";"0";"0";"0";"0";"0";"0";"0";"0";"0";"0";"0";"0";"0";"0";"0";"0";"0";"0";"0";"0";"0";"0";"0";"0";"0";"0";"0";"0";"0";"0";"0";"0";"0";"0";"0";"0";"0";"0";"0";"0";"0";"0";"Ja"
"second_coder";2379841;"Besmettingen India gaan hard door virusmutaties en niet naleven maatregelen";"2021-05-08";"https://nos.nl/artikel/2379841-besmettingen-india-gaan-hard-door-virusmutaties-en-niet-naleven-maatregelen";"1";"1";"deskundigen";"Persoon";"Wetenschappelijke/medische organisaties en onderzoekers";"";"";"0";"1";"20";"1";"0";"0";"0";"0";"0";"0";"0";"0";"0";"0";"0";"0";"0";"0";"0";"0";"0";"0";"0";"0";"0";"0";"0";"0";"0";"0";"0";"0";"0";"0";"0";"0";"0";"0";"0";"0";"0";"0";"0";"0";"0";"0";"0";"0";"0";"0";"0";"0";"0";"0";"0";"0";"0";"0";"0";"0";"1";"0";"0";"1";"0";"0";"0";"0";"0";"0";"0";"0";"0";"0";"0";"0";"Ja"
"second_coder";2417611;"Overheid wilde pas informeren over corona na ""grote klap""";"2022-02-16";"https://nos.nl/artikel/2417611-overheid-wilde-pas-informeren-over-corona-na-grote-klap";"1";"1";"VWS";"Organisatie";"Openbare en semiopenbare instellingen";"";"";"0";"1";"20";"0";"0";"0";"0";"0";"0";"0";"0";"0";"0";"0";"0";"0";"0";"0";"0";"0";"0";"0";"0";"0";"0";"0";"0";"0";"0";"0";"0";"0";"0";"0";"0";"0";"0";"0";"0";"0";"0";"0";"0";"0";"0";"0";"0";"0";"0";"0";"0";"0";"0";"0";"0";"0";"0";"0";"0";"0";"0";"0";"0";"0";"0";"0";"0";"0";"0";"0";"0";"0";"0";"0";"0";"0";"Nee"
"second_coder";2380020;"Zweedse corona-aanpak onder de loep, vooral migranten hard getroffen";"2021-05-09";"https://nos.nl/nieuwsuur/artikel/2380020-zweedse-corona-aanpak-onder-de-loep-vooral-migranten-hard-getroffen";"1";"1";"Stefan Hanson";"Persoon";"Wetenschappelijke/medische organisaties en onderzoekers";"";"";"1";"0";"73";"0";"0";"0";"0";"0";"0";"0";"0";"0";"0";"0";"0";"0";"0";"0";"0";"0";"0";"0";"0";"0";"0";"0";"0";"0";"0";"0";"0";"0";"0";"0";"0";"0";"0";"0";"0";"0";"0";"0";"0";"0";"0";"0";"0";"0";"0";"0";"0";"0";"0";"0";"0";"0";"0";"0";"0";"0";"0";"0";"0";"0";"0";"0";"0";"0";"0";"0";"0";"0";"0";"0";"0";"0";"Ja"
"second_coder";2413608;"Gemeente Amsterdam en Kapsalon Theater in conflict over ludieke protestactie";"2022-01-18";"https://nos.nl/artikel/2413608-gemeente-amsterdam-en-kapsalon-theater-in-conflict-over-ludieke-protestactie";"1";"1";"de Maasstad";"Geopolitieke entiteit";"Andere functie:";"Steden";"";"1";"0";"50";"1";"1";"0";"0";"1";"0";"0";"0";"0";"0";"0";"0";"0";"0";"0";"0";"0";"0";"0";"0";"0";"0";"0";"0";"0";"0";"0";"0";"0";"0";"0";"0";"0";"0";"0";"0";"0";"0";"0";"0";"0";"0";"0";"0";"0";"0";"0";"0";"0";"0";"0";"0";"0";"0";"0";"0";"0";"0";"0";"0";"0";"0";"0";"0";"0";"0";"0";"0";"0";"0";"0";"0";"0";"Ja"
"second_coder";2415061;"Skispringster Kramer zes dagen voor olympisch debuut positief getest op corona";"2022-01-30";"https://nos.nl/artikel/2415061-skispringster-kramer-zes-dagen-voor-olympisch-debuut-positief-getest-op-corona";"1";"0";"";"";"";"";"";"0";"0";"";"";"0";"0";"0";"0";"0";"0";"0";"0";"0";"0";"0";"0";"0";"0";"0";"0";"0";"0";"0";"0";"0";"0";"0";"0";"0";"0";"0";"0";"0";"0";"0";"0";"0";"0";"0";"0";"0";"0";"0";"0";"0";"0";"0";"0";"0";"0";"0";"0";"0";"0";"0";"0";"0";"0";"0";"0";"0";"0";"0";"0";"0";"0";"0";"0";"0";"0";"0";"0";"0";"0";"0";"0";""
"second_coder";2387267;"De ethische discussie over tieners vaccineren: ""Hoe vertel ik dit mijn kinderen?""";"2021-06-29";"https://nos.nl/artikel/2387267-de-ethische-discussie-over-tieners-vaccineren-hoe-vertel-ik-dit-mijn-kinderen";"1";"1";"Rieke van der Graaf";"Persoon";"Wetenschappelijke/medische organisaties en onderzoekers";"";"";"1";"1";"35";"1";"0";"0";"0";"0";"0";"0";"0";"0";"0";"0";"0";"0";"0";"0";"0";"0";"0";"0";"0";"0";"0";"0";"0";"0";"0";"0";"0";"0";"0";"0";"0";"0";"0";"0";"0";"0";"0";"0";"0";"0";"0";"0";"0";"0";"0";"0";"0";"0";"0";"0";"0";"0";"0";"0";"0";"0";"0";"0";"0";"0";"0";"0";"0";"0";"1";"0";"0";"1";"0";"0";"0";"0";"Ja"
"main_coder";2379607;"Kamer wil geen eigen bijdrage van 7,50 euro voor toegangstest";"2021-05-06";"https://nos.nl/artikel/2379607-kamer-wil-geen-eigen-bijdrage-van-7-50-euro-voor-toegangstest";"1";"1";"Kuiken";"Persoon";"NL - Nationaal parlement en nationale partijen – wetgevende macht";"";"PvdA";"0";"1";"40";"1";"0";"0";"0";"0";"0";"0";"0";"0";"0";"0";"0";"0";"0";"0";"0";"0";"0";"0";"0";"0";"0";"0";"0";"0";"0";"0";"0";"0";"0";"0";"0";"0";"0";"0";"0";"0";"0";"0";"0";"0";"0";"0";"0";"0";"0";"0";"0";"0";"0";"0";"0";"0";"0";"0";"0";"0";"1";"0";"1";"0";"0";"0";"0";"0";"0";"0";"0";"0";"0";"0";"0";"0";"Ja"
"main_coder";2363978;"Chinees vaccin is voor China ""kans om invloed in Afrika uit te breiden""";"2021-01-11";"https://nos.nl/artikel/2363978-chinees-vaccin-is-voor-china-kans-om-invloed-in-afrika-uit-te-breiden";"1";"1";"Sinopharm";"Organisatie";"Zakelijke organisaties en hun werknemers";"";"";"0";"1";"7";"1";"0";"0";"0";"0";"0";"0";"0";"0";"0";"0";"0";"0";"0";"0";"0";"0";"0";"0";"0";"0";"0";"0";"0";"0";"0";"0";"0";"0";"0";"0";"0";"0";"0";"0";"0";"0";"0";"0";"0";"0";"0";"0";"0";"0";"0";"0";"0";"0";"0";"0";"0";"0";"0";"0";"0";"0";"0";"0";"0";"0";"0";"0";"0";"0";"1";"0";"0";"1";"0";"0";"0";"0";"Ja"
"main_coder";2365392;"7,6 miljard euro voor verruiming steunpakket voor ondernemers";"2021-01-21";"https://nos.nl/artikel/2365392-7-6-miljard-euro-voor-verruiming-steunpakket-voor-ondernemers";"1";"0";"";"";"";"";"";"0";"0";"";"";"0";"0";"0";"0";"0";"0";"0";"0";"0";"0";"0";"0";"0";"0";"0";"0";"0";"0";"0";"0";"0";"0";"0";"0";"0";"0";"0";"0";"0";"0";"0";"0";"0";"0";"0";"0";"0";"0";"0";"0";"0";"0";"0";"0";"0";"0";"0";"0";"0";"0";"0";"0";"0";"0";"0";"0";"0";"0";"0";"0";"0";"0";"0";"0";"0";"0";"0";"0";"0";"0";"0";"0";""
"main_coder";2415061;"Skispringster Kramer zes dagen voor olympisch debuut positief getest op corona";"2022-01-30";"https://nos.nl/artikel/2415061-skispringster-kramer-zes-dagen-voor-olympisch-debuut-positief-getest-op-corona";"1";"0";"";"";"";"";"";"0";"0";"";"";"0";"0";"0";"0";"0";"0";"0";"0";"0";"0";"0";"0";"0";"0";"0";"0";"0";"0";"0";"0";"0";"0";"0";"0";"0";"0";"0";"0";"0";"0";"0";"0";"0";"0";"0";"0";"0";"0";"0";"0";"0";"0";"0";"0";"0";"0";"0";"0";"0";"0";"0";"0";"0";"0";"0";"0";"0";"0";"0";"0";"0";"0";"0";"0";"0";"0";"0";"0";"0";"0";"0";"0";""
"main_coder";2396862;"Huisartsen schreven vaker antidepressiva voor aan jongeren in tweede lockdown";"2021-09-07";"https://nos.nl/artikel/2396862-huisartsen-schreven-vaker-antidepressiva-voor-aan-jongeren-in-tweede-lockdown";"1";"1";"het Centraal Bureau voor de Statistiek";"Organisatie";"Openbare en semiopenbare instellingen";"";"";"0";"1";"34";"0";"0";"0";"0";"0";"0";"0";"0";"0";"0";"0";"0";"0";"0";"0";"0";"0";"0";"0";"0";"0";"0";"0";"0";"0";"0";"0";"0";"0";"0";"0";"0";"0";"0";"0";"0";"0";"0";"0";"0";"0";"0";"0";"0";"0";"0";"0";"0";"0";"0";"0";"0";"0";"0";"0";"0";"0";"0";"0";"0";"0";"0";"0";"0";"0";"0";"0";"0";"0";"0";"0";"0";"0";"Nee"
"main_coder";2407133;"Uitputtingsslag in ziekenhuizen: ""Angst voor wat nog komt""";"2021-11-26";"https://nos.nl/artikel/2407133-uitputtingsslag-in-ziekenhuizen-angst-voor-wat-nog-komt";"1";"1";"Peter van der Voort";"Persoon";"Wetenschappelijke/medische organisaties en onderzoekers";"";"";"1";"0";"202";"0";"0";"0";"0";"0";"0";"0";"0";"0";"0";"0";"0";"0";"0";"0";"0";"0";"0";"0";"0";"0";"0";"0";"0";"0";"0";"0";"0";"0";"0";"0";"0";"0";"0";"0";"0";"0";"0";"0";"0";"0";"0";"0";"0";"0";"0";"0";"0";"0";"0";"0";"0";"0";"0";"0";"0";"0";"0";"0";"0";"0";"0";"0";"0";"0";"0";"0";"0";"0";"0";"0";"0";"0";"Nee"
"main_coder";2413608;"Gemeente Amsterdam en Kapsalon Theater in conflict over ludieke protestactie";"2022-01-18";"https://nos.nl/artikel/2413608-gemeente-amsterdam-en-kapsalon-theater-in-conflict-over-ludieke-protestactie";"1";"1";"Rotterdam";"Geopolitieke entiteit";"NL - Nationale regionale en lokale politieke organisaties en hun ambtenaren";"";"NvT";"1";"0";"50";"1";"1";"0";"0";"1";"0";"0";"0";"0";"0";"0";"0";"0";"0";"0";"0";"0";"0";"0";"0";"0";"0";"0";"0";"0";"0";"0";"0";"0";"0";"0";"0";"0";"0";"0";"0";"0";"0";"0";"0";"0";"0";"0";"0";"0";"0";"0";"0";"0";"0";"0";"0";"0";"0";"0";"0";"0";"0";"0";"0";"0";"0";"0";"0";"0";"0";"0";"0";"0";"0";"0";"0";"0";"Ja"
"main_coder";2397937;"YouTube mocht filmpjes met toespraak Baudet over corona verwijderen";"2021-09-15";"https://nos.nl/artikel/2397937-youtube-mocht-filmpjes-met-toespraak-baudet-over-corona-verwijderen";"1";"1";"de rechter";"Persoon";"Nationale en internationale rechterlijke macht";"";"";"0";"1";"5";"0";"0";"0";"0";"0";"0";"0";"0";"0";"0";"0";"0";"0";"0";"0";"0";"0";"0";"0";"0";"0";"0";"0";"0";"0";"0";"0";"0";"0";"0";"0";"0";"0";"0";"0";"0";"0";"0";"0";"0";"0";"0";"0";"0";"0";"0";"0";"0";"0";"0";"0";"0";"0";"0";"0";"0";"0";"0";"0";"0";"0";"0";"0";"0";"0";"0";"0";"0";"0";"0";"0";"0";"0";"Ja"
"main_coder";2387267;"De ethische discussie over tieners vaccineren: ""Hoe vertel ik dit mijn kinderen?""";"2021-06-29";"https://nos.nl/artikel/2387267-de-ethische-discussie-over-tieners-vaccineren-hoe-vertel-ik-dit-mijn-kinderen";"1";"1";"Onder meer de Nederlandse Vereniging van Kinderartsen en nu dus ook de Gezondheidsraad";"Organisatie";"Wetenschappelijke/medische organisaties en onderzoekers";"";"";"0";"1";"13";"1";"0";"0";"0";"0";"0";"0";"0";"0";"0";"0";"0";"0";"0";"0";"0";"0";"0";"0";"0";"0";"0";"0";"0";"0";"0";"0";"0";"0";"0";"0";"0";"0";"0";"0";"0";"0";"0";"0";"0";"0";"0";"0";"0";"0";"0";"0";"0";"0";"0";"0";"0";"0";"0";"0";"0";"0";"0";"0";"0";"0";"0";"0";"0";"0";"1";"1";"0";"0";"0";"0";"0";"0";"Ja"
"main_coder";2328119;"Aanscherping coronamaatregelen is een hard gelag: ""Het valt ons zwaar""";"2020-03-23";"https://nos.nl/artikel/2328119-aanscherping-coronamaatregelen-is-een-hard-gelag-het-valt-ons-zwaar";"1";"1";"ACP";"Organisatie";"Niet-governementele organisaties (NGO), maatschappelijke organisaties, en hun leden";"";"";"1";"1";"33";"1";"0";"0";"0";"0";"0";"0";"0";"0";"0";"0";"0";"0";"0";"0";"0";"0";"0";"0";"0";"0";"0";"0";"0";"0";"0";"0";"0";"0";"0";"0";"0";"0";"0";"0";"0";"0";"0";"0";"0";"0";"0";"0";"0";"0";"0";"0";"0";"0";"0";"0";"0";"0";"1";"0";"0";"1";"0";"0";"0";"0";"0";"0";"0";"0";"0";"0";"0";"0";"0";"0";"0";"0";"Ja"
"main_coder";2409659;"De Jonge waarschuwt in Kamer: volgende week mogelijk al nieuwe maatregelen";"2021-12-15";"https://nos.nl/artikel/2409659-de-jonge-waarschuwt-in-kamer-volgende-week-mogelijk-al-nieuwe-maatregelen";"1";"1";"De Jonge";"Persoon";"NL - Nationale regering - executive / uitvoerende macht";"";"CDA";"1";"1";"53";"1";"0";"0";"0";"0";"0";"0";"0";"0";"0";"0";"0";"0";"0";"0";"0";"0";"0";"0";"0";"0";"0";"0";"0";"0";"0";"0";"0";"0";"0";"0";"0";"0";"0";"0";"0";"0";"0";"0";"0";"0";"0";"0";"0";"0";"0";"0";"0";"0";"0";"0";"0";"0";"0";"0";"0";"0";"0";"0";"0";"0";"0";"0";"0";"0";"1";"1";"0";"0";"0";"0";"0";"0";"Ja"
"main_coder";2336043;"Nederland wil samen met andere landen aan coronavaccin komen";"2020-06-03";"https://nos.nl/artikel/2336043-nederland-wil-samen-met-andere-landen-aan-coronavaccin-komen.html";"1";"1";"het ministerie van Volksgezondheid";"Organisatie";"NL - Nationale regering - executive / uitvoerende macht";"";"NvT";"0";"1";"12";"0";"0";"0";"0";"0";"0";"0";"0";"0";"0";"0";"0";"0";"0";"0";"0";"0";"0";"0";"0";"0";"0";"0";"0";"0";"0";"0";"0";"0";"0";"0";"0";"0";"0";"0";"0";"0";"0";"0";"0";"0";"0";"0";"0";"0";"0";"0";"0";"0";"0";"0";"0";"0";"0";"0";"0";"0";"0";"0";"0";"0";"0";"0";"0";"0";"0";"0";"0";"0";"0";"0";"0";"0";"Ja"
"main_coder";2346916;"Evenementen in tijd van corona: ""Elke tribune heeft eigen parkeerplaatsen""";"2020-09-05";"https://nos.nl/artikel/2346916-evenementen-in-tijd-van-corona-elke-tribune-heeft-eigen-parkeerplaatsen.html";"1";"1";"Lee van Dam";"Persoon";"Niet-governementele organisaties (NGO), maatschappelijke organisaties, en hun leden";"";"";"1";"0";"10";"0";"0";"0";"0";"0";"0";"0";"0";"0";"0";"0";"0";"0";"0";"0";"0";"0";"0";"0";"0";"0";"0";"0";"0";"0";"0";"0";"0";"0";"0";"0";"0";"0";"0";"0";"0";"0";"0";"0";"0";"0";"0";"0";"0";"0";"0";"0";"0";"0";"0";"0";"0";"0";"0";"0";"0";"0";"0";"0";"0";"0";"0";"0";"0";"0";"0";"0";"0";"0";"0";"0";"0";"0";"Ja"
"main_coder";2417611;"Overheid wilde pas informeren over corona na ""grote klap""";"2022-02-16";"https://nos.nl/artikel/2417611-overheid-wilde-pas-informeren-over-corona-na-grote-klap";"1";"1";"het ministerie van Volksgezondheid";"Organisatie";"NL - Nationale regering - executive / uitvoerende macht";"";"NvT";"0";"1";"27";"0";"0";"0";"0";"0";"0";"0";"0";"0";"0";"0";"0";"0";"0";"0";"0";"0";"0";"0";"0";"0";"0";"0";"0";"0";"0";"0";"0";"0";"0";"0";"0";"0";"0";"0";"0";"0";"0";"0";"0";"0";"0";"0";"0";"0";"0";"0";"0";"0";"0";"0";"0";"0";"0";"0";"0";"0";"0";"0";"0";"0";"0";"0";"0";"0";"0";"0";"0";"0";"0";"0";"0";"0";"Ja"
"main_coder";2350775;"Republikeinen besmet die samen waren in tuin Witte Huis, coronaregels genegeerd";"2020-10-03";"https://nos.nl/artikel/2350775-republikeinen-besmet-die-samen-waren-in-tuin-witte-huis-coronaregels-genegeerd.html";"1";"1";"Chuck Schumer";"Persoon";"Regeringen/regeringsleiders/regeringsleden en/of andere politici in een ander land dan NL, op nationaal of lokaal niveau OF staatsorganisaties en hun ambtenaren";"";"";"0";"1";"9";"0";"0";"0";"0";"0";"0";"0";"0";"0";"0";"0";"0";"0";"0";"0";"0";"0";"0";"0";"0";"0";"0";"0";"0";"0";"0";"0";"0";"0";"0";"0";"0";"0";"0";"0";"0";"0";"0";"0";"0";"0";"0";"0";"0";"0";"0";"0";"0";"0";"0";"0";"0";"0";"0";"0";"0";"0";"0";"0";"0";"0";"0";"0";"0";"0";"0";"0";"0";"0";"0";"0";"0";"0";"Ja"
"main_coder";2410526;"NHL geeft ijshockeyspelers opnieuw niet vrij voor Winterspelen";"2021-12-22";"https://nos.nl/artikel/2410526-nhl-geeft-ijshockeyspelers-opnieuw-niet-vrij-voor-winterspelen";"1";"1";"Rod Brind'Amour";"Persoon";"Bekende mediapersonen (anders dan journalisten)";"";"";"1";"1";"36";"0";"0";"0";"0";"0";"0";"0";"0";"0";"0";"0";"0";"0";"0";"0";"0";"0";"0";"0";"0";"0";"0";"0";"0";"0";"0";"0";"0";"0";"0";"0";"0";"0";"0";"0";"0";"0";"0";"0";"0";"0";"0";"0";"0";"0";"0";"0";"0";"0";"0";"0";"0";"0";"0";"0";"0";"0";"0";"0";"0";"0";"0";"0";"0";"0";"0";"0";"0";"0";"0";"0";"0";"0";"Ja"
"main_coder";2373350;"RIVM: ""Oplopend aantal besmettingen betekent niet per se meer ziekenhuisopnames""";"2021-03-20";"https://nos.nl/artikel/2373350-rivm-oplopend-aantal-besmettingen-betekent-niet-per-se-meer-ziekenhuisopnames";"1";"1";"Jacco Wallinga";"Persoon";"Openbare en semiopenbare instellingen";"";"";"1";"0";"329";"0";"0";"0";"0";"0";"0";"0";"0";"0";"0";"0";"0";"0";"0";"0";"0";"0";"0";"0";"0";"0";"0";"0";"0";"0";"0";"0";"0";"0";"0";"0";"0";"0";"0";"0";"0";"0";"0";"0";"0";"0";"0";"0";"0";"0";"0";"0";"0";"0";"0";"0";"0";"0";"0";"0";"0";"0";"0";"0";"0";"0";"0";"0";"0";"0";"0";"0";"0";"0";"0";"0";"0";"0";"Nee"
"main_coder";2336349;"Israël sluit 90 scholen weer uit angst voor nieuwe corona-uitbraak";"2020-06-05";"https://nos.nl/artikel/2336349-israel-sluit-90-scholen-weer-uit-angst-voor-nieuwe-corona-uitbraak";"1";"1";"het RIVM";"Organisatie";"Openbare en semiopenbare instellingen";"";"";"0";"1";"26";"0";"0";"0";"0";"0";"0";"0";"0";"0";"0";"0";"0";"0";"0";"0";"0";"0";"0";"0";"0";"0";"0";"0";"0";"0";"0";"0";"0";"0";"0";"0";"0";"0";"0";"0";"0";"0";"0";"0";"0";"0";"0";"0";"0";"0";"0";"0";"0";"0";"0";"0";"0";"0";"0";"0";"0";"0";"0";"0";"0";"0";"0";"0";"0";"0";"0";"0";"0";"0";"0";"0";"0";"0";"Ja"
"main_coder";2407489;"Doodgeboortes bij niet-gevaccineerde vrouwen na ontsteking door corona";"2021-11-29";"https://nos.nl/artikel/2407489-doodgeboortes-bij-niet-gevaccineerde-vrouwen-na-ontsteking-door-corona";"1";"1";"De Nederlandse Vereniging voor Obstetrie en Gynaecologie";"Organisatie";"Niet-governementele organisaties (NGO), maatschappelijke organisaties, en hun leden";"";"";"0";"1";"8";"1";"0";"0";"0";"0";"0";"0";"0";"0";"0";"0";"0";"0";"0";"0";"0";"0";"0";"0";"0";"0";"0";"0";"0";"0";"0";"0";"0";"0";"0";"0";"0";"0";"0";"0";"0";"0";"0";"0";"0";"0";"0";"0";"0";"0";"0";"0";"0";"0";"0";"0";"0";"0";"0";"0";"0";"0";"0";"0";"0";"0";"0";"0";"0";"0";"1";"1";"0";"0";"0";"0";"0";"0";"Ja"
"main_coder";2365836;"190 aanhoudingen bij protest Amsterdam, ambtswoning Halsema extra beveiligd";"2021-01-24";"https://nos.nl/artikel/2365836-190-aanhoudingen-bij-protest-amsterdam-ambtswoning-halsema-extra-beveiligd";"1";"1";"Een van de initiatiefnemers";"Persoon";"Publiek en leden van het publiek, publieke opiniepeilingen en hun respondenten";"";"";"1";"0";"1";"0";"0";"0";"0";"0";"0";"0";"0";"0";"0";"0";"0";"0";"0";"0";"0";"0";"0";"0";"0";"0";"0";"0";"0";"0";"0";"0";"0";"0";"0";"0";"0";"0";"0";"0";"0";"0";"0";"0";"0";"0";"0";"0";"0";"0";"0";"0";"0";"0";"0";"0";"0";"0";"0";"0";"0";"0";"0";"0";"0";"0";"0";"0";"0";"0";"0";"0";"0";"0";"0";"0";"0";"0";"Nee"
"main_coder";2457129;"China naarstig op zoek naar ziekenhuisbedden voor coronapatiënten";"2022-12-20";"https://nos.nl/artikel/2457129-china-naarstig-op-zoek-naar-ziekenhuisbedden-voor-coronapatienten";"1";"1";"Een zegsman van het Amerikaanse ministerie van Defensie";"Persoon";"Regeringen/regeringsleiders/regeringsleden en/of andere politici in een ander land dan NL, op nationaal of lokaal niveau OF staatsorganisaties en hun ambtenaren";"";"";"0";"1";"18";"0";"0";"0";"0";"0";"0";"0";"0";"0";"0";"0";"0";"0";"0";"0";"0";"0";"0";"0";"0";"0";"0";"0";"0";"0";"0";"0";"0";"0";"0";"0";"0";"0";"0";"0";"0";"0";"0";"0";"0";"0";"0";"0";"0";"0";"0";"0";"0";"0";"0";"0";"0";"0";"0";"0";"0";"0";"0";"0";"0";"0";"0";"0";"0";"0";"0";"0";"0";"0";"0";"0";"0";"0";"Ja"
"main_coder";2386070;"Toegangsbewijs voor festival of club: ""Er is altijd een groep die dit niet accepteert""";"2021-06-21";"https://nos.nl/artikel/2386070-toegangsbewijs-voor-festival-of-club-er-is-altijd-een-groep-die-dit-niet-accepteert";"1";"1";"Vincent Böhre";"Persoon";"Niet-governementele organisaties (NGO), maatschappelijke organisaties, en hun leden";"";"";"1";"1";"95";"1";"0";"0";"0";"0";"0";"0";"0";"0";"0";"0";"0";"0";"0";"0";"0";"0";"0";"0";"0";"0";"0";"0";"0";"0";"0";"0";"0";"0";"0";"0";"0";"0";"0";"0";"0";"0";"0";"0";"0";"0";"0";"0";"0";"0";"0";"0";"0";"0";"0";"0";"0";"0";"0";"0";"0";"0";"1";"0";"1";"0";"0";"0";"0";"0";"0";"0";"0";"0";"0";"0";"0";"0";"Ja"
"main_coder";2339595;"Modezaken worstelen met impact corona, veel uitverkoop en onverkochte voorraden";"2020-07-05";"https://nos.nl/artikel/2339595-modezaken-worstelen-met-impact-corona-veel-uitverkoop-en-onverkochte-voorraden.html";"1";"1";"Cécile Narinx";"Persoon";"Journalisten anders dan de schrijver van het huidige artikel of nieuwsorganisaties anders dan de nieuwsorganisatie van het huidige artikel.";"";"";"1";"1";"82";"0";"0";"0";"0";"0";"0";"0";"0";"0";"0";"0";"0";"0";"0";"0";"0";"0";"0";"0";"0";"0";"0";"0";"0";"0";"0";"0";"0";"0";"0";"0";"0";"0";"0";"0";"0";"0";"0";"0";"0";"0";"0";"0";"0";"0";"0";"0";"0";"0";"0";"0";"0";"0";"0";"0";"0";"0";"0";"0";"0";"0";"0";"0";"0";"0";"0";"0";"0";"0";"0";"0";"0";"0";"Ja"
"main_coder";2336823;"Wereldwijde coronatrends: voor het eerst in maanden weer meer doden";"2020-06-10";"https://nos.nl/artikel/2336823-wereldwijde-coronatrends-voor-het-eerst-in-maanden-weer-meer-doden";"1";"1";"Imran Kahn";"Persoon";"Regeringen/regeringsleiders/regeringsleden en/of andere politici in een ander land dan NL, op nationaal of lokaal niveau OF staatsorganisaties en hun ambtenaren";"";"";"0";"1";"33";"1";"0";"0";"0";"0";"0";"0";"0";"0";"0";"0";"0";"0";"0";"0";"0";"0";"0";"0";"0";"0";"0";"0";"0";"0";"0";"0";"0";"0";"0";"0";"0";"0";"0";"0";"0";"0";"0";"0";"0";"0";"0";"0";"0";"0";"0";"0";"0";"0";"0";"0";"0";"0";"0";"0";"0";"0";"0";"0";"0";"0";"1";"0";"1";"0";"0";"0";"0";"0";"0";"0";"0";"0";"Nee"
"main_coder";2370347;"Steun voor maatregelen sterk afgenomen, maar meeste mensen houden zich er nog aan";"2021-02-26";"https://nos.nl/artikel/2370347-steun-voor-maatregelen-sterk-afgenomen-maar-meeste-mensen-houden-zich-er-nog-aan.html";"1";"1";"42 procent van de ondervraagden";"Persoon";"Publiek en leden van het publiek, publieke opiniepeilingen en hun respondenten";"";"";"0";"1";"3";"1";"0";"0";"0";"0";"0";"0";"0";"0";"0";"0";"0";"0";"0";"0";"0";"0";"1";"1";"0";"0";"0";"0";"0";"0";"0";"0";"0";"0";"0";"0";"0";"0";"0";"0";"0";"0";"0";"0";"0";"0";"0";"0";"0";"0";"0";"0";"0";"0";"0";"0";"0";"0";"0";"0";"0";"0";"0";"0";"0";"0";"0";"0";"0";"0";"0";"0";"0";"0";"0";"0";"0";"0";"Ja"
"main_coder";2355910;"Van commerciële tests op het coronavirus is alleen topje van ijsberg bekend";"2020-11-09";"https://nos.nl/artikel/2355910-van-commerciele-tests-op-het-coronavirus-is-alleen-topje-van-ijsberg-bekend.html";"1";"1";"Marion Koopmans";"Persoon";"Wetenschappelijke/medische organisaties en onderzoekers";"";"";"1";"0";"61";"0";"0";"0";"0";"0";"0";"0";"0";"0";"0";"0";"0";"0";"0";"0";"0";"0";"0";"0";"0";"0";"0";"0";"0";"0";"0";"0";"0";"0";"0";"0";"0";"0";"0";"0";"0";"0";"0";"0";"0";"0";"0";"0";"0";"0";"0";"0";"0";"0";"0";"0";"0";"0";"0";"0";"0";"0";"0";"0";"0";"0";"0";"0";"0";"0";"0";"0";"0";"0";"0";"0";"0";"0";"Ja"
"main_coder";2358194;"Het is rustig in de teststraat, waarom wordt die capaciteit niet gebruikt?";"2020-11-26";"https://nos.nl/artikel/2358194-het-is-rustig-in-de-teststraat-waarom-wordt-die-capaciteit-niet-gebruikt.html";"1";"1";"het kabinet";"Organisatie";"NL - Nationale regering - executive / uitvoerende macht";"";"NvT";"0";"1";"10";"1";"0";"0";"0";"0";"0";"0";"0";"0";"0";"0";"0";"0";"0";"0";"0";"0";"0";"0";"0";"0";"0";"0";"0";"0";"0";"0";"0";"0";"0";"0";"0";"0";"0";"0";"0";"0";"0";"0";"0";"0";"0";"0";"0";"0";"0";"0";"0";"0";"0";"0";"0";"0";"0";"0";"0";"0";"1";"0";"0";"1";"0";"0";"0";"0";"0";"0";"0";"0";"0";"0";"0";"0";"Ja"
"main_coder";2329762;"""We zijn nog lang niet van corona af, dus stop met gijzeling overige zorg""";"2020-04-07";"https://nos.nl/nieuwsuur/artikel/2329762-we-zijn-nog-lang-niet-van-corona-af-dus-stop-met-gijzeling-overige-zorg";"1";"1";"artsen";"Persoon";"Wetenschappelijke/medische organisaties en onderzoekers";"";"";"1";"0";"9";"0";"0";"0";"0";"0";"0";"0";"0";"0";"0";"0";"0";"0";"0";"0";"0";"0";"0";"0";"0";"0";"0";"0";"0";"0";"0";"0";"0";"0";"0";"0";"0";"0";"0";"0";"0";"0";"0";"0";"0";"0";"0";"0";"0";"0";"0";"0";"0";"0";"0";"0";"0";"0";"0";"0";"0";"0";"0";"0";"0";"0";"0";"0";"0";"0";"0";"0";"0";"0";"0";"0";"0";"0";"Ja"
"main_coder";2328680;"Coronanieuws 28 maart: onveilige mondkapjes en ziekenhuis wil hulp van Duitsland";"2020-03-28";"https://nos.nl/artikel/2328680-coronanieuws-28-maart-onveilige-mondkapjes-en-ziekenhuis-wil-hulp-van-duitsland";"1";"1";"De Jonge";"Persoon";"NL - Nationale regering - executive / uitvoerende macht";"";"CDA";"0";"1";"7";"0";"0";"0";"0";"0";"0";"0";"0";"0";"0";"0";"0";"0";"0";"0";"0";"0";"0";"0";"0";"0";"0";"0";"0";"0";"0";"0";"0";"0";"0";"0";"0";"0";"0";"0";"0";"0";"0";"0";"0";"0";"0";"0";"0";"0";"0";"0";"0";"0";"0";"0";"0";"0";"0";"0";"0";"0";"0";"0";"0";"0";"0";"0";"0";"0";"0";"0";"0";"0";"0";"0";"0";"0";"Ja"
"main_coder";2380020;"Zweedse corona-aanpak onder de loep, vooral migranten hard getroffen";"2021-05-09";"https://nos.nl/nieuwsuur/artikel/2380020-zweedse-corona-aanpak-onder-de-loep-vooral-migranten-hard-getroffen";"1";"1";"Saskia Dekkers";"Persoon";"Journalisten anders dan de schrijver van het huidige artikel of nieuwsorganisaties anders dan de nieuwsorganisatie van het huidige artikel.";"";"";"1";"0";"11";"0";"0";"0";"0";"0";"0";"0";"0";"0";"0";"0";"0";"0";"0";"0";"0";"0";"0";"0";"0";"0";"0";"0";"0";"0";"0";"0";"0";"0";"0";"0";"0";"0";"0";"0";"0";"0";"0";"0";"0";"0";"0";"0";"0";"0";"0";"0";"0";"0";"0";"0";"0";"0";"0";"0";"0";"0";"0";"0";"0";"0";"0";"0";"0";"0";"0";"0";"0";"0";"0";"0";"0";"0";"Ja"
"main_coder";2330078;"Google en Apple bouwen ""corona-tracking"" in op smartphones";"2020-04-10";"https://nos.nl/artikel/2330078-google-en-apple-bouwen-corona-tracking-in-op-smartphones";"0";"0";"";"";"";"";"";"0";"0";"";"";"0";"0";"0";"0";"0";"0";"0";"0";"0";"0";"0";"0";"0";"0";"0";"0";"0";"0";"0";"0";"0";"0";"0";"0";"0";"0";"0";"0";"0";"0";"0";"0";"0";"0";"0";"0";"0";"0";"0";"0";"0";"0";"0";"0";"0";"0";"0";"0";"0";"0";"0";"0";"0";"0";"0";"0";"0";"0";"0";"0";"0";"0";"0";"0";"0";"0";"0";"0";"0";"0";"0";"0";""
"main_coder";2325123;"Opnieuw (of nog steeds) besmet met corona: hoe kan dat?";"2020-02-29";"https://nos.nl/artikel/2325123-opnieuw-of-nog-steeds-besmet-met-corona-hoe-kan-dat";"1";"1";"Marion Koopmans";"Persoon";"Wetenschappelijke/medische organisaties en onderzoekers";"";"";"1";"1";"118";"1";"0";"0";"0";"0";"0";"0";"0";"0";"0";"0";"0";"0";"0";"0";"0";"0";"0";"0";"0";"0";"0";"0";"0";"0";"0";"0";"0";"0";"0";"0";"0";"0";"0";"0";"0";"0";"0";"0";"0";"0";"0";"0";"0";"0";"0";"0";"0";"0";"0";"0";"0";"0";"0";"0";"0";"0";"1";"0";"0";"1";"0";"0";"0";"0";"0";"0";"0";"0";"0";"0";"0";"0";"Nee"
"main_coder";2326923;"Dit was de dag dat Nederland ""een patiënt"" werd";"2020-03-12";"https://nos.nl/artikel/2326923-dit-was-de-dag-dat-nederland-een-patient-werd";"1";"1";"het kabinet";"Organisatie";"NL - Nationale regering - executive / uitvoerende macht";"";"NvT";"1";"1";"15";"1";"0";"0";"0";"0";"0";"0";"0";"0";"0";"0";"0";"0";"0";"0";"0";"0";"0";"0";"0";"0";"0";"0";"0";"0";"0";"0";"0";"0";"0";"0";"0";"0";"0";"0";"0";"0";"0";"0";"0";"0";"0";"0";"0";"0";"0";"0";"0";"0";"0";"0";"0";"0";"0";"0";"0";"0";"0";"0";"0";"0";"0";"0";"0";"0";"0";"0";"0";"0";"1";"1";"0";"0";"Ja"
"main_coder";2456638;"Kabinet draagt bij aan toekomstig fonds voor zorgwerkers met long covid";"2022-12-16";"https://nos.nl/artikel/2456638-kabinet-draagt-bij-aan-toekomstig-fonds-voor-zorgwerkers-met-long-covid";"1";"1";"Vakbond FNV";"Organisatie";"Niet-governementele organisaties (NGO), maatschappelijke organisaties, en hun leden";"";"";"0";"1";"15";"0";"0";"0";"0";"0";"0";"0";"0";"0";"0";"0";"0";"0";"0";"0";"0";"0";"0";"0";"0";"0";"0";"0";"0";"0";"0";"0";"0";"0";"0";"0";"0";"0";"0";"0";"0";"0";"0";"0";"0";"0";"0";"0";"0";"0";"0";"0";"0";"0";"0";"0";"0";"0";"0";"0";"0";"0";"0";"0";"0";"0";"0";"0";"0";"0";"0";"0";"0";"0";"0";"0";"0";"0";"Ja"
"main_coder";2440742;"Agent vervolgd die vrouw in Eindhoven van dichtbij bespoot met waterkanon";"2022-08-15";"https://nos.nl/artikel/2440742-agent-vervolgd-die-vrouw-in-eindhoven-van-dichtbij-bespoot-met-waterkanon";"1";"1";"Omroep Brabant";"Organisatie";"Journalisten anders dan de schrijver van het huidige artikel of nieuwsorganisaties anders dan de nieuwsorganisatie van het huidige artikel.";"";"";"0";"1";"8";"0";"0";"0";"0";"0";"0";"0";"0";"0";"0";"0";"0";"0";"0";"0";"0";"0";"0";"0";"0";"0";"0";"0";"0";"0";"0";"0";"0";"0";"0";"0";"0";"0";"0";"0";"0";"0";"0";"0";"0";"0";"0";"0";"0";"0";"0";"0";"0";"0";"0";"0";"0";"0";"0";"0";"0";"0";"0";"0";"0";"0";"0";"0";"0";"0";"0";"0";"0";"0";"0";"0";"0";"0";"Nee"
"main_coder";2441951;"""9 op 10 opgenomen coronapatiënten hebben jaar later nog klachten""";"2022-08-25";"https://nos.nl/artikel/2441951-9-op-10-opgenomen-coronapatienten-hebben-jaar-later-nog-klachten";"1";"1";"Het RIVM";"Organisatie";"Openbare en semiopenbare instellingen";"";"";"0";"1";"12";"0";"0";"0";"0";"0";"0";"0";"0";"0";"0";"0";"0";"0";"0";"0";"0";"0";"0";"0";"0";"0";"0";"0";"0";"0";"0";"0";"0";"0";"0";"0";"0";"0";"0";"0";"0";"0";"0";"0";"0";"0";"0";"0";"0";"0";"0";"0";"0";"0";"0";"0";"0";"0";"0";"0";"0";"0";"0";"0";"0";"0";"0";"0";"0";"0";"0";"0";"0";"0";"0";"0";"0";"0";"Nee"
"main_coder";2428330;"Lockdown trof mentale gezondheid jongeren, veel ouderen voelden zich juist goed";"2022-05-11";"https://nos.nl/artikel/2428330-lockdown-trof-mentale-gezondheid-jongeren-veel-ouderen-voelden-zich-juist-goed";"1";"1";"de Commissie Actuele Nederlandse Suïcide Registratie";"Organisatie";"Wetenschappelijke/medische organisaties en onderzoekers";"";"";"0";"1";"15";"0";"0";"0";"0";"0";"0";"0";"0";"0";"0";"0";"0";"0";"0";"0";"0";"0";"0";"0";"0";"0";"0";"0";"0";"0";"0";"0";"0";"0";"0";"0";"0";"0";"0";"0";"0";"0";"0";"0";"0";"0";"0";"0";"0";"0";"0";"0";"0";"0";"0";"0";"0";"0";"0";"0";"0";"0";"0";"0";"0";"0";"0";"0";"0";"0";"0";"0";"0";"0";"0";"0";"0";"0";"Ja"
"main_coder";2432686;"Post-covid kan nog eens duizenden zorgmedewerkers baan kosten";"2022-06-14";"https://nos.nl/artikel/2432686-post-covid-kan-nog-eens-duizenden-zorgmedewerkers-baan-kosten";"1";"1";"een van hen";"Persoon";"Publiek en leden van het publiek, publieke opiniepeilingen en hun respondenten";"";"";"1";"0";"17";"0";"0";"0";"0";"0";"0";"0";"0";"0";"0";"0";"0";"0";"0";"0";"0";"0";"0";"0";"0";"0";"0";"0";"0";"0";"0";"0";"0";"0";"0";"0";"0";"0";"0";"0";"0";"0";"0";"0";"0";"0";"0";"0";"0";"0";"0";"0";"0";"0";"0";"0";"0";"0";"0";"0";"0";"0";"0";"0";"0";"0";"0";"0";"0";"0";"0";"0";"0";"0";"0";"0";"0";"0";"Ja"
"main_coder";2413877;"Kabinet hoopt op opening horeca en cultuur, maar ""gaat nog geen garanties geven""";"2022-01-20";"https://nos.nl/artikel/2413877-kabinet-hoopt-op-opening-horeca-en-cultuur-maar-gaat-nog-geen-garanties-geven";"1";"1";"Kuipers";"Persoon";"NL - Nationale regering - executive / uitvoerende macht";"";"D66";"1";"0";"25";"0";"0";"0";"0";"0";"0";"0";"0";"0";"0";"0";"0";"0";"0";"0";"0";"0";"0";"0";"0";"0";"0";"0";"0";"0";"0";"0";"0";"0";"0";"0";"0";"0";"0";"0";"0";"0";"0";"0";"0";"0";"0";"0";"0";"0";"0";"0";"0";"0";"0";"0";"0";"0";"0";"0";"0";"0";"0";"0";"0";"0";"0";"0";"0";"0";"0";"0";"0";"0";"0";"0";"0";"0";"Ja"
"main_coder";2408462;"Instroom van coronapatiënten in ziekenhuizen over piek heen";"2021-12-06";"https://nos.nl/artikel/2408462-instroom-van-coronapatienten-in-ziekenhuizen-over-piek-heen";"1";"1";"Een woordvoerder van het Regionaal Overleg Acute Zorgketen";"Persoon";"Wetenschappelijke/medische organisaties en onderzoekers";"";"";"1";"0";"17";"0";"0";"0";"0";"0";"0";"0";"0";"0";"0";"0";"0";"0";"0";"0";"0";"0";"0";"0";"0";"0";"0";"0";"0";"0";"0";"0";"0";"0";"0";"0";"0";"0";"0";"0";"0";"0";"0";"0";"0";"0";"0";"0";"0";"0";"0";"0";"0";"0";"0";"0";"0";"0";"0";"0";"0";"0";"0";"0";"0";"0";"0";"0";"0";"0";"0";"0";"0";"0";"0";"0";"0";"0";"Ja"
"main_coder";2406422;"Tienduizenden Oostenrijkers protesteren tegen lockdown en vaccinatieplicht";"2021-11-20";"https://nos.nl/artikel/2406422-tienduizenden-oostenrijkers-protesteren-tegen-lockdown-en-vaccinatieplicht";"1";"1";"De Oostenrijkse regering";"Organisatie";"Regeringen/regeringsleiders/regeringsleden en/of andere politici in een ander land dan NL, op nationaal of lokaal niveau OF staatsorganisaties en hun ambtenaren";"";"";"0";"1";"13";"1";"0";"0";"0";"0";"0";"0";"0";"0";"0";"0";"0";"0";"0";"0";"0";"0";"0";"0";"0";"0";"0";"0";"0";"0";"0";"0";"0";"0";"0";"0";"0";"0";"0";"0";"0";"0";"0";"0";"0";"0";"0";"0";"0";"0";"0";"0";"0";"0";"0";"0";"0";"0";"0";"0";"0";"0";"0";"0";"0";"0";"1";"0";"0";"1";"0";"0";"0";"0";"0";"0";"0";"0";"Nee"
"main_coder";2399840;"Rechter: gemeente Utrecht mocht restaurant Waku Waku sluiten";"2021-09-30";"https://nos.nl/artikel/2399840-rechter-gemeente-utrecht-mocht-restaurant-waku-waku-sluiten";"1";"1";"café Kloek";"Organisatie";"Publiek en leden van het publiek, publieke opiniepeilingen en hun respondenten";"";"";"1";"1";"7";"0";"0";"0";"0";"0";"0";"0";"0";"0";"0";"0";"0";"0";"0";"0";"0";"0";"0";"0";"0";"0";"0";"0";"0";"0";"0";"0";"0";"0";"0";"0";"0";"0";"0";"0";"0";"0";"0";"0";"0";"0";"0";"0";"0";"0";"0";"0";"0";"0";"0";"0";"0";"0";"0";"0";"0";"0";"0";"0";"0";"0";"0";"0";"0";"0";"0";"0";"0";"0";"0";"0";"0";"0";"Nee"
"main_coder";2384683;"RIVM: ""Het gaat goed en steeds beter""";"2021-06-12";"https://nos.nl/artikel/2384683-rivm-het-gaat-goed-en-steeds-beter";"1";"1";"Jaap van Dissel";"Persoon";"Openbare en semiopenbare instellingen";"";"";"1";"0";"270";"1";"0";"0";"0";"0";"0";"0";"0";"0";"0";"0";"0";"0";"0";"0";"0";"0";"0";"0";"0";"0";"0";"0";"0";"0";"0";"0";"0";"0";"0";"0";"0";"0";"0";"0";"0";"0";"0";"0";"0";"0";"0";"0";"0";"0";"1";"0";"0";"1";"0";"0";"0";"0";"0";"0";"0";"0";"1";"0";"0";"1";"0";"0";"0";"0";"1";"1";"0";"1";"0";"0";"0";"0";"Nee"
"main_coder";2378929;"Lange wachttijden en vaak jonge patiënten bij nazorgpoli's corona";"2021-05-01";"https://nos.nl/artikel/2378929-lange-wachttijden-en-vaak-jonge-patienten-bij-nazorgpoli-s-corona";"1";"1";"Natasja Jelsma";"Persoon";"Wetenschappelijke/medische organisaties en onderzoekers";"";"";"1";"0";"26";"0";"0";"0";"0";"0";"0";"0";"0";"0";"0";"0";"0";"0";"0";"0";"0";"0";"0";"0";"0";"0";"0";"0";"0";"0";"0";"0";"0";"0";"0";"0";"0";"0";"0";"0";"0";"0";"0";"0";"0";"0";"0";"0";"0";"0";"0";"0";"0";"0";"0";"0";"0";"0";"0";"0";"0";"0";"0";"0";"0";"0";"0";"0";"0";"0";"0";"0";"0";"0";"0";"0";"0";"0";"Ja"
"main_coder";2379298;"Is de piek van de derde golf bereikt? ""Het is nog even koffiedik kijken""";"2021-05-03";"https://nos.nl/artikel/2379298-is-de-piek-van-de-derde-golf-bereikt-het-is-nog-even-koffiedik-kijken";"1";"1";"het OMT";"Organisatie";"Openbare en semiopenbare instellingen";"";"";"0";"1";"21";"0";"0";"0";"0";"0";"0";"0";"0";"0";"0";"0";"0";"0";"0";"0";"0";"0";"0";"0";"0";"0";"0";"0";"0";"0";"0";"0";"0";"0";"0";"0";"0";"0";"0";"0";"0";"0";"0";"0";"0";"0";"0";"0";"0";"0";"0";"0";"0";"0";"0";"0";"0";"0";"0";"0";"0";"0";"0";"0";"0";"0";"0";"0";"0";"0";"0";"0";"0";"0";"0";"0";"0";"0";"Ja"
"main_coder";2379841;"Besmettingen India gaan hard door virusmutaties en niet naleven maatregelen";"2021-05-08";"https://nos.nl/artikel/2379841-besmettingen-india-gaan-hard-door-virusmutaties-en-niet-naleven-maatregelen";"1";"1";"Britse wetenschappers";"Persoon";"Wetenschappelijke/medische organisaties en onderzoekers";"";"";"0";"1";"12";"0";"0";"0";"0";"0";"0";"0";"0";"0";"0";"0";"0";"0";"0";"0";"0";"0";"0";"0";"0";"0";"0";"0";"0";"0";"0";"0";"0";"0";"0";"0";"0";"0";"0";"0";"0";"0";"0";"0";"0";"0";"0";"0";"0";"0";"0";"0";"0";"0";"0";"0";"0";"0";"0";"0";"0";"0";"0";"0";"0";"0";"0";"0";"0";"0";"0";"0";"0";"0";"0";"0";"0";"0";"Ja"
"main_coder";2381978;"Hoe houden we zicht op het virus als we richting het ""oude normaal"" gaan?";"2021-05-23";"https://nos.nl/artikel/2381978-hoe-houden-we-zicht-op-het-virus-als-we-richting-het-oude-normaal-gaan";"1";"1";"Anke Huckriede";"Persoon";"Wetenschappelijke/medische organisaties en onderzoekers";"";"";"1";"1";"75";"1";"0";"0";"0";"0";"0";"0";"0";"0";"0";"0";"0";"0";"0";"0";"0";"0";"0";"0";"0";"0";"0";"0";"0";"0";"0";"0";"0";"0";"0";"0";"0";"0";"0";"0";"0";"0";"0";"0";"0";"0";"0";"0";"0";"0";"0";"0";"0";"0";"0";"0";"0";"0";"0";"0";"0";"0";"0";"0";"0";"0";"0";"0";"0";"0";"1";"0";"0";"1";"0";"0";"0";"0";"Ja"
"main_coder";2375503;"Servië heeft zo veel vaccins dat er keuze is, en bussen uit buurland toestromen";"2021-04-05";"https://nos.nl/artikel/2375503-servie-heeft-zo-veel-vaccins-dat-er-keuze-is-en-bussen-uit-buurland-toestromen";"1";"1";"David Jan Godfroid";"Persoon";"Journalisten anders dan de schrijver van het huidige artikel of nieuwsorganisaties anders dan de nieuwsorganisatie van het huidige artikel.";"";"";"1";"1";"67";"1";"0";"0";"0";"0";"0";"0";"0";"0";"0";"0";"0";"0";"0";"0";"0";"0";"0";"0";"0";"0";"0";"0";"0";"0";"0";"0";"0";"0";"0";"0";"0";"0";"0";"0";"0";"0";"0";"0";"0";"0";"0";"0";"0";"0";"0";"0";"0";"0";"0";"0";"0";"0";"0";"0";"0";"0";"0";"0";"0";"0";"0";"0";"0";"0";"1";"1";"1";"0";"0";"0";"0";"0";"Nee"
"main_coder";2376137;"Demonstratie tegen coronabeleid in Baarn en omgeving";"2021-04-10";"https://nos.nl/artikel/2376137-demonstratie-tegen-coronabeleid-in-baarn-en-omgeving";"1";"1";"RTV Utrecht";"Organisatie";"Journalisten anders dan de schrijver van het huidige artikel of nieuwsorganisaties anders dan de nieuwsorganisatie van het huidige artikel.";"";"";"0";"1";"13";"0";"0";"0";"0";"0";"0";"0";"0";"0";"0";"0";"0";"0";"0";"0";"0";"0";"0";"0";"0";"0";"0";"0";"0";"0";"0";"0";"0";"0";"0";"0";"0";"0";"0";"0";"0";"0";"0";"0";"0";"0";"0";"0";"0";"0";"0";"0";"0";"0";"0";"0";"0";"0";"0";"0";"0";"0";"0";"0";"0";"0";"0";"0";"0";"0";"0";"0";"0";"0";"0";"0";"0";"0";"Ja"
"main_coder";2377898;"Zorgen bij Gommers over aantal IC-opnames, vrees voor ""code zwart""";"2021-04-23";"https://nos.nl/artikel/2377898-zorgen-bij-gommers-over-aantal-ic-opnames-vrees-voor-code-zwart";"1";"1";"Jaap van Dissel";"Persoon";"Openbare en semiopenbare instellingen";"";"";"0";"1";"5";"0";"0";"0";"0";"0";"0";"0";"0";"0";"0";"0";"0";"0";"0";"0";"0";"0";"0";"0";"0";"0";"0";"0";"0";"0";"0";"0";"0";"0";"0";"0";"0";"0";"0";"0";"0";"0";"0";"0";"0";"0";"0";"0";"0";"0";"0";"0";"0";"0";"0";"0";"0";"0";"0";"0";"0";"0";"0";"0";"0";"0";"0";"0";"0";"0";"0";"0";"0";"0";"0";"0";"0";"0";"Ja"
"main_coder";2369444;"Ook Eerste Kamer stemt in met nieuwe avondklok-wet";"2021-02-19";"https://nos.nl/artikel/2369444-ook-eerste-kamer-stemt-in-met-nieuwe-avondklok-wet";"1";"1";"de rechter";"Persoon";"Nationale en internationale rechterlijke macht";"";"";"0";"1";"6";"0";"0";"0";"0";"0";"0";"0";"0";"0";"0";"0";"0";"0";"0";"0";"0";"0";"0";"0";"0";"0";"0";"0";"0";"0";"0";"0";"0";"0";"0";"0";"0";"0";"0";"0";"0";"0";"0";"0";"0";"0";"0";"0";"0";"0";"0";"0";"0";"0";"0";"0";"0";"0";"0";"0";"0";"0";"0";"0";"0";"0";"0";"0";"0";"0";"0";"0";"0";"0";"0";"0";"0";"0";"Nee"
"main_coder";2374653;"Oxfam Novib: coronavaccins snel ineffectief door vaccingebrek in arme landen";"2021-03-30";"https://nos.nl/artikel/2374653-oxfam-novib-coronavaccins-snel-ineffectief-door-vaccingebrek-in-arme-landen";"1";"1";"de epidemiologen";"Persoon";"Wetenschappelijke/medische organisaties en onderzoekers";"";"";"0";"1";"9";"0";"0";"0";"0";"0";"0";"0";"0";"0";"0";"0";"0";"0";"0";"0";"0";"0";"0";"0";"0";"0";"0";"0";"0";"0";"0";"0";"0";"0";"0";"0";"0";"0";"0";"0";"0";"0";"0";"0";"0";"0";"0";"0";"0";"0";"0";"0";"0";"0";"0";"0";"0";"0";"0";"0";"0";"0";"0";"0";"0";"0";"0";"0";"0";"0";"0";"0";"0";"0";"0";"0";"0";"0";"Ja"
"main_coder";2369393;"Hof doet over een week uitspraak, avondklok blijft tot die tijd van kracht";"2021-02-19";"https://nos.nl/artikel/2369393-hof-doet-over-een-week-uitspraak-avondklok-blijft-tot-die-tijd-van-kracht.html";"1";"1";"de landsadvocaat";"Persoon";"Nationale en internationale rechterlijke macht";"";"";"1";"1";"8";"0";"0";"0";"0";"0";"0";"0";"0";"0";"0";"0";"0";"0";"0";"0";"0";"0";"0";"0";"0";"0";"0";"0";"0";"0";"0";"0";"0";"0";"0";"0";"0";"0";"0";"0";"0";"0";"0";"0";"0";"0";"0";"0";"0";"0";"0";"0";"0";"0";"0";"0";"0";"0";"0";"0";"0";"0";"0";"0";"0";"0";"0";"0";"0";"0";"0";"0";"0";"0";"0";"0";"0";"0";"Ja"
"main_coder";2369436;"Waarom veel zwarte Amerikanen het coronavaccin wantrouwen";"2021-02-19";"https://nos.nl/artikel/2369436-waarom-veel-zwarte-amerikanen-het-coronavaccin-wantrouwen.html";"1";"1";"Kendrick Curry";"Persoon";"Religieuze instellingen en hun leden (ook gelovigen)";"";"";"1";"1";"135";"1";"0";"0";"0";"0";"0";"0";"0";"0";"0";"0";"0";"0";"0";"0";"0";"0";"0";"0";"0";"0";"0";"0";"0";"0";"0";"0";"0";"0";"0";"0";"0";"0";"0";"0";"0";"0";"0";"0";"0";"0";"0";"0";"0";"0";"0";"0";"0";"0";"0";"0";"0";"0";"0";"0";"0";"0";"0";"0";"0";"0";"0";"0";"0";"0";"1";"1";"0";"0";"0";"0";"0";"0";"Nee"
"main_coder";2366198;"Rellen creëren ook groep ""die staat voor iets anders"": veel initiatieven om te helpen";"2021-01-27";"https://nos.nl/artikel/2366198-rellen-creeren-ook-groep-die-staat-voor-iets-anders-veel-initiatieven-om-te-helpen";"1";"1";"Sylvana IJsselmuiden";"Persoon";"Publiek en leden van het publiek, publieke opiniepeilingen en hun respondenten";"";"";"1";"0";"103";"0";"0";"0";"0";"0";"0";"0";"0";"0";"0";"0";"0";"0";"0";"0";"0";"0";"0";"0";"0";"0";"0";"0";"0";"0";"0";"0";"0";"0";"0";"0";"0";"0";"0";"0";"0";"0";"0";"0";"0";"0";"0";"0";"0";"0";"0";"0";"0";"0";"0";"0";"0";"0";"0";"0";"0";"0";"0";"0";"0";"0";"0";"0";"0";"0";"0";"0";"0";"0";"0";"0";"0";"0";"Ja"
"main_coder";2366896;"Oproep uit IC-hoek: ""Versoepel aantal maatregelen, accepteer meer overlijdens""";"2021-02-01";"https://nos.nl/artikel/2366896-oproep-uit-ic-hoek-versoepel-aantal-maatregelen-accepteer-meer-overlijdens.html";"1";"1";"Twitteraars";"Persoon";"Publiek en leden van het publiek, publieke opiniepeilingen en hun respondenten";"";"";"1";"0";"28";"1";"1";"0";"0";"1";"0";"0";"0";"0";"0";"0";"0";"0";"0";"0";"0";"0";"0";"0";"0";"0";"0";"0";"0";"0";"0";"0";"0";"0";"0";"0";"0";"0";"0";"0";"0";"0";"0";"0";"0";"0";"0";"0";"0";"0";"0";"0";"0";"0";"0";"0";"0";"0";"0";"0";"0";"0";"0";"0";"0";"0";"0";"0";"0";"0";"0";"0";"0";"0";"0";"0";"0";"0";"Ja"
"main_coder";2367812;"19-jarige Brit ontwaakt na jaar in coma in totaal andere wereld";"2021-02-08";"https://nos.nl/artikel/2367812-19-jarige-brit-ontwaakt-na-jaar-in-coma-in-totaal-andere-wereld.html";"0";"0";"";"";"";"";"";"0";"0";"";"";"0";"0";"0";"0";"0";"0";"0";"0";"0";"0";"0";"0";"0";"0";"0";"0";"0";"0";"0";"0";"0";"0";"0";"0";"0";"0";"0";"0";"0";"0";"0";"0";"0";"0";"0";"0";"0";"0";"0";"0";"0";"0";"0";"0";"0";"0";"0";"0";"0";"0";"0";"0";"0";"0";"0";"0";"0";"0";"0";"0";"0";"0";"0";"0";"0";"0";"0";"0";"0";"0";"0";"0";""
"main_coder";2365172;"Zuurstof en vaccins voor zwaar getroffen Braziliaanse stad Manaus";"2021-01-20";"https://nos.nl/artikel/2365172-zuurstof-en-vaccins-voor-zwaar-getroffen-braziliaanse-stad-manaus";"1";"1";"Virgílio Neto";"Persoon";"Regeringen/regeringsleiders/regeringsleden en/of andere politici in een ander land dan NL, op nationaal of lokaal niveau OF staatsorganisaties en hun ambtenaren";"";"";"1";"0";"32";"0";"0";"0";"0";"0";"0";"0";"0";"0";"0";"0";"0";"0";"0";"0";"0";"0";"0";"0";"0";"0";"0";"0";"0";"0";"0";"0";"0";"0";"0";"0";"0";"0";"0";"0";"0";"0";"0";"0";"0";"0";"0";"0";"0";"0";"0";"0";"0";"0";"0";"0";"0";"0";"0";"0";"0";"0";"0";"0";"0";"0";"0";"0";"0";"0";"0";"0";"0";"0";"0";"0";"0";"0";"Ja"
"main_coder";2365361;"Rutte: avondklok misschien iets later, maar niet na 21.00 uur";"2021-01-21";"https://nos.nl/artikel/2365361-rutte-avondklok-misschien-iets-later-maar-niet-na-21-00-uur";"1";"1";"Jetten";"Persoon";"NL - Nationaal parlement en nationale partijen – wetgevende macht";"";"D66";"0";"1";"12";"1";"0";"0";"0";"0";"0";"0";"0";"0";"0";"0";"0";"0";"0";"0";"0";"0";"1";"0";"0";"1";"0";"0";"0";"0";"0";"0";"0";"0";"0";"0";"0";"0";"0";"0";"0";"0";"0";"0";"0";"0";"0";"0";"0";"0";"0";"0";"0";"0";"0";"0";"0";"0";"0";"0";"0";"0";"0";"0";"0";"0";"0";"0";"0";"0";"0";"0";"0";"0";"0";"0";"0";"0";"Ja"
"main_coder";2365867;"""Op dit soort momenten schaam ik me om Urker te zijn""";"2021-01-24";"https://nos.nl/artikel/2365867-op-dit-soort-momenten-schaam-ik-me-om-urker-te-zijn";"1";"1";"Omroep Flevoland";"Organisatie";"Journalisten anders dan de schrijver van het huidige artikel of nieuwsorganisaties anders dan de nieuwsorganisatie van het huidige artikel.";"";"";"0";"1";"7";"0";"0";"0";"0";"0";"0";"0";"0";"0";"0";"0";"0";"0";"0";"0";"0";"0";"0";"0";"0";"0";"0";"0";"0";"0";"0";"0";"0";"0";"0";"0";"0";"0";"0";"0";"0";"0";"0";"0";"0";"0";"0";"0";"0";"0";"0";"0";"0";"0";"0";"0";"0";"0";"0";"0";"0";"0";"0";"0";"0";"0";"0";"0";"0";"0";"0";"0";"0";"0";"0";"0";"0";"0";"Ja"
"main_coder";2358916;"Bedrijven worstelen met thuiswerken, ""mentale gesteldheid is ook belangrijk""";"2020-12-01";"https://nos.nl/artikel/2358916-bedrijven-worstelen-met-thuiswerken-mentale-gesteldheid-is-ook-belangrijk";"1";"1";"Inger Kammeraat";"Persoon";"Publiek en leden van het publiek, publieke opiniepeilingen en hun respondenten";"";"";"1";"1";"163";"1";"0";"0";"0";"0";"1";"1";"1";"0";"1";"1";"0";"0";"0";"0";"0";"0";"0";"0";"0";"0";"0";"0";"0";"0";"0";"0";"0";"0";"0";"0";"0";"0";"0";"0";"0";"0";"0";"0";"0";"0";"0";"0";"0";"0";"0";"0";"0";"0";"0";"0";"0";"0";"0";"0";"0";"0";"0";"0";"0";"0";"0";"0";"0";"0";"0";"0";"0";"0";"0";"0";"0";"0";"Ja"
"main_coder";2361815;"RIVM: Britse coronavariant verspreidt zich door Nederland";"2020-12-23";"https://nos.nl/artikel/2361815-rivm-britse-coronavariant-verspreidt-zich-door-nederland.html";"1";"1";"De GGD";"Organisatie";"Openbare en semiopenbare instellingen";"";"";"0";"1";"18";"0";"0";"0";"0";"0";"0";"0";"0";"0";"0";"0";"0";"0";"0";"0";"0";"0";"0";"0";"0";"0";"0";"0";"0";"0";"0";"0";"0";"0";"0";"0";"0";"0";"0";"0";"0";"0";"0";"0";"0";"0";"0";"0";"0";"0";"0";"0";"0";"0";"0";"0";"0";"0";"0";"0";"0";"0";"0";"0";"0";"0";"0";"0";"0";"0";"0";"0";"0";"0";"0";"0";"0";"0";"Ja"
"main_coder";2362513;"Zorgautoriteit: tientallen ziekenhuizen schrappen dringende operaties door corona";"2020-12-30";"https://nos.nl/artikel/2362513-zorgautoriteit-tientallen-ziekenhuizen-schrappen-dringende-operaties-door-corona.html";"1";"1";"David Jongen";"Persoon";"Niet-governementele organisaties (NGO), maatschappelijke organisaties, en hun leden";"";"";"1";"1";"245";"1";"0";"0";"0";"0";"0";"0";"0";"0";"0";"0";"0";"0";"0";"0";"0";"0";"0";"0";"0";"0";"0";"0";"0";"0";"0";"0";"0";"0";"0";"0";"0";"0";"0";"0";"0";"0";"0";"0";"0";"0";"0";"0";"0";"0";"0";"0";"0";"0";"0";"0";"0";"0";"0";"0";"0";"0";"0";"0";"0";"0";"0";"0";"0";"0";"1";"1";"1";"0";"0";"0";"0";"0";"Ja"
"main_coder";2363133;"Kabinet wil geen leeftijdselectie op intensive care, artsen houden vast aan draaiboek";"2021-01-05";"https://nos.nl/artikel/2363133-kabinet-wil-geen-leeftijdselectie-op-intensive-care-artsen-houden-vast-aan-draaiboek.html";"1";"1";"de VVD";"Organisatie";"NL - Nationaal parlement en nationale partijen – wetgevende macht";"";"VVD";"0";"1";"10";"0";"0";"0";"0";"0";"0";"0";"0";"0";"0";"0";"0";"0";"0";"0";"0";"0";"0";"0";"0";"0";"0";"0";"0";"0";"0";"0";"0";"0";"0";"0";"0";"0";"0";"0";"0";"0";"0";"0";"0";"0";"0";"0";"0";"0";"0";"0";"0";"0";"0";"0";"0";"0";"0";"0";"0";"0";"0";"0";"0";"0";"0";"0";"0";"0";"0";"0";"0";"0";"0";"0";"0";"0";"Ja"
"second_coder";2336349;"Israël sluit 90 scholen weer uit angst voor nieuwe corona-uitbraak";"2020-06-05";"https://nos.nl/artikel/2336349-israel-sluit-90-scholen-weer-uit-angst-voor-nieuwe-corona-uitbraak";"1";"1";"Het Nederlandse RIVM";"Organisatie";"Openbare en semiopenbare instellingen";"";"";"0";"1";"36";"0";"0";"0";"0";"0";"0";"0";"0";"0";"0";"0";"0";"0";"0";"0";"0";"0";"0";"0";"0";"0";"0";"0";"0";"0";"0";"0";"0";"0";"0";"0";"0";"0";"0";"0";"0";"0";"0";"0";"0";"0";"0";"0";"0";"0";"0";"0";"0";"0";"0";"0";"0";"0";"0";"0";"0";"0";"0";"0";"0";"0";"0";"0";"0";"0";"0";"0";"0";"0";"0";"0";"0";"0";"Ja"
"second_coder";2350775;"Republikeinen besmet die samen waren in tuin Witte Huis, coronaregels genegeerd";"2020-10-03";"https://nos.nl/artikel/2350775-republikeinen-besmet-die-samen-waren-in-tuin-witte-huis-coronaregels-genegeerd.html";"1";"1";"Mitch McConnell";"Persoon";"Regeringen/regeringsleiders/regeringsleden en/of andere politici in een ander land dan NL, op nationaal of lokaal niveau OF staatsorganisaties en hun ambtenaren";"";"";"1";"0";"3";"0";"0";"0";"0";"0";"0";"0";"0";"0";"0";"0";"0";"0";"0";"0";"0";"0";"0";"0";"0";"0";"0";"0";"0";"0";"0";"0";"0";"0";"0";"0";"0";"0";"0";"0";"0";"0";"0";"0";"0";"0";"0";"0";"0";"0";"0";"0";"0";"0";"0";"0";"0";"0";"0";"0";"0";"0";"0";"0";"0";"0";"0";"0";"0";"0";"0";"0";"0";"0";"0";"0";"0";"0";"Nee"
"second_coder";2363133;"Kabinet wil geen leeftijdselectie op intensive care, artsen houden vast aan draaiboek";"2021-01-05";"https://nos.nl/artikel/2363133-kabinet-wil-geen-leeftijdselectie-op-intensive-care-artsen-houden-vast-aan-draaiboek.html";"1";"1";"Jetten";"Persoon";"NL - Nationaal parlement en nationale partijen – wetgevende macht";"";"D66";"0";"1";"7";"0";"0";"0";"0";"0";"0";"0";"0";"0";"0";"0";"0";"0";"0";"0";"0";"0";"0";"0";"0";"0";"0";"0";"0";"0";"0";"0";"0";"0";"0";"0";"0";"0";"0";"0";"0";"0";"0";"0";"0";"0";"0";"0";"0";"0";"0";"0";"0";"0";"0";"0";"0";"0";"0";"0";"0";"0";"0";"0";"0";"0";"0";"0";"0";"0";"0";"0";"0";"0";"0";"0";"0";"0";"Ja"
"second_coder";2377898;"Zorgen bij Gommers over aantal IC-opnames, vrees voor ""code zwart""";"2021-04-23";"https://nos.nl/artikel/2377898-zorgen-bij-gommers-over-aantal-ic-opnames-vrees-voor-code-zwart";"1";"1";"Jaap van Dissel";"Persoon";"Openbare en semiopenbare instellingen";"";"";"0";"1";"8";"0";"0";"0";"0";"0";"0";"0";"0";"0";"0";"0";"0";"0";"0";"0";"0";"0";"0";"0";"0";"0";"0";"0";"0";"0";"0";"0";"0";"0";"0";"0";"0";"0";"0";"0";"0";"0";"0";"0";"0";"0";"0";"0";"0";"0";"0";"0";"0";"0";"0";"0";"0";"0";"0";"0";"0";"0";"0";"0";"0";"0";"0";"0";"0";"0";"0";"0";"0";"0";"0";"0";"0";"0";"Ja"
"second_coder";2397937;"YouTube mocht filmpjes met toespraak Baudet over corona verwijderen";"2021-09-15";"https://nos.nl/artikel/2397937-youtube-mocht-filmpjes-met-toespraak-baudet-over-corona-verwijderen";"1";"1";"Thierry Baudet";"Persoon";"NL - Nationaal parlement en nationale partijen – wetgevende macht";"";"FVD";"1";"1";"52";"1";"0";"0";"0";"0";"0";"0";"0";"0";"0";"0";"0";"0";"0";"0";"0";"0";"0";"0";"0";"0";"0";"0";"0";"0";"0";"0";"0";"0";"0";"0";"0";"0";"0";"0";"0";"0";"0";"0";"0";"0";"0";"0";"0";"0";"0";"0";"0";"0";"0";"0";"0";"0";"0";"0";"0";"0";"0";"0";"0";"0";"0";"0";"0";"0";"1";"0";"1";"0";"0";"0";"0";"0";"Ja"
"second_coder";2407133;"Uitputtingsslag in ziekenhuizen: ""Angst voor wat nog komt""";"2021-11-26";"https://nos.nl/artikel/2407133-uitputtingsslag-in-ziekenhuizen-angst-voor-wat-nog-komt";"1";"1";"Medische specialist 2";"Persoon";"Wetenschappelijke/medische organisaties en onderzoekers";"";"";"1";"0";"261";"1";"1";"1";"0";"0";"0";"0";"0";"0";"0";"0";"0";"0";"0";"0";"0";"0";"0";"0";"0";"0";"0";"0";"0";"0";"0";"0";"0";"0";"0";"0";"0";"0";"0";"0";"0";"0";"0";"0";"0";"0";"0";"0";"0";"0";"0";"0";"0";"0";"0";"0";"0";"0";"0";"0";"0";"0";"0";"0";"0";"0";"0";"0";"0";"0";"0";"0";"0";"0";"0";"0";"0";"0";"Ja"
"second_coder";2428330;"Lockdown trof mentale gezondheid jongeren, veel ouderen voelden zich juist goed";"2022-05-11";"https://nos.nl/artikel/2428330-lockdown-trof-mentale-gezondheid-jongeren-veel-ouderen-voelden-zich-juist-goed";"1";"1";"Netwerk GOR";"Organisatie";"Openbare en semiopenbare instellingen";"";"";"0";"1";"54";"0";"0";"0";"0";"0";"0";"0";"0";"0";"0";"0";"0";"0";"0";"0";"0";"0";"0";"0";"0";"0";"0";"0";"0";"0";"0";"0";"0";"0";"0";"0";"0";"0";"0";"0";"0";"0";"0";"0";"0";"0";"0";"0";"0";"0";"0";"0";"0";"0";"0";"0";"0";"0";"0";"0";"0";"0";"0";"0";"0";"0";"0";"0";"0";"0";"0";"0";"0";"0";"0";"0";"0";"0";"Nee"
"second_coder";2432686;"Post-covid kan nog eens duizenden zorgmedewerkers baan kosten";"2022-06-14";"https://nos.nl/artikel/2432686-post-covid-kan-nog-eens-duizenden-zorgmedewerkers-baan-kosten";"1";"1";"Minister Helder";"Persoon";"NL - Nationale regering - executive / uitvoerende macht";"";"VVD";"0";"1";"12";"0";"0";"0";"0";"0";"0";"0";"0";"0";"0";"0";"0";"0";"0";"0";"0";"0";"0";"0";"0";"0";"0";"0";"0";"0";"0";"0";"0";"0";"0";"0";"0";"0";"0";"0";"0";"0";"0";"0";"0";"0";"0";"0";"0";"0";"0";"0";"0";"0";"0";"0";"0";"0";"0";"0";"0";"0";"0";"0";"0";"0";"0";"0";"0";"0";"0";"0";"0";"0";"0";"0";"0";"0";"Ja"
"second_coder";2407489;"Doodgeboortes bij niet-gevaccineerde vrouwen na ontsteking door corona";"2021-11-29";"https://nos.nl/artikel/2407489-doodgeboortes-bij-niet-gevaccineerde-vrouwen-na-ontsteking-door-corona";"1";"1";"De Nederlandse Vereniging voor Obstetrie en Gynaecologie (NVOG)";"Organisatie";"Openbare en semiopenbare instellingen";"";"";"0";"1";"8";"1";"0";"0";"0";"0";"0";"0";"0";"0";"0";"0";"0";"0";"0";"0";"0";"0";"0";"0";"0";"0";"0";"0";"0";"0";"0";"0";"0";"0";"0";"0";"0";"0";"0";"0";"0";"0";"0";"0";"0";"0";"0";"0";"0";"0";"0";"0";"0";"0";"0";"0";"0";"0";"0";"0";"0";"0";"0";"0";"0";"0";"0";"0";"0";"0";"1";"1";"0";"0";"0";"0";"0";"0";"Ja"
"second_coder";2365361;"Rutte: avondklok misschien iets later, maar niet na 21.00 uur";"2021-01-21";"https://nos.nl/artikel/2365361-rutte-avondklok-misschien-iets-later-maar-niet-na-21-00-uur";"1";"1";"Het kabinet";"Organisatie";"NL - Nationale regering - executive / uitvoerende macht";"";"NvT";"1";"1";"29";"1";"0";"0";"0";"0";"0";"0";"0";"0";"0";"0";"0";"0";"0";"0";"0";"0";"1";"0";"0";"1";"0";"0";"0";"0";"0";"0";"0";"0";"0";"0";"0";"0";"0";"0";"0";"0";"0";"0";"0";"0";"0";"0";"0";"0";"0";"0";"0";"0";"0";"0";"0";"0";"0";"0";"0";"0";"0";"0";"0";"0";"0";"0";"0";"0";"0";"0";"0";"0";"0";"0";"0";"0";"Ja"
"second_coder";2365867;"""Op dit soort momenten schaam ik me om Urker te zijn""";"2021-01-24";"https://nos.nl/artikel/2365867-op-dit-soort-momenten-schaam-ik-me-om-urker-te-zijn";"1";"1";"Johan van Slooten";"Persoon";"NL - Nationaal parlement en nationale partijen – wetgevende macht";"";"CDA";"1";"1";"185";"0";"0";"0";"0";"0";"0";"0";"0";"0";"0";"0";"0";"0";"0";"0";"0";"0";"0";"0";"0";"0";"0";"0";"0";"0";"0";"0";"0";"0";"0";"0";"0";"0";"0";"0";"0";"0";"0";"0";"0";"0";"0";"0";"0";"0";"0";"0";"0";"0";"0";"0";"0";"0";"0";"0";"0";"0";"0";"0";"0";"0";"0";"0";"0";"0";"0";"0";"0";"0";"0";"0";"0";"0";"Ja"
"second_coder";2366896;"Oproep uit IC-hoek: ""Versoepel aantal maatregelen, accepteer meer overlijdens""";"2021-02-01";"https://nos.nl/artikel/2366896-oproep-uit-ic-hoek-versoepel-aantal-maatregelen-accepteer-meer-overlijdens.html";"1";"1";"Alec Veenendaal";"Persoon";"Wetenschappelijke/medische organisaties en onderzoekers";"";"";"1";"1";"256";"1";"1";"0";"1";"0";"0";"0";"0";"0";"0";"0";"0";"0";"0";"0";"0";"0";"0";"0";"0";"0";"0";"0";"0";"0";"0";"0";"0";"0";"0";"0";"0";"0";"0";"0";"0";"0";"0";"0";"0";"0";"0";"0";"0";"0";"0";"0";"0";"0";"0";"0";"0";"0";"0";"0";"0";"0";"0";"0";"0";"0";"0";"0";"0";"0";"0";"0";"0";"0";"0";"0";"0";"0";"Ja"
"second_coder";2386070;"Toegangsbewijs voor festival of club: ""Er is altijd een groep die dit niet accepteert""";"2021-06-21";"https://nos.nl/artikel/2386070-toegangsbewijs-voor-festival-of-club-er-is-altijd-een-groep-die-dit-niet-accepteert";"1";"1";"Vincent Böhre";"Persoon";"Niet-governementele organisaties (NGO), maatschappelijke organisaties, en hun leden";"";"";"1";"1";"87";"1";"0";"0";"0";"0";"0";"0";"0";"0";"0";"0";"0";"0";"0";"0";"0";"0";"0";"0";"0";"0";"0";"0";"0";"0";"0";"0";"0";"0";"0";"0";"0";"0";"0";"0";"0";"0";"0";"0";"0";"0";"0";"0";"0";"0";"0";"0";"0";"0";"0";"0";"0";"0";"0";"0";"0";"0";"0";"0";"0";"0";"0";"0";"0";"0";"1";"0";"1";"0";"0";"0";"0";"0";"Ja"
"second_coder";2408462;"Instroom van coronapatiënten in ziekenhuizen over piek heen";"2021-12-06";"https://nos.nl/artikel/2408462-instroom-van-coronapatienten-in-ziekenhuizen-over-piek-heen";"1";"1";"Een woordvoerder van het Regionaal Overleg Acute Zorgketen";"Persoon";"Openbare en semiopenbare instellingen";"";"";"1";"0";"17";"0";"0";"0";"0";"0";"0";"0";"0";"0";"0";"0";"0";"0";"0";"0";"0";"0";"0";"0";"0";"0";"0";"0";"0";"0";"0";"0";"0";"0";"0";"0";"0";"0";"0";"0";"0";"0";"0";"0";"0";"0";"0";"0";"0";"0";"0";"0";"0";"0";"0";"0";"0";"0";"0";"0";"0";"0";"0";"0";"0";"0";"0";"0";"0";"0";"0";"0";"0";"0";"0";"0";"0";"0";"Ja"
"second_coder";2346916;"Evenementen in tijd van corona: ""Elke tribune heeft eigen parkeerplaatsen""";"2020-09-05";"https://nos.nl/artikel/2346916-evenementen-in-tijd-van-corona-elke-tribune-heeft-eigen-parkeerplaatsen.html";"1";"1";"Lee van Dam";"Persoon";"Zakelijke organisaties en hun werknemers";"";"";"1";"1";"21";"0";"0";"0";"0";"0";"0";"0";"0";"0";"0";"0";"0";"0";"0";"0";"0";"0";"0";"0";"0";"0";"0";"0";"0";"0";"0";"0";"0";"0";"0";"0";"0";"0";"0";"0";"0";"0";"0";"0";"0";"0";"0";"0";"0";"0";"0";"0";"0";"0";"0";"0";"0";"0";"0";"0";"0";"0";"0";"0";"0";"0";"0";"0";"0";"0";"0";"0";"0";"0";"0";"0";"0";"0";"Ja"
"second_coder";2355910;"Van commerciële tests op het coronavirus is alleen topje van ijsberg bekend";"2020-11-09";"https://nos.nl/artikel/2355910-van-commerciele-tests-op-het-coronavirus-is-alleen-topje-van-ijsberg-bekend.html";"1";"1";"Marion Koopmans";"Persoon";"Wetenschappelijke/medische organisaties en onderzoekers";"";"";"1";"0";"61";"1";"0";"0";"0";"0";"0";"0";"0";"0";"0";"0";"0";"0";"0";"0";"0";"0";"0";"0";"0";"0";"0";"0";"0";"0";"0";"0";"0";"0";"0";"0";"0";"0";"0";"0";"0";"0";"0";"0";"0";"0";"0";"0";"0";"0";"0";"0";"0";"0";"0";"0";"0";"0";"0";"0";"0";"0";"1";"0";"1";"0";"0";"0";"0";"0";"0";"0";"0";"0";"0";"0";"0";"0";"Ja"
"second_coder";2363978;"Chinees vaccin is voor China ""kans om invloed in Afrika uit te breiden""";"2021-01-11";"https://nos.nl/artikel/2363978-chinees-vaccin-is-voor-china-kans-om-invloed-in-afrika-uit-te-breiden";"1";"1";"Sinopharm";"Organisatie";"Zakelijke organisaties en hun werknemers";"";"";"0";"1";"8";"1";"0";"0";"0";"0";"0";"0";"0";"0";"0";"0";"0";"0";"0";"0";"0";"0";"0";"0";"0";"0";"0";"0";"0";"0";"0";"0";"0";"0";"0";"0";"0";"0";"0";"0";"0";"0";"0";"0";"0";"0";"0";"0";"0";"0";"0";"0";"0";"0";"0";"0";"0";"0";"0";"0";"0";"0";"0";"0";"0";"0";"0";"0";"0";"0";"1";"0";"0";"1";"0";"0";"0";"0";"Ja"
"second_coder";2381978;"Hoe houden we zicht op het virus als we richting het ""oude normaal"" gaan?";"2021-05-23";"https://nos.nl/artikel/2381978-hoe-houden-we-zicht-op-het-virus-als-we-richting-het-oude-normaal-gaan";"1";"1";"Anke Huckriede";"Persoon";"Wetenschappelijke/medische organisaties en onderzoekers";"";"";"1";"1";"67";"1";"0";"0";"0";"0";"0";"0";"0";"0";"0";"0";"0";"0";"0";"0";"0";"0";"0";"0";"0";"0";"0";"0";"0";"0";"0";"0";"0";"0";"0";"0";"0";"0";"0";"0";"0";"0";"0";"0";"0";"0";"0";"0";"0";"0";"0";"0";"0";"0";"0";"0";"0";"0";"0";"0";"0";"0";"0";"0";"0";"0";"0";"0";"0";"0";"1";"0";"0";"1";"0";"0";"0";"0";"Ja"
"second_coder";2336043;"Nederland wil samen met andere landen aan coronavaccin komen";"2020-06-03";"https://nos.nl/artikel/2336043-nederland-wil-samen-met-andere-landen-aan-coronavaccin-komen.html";"1";"1";"Minister De Jonge";"Persoon";"NL - Nationale regering - executive / uitvoerende macht";"";"CDA";"1";"0";"17";"1";"0";"0";"0";"0";"0";"0";"0";"0";"0";"0";"0";"0";"0";"0";"0";"0";"0";"0";"0";"0";"0";"0";"0";"0";"0";"0";"0";"0";"0";"0";"0";"0";"0";"0";"0";"0";"0";"0";"0";"0";"0";"0";"0";"0";"0";"0";"0";"0";"0";"0";"0";"0";"0";"0";"0";"0";"0";"0";"0";"0";"0";"0";"0";"0";"1";"1";"0";"0";"0";"0";"0";"0";"Nee"
"second_coder";2373350;"RIVM: ""Oplopend aantal besmettingen betekent niet per se meer ziekenhuisopnames""";"2021-03-20";"https://nos.nl/artikel/2373350-rivm-oplopend-aantal-besmettingen-betekent-niet-per-se-meer-ziekenhuisopnames";"1";"1";"Jaap van Dissel";"Persoon";"Wetenschappelijke/medische organisaties en onderzoekers";"";"";"1";"0";"356";"1";"0";"0";"0";"0";"0";"0";"0";"0";"0";"0";"0";"0";"0";"0";"0";"0";"0";"0";"0";"0";"0";"0";"0";"0";"0";"0";"0";"0";"0";"0";"0";"0";"0";"0";"0";"0";"0";"0";"0";"0";"0";"0";"0";"0";"0";"0";"0";"0";"0";"0";"0";"0";"0";"0";"0";"0";"1";"0";"0";"1";"0";"0";"0";"0";"0";"0";"0";"0";"0";"0";"0";"0";"Ja"
"second_coder";2326923;"Dit was de dag dat Nederland ""een patiënt"" werd";"2020-03-12";"https://nos.nl/artikel/2326923-dit-was-de-dag-dat-nederland-een-patient-werd";"1";"1";"Kabinet";"Organisatie";"NL - Nationale regering - executive / uitvoerende macht";"";"NvT";"0";"1";"13";"1";"0";"0";"0";"0";"0";"0";"0";"0";"0";"0";"0";"0";"0";"0";"0";"0";"0";"0";"0";"0";"0";"0";"0";"0";"0";"0";"0";"0";"1";"1";"0";"0";"0";"0";"0";"0";"0";"0";"0";"0";"0";"0";"0";"0";"0";"0";"0";"0";"0";"0";"0";"0";"0";"0";"0";"0";"0";"0";"0";"0";"0";"0";"0";"0";"0";"0";"0";"0";"0";"0";"0";"0";"Ja"
"second_coder";2328119;"Aanscherping coronamaatregelen is een hard gelag: ""Het valt ons zwaar""";"2020-03-23";"https://nos.nl/artikel/2328119-aanscherping-coronamaatregelen-is-een-hard-gelag-het-valt-ons-zwaar";"1";"1";"Politievakbond ACP";"Organisatie";"Niet-governementele organisaties (NGO), maatschappelijke organisaties, en hun leden";"";"";"1";"1";"34";"1";"0";"0";"0";"0";"0";"0";"0";"0";"0";"0";"0";"0";"0";"0";"0";"0";"0";"0";"0";"0";"0";"0";"0";"0";"0";"0";"0";"0";"0";"0";"0";"0";"0";"0";"0";"0";"0";"0";"0";"0";"0";"0";"0";"0";"0";"0";"0";"0";"0";"0";"0";"0";"1";"1";"0";"0";"0";"0";"0";"0";"0";"0";"0";"0";"0";"0";"0";"0";"0";"0";"0";"0";"Ja"
"second_coder";2328418;"Brabantse ziekenhuizen denken piek van IC-patiënten aan te kunnen";"2020-03-26";"https://nos.nl/artikel/2328418-brabantse-ziekenhuizen-denken-piek-van-ic-patienten-aan-te-kunnen";"1";"1";"Brabantse ziekenhuizen";"Organisatie";"Wetenschappelijke/medische organisaties en onderzoekers";"";"";"1";"0";"10";"0";"0";"0";"0";"0";"0";"0";"0";"0";"0";"0";"0";"0";"0";"0";"0";"0";"0";"0";"0";"0";"0";"0";"0";"0";"0";"0";"0";"0";"0";"0";"0";"0";"0";"0";"0";"0";"0";"0";"0";"0";"0";"0";"0";"0";"0";"0";"0";"0";"0";"0";"0";"0";"0";"0";"0";"0";"0";"0";"0";"0";"0";"0";"0";"0";"0";"0";"0";"0";"0";"0";"0";"0";"Nee"
"second_coder";2427515;"Voor eerst sinds september 2020 minder dan 50 coronapatiënten op IC";"2022-05-04";"https://nos.nl/artikel/2427515-voor-eerst-sinds-september-2020-minder-dan-50-coronapatienten-op-ic";"1";"1";"Kabinet";"Organisatie";"NL - Nationale regering - executive / uitvoerende macht";"";"NvT";"0";"1";"9";"1";"0";"0";"0";"0";"0";"0";"0";"0";"0";"0";"0";"0";"0";"0";"0";"0";"0";"0";"0";"0";"0";"0";"0";"0";"0";"0";"0";"0";"0";"0";"0";"0";"0";"0";"0";"0";"0";"0";"0";"0";"0";"0";"0";"0";"0";"0";"0";"0";"0";"0";"0";"0";"0";"0";"0";"0";"0";"0";"0";"0";"1";"0";"1";"0";"0";"0";"0";"0";"0";"0";"0";"0";"Nee"
"second_coder";2409659;"De Jonge waarschuwt in Kamer: volgende week mogelijk al nieuwe maatregelen";"2021-12-15";"https://nos.nl/artikel/2409659-de-jonge-waarschuwt-in-kamer-volgende-week-mogelijk-al-nieuwe-maatregelen";"1";"1";"De Jonge";"Persoon";"NL - Nationale regering - executive / uitvoerende macht";"";"CDA";"1";"1";"80";"1";"0";"0";"0";"0";"0";"0";"0";"0";"0";"0";"0";"0";"0";"0";"0";"0";"0";"0";"0";"0";"0";"0";"0";"0";"0";"0";"0";"0";"1";"0";"1";"0";"0";"0";"0";"0";"0";"0";"0";"0";"0";"0";"0";"0";"0";"0";"0";"0";"0";"0";"0";"0";"0";"0";"0";"0";"0";"0";"0";"0";"0";"0";"0";"0";"0";"0";"0";"0";"0";"0";"0";"0";"Ja"
"second_coder";2413877;"Kabinet hoopt op opening horeca en cultuur, maar ""gaat nog geen garanties geven""";"2022-01-20";"https://nos.nl/artikel/2413877-kabinet-hoopt-op-opening-horeca-en-cultuur-maar-gaat-nog-geen-garanties-geven";"1";"1";"Allerlei partijen";"Organisatie";"NL - Nationaal parlement en nationale partijen – wetgevende macht";"";"NvT";"0";"1";"14";"1";"0";"0";"0";"0";"0";"0";"0";"0";"0";"0";"0";"0";"0";"0";"0";"0";"0";"0";"0";"0";"0";"0";"0";"0";"0";"0";"0";"0";"0";"0";"0";"0";"0";"0";"0";"0";"0";"0";"0";"0";"0";"0";"0";"0";"0";"0";"0";"0";"0";"0";"0";"0";"1";"0";"1";"0";"0";"0";"0";"0";"0";"0";"0";"0";"0";"0";"0";"0";"0";"0";"0";"0";"Ja"
"second_coder";2376137;"Demonstratie tegen coronabeleid in Baarn en omgeving";"2021-04-10";"https://nos.nl/artikel/2376137-demonstratie-tegen-coronabeleid-in-baarn-en-omgeving";"1";"1";"RTV Utrecht";"Organisatie";"Journalisten anders dan de schrijver van het huidige artikel of nieuwsorganisaties anders dan de nieuwsorganisatie van het huidige artikel.";"";"";"0";"1";"13";"0";"0";"0";"0";"0";"0";"0";"0";"0";"0";"0";"0";"0";"0";"0";"0";"0";"0";"0";"0";"0";"0";"0";"0";"0";"0";"0";"0";"0";"0";"0";"0";"0";"0";"0";"0";"0";"0";"0";"0";"0";"0";"0";"0";"0";"0";"0";"0";"0";"0";"0";"0";"0";"0";"0";"0";"0";"0";"0";"0";"0";"0";"0";"0";"0";"0";"0";"0";"0";"0";"0";"0";"0";"Ja"
"second_coder";2365392;"7,6 miljard euro voor verruiming steunpakket voor ondernemers";"2021-01-21";"https://nos.nl/artikel/2365392-7-6-miljard-euro-voor-verruiming-steunpakket-voor-ondernemers";"1";"0";"";"";"";"";"";"0";"0";"";"";"0";"0";"0";"0";"0";"0";"0";"0";"0";"0";"0";"0";"0";"0";"0";"0";"0";"0";"0";"0";"0";"0";"0";"0";"0";"0";"0";"0";"0";"0";"0";"0";"0";"0";"0";"0";"0";"0";"0";"0";"0";"0";"0";"0";"0";"0";"0";"0";"0";"0";"0";"0";"0";"0";"0";"0";"0";"0";"0";"0";"0";"0";"0";"0";"0";"0";"0";"0";"0";"0";"0";"0";""
"second_coder";2374653;"Oxfam Novib: coronavaccins snel ineffectief door vaccingebrek in arme landen";"2021-03-30";"https://nos.nl/artikel/2374653-oxfam-novib-coronavaccins-snel-ineffectief-door-vaccingebrek-in-arme-landen";"1";"1";"Epodemiologen";"Persoon";"Wetenschappelijke/medische organisaties en onderzoekers";"";"";"0";"1";"25";"1";"0";"0";"0";"0";"0";"0";"0";"0";"0";"0";"0";"0";"0";"0";"0";"0";"0";"0";"0";"0";"0";"0";"0";"0";"0";"0";"0";"0";"0";"0";"0";"0";"0";"0";"0";"0";"0";"0";"0";"0";"0";"0";"0";"0";"0";"0";"0";"0";"0";"0";"0";"0";"0";"0";"0";"0";"0";"0";"0";"0";"0";"0";"0";"0";"1";"0";"1";"0";"0";"0";"0";"0";"Ja"
"second_coder";2406422;"Tienduizenden Oostenrijkers protesteren tegen lockdown en vaccinatieplicht";"2021-11-20";"https://nos.nl/artikel/2406422-tienduizenden-oostenrijkers-protesteren-tegen-lockdown-en-vaccinatieplicht";"1";"1";"De Oostenrijkse regering";"Organisatie";"Regeringen/regeringsleiders/regeringsleden en/of andere politici in een ander land dan NL, op nationaal of lokaal niveau OF staatsorganisaties en hun ambtenaren";"";"";"0";"1";"42";"1";"0";"0";"0";"0";"0";"0";"0";"0";"0";"0";"0";"0";"0";"0";"0";"0";"0";"0";"0";"0";"0";"0";"0";"0";"0";"0";"0";"0";"0";"0";"0";"0";"0";"0";"0";"0";"0";"0";"0";"0";"0";"0";"0";"0";"0";"0";"0";"0";"0";"0";"0";"0";"0";"0";"0";"0";"0";"0";"0";"0";"1";"0";"0";"1";"1";"0";"0";"1";"0";"0";"0";"0";"Nee"
"second_coder";2375503;"Servië heeft zo veel vaccins dat er keuze is, en bussen uit buurland toestromen";"2021-04-05";"https://nos.nl/artikel/2375503-servie-heeft-zo-veel-vaccins-dat-er-keuze-is-en-bussen-uit-buurland-toestromen";"1";"1";"David Jan Godfroid";"Persoon";"Journalisten anders dan de schrijver van het huidige artikel of nieuwsorganisaties anders dan de nieuwsorganisatie van het huidige artikel.";"";"";"1";"1";"67";"1";"0";"0";"0";"0";"0";"0";"0";"0";"0";"0";"0";"0";"0";"0";"0";"0";"0";"0";"0";"0";"0";"0";"0";"0";"0";"0";"0";"0";"0";"0";"0";"0";"0";"0";"0";"0";"0";"0";"0";"0";"0";"0";"0";"0";"0";"0";"0";"0";"0";"0";"0";"0";"0";"0";"0";"0";"0";"0";"0";"0";"0";"0";"0";"0";"1";"0";"0";"1";"0";"0";"0";"0";"Nee"
"second_coder";2379298;"Is de piek van de derde golf bereikt? ""Het is nog even koffiedik kijken""";"2021-05-03";"https://nos.nl/artikel/2379298-is-de-piek-van-de-derde-golf-bereikt-het-is-nog-even-koffiedik-kijken";"1";"1";"OMT";"Organisatie";"Wetenschappelijke/medische organisaties en onderzoekers";"";"";"0";"1";"21";"0";"0";"0";"0";"0";"0";"0";"0";"0";"0";"0";"0";"0";"0";"0";"0";"0";"0";"0";"0";"0";"0";"0";"0";"0";"0";"0";"0";"0";"0";"0";"0";"0";"0";"0";"0";"0";"0";"0";"0";"0";"0";"0";"0";"0";"0";"0";"0";"0";"0";"0";"0";"0";"0";"0";"0";"0";"0";"0";"0";"0";"0";"0";"0";"0";"0";"0";"0";"0";"0";"0";"0";"0";"Ja"
"second_coder";2365172;"Zuurstof en vaccins voor zwaar getroffen Braziliaanse stad Manaus";"2021-01-20";"https://nos.nl/artikel/2365172-zuurstof-en-vaccins-voor-zwaar-getroffen-braziliaanse-stad-manaus";"1";"1";"Bolsonaro";"Persoon";"Regeringen/regeringsleiders/regeringsleden en/of andere politici in een ander land dan NL, op nationaal of lokaal niveau OF staatsorganisaties en hun ambtenaren";"";"";"1";"0";"43";"0";"0";"0";"0";"0";"0";"0";"0";"0";"0";"0";"0";"0";"0";"0";"0";"0";"0";"0";"0";"0";"0";"0";"0";"0";"0";"0";"0";"0";"0";"0";"0";"0";"0";"0";"0";"0";"0";"0";"0";"0";"0";"0";"0";"0";"0";"0";"0";"0";"0";"0";"0";"0";"0";"0";"0";"0";"0";"0";"0";"0";"0";"0";"0";"0";"0";"0";"0";"0";"0";"0";"0";"0";"Nee"
"second_coder";2379607;"Kamer wil geen eigen bijdrage van 7,50 euro voor toegangstest";"2021-05-06";"https://nos.nl/artikel/2379607-kamer-wil-geen-eigen-bijdrage-van-7-50-euro-voor-toegangstest";"1";"1";"PvDA";"Organisatie";"NL - Nationaal parlement en nationale partijen – wetgevende macht";"";"PvDA";"0";"1";"16";"1";"0";"0";"0";"0";"0";"0";"0";"0";"0";"0";"0";"0";"0";"0";"0";"0";"0";"0";"0";"0";"0";"0";"0";"0";"0";"0";"0";"0";"0";"0";"0";"0";"0";"0";"0";"0";"0";"0";"0";"0";"0";"0";"0";"0";"0";"0";"0";"0";"0";"0";"0";"0";"0";"0";"0";"0";"1";"0";"1";"0";"0";"0";"0";"0";"0";"0";"0";"0";"0";"0";"0";"0";"Ja"
"second_coder";2370347;"Steun voor maatregelen sterk afgenomen, maar meeste mensen houden zich er nog aan";"2021-02-26";"https://nos.nl/artikel/2370347-steun-voor-maatregelen-sterk-afgenomen-maar-meeste-mensen-houden-zich-er-nog-aan.html";"1";"1";"respondenten";"Persoon";"Publiek en leden van het publiek, publieke opiniepeilingen en hun respondenten";"";"";"1";"0";"15";"1";"0";"0";"0";"0";"0";"0";"0";"0";"0";"0";"0";"0";"1";"0";"1";"0";"0";"0";"0";"0";"0";"0";"0";"0";"0";"0";"0";"0";"0";"0";"0";"0";"0";"0";"0";"0";"0";"0";"0";"0";"0";"0";"0";"0";"0";"0";"0";"0";"0";"0";"0";"0";"0";"0";"0";"0";"0";"0";"0";"0";"0";"0";"0";"0";"0";"0";"0";"0";"0";"0";"0";"0";"Ja"
"second_coder";2366327;"Koning spreekt na avondklokrellen met bewoners en ondernemers in Den Bosch";"2021-01-28";"https://nos.nl/artikel/2366327-koning-spreekt-na-avondklokrellen-met-bewoners-en-ondernemers-in-den-bosch";"0";"0";"";"";"";"";"";"0";"0";"";"";"0";"0";"0";"0";"0";"0";"0";"0";"0";"0";"0";"0";"0";"0";"0";"0";"0";"0";"0";"0";"0";"0";"0";"0";"0";"0";"0";"0";"0";"0";"0";"0";"0";"0";"0";"0";"0";"0";"0";"0";"0";"0";"0";"0";"0";"0";"0";"0";"0";"0";"0";"0";"0";"0";"0";"0";"0";"0";"0";"0";"0";"0";"0";"0";"0";"0";"0";"0";"0";"0";"0";"0";""
"second_coder";2366198;"Rellen creëren ook groep ""die staat voor iets anders"": veel initiatieven om te helpen";"2021-01-27";"https://nos.nl/artikel/2366198-rellen-creeren-ook-groep-die-staat-voor-iets-anders-veel-initiatieven-om-te-helpen";"0";"0";"";"";"";"";"";"0";"0";"";"";"0";"0";"0";"0";"0";"0";"0";"0";"0";"0";"0";"0";"0";"0";"0";"0";"0";"0";"0";"0";"0";"0";"0";"0";"0";"0";"0";"0";"0";"0";"0";"0";"0";"0";"0";"0";"0";"0";"0";"0";"0";"0";"0";"0";"0";"0";"0";"0";"0";"0";"0";"0";"0";"0";"0";"0";"0";"0";"0";"0";"0";"0";"0";"0";"0";"0";"0";"0";"0";"0";"0";"0";""
"second_coder";2325123;"Opnieuw (of nog steeds) besmet met corona: hoe kan dat?";"2020-02-29";"https://nos.nl/artikel/2325123-opnieuw-of-nog-steeds-besmet-met-corona-hoe-kan-dat";"1";"1";"Marion Koopmans";"Persoon";"Wetenschappelijke/medische organisaties en onderzoekers";"";"";"1";"1";"148";"1";"0";"0";"0";"0";"0";"0";"0";"0";"0";"0";"0";"0";"0";"0";"0";"0";"0";"0";"0";"0";"0";"0";"0";"0";"0";"0";"0";"0";"0";"0";"0";"0";"0";"0";"0";"0";"0";"0";"0";"0";"0";"0";"0";"0";"0";"0";"0";"0";"0";"0";"0";"0";"0";"0";"0";"0";"1";"0";"0";"1";"0";"0";"0";"0";"0";"0";"0";"0";"0";"0";"0";"0";"Nee"
"second_coder";2328680;"Coronanieuws 28 maart: onveilige mondkapjes en ziekenhuis wil hulp van Duitsland";"2020-03-28";"https://nos.nl/artikel/2328680-coronanieuws-28-maart-onveilige-mondkapjes-en-ziekenhuis-wil-hulp-van-duitsland";"1";"1";"Philips";"Organisatie";"Zakelijke organisaties en hun werknemers";"";"";"0";"1";"18";"0";"0";"0";"0";"0";"0";"0";"0";"0";"0";"0";"0";"0";"0";"0";"0";"0";"0";"0";"0";"0";"0";"0";"0";"0";"0";"0";"0";"0";"0";"0";"0";"0";"0";"0";"0";"0";"0";"0";"0";"0";"0";"0";"0";"0";"0";"0";"0";"0";"0";"0";"0";"0";"0";"0";"0";"0";"0";"0";"0";"0";"0";"0";"0";"0";"0";"0";"0";"0";"0";"0";"0";"0";"Ja"
"second_coder";2329762;"""We zijn nog lang niet van corona af, dus stop met gijzeling overige zorg""";"2020-04-07";"https://nos.nl/nieuwsuur/artikel/2329762-we-zijn-nog-lang-niet-van-corona-af-dus-stop-met-gijzeling-overige-zorg";"1";"1";"artsen";"Persoon";"Wetenschappelijke/medische organisaties en onderzoekers";"";"";"1";"0";"9";"0";"0";"0";"0";"0";"0";"0";"0";"0";"0";"0";"0";"0";"0";"0";"0";"0";"0";"0";"0";"0";"0";"0";"0";"0";"0";"0";"0";"0";"0";"0";"0";"0";"0";"0";"0";"0";"0";"0";"0";"0";"0";"0";"0";"0";"0";"0";"0";"0";"0";"0";"0";"0";"0";"0";"0";"0";"0";"0";"0";"0";"0";"0";"0";"0";"0";"0";"0";"0";"0";"0";"0";"0";"Ja"
"second_coder";2336823;"Wereldwijde coronatrends: voor het eerst in maanden weer meer doden";"2020-06-10";"https://nos.nl/artikel/2336823-wereldwijde-coronatrends-voor-het-eerst-in-maanden-weer-meer-doden";"1";"1";"Imran Kahn";"Persoon";"Regeringen/regeringsleiders/regeringsleden en/of andere politici in een ander land dan NL, op nationaal of lokaal niveau OF staatsorganisaties en hun ambtenaren";"";"";"1";"1";"33";"1";"0";"0";"0";"0";"0";"0";"0";"0";"0";"0";"0";"0";"0";"0";"0";"0";"0";"0";"0";"0";"0";"0";"0";"0";"0";"0";"0";"0";"0";"0";"0";"0";"0";"0";"0";"0";"0";"0";"0";"0";"0";"0";"0";"0";"0";"0";"0";"0";"0";"0";"0";"0";"0";"0";"0";"0";"0";"0";"0";"0";"1";"0";"1";"0";"0";"0";"0";"0";"0";"0";"0";"0";"Nee"
"second_coder";2339595;"Modezaken worstelen met impact corona, veel uitverkoop en onverkochte voorraden";"2020-07-05";"https://nos.nl/artikel/2339595-modezaken-worstelen-met-impact-corona-veel-uitverkoop-en-onverkochte-voorraden.html";"1";"1";"Cécile Narinx";"Persoon";"Journalisten anders dan de schrijver van het huidige artikel of nieuwsorganisaties anders dan de nieuwsorganisatie van het huidige artikel.";"";"";"1";"1";"82";"0";"0";"0";"0";"0";"0";"0";"0";"0";"0";"0";"0";"0";"0";"0";"0";"0";"0";"0";"0";"0";"0";"0";"0";"0";"0";"0";"0";"0";"0";"0";"0";"0";"0";"0";"0";"0";"0";"0";"0";"0";"0";"0";"0";"0";"0";"0";"0";"0";"0";"0";"0";"0";"0";"0";"0";"0";"0";"0";"0";"0";"0";"0";"0";"0";"0";"0";"0";"0";"0";"0";"0";"0";"Ja"
"second_coder";2410526;"NHL geeft ijshockeyspelers opnieuw niet vrij voor Winterspelen";"2021-12-22";"https://nos.nl/artikel/2410526-nhl-geeft-ijshockeyspelers-opnieuw-niet-vrij-voor-winterspelen";"0";"0";"";"";"";"";"";"0";"0";"";"";"0";"0";"0";"0";"0";"0";"0";"0";"0";"0";"0";"0";"0";"0";"0";"0";"0";"0";"0";"0";"0";"0";"0";"0";"0";"0";"0";"0";"0";"0";"0";"0";"0";"0";"0";"0";"0";"0";"0";"0";"0";"0";"0";"0";"0";"0";"0";"0";"0";"0";"0";"0";"0";"0";"0";"0";"0";"0";"0";"0";"0";"0";"0";"0";"0";"0";"0";"0";"0";"0";"0";"0";""
"second_coder";2358194;"Het is rustig in de teststraat, waarom wordt die capaciteit niet gebruikt?";"2020-11-26";"https://nos.nl/artikel/2358194-het-is-rustig-in-de-teststraat-waarom-wordt-die-capaciteit-niet-gebruikt.html";"1";"1";"woordvoerder van het ministerie";"Persoon";"NL - Nationale regering - executive / uitvoerende macht";"";"NvT";"1";"0";"85";"1";"0";"0";"0";"0";"0";"0";"0";"0";"0";"0";"0";"0";"0";"0";"0";"0";"0";"0";"0";"0";"0";"0";"0";"0";"0";"0";"0";"0";"0";"0";"0";"0";"0";"0";"0";"0";"0";"0";"0";"0";"0";"0";"0";"0";"1";"0";"0";"1";"0";"0";"0";"0";"0";"0";"0";"0";"1";"0";"0";"1";"0";"0";"0";"0";"0";"0";"0";"0";"0";"0";"0";"0";"Ja"
"second_coder";2440742;"Agent vervolgd die vrouw in Eindhoven van dichtbij bespoot met waterkanon";"2022-08-15";"https://nos.nl/artikel/2440742-agent-vervolgd-die-vrouw-in-eindhoven-van-dichtbij-bespoot-met-waterkanon";"0";"0";"";"";"";"";"";"0";"0";"";"";"0";"0";"0";"0";"0";"0";"0";"0";"0";"0";"0";"0";"0";"0";"0";"0";"0";"0";"0";"0";"0";"0";"0";"0";"0";"0";"0";"0";"0";"0";"0";"0";"0";"0";"0";"0";"0";"0";"0";"0";"0";"0";"0";"0";"0";"0";"0";"0";"0";"0";"0";"0";"0";"0";"0";"0";"0";"0";"0";"0";"0";"0";"0";"0";"0";"0";"0";"0";"0";"0";"0";"0";""
"second_coder";2456638;"Kabinet draagt bij aan toekomstig fonds voor zorgwerkers met long covid";"2022-12-16";"https://nos.nl/artikel/2456638-kabinet-draagt-bij-aan-toekomstig-fonds-voor-zorgwerkers-met-long-covid";"1";"1";"CNV";"Organisatie";"Niet-governementele organisaties (NGO), maatschappelijke organisaties, en hun leden";"";"";"1";"1";"13";"0";"0";"0";"0";"0";"0";"0";"0";"0";"0";"0";"0";"0";"0";"0";"0";"0";"0";"0";"0";"0";"0";"0";"0";"0";"0";"0";"0";"0";"0";"0";"0";"0";"0";"0";"0";"0";"0";"0";"0";"0";"0";"0";"0";"0";"0";"0";"0";"0";"0";"0";"0";"0";"0";"0";"0";"0";"0";"0";"0";"0";"0";"0";"0";"0";"0";"0";"0";"0";"0";"0";"0";"0";"Ja"
"second_coder";2457129;"China naarstig op zoek naar ziekenhuisbedden voor coronapatiënten";"2022-12-20";"https://nos.nl/artikel/2457129-china-naarstig-op-zoek-naar-ziekenhuisbedden-voor-coronapatienten";"1";"1";"westerse landen";"Geopolitieke entiteit";"Landen die worden genoemd zonder enige functie zoals hierboven vermeld";"";"";"0";"1";"5";"1";"0";"0";"0";"0";"0";"0";"0";"0";"0";"0";"0";"0";"0";"0";"0";"0";"0";"0";"0";"0";"0";"0";"0";"0";"0";"0";"0";"0";"0";"0";"0";"0";"0";"0";"0";"0";"0";"0";"0";"0";"0";"0";"0";"0";"0";"0";"0";"0";"0";"0";"0";"0";"0";"0";"0";"0";"0";"0";"0";"0";"0";"0";"0";"0";"1";"0";"0";"1";"0";"0";"0";"0";"Ja"
"second_coder";2441951;"""9 op 10 opgenomen coronapatiënten hebben jaar later nog klachten""";"2022-08-25";"https://nos.nl/artikel/2441951-9-op-10-opgenomen-coronapatienten-hebben-jaar-later-nog-klachten";"1";"1";"de wetenschappers";"Persoon";"Wetenschappelijke/medische organisaties en onderzoekers";"";"";"0";"1";"6";"0";"0";"0";"0";"0";"0";"0";"0";"0";"0";"0";"0";"0";"0";"0";"0";"0";"0";"0";"0";"0";"0";"0";"0";"0";"0";"0";"0";"0";"0";"0";"0";"0";"0";"0";"0";"0";"0";"0";"0";"0";"0";"0";"0";"0";"0";"0";"0";"0";"0";"0";"0";"0";"0";"0";"0";"0";"0";"0";"0";"0";"0";"0";"0";"0";"0";"0";"0";"0";"0";"0";"0";"0";"Nee"
"second_coder";2399840;"Rechter: gemeente Utrecht mocht restaurant Waku Waku sluiten";"2021-09-30";"https://nos.nl/artikel/2399840-rechter-gemeente-utrecht-mocht-restaurant-waku-waku-sluiten";"1";"1";"de rechter";"Persoon";"Nationale en internationale rechterlijke macht";"";"";"0";"1";"67";"1";"0";"0";"0";"0";"0";"0";"0";"0";"0";"0";"0";"0";"0";"0";"0";"0";"0";"0";"0";"0";"0";"0";"0";"0";"0";"0";"0";"0";"0";"0";"0";"0";"0";"0";"0";"0";"0";"0";"0";"0";"0";"0";"0";"0";"0";"0";"0";"0";"0";"0";"0";"0";"0";"0";"0";"0";"0";"0";"0";"0";"0";"0";"0";"0";"1";"1";"0";"0";"0";"0";"0";"0";"Nee"
"second_coder";2358916;"Bedrijven worstelen met thuiswerken, ""mentale gesteldheid is ook belangrijk""";"2020-12-01";"https://nos.nl/artikel/2358916-bedrijven-worstelen-met-thuiswerken-mentale-gesteldheid-is-ook-belangrijk";"1";"1";"Inger Kammeraat";"Persoon";"Publiek en leden van het publiek, publieke opiniepeilingen en hun respondenten";"";"";"1";"1";"172";"1";"0";"0";"0";"0";"1";"0";"1";"0";"0";"0";"0";"0";"0";"0";"0";"0";"0";"0";"0";"0";"0";"0";"0";"0";"0";"0";"0";"0";"0";"0";"0";"0";"0";"0";"0";"0";"0";"0";"0";"0";"0";"0";"0";"0";"0";"0";"0";"0";"0";"0";"0";"0";"0";"0";"0";"0";"0";"0";"0";"0";"0";"0";"0";"0";"0";"0";"0";"0";"0";"0";"0";"0";"Ja"
"second_coder";2361815;"RIVM: Britse coronavariant verspreidt zich door Nederland";"2020-12-23";"https://nos.nl/artikel/2361815-rivm-britse-coronavariant-verspreidt-zich-door-nederland.html";"1";"1";"GGD";"Organisatie";"Openbare en semiopenbare instellingen";"";"";"0";"1";"46";"0";"0";"0";"0";"0";"0";"0";"0";"0";"0";"0";"0";"0";"0";"0";"0";"0";"0";"0";"0";"0";"0";"0";"0";"0";"0";"0";"0";"0";"0";"0";"0";"0";"0";"0";"0";"0";"0";"0";"0";"0";"0";"0";"0";"0";"0";"0";"0";"0";"0";"0";"0";"0";"0";"0";"0";"0";"0";"0";"0";"0";"0";"0";"0";"0";"0";"0";"0";"0";"0";"0";"0";"0";"Ja"
"second_coder";2362513;"Zorgautoriteit: tientallen ziekenhuizen schrappen dringende operaties door corona";"2020-12-30";"https://nos.nl/artikel/2362513-zorgautoriteit-tientallen-ziekenhuizen-schrappen-dringende-operaties-door-corona.html";"1";"1";"David Jongen";"Persoon";"Niet-governementele organisaties (NGO), maatschappelijke organisaties, en hun leden";"";"";"1";"1";"236";"1";"0";"0";"0";"0";"0";"0";"0";"0";"0";"0";"0";"0";"0";"0";"0";"0";"0";"0";"0";"0";"0";"0";"0";"0";"0";"0";"0";"0";"0";"0";"0";"0";"0";"0";"0";"0";"0";"0";"0";"0";"0";"0";"0";"0";"0";"0";"0";"0";"0";"0";"0";"0";"0";"0";"0";"0";"0";"0";"0";"0";"0";"0";"0";"0";"1";"1";"1";"0";"0";"0";"0";"0";"Ja"
"second_coder";2454001;"Protesten in China tegen coronabeleid na brand met tien doden";"2022-11-26";"https://nos.nl/artikel/2454001-protesten-in-china-tegen-coronabeleid-na-brand-met-tien-doden";"1";"0";"";"";"";"";"";"0";"0";"";"";"0";"0";"0";"0";"0";"0";"0";"0";"0";"0";"0";"0";"0";"0";"0";"0";"0";"0";"0";"0";"0";"0";"0";"0";"0";"0";"0";"0";"0";"0";"0";"0";"0";"0";"0";"0";"0";"0";"0";"0";"0";"0";"0";"0";"0";"0";"0";"0";"0";"0";"0";"0";"0";"0";"0";"0";"0";"0";"0";"0";"0";"0";"0";"0";"0";"0";"0";"0";"0";"0";"0";"0";""
"second_coder";2378929;"Lange wachttijden en vaak jonge patiënten bij nazorgpoli's corona";"2021-05-01";"https://nos.nl/artikel/2378929-lange-wachttijden-en-vaak-jonge-patienten-bij-nazorgpoli-s-corona";"1";"1";"Andere artsen";"Persoon";"Wetenschappelijke/medische organisaties en onderzoekers";"";"";"0";"1";"8";"0";"0";"0";"0";"0";"0";"0";"0";"0";"0";"0";"0";"0";"0";"0";"0";"0";"0";"0";"0";"0";"0";"0";"0";"0";"0";"0";"0";"0";"0";"0";"0";"0";"0";"0";"0";"0";"0";"0";"0";"0";"0";"0";"0";"0";"0";"0";"0";"0";"0";"0";"0";"0";"0";"0";"0";"0";"0";"0";"0";"0";"0";"0";"0";"0";"0";"0";"0";"0";"0";"0";"0";"0";"Ja"
"second_coder";2369393;"Hof doet over een week uitspraak, avondklok blijft tot die tijd van kracht";"2021-02-19";"https://nos.nl/artikel/2369393-hof-doet-over-een-week-uitspraak-avondklok-blijft-tot-die-tijd-van-kracht.html";"1";"1";"landsadvocaat";"Persoon";"Nationale en internationale rechterlijke macht";"";"";"1";"1";"35";"1";"0";"0";"0";"0";"0";"0";"0";"0";"0";"0";"0";"0";"0";"0";"0";"0";"1";"1";"0";"0";"0";"0";"0";"0";"0";"0";"0";"0";"0";"0";"0";"0";"0";"0";"0";"0";"0";"0";"0";"0";"0";"0";"0";"0";"0";"0";"0";"0";"0";"0";"0";"0";"0";"0";"0";"0";"0";"0";"0";"0";"0";"0";"0";"0";"0";"0";"0";"0";"0";"0";"0";"0";"Ja"
"second_coder";2379841;"Besmettingen India gaan hard door virusmutaties en niet naleven maatregelen";"2021-05-08";"https://nos.nl/artikel/2379841-besmettingen-india-gaan-hard-door-virusmutaties-en-niet-naleven-maatregelen";"1";"1";"Aletta André";"Persoon";"Journalisten anders dan de schrijver van het huidige artikel of nieuwsorganisaties anders dan de nieuwsorganisatie van het huidige artikel.";"";"";"1";"0";"148";"1";"1";"0";"0";"1";"0";"0";"0";"0";"0";"0";"0";"0";"0";"0";"0";"0";"0";"0";"0";"0";"0";"0";"0";"0";"1";"0";"0";"1";"1";"0";"0";"1";"0";"0";"0";"0";"0";"0";"0";"0";"0";"0";"0";"0";"0";"0";"0";"0";"0";"0";"0";"0";"0";"0";"0";"0";"0";"0";"0";"0";"0";"0";"0";"0";"0";"0";"0";"0";"0";"0";"0";"0";"Ja"
"second_coder";2380020;"Zweedse corona-aanpak onder de loep, vooral migranten hard getroffen";"2021-05-09";"https://nos.nl/nieuwsuur/artikel/2380020-zweedse-corona-aanpak-onder-de-loep-vooral-migranten-hard-getroffen";"1";"1";"Saskia Dekkers";"Persoon";"Journalisten anders dan de schrijver van het huidige artikel of nieuwsorganisaties anders dan de nieuwsorganisatie van het huidige artikel.";"";"";"1";"0";"11";"0";"0";"0";"0";"0";"0";"0";"0";"0";"0";"0";"0";"0";"0";"0";"0";"0";"0";"0";"0";"0";"0";"0";"0";"0";"0";"0";"0";"0";"0";"0";"0";"0";"0";"0";"0";"0";"0";"0";"0";"0";"0";"0";"0";"0";"0";"0";"0";"0";"0";"0";"0";"0";"0";"0";"0";"0";"0";"0";"0";"0";"0";"0";"0";"0";"0";"0";"0";"0";"0";"0";"0";"0";"Ja"
"second_coder";2413608;"Gemeente Amsterdam en Kapsalon Theater in conflict over ludieke protestactie";"2022-01-18";"https://nos.nl/artikel/2413608-gemeente-amsterdam-en-kapsalon-theater-in-conflict-over-ludieke-protestactie";"1";"1";"Diederik Ebbinge en Sanne Wallis de Vries";"Persoon";"Bekende mediapersonen (anders dan journalisten)";"";"";"1";"0";"40";"0";"0";"0";"0";"0";"0";"0";"0";"0";"0";"0";"0";"0";"0";"0";"0";"0";"0";"0";"0";"0";"0";"0";"0";"0";"0";"0";"0";"0";"0";"0";"0";"0";"0";"0";"0";"0";"0";"0";"0";"0";"0";"0";"0";"0";"0";"0";"0";"0";"0";"0";"0";"0";"0";"0";"0";"0";"0";"0";"0";"0";"0";"0";"0";"0";"0";"0";"0";"0";"0";"0";"0";"0";"Ja"
"second_coder";2415061;"Skispringster Kramer zes dagen voor olympisch debuut positief getest op corona";"2022-01-30";"https://nos.nl/artikel/2415061-skispringster-kramer-zes-dagen-voor-olympisch-debuut-positief-getest-op-corona";"1";"0";"";"";"";"";"";"0";"0";"";"";"0";"0";"0";"0";"0";"0";"0";"0";"0";"0";"0";"0";"0";"0";"0";"0";"0";"0";"0";"0";"0";"0";"0";"0";"0";"0";"0";"0";"0";"0";"0";"0";"0";"0";"0";"0";"0";"0";"0";"0";"0";"0";"0";"0";"0";"0";"0";"0";"0";"0";"0";"0";"0";"0";"0";"0";"0";"0";"0";"0";"0";"0";"0";"0";"0";"0";"0";"0";"0";"0";"0";"0";""
"second_coder";2387267;"De ethische discussie over tieners vaccineren: ""Hoe vertel ik dit mijn kinderen?""";"2021-06-29";"https://nos.nl/artikel/2387267-de-ethische-discussie-over-tieners-vaccineren-hoe-vertel-ik-dit-mijn-kinderen";"1";"1";"Nederlandse Vereniging van Kinderartsen";"Organisatie";"Niet-governementele organisaties (NGO), maatschappelijke organisaties, en hun leden";"";"";"0";"1";"13";"1";"0";"0";"0";"0";"0";"0";"0";"0";"0";"0";"0";"0";"0";"0";"0";"0";"0";"0";"0";"0";"0";"0";"0";"0";"0";"0";"0";"0";"0";"0";"0";"0";"0";"0";"0";"0";"0";"0";"0";"0";"0";"0";"0";"0";"0";"0";"0";"0";"0";"0";"0";"0";"0";"0";"0";"0";"0";"0";"0";"0";"0";"0";"0";"0";"1";"0";"1";"0";"0";"0";"0";"0";"Ja"
"main_coder";2379607;"Kamer wil geen eigen bijdrage van 7,50 euro voor toegangstest";"2021-05-06";"https://nos.nl/artikel/2379607-kamer-wil-geen-eigen-bijdrage-van-7-50-euro-voor-toegangstest";"1";"1";"Bikker";"Persoon";"NL - Nationaal parlement en nationale partijen – wetgevende macht";"";"ChristenUnie";"1";"0";"17";"1";"0";"0";"0";"0";"0";"0";"0";"0";"0";"0";"0";"0";"0";"0";"0";"0";"0";"0";"0";"0";"0";"0";"0";"0";"0";"0";"0";"0";"0";"0";"0";"0";"0";"0";"0";"0";"0";"0";"0";"0";"0";"0";"0";"0";"0";"0";"0";"0";"0";"0";"0";"0";"0";"0";"0";"0";"1";"0";"0";"1";"0";"0";"0";"0";"0";"0";"0";"0";"0";"0";"0";"0";"Ja"
"main_coder";2363978;"Chinees vaccin is voor China ""kans om invloed in Afrika uit te breiden""";"2021-01-11";"https://nos.nl/artikel/2363978-chinees-vaccin-is-voor-china-kans-om-invloed-in-afrika-uit-te-breiden";"1";"1";"de Verenigde Arabische Emiraten";"Geopolitieke entiteit";"Regeringen/regeringsleiders/regeringsleden en/of andere politici in een ander land dan NL, op nationaal of lokaal niveau OF staatsorganisaties en hun ambtenaren";"";"";"0";"1";"7";"1";"0";"0";"0";"0";"0";"0";"0";"0";"0";"0";"0";"0";"0";"0";"0";"0";"0";"0";"0";"0";"0";"0";"0";"0";"0";"0";"0";"0";"0";"0";"0";"0";"0";"0";"0";"0";"0";"0";"0";"0";"0";"0";"0";"0";"0";"0";"0";"0";"0";"0";"0";"0";"0";"0";"0";"0";"0";"0";"0";"0";"0";"0";"0";"0";"1";"0";"0";"1";"0";"0";"0";"0";"Ja"
"main_coder";2365392;"7,6 miljard euro voor verruiming steunpakket voor ondernemers";"2021-01-21";"https://nos.nl/artikel/2365392-7-6-miljard-euro-voor-verruiming-steunpakket-voor-ondernemers";"1";"0";"";"";"";"";"";"0";"0";"";"";"0";"0";"0";"0";"0";"0";"0";"0";"0";"0";"0";"0";"0";"0";"0";"0";"0";"0";"0";"0";"0";"0";"0";"0";"0";"0";"0";"0";"0";"0";"0";"0";"0";"0";"0";"0";"0";"0";"0";"0";"0";"0";"0";"0";"0";"0";"0";"0";"0";"0";"0";"0";"0";"0";"0";"0";"0";"0";"0";"0";"0";"0";"0";"0";"0";"0";"0";"0";"0";"0";"0";"0";""
"main_coder";2415061;"Skispringster Kramer zes dagen voor olympisch debuut positief getest op corona";"2022-01-30";"https://nos.nl/artikel/2415061-skispringster-kramer-zes-dagen-voor-olympisch-debuut-positief-getest-op-corona";"1";"0";"";"";"";"";"";"0";"0";"";"";"0";"0";"0";"0";"0";"0";"0";"0";"0";"0";"0";"0";"0";"0";"0";"0";"0";"0";"0";"0";"0";"0";"0";"0";"0";"0";"0";"0";"0";"0";"0";"0";"0";"0";"0";"0";"0";"0";"0";"0";"0";"0";"0";"0";"0";"0";"0";"0";"0";"0";"0";"0";"0";"0";"0";"0";"0";"0";"0";"0";"0";"0";"0";"0";"0";"0";"0";"0";"0";"0";"0";"0";""
"main_coder";2413608;"Gemeente Amsterdam en Kapsalon Theater in conflict over ludieke protestactie";"2022-01-18";"https://nos.nl/artikel/2413608-gemeente-amsterdam-en-kapsalon-theater-in-conflict-over-ludieke-protestactie";"1";"1";"Diederik Ebbinge en Sanne Wallis de Vries";"Persoon";"Niet-governementele organisaties (NGO), maatschappelijke organisaties, en hun leden";"";"";"1";"0";"40";"0";"0";"0";"0";"0";"0";"0";"0";"0";"0";"0";"0";"0";"0";"0";"0";"0";"0";"0";"0";"0";"0";"0";"0";"0";"0";"0";"0";"0";"0";"0";"0";"0";"0";"0";"0";"0";"0";"0";"0";"0";"0";"0";"0";"0";"0";"0";"0";"0";"0";"0";"0";"0";"0";"0";"0";"0";"0";"0";"0";"0";"0";"0";"0";"0";"0";"0";"0";"0";"0";"0";"0";"0";"Ja"
"main_coder";2397937;"YouTube mocht filmpjes met toespraak Baudet over corona verwijderen";"2021-09-15";"https://nos.nl/artikel/2397937-youtube-mocht-filmpjes-met-toespraak-baudet-over-corona-verwijderen";"1";"1";"de rechtbank";"Organisatie";"Nationale en internationale rechterlijke macht";"";"";"0";"1";"11";"0";"0";"0";"0";"0";"0";"0";"0";"0";"0";"0";"0";"0";"0";"0";"0";"0";"0";"0";"0";"0";"0";"0";"0";"0";"0";"0";"0";"0";"0";"0";"0";"0";"0";"0";"0";"0";"0";"0";"0";"0";"0";"0";"0";"0";"0";"0";"0";"0";"0";"0";"0";"0";"0";"0";"0";"0";"0";"0";"0";"0";"0";"0";"0";"0";"0";"0";"0";"0";"0";"0";"0";"0";"Nee"
"main_coder";2387267;"De ethische discussie over tieners vaccineren: ""Hoe vertel ik dit mijn kinderen?""";"2021-06-29";"https://nos.nl/artikel/2387267-de-ethische-discussie-over-tieners-vaccineren-hoe-vertel-ik-dit-mijn-kinderen";"1";"1";"Artsen Collectief";"Organisatie";"Wetenschappelijke/medische organisaties en onderzoekers";"";"";"0";"1";"34";"1";"0";"0";"0";"0";"0";"0";"0";"0";"0";"0";"0";"0";"0";"0";"0";"0";"0";"0";"0";"0";"0";"0";"0";"0";"0";"0";"0";"0";"0";"0";"0";"0";"0";"0";"0";"0";"0";"0";"0";"0";"0";"0";"0";"0";"0";"0";"0";"0";"0";"0";"0";"0";"0";"0";"0";"0";"0";"0";"0";"0";"0";"0";"0";"0";"1";"0";"1";"0";"0";"0";"0";"0";"Ja"
"main_coder";2328119;"Aanscherping coronamaatregelen is een hard gelag: ""Het valt ons zwaar""";"2020-03-23";"https://nos.nl/artikel/2328119-aanscherping-coronamaatregelen-is-een-hard-gelag-het-valt-ons-zwaar";"1";"1";"KNZB";"Organisatie";"Zakelijke organisaties en hun werknemers";"";"";"1";"0";"32";"1";"0";"0";"0";"0";"0";"0";"0";"0";"0";"0";"0";"0";"0";"0";"0";"0";"0";"0";"0";"0";"0";"0";"0";"0";"0";"0";"0";"0";"0";"0";"0";"0";"0";"0";"0";"0";"0";"0";"0";"0";"0";"0";"0";"0";"0";"0";"0";"0";"1";"0";"0";"1";"0";"0";"0";"0";"0";"0";"0";"0";"0";"0";"0";"0";"0";"0";"0";"0";"0";"0";"0";"0";"Ja"
"main_coder";2409659;"De Jonge waarschuwt in Kamer: volgende week mogelijk al nieuwe maatregelen";"2021-12-15";"https://nos.nl/artikel/2409659-de-jonge-waarschuwt-in-kamer-volgende-week-mogelijk-al-nieuwe-maatregelen";"1";"1";"oppositiepartijen";"Organisatie";"NL - Nationaal parlement en nationale partijen – wetgevende macht";"";"NvT";"0";"1";"14";"1";"0";"0";"0";"0";"0";"0";"0";"0";"0";"0";"0";"0";"0";"0";"0";"0";"0";"0";"0";"0";"0";"0";"0";"0";"0";"0";"0";"0";"1";"0";"1";"0";"0";"0";"0";"0";"0";"0";"0";"0";"0";"0";"0";"0";"0";"0";"0";"0";"0";"0";"0";"0";"0";"0";"0";"0";"0";"0";"0";"0";"0";"0";"0";"0";"0";"0";"0";"0";"0";"0";"0";"0";"Ja"
"main_coder";2336043;"Nederland wil samen met andere landen aan coronavaccin komen";"2020-06-03";"https://nos.nl/artikel/2336043-nederland-wil-samen-met-andere-landen-aan-coronavaccin-komen.html";"1";"1";"De Jonge";"Persoon";"NL - Nationale regering - executive / uitvoerende macht";"";"CDA";"1";"0";"17";"1";"0";"0";"0";"0";"0";"0";"0";"0";"0";"0";"0";"0";"0";"0";"0";"0";"0";"0";"0";"0";"0";"0";"0";"0";"0";"0";"0";"0";"0";"0";"0";"0";"0";"0";"0";"0";"0";"0";"0";"0";"0";"0";"0";"0";"0";"0";"0";"0";"0";"0";"0";"0";"0";"0";"0";"0";"0";"0";"0";"0";"0";"0";"0";"0";"1";"1";"0";"0";"0";"0";"0";"0";"Nee"
"main_coder";2346916;"Evenementen in tijd van corona: ""Elke tribune heeft eigen parkeerplaatsen""";"2020-09-05";"https://nos.nl/artikel/2346916-evenementen-in-tijd-van-corona-elke-tribune-heeft-eigen-parkeerplaatsen.html";"1";"1";"Willem Westermann";"Persoon";"Niet-governementele organisaties (NGO), maatschappelijke organisaties, en hun leden";"";"";"1";"0";"57";"1";"1";"0";"0";"1";"0";"0";"0";"0";"0";"0";"0";"0";"0";"0";"0";"0";"0";"0";"0";"0";"0";"0";"0";"0";"0";"0";"0";"0";"0";"0";"0";"0";"0";"0";"0";"0";"0";"0";"0";"0";"0";"0";"0";"0";"0";"0";"0";"0";"1";"0";"0";"1";"1";"0";"0";"1";"0";"0";"0";"0";"0";"0";"0";"0";"0";"0";"0";"0";"0";"0";"0";"0";"Nee"
"main_coder";2417611;"Overheid wilde pas informeren over corona na ""grote klap""";"2022-02-16";"https://nos.nl/artikel/2417611-overheid-wilde-pas-informeren-over-corona-na-grote-klap";"1";"1";"de NOS";"Organisatie";"Journalisten anders dan de schrijver van het huidige artikel of nieuwsorganisaties anders dan de nieuwsorganisatie van het huidige artikel.";"";"";"0";"1";"12";"0";"0";"0";"0";"0";"0";"0";"0";"0";"0";"0";"0";"0";"0";"0";"0";"0";"0";"0";"0";"0";"0";"0";"0";"0";"0";"0";"0";"0";"0";"0";"0";"0";"0";"0";"0";"0";"0";"0";"0";"0";"0";"0";"0";"0";"0";"0";"0";"0";"0";"0";"0";"0";"0";"0";"0";"0";"0";"0";"0";"0";"0";"0";"0";"0";"0";"0";"0";"0";"0";"0";"0";"0";"Nee"
"main_coder";2350775;"Republikeinen besmet die samen waren in tuin Witte Huis, coronaregels genegeerd";"2020-10-03";"https://nos.nl/artikel/2350775-republikeinen-besmet-die-samen-waren-in-tuin-witte-huis-coronaregels-genegeerd.html";"1";"1";"Mitch McConnell";"Persoon";"Regeringen/regeringsleiders/regeringsleden en/of andere politici in een ander land dan NL, op nationaal of lokaal niveau OF staatsorganisaties en hun ambtenaren";"";"";"1";"1";"8";"0";"0";"0";"0";"0";"0";"0";"0";"0";"0";"0";"0";"0";"0";"0";"0";"0";"0";"0";"0";"0";"0";"0";"0";"0";"0";"0";"0";"0";"0";"0";"0";"0";"0";"0";"0";"0";"0";"0";"0";"0";"0";"0";"0";"0";"0";"0";"0";"0";"0";"0";"0";"0";"0";"0";"0";"0";"0";"0";"0";"0";"0";"0";"0";"0";"0";"0";"0";"0";"0";"0";"0";"0";"Nee"
"main_coder";2410526;"NHL geeft ijshockeyspelers opnieuw niet vrij voor Winterspelen";"2021-12-22";"https://nos.nl/artikel/2410526-nhl-geeft-ijshockeyspelers-opnieuw-niet-vrij-voor-winterspelen";"1";"1";"Nino Niederreiter";"Persoon";"Bekende mediapersonen (anders dan journalisten)";"";"";"1";"0";"31";"0";"0";"0";"0";"0";"0";"0";"0";"0";"0";"0";"0";"0";"0";"0";"0";"0";"0";"0";"0";"0";"0";"0";"0";"0";"0";"0";"0";"0";"0";"0";"0";"0";"0";"0";"0";"0";"0";"0";"0";"0";"0";"0";"0";"0";"0";"0";"0";"0";"0";"0";"0";"0";"0";"0";"0";"0";"0";"0";"0";"0";"0";"0";"0";"0";"0";"0";"0";"0";"0";"0";"0";"0";"Nee"
"main_coder";2336349;"Israël sluit 90 scholen weer uit angst voor nieuwe corona-uitbraak";"2020-06-05";"https://nos.nl/artikel/2336349-israel-sluit-90-scholen-weer-uit-angst-voor-nieuwe-corona-uitbraak";"1";"1";"Marion Golany";"Persoon";"Openbare en semiopenbare instellingen";"";"";"1";"1";"92";"1";"0";"0";"0";"0";"0";"0";"0";"0";"1";"0";"0";"1";"0";"0";"0";"0";"0";"0";"0";"0";"0";"0";"0";"0";"0";"0";"0";"0";"0";"0";"0";"0";"0";"0";"0";"0";"0";"0";"0";"0";"0";"0";"0";"0";"0";"0";"0";"0";"0";"0";"0";"0";"0";"0";"0";"0";"0";"0";"0";"0";"0";"0";"0";"0";"0";"0";"0";"0";"0";"0";"0";"0";"Ja"
"main_coder";2407489;"Doodgeboortes bij niet-gevaccineerde vrouwen na ontsteking door corona";"2021-11-29";"https://nos.nl/artikel/2407489-doodgeboortes-bij-niet-gevaccineerde-vrouwen-na-ontsteking-door-corona";"1";"1";"het RIVM";"Organisatie";"Openbare en semiopenbare instellingen";"";"";"0";"1";"8";"1";"0";"0";"0";"0";"0";"0";"0";"0";"0";"0";"0";"0";"0";"0";"0";"0";"0";"0";"0";"0";"0";"0";"0";"0";"0";"0";"0";"0";"0";"0";"0";"0";"0";"0";"0";"0";"0";"0";"0";"0";"0";"0";"0";"0";"0";"0";"0";"0";"0";"0";"0";"0";"0";"0";"0";"0";"0";"0";"0";"0";"0";"0";"0";"0";"1";"1";"0";"0";"0";"0";"0";"0";"Nee"
"main_coder";2457129;"China naarstig op zoek naar ziekenhuisbedden voor coronapatiënten";"2022-12-20";"https://nos.nl/artikel/2457129-china-naarstig-op-zoek-naar-ziekenhuisbedden-voor-coronapatienten";"1";"1";"Westerse deskundigen";"Persoon";"Wetenschappelijke/medische organisaties en onderzoekers";"";"";"0";"1";"17";"0";"0";"0";"0";"0";"0";"0";"0";"0";"0";"0";"0";"0";"0";"0";"0";"0";"0";"0";"0";"0";"0";"0";"0";"0";"0";"0";"0";"0";"0";"0";"0";"0";"0";"0";"0";"0";"0";"0";"0";"0";"0";"0";"0";"0";"0";"0";"0";"0";"0";"0";"0";"0";"0";"0";"0";"0";"0";"0";"0";"0";"0";"0";"0";"0";"0";"0";"0";"0";"0";"0";"0";"0";"Ja"
"main_coder";2386070;"Toegangsbewijs voor festival of club: ""Er is altijd een groep die dit niet accepteert""";"2021-06-21";"https://nos.nl/artikel/2386070-toegangsbewijs-voor-festival-of-club-er-is-altijd-een-groep-die-dit-niet-accepteert";"1";"1";"Bente Bollmann";"Persoon";"Zakelijke organisaties en hun werknemers";"";"";"1";"1";"105";"1";"0";"0";"0";"0";"0";"0";"0";"0";"0";"0";"0";"0";"0";"0";"0";"0";"0";"0";"0";"0";"0";"0";"0";"0";"0";"0";"0";"0";"0";"0";"0";"0";"0";"0";"0";"0";"0";"0";"0";"0";"0";"0";"0";"0";"0";"0";"0";"0";"0";"0";"0";"0";"0";"0";"0";"0";"1";"0";"0";"1";"0";"0";"0";"0";"1";"0";"0";"1";"0";"0";"0";"0";"Nee"
"main_coder";2339595;"Modezaken worstelen met impact corona, veel uitverkoop en onverkochte voorraden";"2020-07-05";"https://nos.nl/artikel/2339595-modezaken-worstelen-met-impact-corona-veel-uitverkoop-en-onverkochte-voorraden.html";"1";"1";"Rens Tap";"Persoon";"Niet-governementele organisaties (NGO), maatschappelijke organisaties, en hun leden";"";"";"1";"1";"99";"0";"0";"0";"0";"0";"0";"0";"0";"0";"0";"0";"0";"0";"0";"0";"0";"0";"0";"0";"0";"0";"0";"0";"0";"0";"0";"0";"0";"0";"0";"0";"0";"0";"0";"0";"0";"0";"0";"0";"0";"0";"0";"0";"0";"0";"0";"0";"0";"0";"0";"0";"0";"0";"0";"0";"0";"0";"0";"0";"0";"0";"0";"0";"0";"0";"0";"0";"0";"0";"0";"0";"0";"0";"Ja"
"main_coder";2370347;"Steun voor maatregelen sterk afgenomen, maar meeste mensen houden zich er nog aan";"2021-02-26";"https://nos.nl/artikel/2370347-steun-voor-maatregelen-sterk-afgenomen-maar-meeste-mensen-houden-zich-er-nog-aan.html";"1";"1";"Marijn de Bruin";"Persoon";"Openbare en semiopenbare instellingen";"";"";"1";"0";"123";"1";"1";"0";"0";"1";"0";"0";"0";"0";"1";"0";"0";"1";"1";"0";"0";"1";"0";"0";"0";"0";"0";"0";"0";"0";"0";"0";"0";"0";"0";"0";"0";"0";"0";"0";"0";"0";"0";"0";"0";"0";"0";"0";"0";"0";"0";"0";"0";"0";"0";"0";"0";"0";"0";"0";"0";"0";"1";"1";"0";"0";"0";"0";"0";"0";"0";"0";"0";"0";"0";"0";"0";"0";"Ja"
"main_coder";2355910;"Van commerciële tests op het coronavirus is alleen topje van ijsberg bekend";"2020-11-09";"https://nos.nl/artikel/2355910-van-commerciele-tests-op-het-coronavirus-is-alleen-topje-van-ijsberg-bekend.html";"1";"1";"het RIVM";"Organisatie";"Openbare en semiopenbare instellingen";"";"";"0";"1";"7";"0";"0";"0";"0";"0";"0";"0";"0";"0";"0";"0";"0";"0";"0";"0";"0";"0";"0";"0";"0";"0";"0";"0";"0";"0";"0";"0";"0";"0";"0";"0";"0";"0";"0";"0";"0";"0";"0";"0";"0";"0";"0";"0";"0";"0";"0";"0";"0";"0";"0";"0";"0";"0";"0";"0";"0";"0";"0";"0";"0";"0";"0";"0";"0";"0";"0";"0";"0";"0";"0";"0";"0";"0";"Ja"
"main_coder";2358194;"Het is rustig in de teststraat, waarom wordt die capaciteit niet gebruikt?";"2020-11-26";"https://nos.nl/artikel/2358194-het-is-rustig-in-de-teststraat-waarom-wordt-die-capaciteit-niet-gebruikt.html";"1";"1";"een woordvoerder van het ministerie";"Persoon";"NL - Nationale regering - executive / uitvoerende macht";"";"NvT";"1";"0";"108";"1";"0";"0";"0";"0";"0";"0";"0";"0";"0";"0";"0";"0";"0";"0";"0";"0";"0";"0";"0";"0";"0";"0";"0";"0";"0";"0";"0";"0";"0";"0";"0";"0";"0";"0";"0";"0";"0";"0";"0";"0";"0";"0";"0";"0";"0";"0";"0";"0";"0";"0";"0";"0";"0";"0";"0";"0";"1";"0";"1";"1";"0";"0";"0";"0";"0";"0";"0";"0";"0";"0";"0";"0";"Ja"
"main_coder";2329762;"""We zijn nog lang niet van corona af, dus stop met gijzeling overige zorg""";"2020-04-07";"https://nos.nl/nieuwsuur/artikel/2329762-we-zijn-nog-lang-niet-van-corona-af-dus-stop-met-gijzeling-overige-zorg";"1";"1";"het RIVM";"Organisatie";"Openbare en semiopenbare instellingen";"";"";"0";"1";"12";"1";"1";"0";"0";"1";"0";"0";"0";"0";"0";"0";"0";"0";"0";"0";"0";"0";"0";"0";"0";"0";"0";"0";"0";"0";"0";"0";"0";"0";"0";"0";"0";"0";"0";"0";"0";"0";"0";"0";"0";"0";"0";"0";"0";"0";"0";"0";"0";"0";"0";"0";"0";"0";"0";"0";"0";"0";"0";"0";"0";"0";"0";"0";"0";"0";"0";"0";"0";"0";"0";"0";"0";"0";"Nee"
"main_coder";2328680;"Coronanieuws 28 maart: onveilige mondkapjes en ziekenhuis wil hulp van Duitsland";"2020-03-28";"https://nos.nl/artikel/2328680-coronanieuws-28-maart-onveilige-mondkapjes-en-ziekenhuis-wil-hulp-van-duitsland";"1";"1";"het RIVM";"Organisatie";"Openbare en semiopenbare instellingen";"";"";"1";"1";"48";"1";"1";"0";"0";"1";"0";"0";"0";"0";"1";"0";"0";"1";"1";"0";"0";"1";"0";"0";"0";"0";"0";"0";"0";"0";"0";"0";"0";"0";"0";"0";"0";"0";"0";"0";"0";"0";"0";"0";"0";"0";"0";"0";"0";"0";"0";"0";"0";"0";"0";"0";"0";"0";"0";"0";"0";"0";"0";"0";"0";"0";"0";"0";"0";"0";"0";"0";"0";"0";"0";"0";"0";"0";"Ja"
"main_coder";2380020;"Zweedse corona-aanpak onder de loep, vooral migranten hard getroffen";"2021-05-09";"https://nos.nl/nieuwsuur/artikel/2380020-zweedse-corona-aanpak-onder-de-loep-vooral-migranten-hard-getroffen";"1";"1";"Daniël Öhman met een team";"Persoon";"Journalisten anders dan de schrijver van het huidige artikel of nieuwsorganisaties anders dan de nieuwsorganisatie van het huidige artikel.";"";"";"0";"1";"7";"0";"0";"0";"0";"0";"0";"0";"0";"0";"0";"0";"0";"0";"0";"0";"0";"0";"0";"0";"0";"0";"0";"0";"0";"0";"0";"0";"0";"0";"0";"0";"0";"0";"0";"0";"0";"0";"0";"0";"0";"0";"0";"0";"0";"0";"0";"0";"0";"0";"0";"0";"0";"0";"0";"0";"0";"0";"0";"0";"0";"0";"0";"0";"0";"0";"0";"0";"0";"0";"0";"0";"0";"0";"Ja"
"main_coder";2330078;"Google en Apple bouwen ""corona-tracking"" in op smartphones";"2020-04-10";"https://nos.nl/artikel/2330078-google-en-apple-bouwen-corona-tracking-in-op-smartphones";"0";"0";"";"";"";"";"";"0";"0";"";"";"0";"0";"0";"0";"0";"0";"0";"0";"0";"0";"0";"0";"0";"0";"0";"0";"0";"0";"0";"0";"0";"0";"0";"0";"0";"0";"0";"0";"0";"0";"0";"0";"0";"0";"0";"0";"0";"0";"0";"0";"0";"0";"0";"0";"0";"0";"0";"0";"0";"0";"0";"0";"0";"0";"0";"0";"0";"0";"0";"0";"0";"0";"0";"0";"0";"0";"0";"0";"0";"0";"0";"0";""
"main_coder";2326923;"Dit was de dag dat Nederland ""een patiënt"" werd";"2020-03-12";"https://nos.nl/artikel/2326923-dit-was-de-dag-dat-nederland-een-patient-werd";"1";"1";"veel Utrechtse studenten";"Persoon";"Publiek en leden van het publiek, publieke opiniepeilingen en hun respondenten";"";"";"1";"0";"2";"1";"0";"0";"0";"0";"0";"0";"0";"0";"0";"0";"0";"0";"0";"0";"0";"0";"0";"0";"0";"0";"0";"0";"0";"0";"0";"0";"0";"0";"0";"0";"0";"0";"0";"0";"0";"0";"0";"0";"0";"0";"0";"0";"0";"0";"0";"0";"0";"0";"0";"0";"0";"0";"0";"0";"0";"0";"0";"0";"0";"0";"0";"0";"0";"0";"0";"0";"0";"0";"1";"1";"0";"0";"Ja"
"main_coder";2456638;"Kabinet draagt bij aan toekomstig fonds voor zorgwerkers met long covid";"2022-12-16";"https://nos.nl/artikel/2456638-kabinet-draagt-bij-aan-toekomstig-fonds-voor-zorgwerkers-met-long-covid";"1";"1";"vakbond CNV";"Organisatie";"Niet-governementele organisaties (NGO), maatschappelijke organisaties, en hun leden";"";"";"1";"1";"13";"0";"0";"0";"0";"0";"0";"0";"0";"0";"0";"0";"0";"0";"0";"0";"0";"0";"0";"0";"0";"0";"0";"0";"0";"0";"0";"0";"0";"0";"0";"0";"0";"0";"0";"0";"0";"0";"0";"0";"0";"0";"0";"0";"0";"0";"0";"0";"0";"0";"0";"0";"0";"0";"0";"0";"0";"0";"0";"0";"0";"0";"0";"0";"0";"0";"0";"0";"0";"0";"0";"0";"0";"0";"Ja"
"main_coder";2428330;"Lockdown trof mentale gezondheid jongeren, veel ouderen voelden zich juist goed";"2022-05-11";"https://nos.nl/artikel/2428330-lockdown-trof-mentale-gezondheid-jongeren-veel-ouderen-voelden-zich-juist-goed";"1";"1";"het Netwerk GOR";"Organisatie";"Openbare en semiopenbare instellingen";"";"";"0";"1";"20";"0";"0";"0";"0";"0";"0";"0";"0";"0";"0";"0";"0";"0";"0";"0";"0";"0";"0";"0";"0";"0";"0";"0";"0";"0";"0";"0";"0";"0";"0";"0";"0";"0";"0";"0";"0";"0";"0";"0";"0";"0";"0";"0";"0";"0";"0";"0";"0";"0";"0";"0";"0";"0";"0";"0";"0";"0";"0";"0";"0";"0";"0";"0";"0";"0";"0";"0";"0";"0";"0";"0";"0";"0";"Nee"
"main_coder";2432686;"Post-covid kan nog eens duizenden zorgmedewerkers baan kosten";"2022-06-14";"https://nos.nl/artikel/2432686-post-covid-kan-nog-eens-duizenden-zorgmedewerkers-baan-kosten";"1";"1";"het kabinet";"Organisatie";"NL - Nationale regering - executive / uitvoerende macht";"";"NvT";"0";"1";"7";"0";"0";"0";"0";"0";"0";"0";"0";"0";"0";"0";"0";"0";"0";"0";"0";"0";"0";"0";"0";"0";"0";"0";"0";"0";"0";"0";"0";"0";"0";"0";"0";"0";"0";"0";"0";"0";"0";"0";"0";"0";"0";"0";"0";"0";"0";"0";"0";"0";"0";"0";"0";"0";"0";"0";"0";"0";"0";"0";"0";"0";"0";"0";"0";"0";"0";"0";"0";"0";"0";"0";"0";"0";"Ja"
"main_coder";2413877;"Kabinet hoopt op opening horeca en cultuur, maar ""gaat nog geen garanties geven""";"2022-01-20";"https://nos.nl/artikel/2413877-kabinet-hoopt-op-opening-horeca-en-cultuur-maar-gaat-nog-geen-garanties-geven";"1";"1";"allerlei partijen";"Organisatie";"NL - Nationaal parlement en nationale partijen – wetgevende macht";"";"NvT";"0";"1";"9";"1";"0";"0";"0";"0";"0";"0";"0";"0";"0";"0";"0";"0";"0";"0";"0";"0";"0";"0";"0";"0";"0";"0";"0";"0";"0";"0";"0";"0";"0";"0";"0";"0";"0";"0";"0";"0";"0";"0";"0";"0";"0";"0";"0";"0";"0";"0";"0";"0";"0";"0";"0";"0";"1";"0";"1";"0";"0";"0";"0";"0";"0";"0";"0";"0";"0";"0";"0";"0";"0";"0";"0";"0";"Ja"
"main_coder";2408462;"Instroom van coronapatiënten in ziekenhuizen over piek heen";"2021-12-06";"https://nos.nl/artikel/2408462-instroom-van-coronapatienten-in-ziekenhuizen-over-piek-heen";"1";"1";"meerdere ziekenhuizen";"Organisatie";"Wetenschappelijke/medische organisaties en onderzoekers";"";"";"0";"1";"7";"0";"0";"0";"0";"0";"0";"0";"0";"0";"0";"0";"0";"0";"0";"0";"0";"0";"0";"0";"0";"0";"0";"0";"0";"0";"0";"0";"0";"0";"0";"0";"0";"0";"0";"0";"0";"0";"0";"0";"0";"0";"0";"0";"0";"0";"0";"0";"0";"0";"0";"0";"0";"0";"0";"0";"0";"0";"0";"0";"0";"0";"0";"0";"0";"0";"0";"0";"0";"0";"0";"0";"0";"0";"Ja"
"main_coder";2378929;"Lange wachttijden en vaak jonge patiënten bij nazorgpoli's corona";"2021-05-01";"https://nos.nl/artikel/2378929-lange-wachttijden-en-vaak-jonge-patienten-bij-nazorgpoli-s-corona";"1";"1";"Bram van den Borst";"Persoon";"Wetenschappelijke/medische organisaties en onderzoekers";"";"";"1";"1";"77";"0";"0";"0";"0";"0";"0";"0";"0";"0";"0";"0";"0";"0";"0";"0";"0";"0";"0";"0";"0";"0";"0";"0";"0";"0";"0";"0";"0";"0";"0";"0";"0";"0";"0";"0";"0";"0";"0";"0";"0";"0";"0";"0";"0";"0";"0";"0";"0";"0";"0";"0";"0";"0";"0";"0";"0";"0";"0";"0";"0";"0";"0";"0";"0";"0";"0";"0";"0";"0";"0";"0";"0";"0";"Ja"
"main_coder";2379298;"Is de piek van de derde golf bereikt? ""Het is nog even koffiedik kijken""";"2021-05-03";"https://nos.nl/artikel/2379298-is-de-piek-van-de-derde-golf-bereikt-het-is-nog-even-koffiedik-kijken";"1";"1";"Alma Tostmann";"Persoon";"Wetenschappelijke/medische organisaties en onderzoekers";"";"";"1";"1";"108";"1";"0";"0";"0";"0";"0";"0";"0";"0";"0";"0";"0";"0";"0";"0";"0";"0";"0";"0";"0";"0";"0";"0";"0";"0";"0";"0";"0";"0";"0";"0";"0";"0";"0";"0";"0";"0";"0";"0";"0";"0";"0";"0";"0";"0";"0";"0";"0";"0";"0";"0";"0";"0";"0";"0";"0";"0";"0";"0";"0";"0";"0";"0";"0";"0";"1";"0";"0";"1";"0";"0";"0";"0";"Nee"
"main_coder";2379841;"Besmettingen India gaan hard door virusmutaties en niet naleven maatregelen";"2021-05-08";"https://nos.nl/artikel/2379841-besmettingen-india-gaan-hard-door-virusmutaties-en-niet-naleven-maatregelen";"1";"1";"Aletta André";"Persoon";"Journalisten anders dan de schrijver van het huidige artikel of nieuwsorganisaties anders dan de nieuwsorganisatie van het huidige artikel.";"";"";"1";"0";"148";"1";"1";"0";"0";"1";"0";"0";"0";"0";"0";"0";"0";"0";"0";"0";"0";"0";"0";"0";"0";"0";"0";"0";"0";"0";"1";"0";"0";"1";"1";"0";"0";"1";"0";"0";"0";"0";"0";"0";"0";"0";"0";"0";"0";"0";"0";"0";"0";"0";"0";"0";"0";"0";"0";"0";"0";"0";"0";"0";"0";"0";"0";"0";"0";"0";"0";"0";"0";"0";"0";"0";"0";"0";"Ja"
"main_coder";2381978;"Hoe houden we zicht op het virus als we richting het ""oude normaal"" gaan?";"2021-05-23";"https://nos.nl/artikel/2381978-hoe-houden-we-zicht-op-het-virus-als-we-richting-het-oude-normaal-gaan";"1";"1";"Frits Rosendaal";"Persoon";"Wetenschappelijke/medische organisaties en onderzoekers";"";"";"1";"0";"64";"1";"0";"0";"0";"0";"0";"0";"0";"0";"0";"0";"0";"0";"0";"0";"0";"0";"0";"0";"0";"0";"0";"0";"0";"0";"0";"0";"0";"0";"0";"0";"0";"0";"0";"0";"0";"0";"0";"0";"0";"0";"0";"0";"0";"0";"0";"0";"0";"0";"0";"0";"0";"0";"0";"0";"0";"0";"0";"0";"0";"0";"0";"0";"0";"0";"1";"0";"0";"1";"0";"0";"0";"0";"Ja"
"main_coder";2376137;"Demonstratie tegen coronabeleid in Baarn en omgeving";"2021-04-10";"https://nos.nl/artikel/2376137-demonstratie-tegen-coronabeleid-in-baarn-en-omgeving";"1";"1";"Omroep Gelderland";"Organisatie";"Journalisten anders dan de schrijver van het huidige artikel of nieuwsorganisaties anders dan de nieuwsorganisatie van het huidige artikel.";"";"";"0";"1";"24";"0";"0";"0";"0";"0";"0";"0";"0";"0";"0";"0";"0";"0";"0";"0";"0";"0";"0";"0";"0";"0";"0";"0";"0";"0";"0";"0";"0";"0";"0";"0";"0";"0";"0";"0";"0";"0";"0";"0";"0";"0";"0";"0";"0";"0";"0";"0";"0";"0";"0";"0";"0";"0";"0";"0";"0";"0";"0";"0";"0";"0";"0";"0";"0";"0";"0";"0";"0";"0";"0";"0";"0";"0";"Ja"
"main_coder";2377898;"Zorgen bij Gommers over aantal IC-opnames, vrees voor ""code zwart""";"2021-04-23";"https://nos.nl/artikel/2377898-zorgen-bij-gommers-over-aantal-ic-opnames-vrees-voor-code-zwart";"1";"1";"Het OMT";"Organisatie";"Openbare en semiopenbare instellingen";"";"";"1";"0";"56";"0";"0";"0";"0";"0";"0";"0";"0";"0";"0";"0";"0";"0";"0";"0";"0";"0";"0";"0";"0";"0";"0";"0";"0";"0";"0";"0";"0";"0";"0";"0";"0";"0";"0";"0";"0";"0";"0";"0";"0";"0";"0";"0";"0";"0";"0";"0";"0";"0";"0";"0";"0";"0";"0";"0";"0";"0";"0";"0";"0";"0";"0";"0";"0";"0";"0";"0";"0";"0";"0";"0";"0";"0";"Nee"
"main_coder";2374653;"Oxfam Novib: coronavaccins snel ineffectief door vaccingebrek in arme landen";"2021-03-30";"https://nos.nl/artikel/2374653-oxfam-novib-coronavaccins-snel-ineffectief-door-vaccingebrek-in-arme-landen";"1";"1";"Amrish Baidjoe";"Persoon";"Wetenschappelijke/medische organisaties en onderzoekers";"";"";"1";"0";"34";"1";"0";"0";"0";"0";"0";"0";"0";"0";"0";"0";"0";"0";"0";"0";"0";"0";"0";"0";"0";"0";"0";"0";"0";"0";"0";"0";"0";"0";"0";"0";"0";"0";"0";"0";"0";"0";"0";"0";"0";"0";"0";"0";"0";"0";"0";"0";"0";"0";"0";"0";"0";"0";"0";"0";"0";"0";"0";"0";"0";"0";"0";"0";"0";"0";"1";"1";"1";"0";"0";"0";"0";"0";"Ja"
"main_coder";2369393;"Hof doet over een week uitspraak, avondklok blijft tot die tijd van kracht";"2021-02-19";"https://nos.nl/artikel/2369393-hof-doet-over-een-week-uitspraak-avondklok-blijft-tot-die-tijd-van-kracht.html";"1";"1";"Jeroen Pols";"Persoon";"Niet-governementele organisaties (NGO), maatschappelijke organisaties, en hun leden";"";"";"1";"1";"38";"0";"0";"0";"0";"0";"0";"0";"0";"0";"0";"0";"0";"0";"0";"0";"0";"0";"0";"0";"0";"0";"0";"0";"0";"0";"0";"0";"0";"0";"0";"0";"0";"0";"0";"0";"0";"0";"0";"0";"0";"0";"0";"0";"0";"0";"0";"0";"0";"0";"0";"0";"0";"0";"0";"0";"0";"0";"0";"0";"0";"0";"0";"0";"0";"0";"0";"0";"0";"0";"0";"0";"0";"0";"Ja"
"main_coder";2366198;"Rellen creëren ook groep ""die staat voor iets anders"": veel initiatieven om te helpen";"2021-01-27";"https://nos.nl/artikel/2366198-rellen-creeren-ook-groep-die-staat-voor-iets-anders-veel-initiatieven-om-te-helpen";"1";"1";"Richard Weurding";"Persoon";"Niet-governementele organisaties (NGO), maatschappelijke organisaties, en hun leden";"";"";"0";"1";"12";"0";"0";"0";"0";"0";"0";"0";"0";"0";"0";"0";"0";"0";"0";"0";"0";"0";"0";"0";"0";"0";"0";"0";"0";"0";"0";"0";"0";"0";"0";"0";"0";"0";"0";"0";"0";"0";"0";"0";"0";"0";"0";"0";"0";"0";"0";"0";"0";"0";"0";"0";"0";"0";"0";"0";"0";"0";"0";"0";"0";"0";"0";"0";"0";"0";"0";"0";"0";"0";"0";"0";"0";"0";"Nee"
"main_coder";2366896;"Oproep uit IC-hoek: ""Versoepel aantal maatregelen, accepteer meer overlijdens""";"2021-02-01";"https://nos.nl/artikel/2366896-oproep-uit-ic-hoek-versoepel-aantal-maatregelen-accepteer-meer-overlijdens.html";"1";"1";"de Nederlandse Vereniging voor Intensive Care";"Organisatie";"Wetenschappelijke/medische organisaties en onderzoekers";"";"";"1";"0";"55";"1";"1";"0";"0";"1";"0";"0";"0";"0";"0";"0";"0";"0";"0";"0";"0";"0";"0";"0";"0";"0";"0";"0";"0";"0";"0";"0";"0";"0";"0";"0";"0";"0";"0";"0";"0";"0";"0";"0";"0";"0";"0";"0";"0";"0";"0";"0";"0";"0";"0";"0";"0";"0";"0";"0";"0";"0";"0";"0";"0";"0";"0";"0";"0";"0";"0";"0";"0";"0";"0";"0";"0";"0";"Nee"
"main_coder";2367812;"19-jarige Brit ontwaakt na jaar in coma in totaal andere wereld";"2021-02-08";"https://nos.nl/artikel/2367812-19-jarige-brit-ontwaakt-na-jaar-in-coma-in-totaal-andere-wereld.html";"0";"0";"";"";"";"";"";"0";"0";"";"";"0";"0";"0";"0";"0";"0";"0";"0";"0";"0";"0";"0";"0";"0";"0";"0";"0";"0";"0";"0";"0";"0";"0";"0";"0";"0";"0";"0";"0";"0";"0";"0";"0";"0";"0";"0";"0";"0";"0";"0";"0";"0";"0";"0";"0";"0";"0";"0";"0";"0";"0";"0";"0";"0";"0";"0";"0";"0";"0";"0";"0";"0";"0";"0";"0";"0";"0";"0";"0";"0";"0";"0";""
"main_coder";2365172;"Zuurstof en vaccins voor zwaar getroffen Braziliaanse stad Manaus";"2021-01-20";"https://nos.nl/artikel/2365172-zuurstof-en-vaccins-voor-zwaar-getroffen-braziliaanse-stad-manaus";"1";"1";"Bolsonaro";"Persoon";"Regeringen/regeringsleiders/regeringsleden en/of andere politici in een ander land dan NL, op nationaal of lokaal niveau OF staatsorganisaties en hun ambtenaren";"";"";"1";"0";"43";"0";"0";"0";"0";"0";"0";"0";"0";"0";"0";"0";"0";"0";"0";"0";"0";"0";"0";"0";"0";"0";"0";"0";"0";"0";"0";"0";"0";"0";"0";"0";"0";"0";"0";"0";"0";"0";"0";"0";"0";"0";"0";"0";"0";"0";"0";"0";"0";"0";"0";"0";"0";"0";"0";"0";"0";"0";"0";"0";"0";"0";"0";"0";"0";"0";"0";"0";"0";"0";"0";"0";"0";"0";"Nee"
"main_coder";2365361;"Rutte: avondklok misschien iets later, maar niet na 21.00 uur";"2021-01-21";"https://nos.nl/artikel/2365361-rutte-avondklok-misschien-iets-later-maar-niet-na-21-00-uur";"1";"1";"Het kabinet";"Organisatie";"NL - Nationale regering - executive / uitvoerende macht";"";"NvT";"1";"1";"12";"1";"0";"0";"0";"0";"0";"0";"0";"0";"0";"0";"0";"0";"0";"0";"0";"0";"1";"0";"0";"1";"0";"0";"0";"0";"0";"0";"0";"0";"0";"0";"0";"0";"0";"0";"0";"0";"0";"0";"0";"0";"0";"0";"0";"0";"0";"0";"0";"0";"0";"0";"0";"0";"0";"0";"0";"0";"0";"0";"0";"0";"0";"0";"0";"0";"0";"0";"0";"0";"0";"0";"0";"0";"Ja"
"main_coder";2365867;"""Op dit soort momenten schaam ik me om Urker te zijn""";"2021-01-24";"https://nos.nl/artikel/2365867-op-dit-soort-momenten-schaam-ik-me-om-urker-te-zijn";"1";"1";"Johan van Slooten";"Persoon";"NL - Nationale regionale en lokale politieke organisaties en hun ambtenaren";"";"CDA";"1";"1";"196";"0";"0";"0";"0";"0";"0";"0";"0";"0";"0";"0";"0";"0";"0";"0";"0";"0";"0";"0";"0";"0";"0";"0";"0";"0";"0";"0";"0";"0";"0";"0";"0";"0";"0";"0";"0";"0";"0";"0";"0";"0";"0";"0";"0";"0";"0";"0";"0";"0";"0";"0";"0";"0";"0";"0";"0";"0";"0";"0";"0";"0";"0";"0";"0";"0";"0";"0";"0";"0";"0";"0";"0";"0";"Ja"
"main_coder";2358916;"Bedrijven worstelen met thuiswerken, ""mentale gesteldheid is ook belangrijk""";"2020-12-01";"https://nos.nl/artikel/2358916-bedrijven-worstelen-met-thuiswerken-mentale-gesteldheid-is-ook-belangrijk";"1";"1";"Erik Huizer";"Persoon";"Publiek en leden van het publiek, publieke opiniepeilingen en hun respondenten";"";"";"1";"1";"122";"1";"0";"0";"0";"0";"1";"1";"1";"0";"0";"0";"0";"0";"0";"0";"0";"0";"0";"0";"0";"0";"0";"0";"0";"0";"0";"0";"0";"0";"0";"0";"0";"0";"0";"0";"0";"0";"0";"0";"0";"0";"0";"0";"0";"0";"0";"0";"0";"0";"0";"0";"0";"0";"0";"0";"0";"0";"0";"0";"0";"0";"0";"0";"0";"0";"0";"0";"0";"0";"0";"0";"0";"0";"Ja"
"main_coder";2361815;"RIVM: Britse coronavariant verspreidt zich door Nederland";"2020-12-23";"https://nos.nl/artikel/2361815-rivm-britse-coronavariant-verspreidt-zich-door-nederland.html";"1";"1";"een woordvoerder van RIVM";"Persoon";"Openbare en semiopenbare instellingen";"";"";"1";"1";"32";"0";"0";"0";"0";"0";"0";"0";"0";"0";"0";"0";"0";"0";"0";"0";"0";"0";"0";"0";"0";"0";"0";"0";"0";"0";"0";"0";"0";"0";"0";"0";"0";"0";"0";"0";"0";"0";"0";"0";"0";"0";"0";"0";"0";"0";"0";"0";"0";"0";"0";"0";"0";"0";"0";"0";"0";"0";"0";"0";"0";"0";"0";"0";"0";"0";"0";"0";"0";"0";"0";"0";"0";"0";"Ja"
"main_coder";2362513;"Zorgautoriteit: tientallen ziekenhuizen schrappen dringende operaties door corona";"2020-12-30";"https://nos.nl/artikel/2362513-zorgautoriteit-tientallen-ziekenhuizen-schrappen-dringende-operaties-door-corona.html";"1";"1";"Dianda Veldman";"Persoon";"Niet-governementele organisaties (NGO), maatschappelijke organisaties, en hun leden";"";"";"1";"1";"134";"1";"0";"0";"0";"0";"0";"0";"0";"0";"0";"0";"0";"0";"0";"0";"0";"0";"0";"0";"0";"0";"0";"0";"0";"0";"0";"0";"0";"0";"0";"0";"0";"0";"0";"0";"0";"0";"0";"0";"0";"0";"0";"0";"0";"0";"0";"0";"0";"0";"0";"0";"0";"0";"0";"0";"0";"0";"0";"0";"0";"0";"0";"0";"0";"0";"1";"0";"1";"0";"0";"0";"0";"0";"Nee"
"main_coder";2363133;"Kabinet wil geen leeftijdselectie op intensive care, artsen houden vast aan draaiboek";"2021-01-05";"https://nos.nl/artikel/2363133-kabinet-wil-geen-leeftijdselectie-op-intensive-care-artsen-houden-vast-aan-draaiboek.html";"1";"1";"Dijkhoff";"Persoon";"NL - Nationaal parlement en nationale partijen – wetgevende macht";"";"VVD";"1";"0";"30";"0";"0";"0";"0";"0";"0";"0";"0";"0";"0";"0";"0";"0";"0";"0";"0";"0";"0";"0";"0";"0";"0";"0";"0";"0";"0";"0";"0";"0";"0";"0";"0";"0";"0";"0";"0";"0";"0";"0";"0";"0";"0";"0";"0";"0";"0";"0";"0";"0";"0";"0";"0";"0";"0";"0";"0";"0";"0";"0";"0";"0";"0";"0";"0";"0";"0";"0";"0";"0";"0";"0";"0";"0";"Ja"
"second_coder";2336349;"Israël sluit 90 scholen weer uit angst voor nieuwe corona-uitbraak";"2020-06-05";"https://nos.nl/artikel/2336349-israel-sluit-90-scholen-weer-uit-angst-voor-nieuwe-corona-uitbraak";"1";"1";"Marion Golany";"Persoon";"Andere functie:";"Lerares";"";"1";"1";"96";"1";"0";"0";"0";"0";"0";"0";"0";"0";"1";"0";"1";"0";"0";"0";"0";"0";"0";"0";"0";"0";"0";"0";"0";"0";"0";"0";"0";"0";"0";"0";"0";"0";"0";"0";"0";"0";"0";"0";"0";"0";"0";"0";"0";"0";"0";"0";"0";"0";"0";"0";"0";"0";"0";"0";"0";"0";"0";"0";"0";"0";"1";"0";"0";"1";"0";"0";"0";"0";"0";"0";"0";"0";"Ja"
"second_coder";2363133;"Kabinet wil geen leeftijdselectie op intensive care, artsen houden vast aan draaiboek";"2021-01-05";"https://nos.nl/artikel/2363133-kabinet-wil-geen-leeftijdselectie-op-intensive-care-artsen-houden-vast-aan-draaiboek.html";"1";"1";"VVD";"Organisatie";"NL - Nationaal parlement en nationale partijen – wetgevende macht";"";"VVD";"0";"1";"12";"0";"0";"0";"0";"0";"0";"0";"0";"0";"0";"0";"0";"0";"0";"0";"0";"0";"0";"0";"0";"0";"0";"0";"0";"0";"0";"0";"0";"0";"0";"0";"0";"0";"0";"0";"0";"0";"0";"0";"0";"0";"0";"0";"0";"0";"0";"0";"0";"0";"0";"0";"0";"0";"0";"0";"0";"0";"0";"0";"0";"0";"0";"0";"0";"0";"0";"0";"0";"0";"0";"0";"0";"0";"Ja"
"second_coder";2377898;"Zorgen bij Gommers over aantal IC-opnames, vrees voor ""code zwart""";"2021-04-23";"https://nos.nl/artikel/2377898-zorgen-bij-gommers-over-aantal-ic-opnames-vrees-voor-code-zwart";"1";"1";"OMT";"Organisatie";"Openbare en semiopenbare instellingen";"";"";"1";"0";"56";"0";"0";"0";"0";"0";"0";"0";"0";"0";"0";"0";"0";"0";"0";"0";"0";"0";"0";"0";"0";"0";"0";"0";"0";"0";"0";"0";"0";"0";"0";"0";"0";"0";"0";"0";"0";"0";"0";"0";"0";"0";"0";"0";"0";"0";"0";"0";"0";"0";"0";"0";"0";"0";"0";"0";"0";"0";"0";"0";"0";"0";"0";"0";"0";"0";"0";"0";"0";"0";"0";"0";"0";"0";"Nee"
"second_coder";2397937;"YouTube mocht filmpjes met toespraak Baudet over corona verwijderen";"2021-09-15";"https://nos.nl/artikel/2397937-youtube-mocht-filmpjes-met-toespraak-baudet-over-corona-verwijderen";"1";"1";"Forum voor Democratie";"Organisatie";"NL - Nationaal parlement en nationale partijen – wetgevende macht";"";"FVD";"1";"0";"10";"0";"0";"0";"0";"0";"0";"0";"0";"0";"0";"0";"0";"0";"0";"0";"0";"0";"0";"0";"0";"0";"0";"0";"0";"0";"0";"0";"0";"0";"0";"0";"0";"0";"0";"0";"0";"0";"0";"0";"0";"0";"0";"0";"0";"0";"0";"0";"0";"0";"0";"0";"0";"0";"0";"0";"0";"0";"0";"0";"0";"0";"0";"0";"0";"0";"0";"0";"0";"0";"0";"0";"0";"0";"Ja"
"second_coder";2407133;"Uitputtingsslag in ziekenhuizen: ""Angst voor wat nog komt""";"2021-11-26";"https://nos.nl/artikel/2407133-uitputtingsslag-in-ziekenhuizen-angst-voor-wat-nog-komt";"1";"1";"Medische specialist 3";"Persoon";"Wetenschappelijke/medische organisaties en onderzoekers";"";"";"1";"0";"202";"0";"0";"0";"0";"0";"0";"0";"0";"0";"0";"0";"0";"0";"0";"0";"0";"0";"0";"0";"0";"0";"0";"0";"0";"0";"0";"0";"0";"0";"0";"0";"0";"0";"0";"0";"0";"0";"0";"0";"0";"0";"0";"0";"0";"0";"0";"0";"0";"0";"0";"0";"0";"0";"0";"0";"0";"0";"0";"0";"0";"0";"0";"0";"0";"0";"0";"0";"0";"0";"0";"0";"0";"0";"Nee"
"second_coder";2432686;"Post-covid kan nog eens duizenden zorgmedewerkers baan kosten";"2022-06-14";"https://nos.nl/artikel/2432686-post-covid-kan-nog-eens-duizenden-zorgmedewerkers-baan-kosten";"1";"1";"De FNV";"Organisatie";"Niet-governementele organisaties (NGO), maatschappelijke organisaties, en hun leden";"";"";"0";"1";"22";"0";"0";"0";"0";"0";"0";"0";"0";"0";"0";"0";"0";"0";"0";"0";"0";"0";"0";"0";"0";"0";"0";"0";"0";"0";"0";"0";"0";"0";"0";"0";"0";"0";"0";"0";"0";"0";"0";"0";"0";"0";"0";"0";"0";"0";"0";"0";"0";"0";"0";"0";"0";"0";"0";"0";"0";"0";"0";"0";"0";"0";"0";"0";"0";"0";"0";"0";"0";"0";"0";"0";"0";"0";"Nee"
"second_coder";2407489;"Doodgeboortes bij niet-gevaccineerde vrouwen na ontsteking door corona";"2021-11-29";"https://nos.nl/artikel/2407489-doodgeboortes-bij-niet-gevaccineerde-vrouwen-na-ontsteking-door-corona";"1";"1";"RIVM";"Organisatie";"Openbare en semiopenbare instellingen";"";"";"0";"1";"8";"1";"0";"0";"0";"0";"0";"0";"0";"0";"0";"0";"0";"0";"0";"0";"0";"0";"0";"0";"0";"0";"0";"0";"0";"0";"0";"0";"0";"0";"0";"0";"0";"0";"0";"0";"0";"0";"0";"0";"0";"0";"0";"0";"0";"0";"0";"0";"0";"0";"0";"0";"0";"0";"0";"0";"0";"0";"0";"0";"0";"0";"0";"0";"0";"0";"1";"1";"0";"0";"0";"0";"0";"0";"Nee"
"second_coder";2365361;"Rutte: avondklok misschien iets later, maar niet na 21.00 uur";"2021-01-21";"https://nos.nl/artikel/2365361-rutte-avondklok-misschien-iets-later-maar-niet-na-21-00-uur";"1";"1";"Grapperhaus";"Persoon";"NL - Nationale regering - executive / uitvoerende macht";"";"CDA";"0";"1";"48";"1";"0";"0";"0";"0";"0";"0";"0";"0";"0";"0";"0";"0";"0";"0";"0";"0";"1";"0";"0";"1";"0";"0";"0";"0";"0";"0";"0";"0";"0";"0";"0";"0";"0";"0";"0";"0";"0";"0";"0";"0";"0";"0";"0";"0";"0";"0";"0";"0";"0";"0";"0";"0";"0";"0";"0";"0";"0";"0";"0";"0";"0";"0";"0";"0";"0";"0";"0";"0";"0";"0";"0";"0";"Ja"
"second_coder";2365867;"""Op dit soort momenten schaam ik me om Urker te zijn""";"2021-01-24";"https://nos.nl/artikel/2365867-op-dit-soort-momenten-schaam-ik-me-om-urker-te-zijn";"1";"1";"Een inwoner";"Persoon";"Publiek en leden van het publiek, publieke opiniepeilingen en hun respondenten";"";"";"1";"0";"33";"0";"0";"0";"0";"0";"0";"0";"0";"0";"0";"0";"0";"0";"0";"0";"0";"0";"0";"0";"0";"0";"0";"0";"0";"0";"0";"0";"0";"0";"0";"0";"0";"0";"0";"0";"0";"0";"0";"0";"0";"0";"0";"0";"0";"0";"0";"0";"0";"0";"0";"0";"0";"0";"0";"0";"0";"0";"0";"0";"0";"0";"0";"0";"0";"0";"0";"0";"0";"0";"0";"0";"0";"0";"Ja"
"second_coder";2366896;"Oproep uit IC-hoek: ""Versoepel aantal maatregelen, accepteer meer overlijdens""";"2021-02-01";"https://nos.nl/artikel/2366896-oproep-uit-ic-hoek-versoepel-aantal-maatregelen-accepteer-meer-overlijdens.html";"1";"1";"Nynke Postma";"Persoon";"Wetenschappelijke/medische organisaties en onderzoekers";"";"";"1";"1";"256";"1";"1";"0";"1";"0";"0";"0";"0";"0";"0";"0";"0";"0";"0";"0";"0";"0";"0";"0";"0";"0";"0";"0";"0";"0";"0";"0";"0";"0";"0";"0";"0";"0";"0";"0";"0";"0";"0";"0";"0";"0";"0";"0";"0";"0";"0";"0";"0";"0";"0";"0";"0";"0";"0";"0";"0";"0";"0";"0";"0";"0";"0";"0";"0";"0";"0";"0";"0";"0";"0";"0";"0";"0";"Ja"
"second_coder";2386070;"Toegangsbewijs voor festival of club: ""Er is altijd een groep die dit niet accepteert""";"2021-06-21";"https://nos.nl/artikel/2386070-toegangsbewijs-voor-festival-of-club-er-is-altijd-een-groep-die-dit-niet-accepteert";"1";"1";"Bente Bollmann";"Persoon";"Zakelijke organisaties en hun werknemers";"";"";"1";"1";"96";"1";"0";"0";"0";"0";"0";"0";"0";"0";"0";"0";"0";"0";"0";"0";"0";"0";"0";"0";"0";"0";"0";"0";"0";"0";"0";"0";"0";"0";"0";"0";"0";"0";"0";"0";"0";"0";"0";"0";"0";"0";"0";"0";"0";"0";"0";"0";"0";"0";"0";"0";"0";"0";"0";"0";"0";"0";"1";"1";"0";"0";"0";"0";"0";"0";"1";"1";"0";"0";"0";"0";"0";"0";"Nee"
"second_coder";2408462;"Instroom van coronapatiënten in ziekenhuizen over piek heen";"2021-12-06";"https://nos.nl/artikel/2408462-instroom-van-coronapatienten-in-ziekenhuizen-over-piek-heen";"1";"1";"meerdere ziekenhuizen";"Organisatie";"Wetenschappelijke/medische organisaties en onderzoekers";"";"";"0";"1";"7";"0";"0";"0";"0";"0";"0";"0";"0";"0";"0";"0";"0";"0";"0";"0";"0";"0";"0";"0";"0";"0";"0";"0";"0";"0";"0";"0";"0";"0";"0";"0";"0";"0";"0";"0";"0";"0";"0";"0";"0";"0";"0";"0";"0";"0";"0";"0";"0";"0";"0";"0";"0";"0";"0";"0";"0";"0";"0";"0";"0";"0";"0";"0";"0";"0";"0";"0";"0";"0";"0";"0";"0";"0";"Ja"
"second_coder";2346916;"Evenementen in tijd van corona: ""Elke tribune heeft eigen parkeerplaatsen""";"2020-09-05";"https://nos.nl/artikel/2346916-evenementen-in-tijd-van-corona-elke-tribune-heeft-eigen-parkeerplaatsen.html";"1";"1";"Willem Westermann";"Persoon";"Zakelijke organisaties en hun werknemers";"";"";"1";"0";"29";"1";"1";"1";"0";"0";"0";"0";"0";"0";"0";"0";"0";"0";"0";"0";"0";"0";"0";"0";"0";"0";"0";"0";"0";"0";"0";"0";"0";"0";"0";"0";"0";"0";"0";"0";"0";"0";"0";"0";"0";"0";"0";"0";"0";"0";"0";"0";"0";"0";"0";"0";"0";"0";"0";"0";"0";"0";"0";"0";"0";"0";"0";"0";"0";"0";"0";"0";"0";"0";"0";"0";"0";"0";"Ja"
"second_coder";2355910;"Van commerciële tests op het coronavirus is alleen topje van ijsberg bekend";"2020-11-09";"https://nos.nl/artikel/2355910-van-commerciele-tests-op-het-coronavirus-is-alleen-topje-van-ijsberg-bekend.html";"1";"1";"een RIVM-woordvoerder";"Persoon";"Openbare en semiopenbare instellingen";"";"";"1";"0";"33";"1";"0";"0";"0";"0";"0";"0";"0";"0";"0";"0";"0";"0";"0";"0";"0";"0";"0";"0";"0";"0";"0";"0";"0";"0";"0";"0";"0";"0";"0";"0";"0";"0";"0";"0";"0";"0";"0";"0";"0";"0";"0";"0";"0";"0";"0";"0";"0";"0";"0";"0";"0";"0";"0";"0";"0";"0";"1";"1";"0";"0";"0";"0";"0";"0";"0";"0";"0";"0";"0";"0";"0";"0";"Ja"
"second_coder";2363978;"Chinees vaccin is voor China ""kans om invloed in Afrika uit te breiden""";"2021-01-11";"https://nos.nl/artikel/2363978-chinees-vaccin-is-voor-china-kans-om-invloed-in-afrika-uit-te-breiden";"1";"1";"de Verenigde Arabische Emiraten";"Geopolitieke entiteit";"Landen die worden genoemd zonder enige functie zoals hierboven vermeld";"";"";"0";"1";"7";"0";"0";"0";"0";"0";"0";"0";"0";"0";"0";"0";"0";"0";"0";"0";"0";"0";"0";"0";"0";"0";"0";"0";"0";"0";"0";"0";"0";"0";"0";"0";"0";"0";"0";"0";"0";"0";"0";"0";"0";"0";"0";"0";"0";"0";"0";"0";"0";"0";"0";"0";"0";"0";"0";"0";"0";"0";"0";"0";"0";"0";"0";"0";"0";"0";"0";"0";"0";"0";"0";"0";"0";"0";"Ja"
"second_coder";2381978;"Hoe houden we zicht op het virus als we richting het ""oude normaal"" gaan?";"2021-05-23";"https://nos.nl/artikel/2381978-hoe-houden-we-zicht-op-het-virus-als-we-richting-het-oude-normaal-gaan";"1";"1";"Frits Rosendaal";"Persoon";"Wetenschappelijke/medische organisaties en onderzoekers";"";"";"1";"0";"97";"1";"0";"0";"0";"0";"0";"0";"0";"0";"0";"0";"0";"0";"0";"0";"0";"0";"0";"0";"0";"0";"0";"0";"0";"0";"0";"0";"0";"0";"0";"0";"0";"0";"0";"0";"0";"0";"0";"0";"0";"0";"0";"0";"0";"0";"0";"0";"0";"0";"0";"0";"0";"0";"0";"0";"0";"0";"1";"1";"0";"0";"0";"0";"0";"0";"0";"0";"0";"0";"0";"0";"0";"0";"Ja"
"second_coder";2373350;"RIVM: ""Oplopend aantal besmettingen betekent niet per se meer ziekenhuisopnames""";"2021-03-20";"https://nos.nl/artikel/2373350-rivm-oplopend-aantal-besmettingen-betekent-niet-per-se-meer-ziekenhuisopnames";"1";"1";"Jacco Wallinga";"Persoon";"Openbare en semiopenbare instellingen";"";"";"1";"0";"329";"0";"0";"0";"0";"0";"0";"0";"0";"0";"0";"0";"0";"0";"0";"0";"0";"0";"0";"0";"0";"0";"0";"0";"0";"0";"0";"0";"0";"0";"0";"0";"0";"0";"0";"0";"0";"0";"0";"0";"0";"0";"0";"0";"0";"0";"0";"0";"0";"0";"0";"0";"0";"0";"0";"0";"0";"0";"0";"0";"0";"0";"0";"0";"0";"0";"0";"0";"0";"0";"0";"0";"0";"0";"Nee"
"second_coder";2326923;"Dit was de dag dat Nederland ""een patiënt"" werd";"2020-03-12";"https://nos.nl/artikel/2326923-dit-was-de-dag-dat-nederland-een-patient-werd";"1";"1";"Utrechtse studenten";"Persoon";"Publiek en leden van het publiek, publieke opiniepeilingen en hun respondenten";"";"";"1";"0";"2";"1";"0";"0";"0";"0";"0";"0";"0";"0";"0";"0";"0";"0";"0";"0";"0";"0";"0";"0";"0";"0";"0";"0";"0";"0";"0";"0";"0";"0";"1";"1";"0";"0";"0";"0";"0";"0";"0";"0";"0";"0";"0";"0";"0";"0";"0";"0";"0";"0";"0";"0";"0";"0";"0";"0";"0";"0";"0";"0";"0";"0";"0";"0";"0";"0";"0";"0";"0";"0";"0";"0";"0";"0";"Ja"
"second_coder";2328119;"Aanscherping coronamaatregelen is een hard gelag: ""Het valt ons zwaar""";"2020-03-23";"https://nos.nl/artikel/2328119-aanscherping-coronamaatregelen-is-een-hard-gelag-het-valt-ons-zwaar";"1";"1";"De Nederlandse zwembond (KNZB)";"Organisatie";"Niet-governementele organisaties (NGO), maatschappelijke organisaties, en hun leden";"";"";"1";"0";"32";"1";"0";"0";"0";"0";"0";"0";"0";"0";"0";"0";"0";"0";"0";"0";"0";"0";"0";"0";"0";"0";"0";"0";"0";"0";"0";"0";"0";"0";"0";"0";"0";"0";"0";"0";"0";"0";"0";"0";"0";"0";"0";"0";"0";"0";"0";"0";"0";"0";"1";"0";"0";"1";"0";"0";"0";"0";"0";"0";"0";"0";"0";"0";"0";"0";"0";"0";"0";"0";"0";"0";"0";"0";"Ja"
"second_coder";2409659;"De Jonge waarschuwt in Kamer: volgende week mogelijk al nieuwe maatregelen";"2021-12-15";"https://nos.nl/artikel/2409659-de-jonge-waarschuwt-in-kamer-volgende-week-mogelijk-al-nieuwe-maatregelen";"1";"1";"Slob";"Persoon";"NL - Nationale regering - executive / uitvoerende macht";"";"CU";"1";"1";"27";"1";"0";"0";"0";"0";"0";"0";"0";"0";"0";"0";"0";"0";"0";"0";"0";"0";"0";"0";"0";"0";"0";"0";"0";"0";"0";"0";"0";"0";"1";"1";"1";"0";"0";"0";"0";"0";"0";"0";"0";"0";"0";"0";"0";"0";"0";"0";"0";"0";"0";"0";"0";"0";"0";"0";"0";"0";"0";"0";"0";"0";"0";"0";"0";"0";"0";"0";"0";"0";"0";"0";"0";"0";"Ja"
"second_coder";2413877;"Kabinet hoopt op opening horeca en cultuur, maar ""gaat nog geen garanties geven""";"2022-01-20";"https://nos.nl/artikel/2413877-kabinet-hoopt-op-opening-horeca-en-cultuur-maar-gaat-nog-geen-garanties-geven";"1";"1";"Bergkamp";"Persoon";"NL - Nationaal parlement en nationale partijen – wetgevende macht";"";"D66";"1";"0";"12";"0";"0";"0";"0";"0";"0";"0";"0";"0";"0";"0";"0";"0";"0";"0";"0";"0";"0";"0";"0";"0";"0";"0";"0";"0";"0";"0";"0";"0";"0";"0";"0";"0";"0";"0";"0";"0";"0";"0";"0";"0";"0";"0";"0";"0";"0";"0";"0";"0";"0";"0";"0";"0";"0";"0";"0";"0";"0";"0";"0";"0";"0";"0";"0";"0";"0";"0";"0";"0";"0";"0";"0";"0";"Ja"
"second_coder";2376137;"Demonstratie tegen coronabeleid in Baarn en omgeving";"2021-04-10";"https://nos.nl/artikel/2376137-demonstratie-tegen-coronabeleid-in-baarn-en-omgeving";"1";"1";"Omroep Gelderland";"Organisatie";"Journalisten anders dan de schrijver van het huidige artikel of nieuwsorganisaties anders dan de nieuwsorganisatie van het huidige artikel.";"";"";"0";"1";"24";"0";"0";"0";"0";"0";"0";"0";"0";"0";"0";"0";"0";"0";"0";"0";"0";"0";"0";"0";"0";"0";"0";"0";"0";"0";"0";"0";"0";"0";"0";"0";"0";"0";"0";"0";"0";"0";"0";"0";"0";"0";"0";"0";"0";"0";"0";"0";"0";"0";"0";"0";"0";"0";"0";"0";"0";"0";"0";"0";"0";"0";"0";"0";"0";"0";"0";"0";"0";"0";"0";"0";"0";"0";"Ja"
"second_coder";2365392;"7,6 miljard euro voor verruiming steunpakket voor ondernemers";"2021-01-21";"https://nos.nl/artikel/2365392-7-6-miljard-euro-voor-verruiming-steunpakket-voor-ondernemers";"1";"0";"";"";"";"";"";"0";"0";"";"";"0";"0";"0";"0";"0";"0";"0";"0";"0";"0";"0";"0";"0";"0";"0";"0";"0";"0";"0";"0";"0";"0";"0";"0";"0";"0";"0";"0";"0";"0";"0";"0";"0";"0";"0";"0";"0";"0";"0";"0";"0";"0";"0";"0";"0";"0";"0";"0";"0";"0";"0";"0";"0";"0";"0";"0";"0";"0";"0";"0";"0";"0";"0";"0";"0";"0";"0";"0";"0";"0";"0";"0";""
"second_coder";2374653;"Oxfam Novib: coronavaccins snel ineffectief door vaccingebrek in arme landen";"2021-03-30";"https://nos.nl/artikel/2374653-oxfam-novib-coronavaccins-snel-ineffectief-door-vaccingebrek-in-arme-landen";"1";"1";"Amrish Baidjoe";"Persoon";"Wetenschappelijke/medische organisaties en onderzoekers";"";"";"1";"0";"34";"1";"0";"0";"0";"0";"0";"0";"0";"0";"0";"0";"0";"0";"0";"0";"0";"0";"0";"0";"0";"0";"0";"0";"0";"0";"0";"0";"0";"0";"0";"0";"0";"0";"0";"0";"0";"0";"0";"0";"0";"0";"0";"0";"0";"0";"0";"0";"0";"0";"0";"0";"0";"0";"0";"0";"0";"0";"0";"0";"0";"0";"0";"0";"0";"0";"1";"0";"1";"0";"0";"0";"0";"0";"Ja"
"second_coder";2379298;"Is de piek van de derde golf bereikt? ""Het is nog even koffiedik kijken""";"2021-05-03";"https://nos.nl/artikel/2379298-is-de-piek-van-de-derde-golf-bereikt-het-is-nog-even-koffiedik-kijken";"1";"1";"Alma Tostmann";"Persoon";"Wetenschappelijke/medische organisaties en onderzoekers";"";"";"1";"1";"99";"1";"0";"0";"0";"0";"0";"0";"0";"0";"0";"0";"0";"0";"0";"0";"0";"0";"0";"0";"0";"0";"0";"0";"0";"0";"0";"0";"0";"0";"0";"0";"0";"0";"0";"0";"0";"0";"0";"0";"0";"0";"0";"0";"0";"0";"0";"0";"0";"0";"0";"0";"0";"0";"0";"0";"0";"0";"0";"0";"0";"0";"0";"0";"0";"0";"1";"0";"0";"1";"0";"0";"0";"0";"Nee"
"second_coder";2379607;"Kamer wil geen eigen bijdrage van 7,50 euro voor toegangstest";"2021-05-06";"https://nos.nl/artikel/2379607-kamer-wil-geen-eigen-bijdrage-van-7-50-euro-voor-toegangstest";"1";"1";"Kuiken";"Persoon";"NL - Nationaal parlement en nationale partijen – wetgevende macht";"";"PvDA";"1";"1";"51";"1";"0";"0";"0";"0";"0";"0";"0";"0";"1";"0";"0";"1";"0";"0";"0";"0";"0";"0";"0";"0";"0";"0";"0";"0";"0";"0";"0";"0";"0";"0";"0";"0";"0";"0";"0";"0";"0";"0";"0";"0";"0";"0";"0";"0";"0";"0";"0";"0";"0";"0";"0";"0";"0";"0";"0";"0";"1";"0";"1";"0";"0";"0";"0";"0";"0";"0";"0";"0";"0";"0";"0";"0";"Ja"
"second_coder";2370347;"Steun voor maatregelen sterk afgenomen, maar meeste mensen houden zich er nog aan";"2021-02-26";"https://nos.nl/artikel/2370347-steun-voor-maatregelen-sterk-afgenomen-maar-meeste-mensen-houden-zich-er-nog-aan.html";"1";"1";"Iets minder dan de helft van de Nederlanders (48 procent)";"Persoon";"Publiek en leden van het publiek, publieke opiniepeilingen en hun respondenten";"";"";"0";"1";"14";"1";"1";"1";"0";"0";"0";"0";"0";"0";"0";"0";"0";"0";"0";"0";"0";"0";"0";"0";"0";"0";"0";"0";"0";"0";"0";"0";"0";"0";"0";"0";"0";"0";"0";"0";"0";"0";"0";"0";"0";"0";"0";"0";"0";"0";"0";"0";"0";"0";"0";"0";"0";"0";"0";"0";"0";"0";"0";"0";"0";"0";"0";"0";"0";"0";"0";"0";"0";"0";"0";"0";"0";"0";"Ja"
"second_coder";2366327;"Koning spreekt na avondklokrellen met bewoners en ondernemers in Den Bosch";"2021-01-28";"https://nos.nl/artikel/2366327-koning-spreekt-na-avondklokrellen-met-bewoners-en-ondernemers-in-den-bosch";"0";"0";"";"";"";"";"";"0";"0";"";"";"0";"0";"0";"0";"0";"0";"0";"0";"0";"0";"0";"0";"0";"0";"0";"0";"0";"0";"0";"0";"0";"0";"0";"0";"0";"0";"0";"0";"0";"0";"0";"0";"0";"0";"0";"0";"0";"0";"0";"0";"0";"0";"0";"0";"0";"0";"0";"0";"0";"0";"0";"0";"0";"0";"0";"0";"0";"0";"0";"0";"0";"0";"0";"0";"0";"0";"0";"0";"0";"0";"0";"0";""
"second_coder";2366198;"Rellen creëren ook groep ""die staat voor iets anders"": veel initiatieven om te helpen";"2021-01-27";"https://nos.nl/artikel/2366198-rellen-creeren-ook-groep-die-staat-voor-iets-anders-veel-initiatieven-om-te-helpen";"0";"0";"";"";"";"";"";"0";"0";"";"";"0";"0";"0";"0";"0";"0";"0";"0";"0";"0";"0";"0";"0";"0";"0";"0";"0";"0";"0";"0";"0";"0";"0";"0";"0";"0";"0";"0";"0";"0";"0";"0";"0";"0";"0";"0";"0";"0";"0";"0";"0";"0";"0";"0";"0";"0";"0";"0";"0";"0";"0";"0";"0";"0";"0";"0";"0";"0";"0";"0";"0";"0";"0";"0";"0";"0";"0";"0";"0";"0";"0";"0";""
"second_coder";2328680;"Coronanieuws 28 maart: onveilige mondkapjes en ziekenhuis wil hulp van Duitsland";"2020-03-28";"https://nos.nl/artikel/2328680-coronanieuws-28-maart-onveilige-mondkapjes-en-ziekenhuis-wil-hulp-van-duitsland";"1";"1";"Het Brabants Dagblad";"Organisatie";"Journalisten anders dan de schrijver van het huidige artikel of nieuwsorganisaties anders dan de nieuwsorganisatie van het huidige artikel.";"";"";"0";"1";"9";"0";"0";"0";"0";"0";"0";"0";"0";"0";"0";"0";"0";"0";"0";"0";"0";"0";"0";"0";"0";"0";"0";"0";"0";"0";"0";"0";"0";"0";"0";"0";"0";"0";"0";"0";"0";"0";"0";"0";"0";"0";"0";"0";"0";"0";"0";"0";"0";"0";"0";"0";"0";"0";"0";"0";"0";"0";"0";"0";"0";"0";"0";"0";"0";"0";"0";"0";"0";"0";"0";"0";"0";"0";"Nee"
"second_coder";2329762;"""We zijn nog lang niet van corona af, dus stop met gijzeling overige zorg""";"2020-04-07";"https://nos.nl/nieuwsuur/artikel/2329762-we-zijn-nog-lang-niet-van-corona-af-dus-stop-met-gijzeling-overige-zorg";"1";"1";"RIVM";"Organisatie";"Openbare en semiopenbare instellingen";"";"";"0";"1";"12";"1";"1";"0";"0";"1";"0";"0";"0";"0";"0";"0";"0";"0";"0";"0";"0";"0";"0";"0";"0";"0";"0";"0";"0";"0";"0";"0";"0";"0";"0";"0";"0";"0";"0";"0";"0";"0";"0";"0";"0";"0";"0";"0";"0";"0";"0";"0";"0";"0";"0";"0";"0";"0";"0";"0";"0";"0";"0";"0";"0";"0";"0";"0";"0";"0";"0";"0";"0";"0";"0";"0";"0";"0";"Nee"
"second_coder";2339595;"Modezaken worstelen met impact corona, veel uitverkoop en onverkochte voorraden";"2020-07-05";"https://nos.nl/artikel/2339595-modezaken-worstelen-met-impact-corona-veel-uitverkoop-en-onverkochte-voorraden.html";"1";"1";"Rens Tap";"Persoon";"Niet-governementele organisaties (NGO), maatschappelijke organisaties, en hun leden";"";"";"1";"1";"100";"0";"0";"0";"0";"0";"0";"0";"0";"0";"0";"0";"0";"0";"0";"0";"0";"0";"0";"0";"0";"0";"0";"0";"0";"0";"0";"0";"0";"0";"0";"0";"0";"0";"0";"0";"0";"0";"0";"0";"0";"0";"0";"0";"0";"0";"0";"0";"0";"0";"0";"0";"0";"0";"0";"0";"0";"0";"0";"0";"0";"0";"0";"0";"0";"0";"0";"0";"0";"0";"0";"0";"0";"0";"Ja"
"second_coder";2410526;"NHL geeft ijshockeyspelers opnieuw niet vrij voor Winterspelen";"2021-12-22";"https://nos.nl/artikel/2410526-nhl-geeft-ijshockeyspelers-opnieuw-niet-vrij-voor-winterspelen";"0";"0";"";"";"";"";"";"0";"0";"";"";"0";"0";"0";"0";"0";"0";"0";"0";"0";"0";"0";"0";"0";"0";"0";"0";"0";"0";"0";"0";"0";"0";"0";"0";"0";"0";"0";"0";"0";"0";"0";"0";"0";"0";"0";"0";"0";"0";"0";"0";"0";"0";"0";"0";"0";"0";"0";"0";"0";"0";"0";"0";"0";"0";"0";"0";"0";"0";"0";"0";"0";"0";"0";"0";"0";"0";"0";"0";"0";"0";"0";"0";""
"second_coder";2358194;"Het is rustig in de teststraat, waarom wordt die capaciteit niet gebruikt?";"2020-11-26";"https://nos.nl/artikel/2358194-het-is-rustig-in-de-teststraat-waarom-wordt-die-capaciteit-niet-gebruikt.html";"1";"1";"het ministerie";"Organisatie";"NL - Nationale regering - executive / uitvoerende macht";"";"NvT";"1";"0";"20";"1";"0";"0";"0";"0";"0";"0";"0";"0";"0";"0";"0";"0";"0";"0";"0";"0";"0";"0";"0";"0";"0";"0";"0";"0";"0";"0";"0";"0";"0";"0";"0";"0";"0";"0";"0";"0";"0";"0";"0";"0";"0";"0";"0";"0";"0";"0";"0";"0";"0";"0";"0";"0";"0";"0";"0";"0";"1";"1";"0";"0";"0";"0";"0";"0";"0";"0";"0";"0";"0";"0";"0";"0";"Ja"
"second_coder";2440742;"Agent vervolgd die vrouw in Eindhoven van dichtbij bespoot met waterkanon";"2022-08-15";"https://nos.nl/artikel/2440742-agent-vervolgd-die-vrouw-in-eindhoven-van-dichtbij-bespoot-met-waterkanon";"0";"0";"";"";"";"";"";"0";"0";"";"";"0";"0";"0";"0";"0";"0";"0";"0";"0";"0";"0";"0";"0";"0";"0";"0";"0";"0";"0";"0";"0";"0";"0";"0";"0";"0";"0";"0";"0";"0";"0";"0";"0";"0";"0";"0";"0";"0";"0";"0";"0";"0";"0";"0";"0";"0";"0";"0";"0";"0";"0";"0";"0";"0";"0";"0";"0";"0";"0";"0";"0";"0";"0";"0";"0";"0";"0";"0";"0";"0";"0";"0";""
"second_coder";2456638;"Kabinet draagt bij aan toekomstig fonds voor zorgwerkers met long covid";"2022-12-16";"https://nos.nl/artikel/2456638-kabinet-draagt-bij-aan-toekomstig-fonds-voor-zorgwerkers-met-long-covid";"1";"1";"De Raad van State";"Organisatie";"Nationale en internationale rechterlijke macht";"";"";"1";"1";"17";"0";"0";"0";"0";"0";"0";"0";"0";"0";"0";"0";"0";"0";"0";"0";"0";"0";"0";"0";"0";"0";"0";"0";"0";"0";"0";"0";"0";"0";"0";"0";"0";"0";"0";"0";"0";"0";"0";"0";"0";"0";"0";"0";"0";"0";"0";"0";"0";"0";"0";"0";"0";"0";"0";"0";"0";"0";"0";"0";"0";"0";"0";"0";"0";"0";"0";"0";"0";"0";"0";"0";"0";"0";"Ja"
"second_coder";2457129;"China naarstig op zoek naar ziekenhuisbedden voor coronapatiënten";"2022-12-20";"https://nos.nl/artikel/2457129-china-naarstig-op-zoek-naar-ziekenhuisbedden-voor-coronapatienten";"1";"1";"Westerse deskundigen";"Persoon";"Wetenschappelijke/medische organisaties en onderzoekers";"";"";"0";"1";"17";"0";"0";"0";"0";"0";"0";"0";"0";"0";"0";"0";"0";"0";"0";"0";"0";"0";"0";"0";"0";"0";"0";"0";"0";"0";"0";"0";"0";"0";"0";"0";"0";"0";"0";"0";"0";"0";"0";"0";"0";"0";"0";"0";"0";"0";"0";"0";"0";"0";"0";"0";"0";"0";"0";"0";"0";"0";"0";"0";"0";"0";"0";"0";"0";"0";"0";"0";"0";"0";"0";"0";"0";"0";"Nee"
"second_coder";2358916;"Bedrijven worstelen met thuiswerken, ""mentale gesteldheid is ook belangrijk""";"2020-12-01";"https://nos.nl/artikel/2358916-bedrijven-worstelen-met-thuiswerken-mentale-gesteldheid-is-ook-belangrijk";"1";"1";"Erik Huizer";"Persoon";"Publiek en leden van het publiek, publieke opiniepeilingen en hun respondenten";"";"";"1";"1";"130";"1";"0";"0";"0";"0";"1";"0";"1";"0";"0";"0";"0";"0";"0";"0";"0";"0";"0";"0";"0";"0";"0";"0";"0";"0";"0";"0";"0";"0";"0";"0";"0";"0";"0";"0";"0";"0";"0";"0";"0";"0";"0";"0";"0";"0";"0";"0";"0";"0";"0";"0";"0";"0";"0";"0";"0";"0";"0";"0";"0";"0";"0";"0";"0";"0";"0";"0";"0";"0";"0";"0";"0";"0";"Ja"
"second_coder";2361815;"RIVM: Britse coronavariant verspreidt zich door Nederland";"2020-12-23";"https://nos.nl/artikel/2361815-rivm-britse-coronavariant-verspreidt-zich-door-nederland.html";"1";"1";"een woordvoerder van RIVM";"Persoon";"Openbare en semiopenbare instellingen";"";"";"1";"1";"32";"0";"0";"0";"0";"0";"0";"0";"0";"0";"0";"0";"0";"0";"0";"0";"0";"0";"0";"0";"0";"0";"0";"0";"0";"0";"0";"0";"0";"0";"0";"0";"0";"0";"0";"0";"0";"0";"0";"0";"0";"0";"0";"0";"0";"0";"0";"0";"0";"0";"0";"0";"0";"0";"0";"0";"0";"0";"0";"0";"0";"0";"0";"0";"0";"0";"0";"0";"0";"0";"0";"0";"0";"0";"Ja"
"second_coder";2362513;"Zorgautoriteit: tientallen ziekenhuizen schrappen dringende operaties door corona";"2020-12-30";"https://nos.nl/artikel/2362513-zorgautoriteit-tientallen-ziekenhuizen-schrappen-dringende-operaties-door-corona.html";"1";"1";"Dianda Veldman";"Persoon";"Niet-governementele organisaties (NGO), maatschappelijke organisaties, en hun leden";"";"";"1";"1";"137";"1";"0";"0";"0";"0";"0";"0";"0";"0";"0";"0";"0";"0";"0";"0";"0";"0";"0";"0";"0";"0";"0";"0";"0";"0";"0";"0";"0";"0";"0";"0";"0";"0";"0";"0";"0";"0";"0";"0";"0";"0";"0";"0";"0";"0";"0";"0";"0";"0";"0";"0";"0";"0";"0";"0";"0";"0";"0";"0";"0";"0";"0";"0";"0";"0";"1";"0";"1";"0";"0";"0";"0";"0";"Nee"
"second_coder";2454001;"Protesten in China tegen coronabeleid na brand met tien doden";"2022-11-26";"https://nos.nl/artikel/2454001-protesten-in-china-tegen-coronabeleid-na-brand-met-tien-doden";"1";"0";"";"";"";"";"";"0";"0";"";"";"0";"0";"0";"0";"0";"0";"0";"0";"0";"0";"0";"0";"0";"0";"0";"0";"0";"0";"0";"0";"0";"0";"0";"0";"0";"0";"0";"0";"0";"0";"0";"0";"0";"0";"0";"0";"0";"0";"0";"0";"0";"0";"0";"0";"0";"0";"0";"0";"0";"0";"0";"0";"0";"0";"0";"0";"0";"0";"0";"0";"0";"0";"0";"0";"0";"0";"0";"0";"0";"0";"0";"0";""
"second_coder";2378929;"Lange wachttijden en vaak jonge patiënten bij nazorgpoli's corona";"2021-05-01";"https://nos.nl/artikel/2378929-lange-wachttijden-en-vaak-jonge-patienten-bij-nazorgpoli-s-corona";"1";"1";"RIVM";"Organisatie";"Openbare en semiopenbare instellingen";"";"";"0";"1";"40";"0";"0";"0";"0";"0";"0";"0";"0";"0";"0";"0";"0";"0";"0";"0";"0";"0";"0";"0";"0";"0";"0";"0";"0";"0";"0";"0";"0";"0";"0";"0";"0";"0";"0";"0";"0";"0";"0";"0";"0";"0";"0";"0";"0";"0";"0";"0";"0";"0";"0";"0";"0";"0";"0";"0";"0";"0";"0";"0";"0";"0";"0";"0";"0";"0";"0";"0";"0";"0";"0";"0";"0";"0";"Ja"
"second_coder";2369393;"Hof doet over een week uitspraak, avondklok blijft tot die tijd van kracht";"2021-02-19";"https://nos.nl/artikel/2369393-hof-doet-over-een-week-uitspraak-avondklok-blijft-tot-die-tijd-van-kracht.html";"1";"1";"Jeroen Pols";"Persoon";"Publiek en leden van het publiek, publieke opiniepeilingen en hun respondenten";"";"";"1";"1";"45";"0";"0";"0";"0";"0";"0";"0";"0";"0";"0";"0";"0";"0";"0";"0";"0";"0";"0";"0";"0";"0";"0";"0";"0";"0";"0";"0";"0";"0";"0";"0";"0";"0";"0";"0";"0";"0";"0";"0";"0";"0";"0";"0";"0";"0";"0";"0";"0";"0";"0";"0";"0";"0";"0";"0";"0";"0";"0";"0";"0";"0";"0";"0";"0";"0";"0";"0";"0";"0";"0";"0";"0";"0";"Ja"
"second_coder";2379841;"Besmettingen India gaan hard door virusmutaties en niet naleven maatregelen";"2021-05-08";"https://nos.nl/artikel/2379841-besmettingen-india-gaan-hard-door-virusmutaties-en-niet-naleven-maatregelen";"1";"1";"deskundigen in India";"Persoon";"Wetenschappelijke/medische organisaties en onderzoekers";"";"";"0";"1";"16";"1";"1";"1";"0";"0";"0";"0";"0";"0";"0";"0";"0";"0";"0";"0";"0";"0";"0";"0";"0";"0";"0";"0";"0";"0";"0";"0";"0";"0";"0";"0";"0";"0";"0";"0";"0";"0";"0";"0";"0";"0";"0";"0";"0";"0";"0";"0";"0";"0";"0";"0";"0";"0";"0";"0";"0";"0";"0";"0";"0";"0";"0";"0";"0";"0";"0";"0";"0";"0";"0";"0";"0";"0";"Nee"
"second_coder";2380020;"Zweedse corona-aanpak onder de loep, vooral migranten hard getroffen";"2021-05-09";"https://nos.nl/nieuwsuur/artikel/2380020-zweedse-corona-aanpak-onder-de-loep-vooral-migranten-hard-getroffen";"1";"1";"Daniël Öhman";"Persoon";"Journalisten anders dan de schrijver van het huidige artikel of nieuwsorganisaties anders dan de nieuwsorganisatie van het huidige artikel.";"";"";"1";"1";"80";"1";"1";"1";"0";"0";"0";"0";"0";"0";"1";"0";"0";"1";"0";"0";"0";"0";"0";"0";"0";"0";"1";"0";"0";"1";"0";"0";"0";"0";"0";"0";"0";"0";"0";"0";"0";"0";"0";"0";"0";"0";"0";"0";"0";"0";"0";"0";"0";"0";"0";"0";"0";"0";"0";"0";"0";"0";"0";"0";"0";"0";"0";"0";"0";"0";"0";"0";"0";"0";"0";"0";"0";"0";"Nee"
"second_coder";2413608;"Gemeente Amsterdam en Kapsalon Theater in conflict over ludieke protestactie";"2022-01-18";"https://nos.nl/artikel/2413608-gemeente-amsterdam-en-kapsalon-theater-in-conflict-over-ludieke-protestactie";"1";"1";"de organisatie";"Organisatie";"Bekende mediapersonen (anders dan journalisten)";"";"";"1";"1";"47";"1";"0";"0";"0";"0";"0";"0";"0";"0";"0";"0";"0";"0";"0";"0";"0";"0";"0";"0";"0";"0";"0";"0";"0";"0";"0";"0";"0";"0";"0";"0";"0";"0";"1";"0";"0";"1";"0";"0";"0";"0";"0";"0";"0";"0";"0";"0";"0";"0";"0";"0";"0";"0";"0";"0";"0";"0";"0";"0";"0";"0";"0";"0";"0";"0";"0";"0";"0";"0";"0";"0";"0";"0";"Ja"
"second_coder";2415061;"Skispringster Kramer zes dagen voor olympisch debuut positief getest op corona";"2022-01-30";"https://nos.nl/artikel/2415061-skispringster-kramer-zes-dagen-voor-olympisch-debuut-positief-getest-op-corona";"1";"0";"";"";"";"";"";"0";"0";"";"";"0";"0";"0";"0";"0";"0";"0";"0";"0";"0";"0";"0";"0";"0";"0";"0";"0";"0";"0";"0";"0";"0";"0";"0";"0";"0";"0";"0";"0";"0";"0";"0";"0";"0";"0";"0";"0";"0";"0";"0";"0";"0";"0";"0";"0";"0";"0";"0";"0";"0";"0";"0";"0";"0";"0";"0";"0";"0";"0";"0";"0";"0";"0";"0";"0";"0";"0";"0";"0";"0";"0";"0";""
"second_coder";2387267;"De ethische discussie over tieners vaccineren: ""Hoe vertel ik dit mijn kinderen?""";"2021-06-29";"https://nos.nl/artikel/2387267-de-ethische-discussie-over-tieners-vaccineren-hoe-vertel-ik-dit-mijn-kinderen";"1";"1";"Artsen Collectief";"Organisatie";"Niet-governementele organisaties (NGO), maatschappelijke organisaties, en hun leden";"";"";"1";"1";"34";"1";"0";"0";"0";"0";"0";"0";"0";"0";"0";"0";"0";"0";"0";"0";"0";"0";"0";"0";"0";"0";"0";"0";"0";"0";"0";"0";"0";"0";"0";"0";"0";"0";"0";"0";"0";"0";"0";"0";"0";"0";"0";"0";"0";"0";"0";"0";"0";"0";"0";"0";"0";"0";"0";"0";"0";"0";"0";"0";"0";"0";"0";"0";"0";"0";"1";"0";"1";"0";"0";"0";"0";"0";"Ja"
"main_coder";2379607;"Kamer wil geen eigen bijdrage van 7,50 euro voor toegangstest";"2021-05-06";"https://nos.nl/artikel/2379607-kamer-wil-geen-eigen-bijdrage-van-7-50-euro-voor-toegangstest";"1";"1";"GroenLinks en de VVD";"Organisatie";"NL - Nationaal parlement en nationale partijen – wetgevende macht";"";"VVD, GroenLinks";"0";"1";"33";"1";"0";"0";"0";"0";"0";"0";"0";"0";"0";"0";"0";"0";"0";"0";"0";"0";"0";"0";"0";"0";"0";"0";"0";"0";"0";"0";"0";"0";"0";"0";"0";"0";"0";"0";"0";"0";"0";"0";"0";"0";"0";"0";"0";"0";"0";"0";"0";"0";"0";"0";"0";"0";"0";"0";"0";"0";"1";"1";"0";"0";"0";"0";"0";"0";"0";"0";"0";"0";"0";"0";"0";"0";"Ja"
"main_coder";2363978;"Chinees vaccin is voor China ""kans om invloed in Afrika uit te breiden""";"2021-01-11";"https://nos.nl/artikel/2363978-chinees-vaccin-is-voor-china-kans-om-invloed-in-afrika-uit-te-breiden";"1";"1";"Frans-Paul van der Putten";"Persoon";"Wetenschappelijke/medische organisaties en onderzoekers";"";"";"1";"1";"85";"1";"0";"0";"0";"0";"0";"0";"0";"0";"0";"0";"0";"0";"0";"0";"0";"0";"0";"0";"0";"0";"0";"0";"0";"0";"0";"0";"0";"0";"0";"0";"0";"0";"0";"0";"0";"0";"0";"0";"0";"0";"0";"0";"0";"0";"0";"0";"0";"0";"0";"0";"0";"0";"0";"0";"0";"0";"0";"0";"0";"0";"0";"0";"0";"0";"1";"0";"0";"1";"0";"0";"0";"0";"Nee"
"main_coder";2365392;"7,6 miljard euro voor verruiming steunpakket voor ondernemers";"2021-01-21";"https://nos.nl/artikel/2365392-7-6-miljard-euro-voor-verruiming-steunpakket-voor-ondernemers";"1";"0";"";"";"";"";"";"0";"0";"";"";"0";"0";"0";"0";"0";"0";"0";"0";"0";"0";"0";"0";"0";"0";"0";"0";"0";"0";"0";"0";"0";"0";"0";"0";"0";"0";"0";"0";"0";"0";"0";"0";"0";"0";"0";"0";"0";"0";"0";"0";"0";"0";"0";"0";"0";"0";"0";"0";"0";"0";"0";"0";"0";"0";"0";"0";"0";"0";"0";"0";"0";"0";"0";"0";"0";"0";"0";"0";"0";"0";"0";"0";""
"main_coder";2415061;"Skispringster Kramer zes dagen voor olympisch debuut positief getest op corona";"2022-01-30";"https://nos.nl/artikel/2415061-skispringster-kramer-zes-dagen-voor-olympisch-debuut-positief-getest-op-corona";"1";"0";"";"";"";"";"";"0";"0";"";"";"0";"0";"0";"0";"0";"0";"0";"0";"0";"0";"0";"0";"0";"0";"0";"0";"0";"0";"0";"0";"0";"0";"0";"0";"0";"0";"0";"0";"0";"0";"0";"0";"0";"0";"0";"0";"0";"0";"0";"0";"0";"0";"0";"0";"0";"0";"0";"0";"0";"0";"0";"0";"0";"0";"0";"0";"0";"0";"0";"0";"0";"0";"0";"0";"0";"0";"0";"0";"0";"0";"0";"0";""
"main_coder";2413608;"Gemeente Amsterdam en Kapsalon Theater in conflict over ludieke protestactie";"2022-01-18";"https://nos.nl/artikel/2413608-gemeente-amsterdam-en-kapsalon-theater-in-conflict-over-ludieke-protestactie";"1";"1";"Hubert Bruls";"Persoon";"NL - Nationale regionale en lokale politieke organisaties en hun ambtenaren";"";"NvT";"1";"0";"30";"0";"0";"0";"0";"0";"0";"0";"0";"0";"0";"0";"0";"0";"0";"0";"0";"0";"0";"0";"0";"0";"0";"0";"0";"0";"0";"0";"0";"0";"0";"0";"0";"0";"0";"0";"0";"0";"0";"0";"0";"0";"0";"0";"0";"0";"0";"0";"0";"0";"0";"0";"0";"0";"0";"0";"0";"0";"0";"0";"0";"0";"0";"0";"0";"0";"0";"0";"0";"0";"0";"0";"0";"0";"Nee"
"main_coder";2387267;"De ethische discussie over tieners vaccineren: ""Hoe vertel ik dit mijn kinderen?""";"2021-06-29";"https://nos.nl/artikel/2387267-de-ethische-discussie-over-tieners-vaccineren-hoe-vertel-ik-dit-mijn-kinderen";"1";"1";"Amrish Baidjoe";"Persoon";"Wetenschappelijke/medische organisaties en onderzoekers";"";"";"1";"0";"44";"1";"0";"0";"0";"0";"0";"0";"0";"0";"0";"0";"0";"0";"0";"0";"0";"0";"0";"0";"0";"0";"0";"0";"0";"0";"0";"0";"0";"0";"0";"0";"0";"0";"0";"0";"0";"0";"0";"0";"0";"0";"0";"0";"0";"0";"0";"0";"0";"0";"0";"0";"0";"0";"0";"0";"0";"0";"0";"0";"0";"0";"0";"0";"0";"0";"1";"0";"1";"0";"0";"0";"0";"0";"Ja"
"main_coder";2328119;"Aanscherping coronamaatregelen is een hard gelag: ""Het valt ons zwaar""";"2020-03-23";"https://nos.nl/artikel/2328119-aanscherping-coronamaatregelen-is-een-hard-gelag-het-valt-ons-zwaar";"1";"1";"NBB";"Organisatie";"Zakelijke organisaties en hun werknemers";"";"";"1";"1";"31";"0";"0";"0";"0";"0";"0";"0";"0";"0";"0";"0";"0";"0";"0";"0";"0";"0";"0";"0";"0";"0";"0";"0";"0";"0";"0";"0";"0";"0";"0";"0";"0";"0";"0";"0";"0";"0";"0";"0";"0";"0";"0";"0";"0";"0";"0";"0";"0";"0";"0";"0";"0";"0";"0";"0";"0";"0";"0";"0";"0";"0";"0";"0";"0";"0";"0";"0";"0";"0";"0";"0";"0";"0";"Ja"
"main_coder";2409659;"De Jonge waarschuwt in Kamer: volgende week mogelijk al nieuwe maatregelen";"2021-12-15";"https://nos.nl/artikel/2409659-de-jonge-waarschuwt-in-kamer-volgende-week-mogelijk-al-nieuwe-maatregelen";"1";"1";"Slob";"Persoon";"NL - Nationale regering - executive / uitvoerende macht";"";"CU";"1";"1";"12";"1";"0";"0";"0";"0";"0";"0";"0";"0";"0";"0";"0";"0";"0";"0";"0";"0";"0";"0";"0";"0";"0";"0";"0";"0";"0";"0";"0";"0";"1";"1";"1";"0";"0";"0";"0";"0";"0";"0";"0";"0";"0";"0";"0";"0";"0";"0";"0";"0";"0";"0";"0";"0";"0";"0";"0";"0";"0";"0";"0";"0";"0";"0";"0";"0";"0";"0";"0";"0";"0";"0";"0";"0";"Ja"
"main_coder";2336349;"Israël sluit 90 scholen weer uit angst voor nieuwe corona-uitbraak";"2020-06-05";"https://nos.nl/artikel/2336349-israel-sluit-90-scholen-weer-uit-angst-voor-nieuwe-corona-uitbraak";"1";"1";"Gabi Barbash";"Persoon";"Wetenschappelijke/medische organisaties en onderzoekers";"";"";"1";"1";"37";"1";"0";"0";"0";"0";"0";"0";"0";"0";"0";"0";"0";"0";"0";"0";"0";"0";"0";"0";"0";"0";"0";"0";"0";"0";"0";"0";"0";"0";"0";"0";"0";"0";"0";"0";"0";"0";"0";"0";"0";"0";"0";"0";"0";"0";"0";"0";"0";"0";"0";"0";"0";"0";"0";"0";"0";"0";"0";"0";"0";"0";"0";"0";"0";"0";"0";"0";"0";"0";"1";"1";"0";"0";"Nee"
"main_coder";2457129;"China naarstig op zoek naar ziekenhuisbedden voor coronapatiënten";"2022-12-20";"https://nos.nl/artikel/2457129-china-naarstig-op-zoek-naar-ziekenhuisbedden-voor-coronapatienten";"1";"1";"Peking";"Geopolitieke entiteit";"Regeringen/regeringsleiders/regeringsleden en/of andere politici in een ander land dan NL, op nationaal of lokaal niveau OF staatsorganisaties en hun ambtenaren";"";"";"0";"1";"16";"1";"1";"0";"0";"1";"0";"0";"0";"0";"0";"0";"0";"0";"0";"0";"0";"0";"0";"0";"0";"0";"0";"0";"0";"0";"0";"0";"0";"0";"0";"0";"0";"0";"0";"0";"0";"0";"0";"0";"0";"0";"0";"0";"0";"0";"0";"0";"0";"0";"0";"0";"0";"0";"0";"0";"0";"0";"0";"0";"0";"0";"0";"0";"0";"0";"0";"0";"0";"0";"0";"0";"0";"0";"Nee"
"main_coder";2339595;"Modezaken worstelen met impact corona, veel uitverkoop en onverkochte voorraden";"2020-07-05";"https://nos.nl/artikel/2339595-modezaken-worstelen-met-impact-corona-veel-uitverkoop-en-onverkochte-voorraden.html";"1";"1";"Frederiek Waninge";"Persoon";"Zakelijke organisaties en hun werknemers";"";"";"1";"1";"48";"0";"0";"0";"0";"0";"0";"0";"0";"0";"0";"0";"0";"0";"0";"0";"0";"0";"0";"0";"0";"0";"0";"0";"0";"0";"0";"0";"0";"0";"0";"0";"0";"0";"0";"0";"0";"0";"0";"0";"0";"0";"0";"0";"0";"0";"0";"0";"0";"0";"0";"0";"0";"0";"0";"0";"0";"0";"0";"0";"0";"0";"0";"0";"0";"0";"0";"0";"0";"0";"0";"0";"0";"0";"Ja"
"main_coder";2370347;"Steun voor maatregelen sterk afgenomen, maar meeste mensen houden zich er nog aan";"2021-02-26";"https://nos.nl/artikel/2370347-steun-voor-maatregelen-sterk-afgenomen-maar-meeste-mensen-houden-zich-er-nog-aan.html";"1";"1";"veel respondenten";"Persoon";"Publiek en leden van het publiek, publieke opiniepeilingen en hun respondenten";"";"";"1";"0";"15";"1";"0";"0";"0";"0";"0";"0";"0";"0";"0";"0";"0";"0";"1";"0";"0";"1";"0";"0";"0";"0";"0";"0";"0";"0";"0";"0";"0";"0";"0";"0";"0";"0";"0";"0";"0";"0";"0";"0";"0";"0";"0";"0";"0";"0";"0";"0";"0";"0";"0";"0";"0";"0";"0";"0";"0";"0";"0";"0";"0";"0";"0";"0";"0";"0";"0";"0";"0";"0";"0";"0";"0";"0";"Ja"
"main_coder";2355910;"Van commerciële tests op het coronavirus is alleen topje van ijsberg bekend";"2020-11-09";"https://nos.nl/artikel/2355910-van-commerciele-tests-op-het-coronavirus-is-alleen-topje-van-ijsberg-bekend.html";"1";"1";"een RIVM-woordvoerder";"Persoon";"Openbare en semiopenbare instellingen";"";"";"1";"0";"55";"1";"0";"0";"0";"0";"0";"0";"0";"0";"0";"0";"0";"0";"0";"0";"0";"0";"0";"0";"0";"0";"0";"0";"0";"0";"0";"0";"0";"0";"0";"0";"0";"0";"0";"0";"0";"0";"0";"0";"0";"0";"0";"0";"0";"0";"0";"0";"0";"0";"0";"0";"0";"0";"0";"0";"0";"0";"1";"0";"0";"1";"0";"0";"0";"0";"0";"0";"0";"0";"0";"0";"0";"0";"Ja"
"main_coder";2358194;"Het is rustig in de teststraat, waarom wordt die capaciteit niet gebruikt?";"2020-11-26";"https://nos.nl/artikel/2358194-het-is-rustig-in-de-teststraat-waarom-wordt-die-capaciteit-niet-gebruikt.html";"1";"1";"Het ministerie van Volksgezondheid";"Organisatie";"NL - Nationale regering - executive / uitvoerende macht";"";"NvT";"1";"1";"68";"1";"0";"0";"0";"0";"0";"0";"0";"0";"0";"0";"0";"0";"0";"0";"0";"0";"0";"0";"0";"0";"0";"0";"0";"0";"0";"0";"0";"0";"0";"0";"0";"0";"0";"0";"0";"0";"0";"0";"0";"0";"0";"0";"0";"0";"0";"0";"0";"0";"0";"0";"0";"0";"0";"0";"0";"0";"1";"0";"0";"1";"0";"0";"0";"0";"0";"0";"0";"0";"0";"0";"0";"0";"Ja"
"main_coder";2328680;"Coronanieuws 28 maart: onveilige mondkapjes en ziekenhuis wil hulp van Duitsland";"2020-03-28";"https://nos.nl/artikel/2328680-coronanieuws-28-maart-onveilige-mondkapjes-en-ziekenhuis-wil-hulp-van-duitsland";"1";"1";"het Brabants Dagblad";"Organisatie";"Journalisten anders dan de schrijver van het huidige artikel of nieuwsorganisaties anders dan de nieuwsorganisatie van het huidige artikel.";"";"";"0";"1";"9";"0";"0";"0";"0";"0";"0";"0";"0";"0";"0";"0";"0";"0";"0";"0";"0";"0";"0";"0";"0";"0";"0";"0";"0";"0";"0";"0";"0";"0";"0";"0";"0";"0";"0";"0";"0";"0";"0";"0";"0";"0";"0";"0";"0";"0";"0";"0";"0";"0";"0";"0";"0";"0";"0";"0";"0";"0";"0";"0";"0";"0";"0";"0";"0";"0";"0";"0";"0";"0";"0";"0";"0";"0";"Nee"
"main_coder";2380020;"Zweedse corona-aanpak onder de loep, vooral migranten hard getroffen";"2021-05-09";"https://nos.nl/nieuwsuur/artikel/2380020-zweedse-corona-aanpak-onder-de-loep-vooral-migranten-hard-getroffen";"1";"1";"Öhman";"Persoon";"Journalisten anders dan de schrijver van het huidige artikel of nieuwsorganisaties anders dan de nieuwsorganisatie van het huidige artikel.";"";"";"1";"1";"49";"0";"0";"0";"0";"0";"0";"0";"0";"0";"0";"0";"0";"0";"0";"0";"0";"0";"0";"0";"0";"0";"0";"0";"0";"0";"0";"0";"0";"0";"0";"0";"0";"0";"0";"0";"0";"0";"0";"0";"0";"0";"0";"0";"0";"0";"0";"0";"0";"0";"0";"0";"0";"0";"0";"0";"0";"0";"0";"0";"0";"0";"0";"0";"0";"0";"0";"0";"0";"0";"0";"0";"0";"0";"Nee"
"main_coder";2330078;"Google en Apple bouwen ""corona-tracking"" in op smartphones";"2020-04-10";"https://nos.nl/artikel/2330078-google-en-apple-bouwen-corona-tracking-in-op-smartphones";"0";"0";"";"";"";"";"";"0";"0";"";"";"0";"0";"0";"0";"0";"0";"0";"0";"0";"0";"0";"0";"0";"0";"0";"0";"0";"0";"0";"0";"0";"0";"0";"0";"0";"0";"0";"0";"0";"0";"0";"0";"0";"0";"0";"0";"0";"0";"0";"0";"0";"0";"0";"0";"0";"0";"0";"0";"0";"0";"0";"0";"0";"0";"0";"0";"0";"0";"0";"0";"0";"0";"0";"0";"0";"0";"0";"0";"0";"0";"0";"0";""
"main_coder";2326923;"Dit was de dag dat Nederland ""een patiënt"" werd";"2020-03-12";"https://nos.nl/artikel/2326923-dit-was-de-dag-dat-nederland-een-patient-werd";"1";"1";"Ron Fresen";"Persoon";"Journalisten anders dan de schrijver van het huidige artikel of nieuwsorganisaties anders dan de nieuwsorganisatie van het huidige artikel.";"";"";"1";"1";"72";"1";"1";"0";"0";"1";"0";"0";"0";"0";"0";"0";"0";"0";"0";"0";"0";"0";"0";"0";"0";"0";"0";"0";"0";"0";"0";"0";"0";"0";"0";"0";"0";"0";"0";"0";"0";"0";"0";"0";"0";"0";"0";"0";"0";"0";"0";"0";"0";"0";"0";"0";"0";"0";"0";"0";"0";"0";"0";"0";"0";"0";"0";"0";"0";"0";"0";"0";"0";"0";"0";"0";"0";"0";"Ja"
"main_coder";2456638;"Kabinet draagt bij aan toekomstig fonds voor zorgwerkers met long covid";"2022-12-16";"https://nos.nl/artikel/2456638-kabinet-draagt-bij-aan-toekomstig-fonds-voor-zorgwerkers-met-long-covid";"1";"1";"Raad van State";"Organisatie";"Openbare en semiopenbare instellingen";"";"";"1";"1";"41";"0";"0";"0";"0";"0";"0";"0";"0";"0";"0";"0";"0";"0";"0";"0";"0";"0";"0";"0";"0";"0";"0";"0";"0";"0";"0";"0";"0";"0";"0";"0";"0";"0";"0";"0";"0";"0";"0";"0";"0";"0";"0";"0";"0";"0";"0";"0";"0";"0";"0";"0";"0";"0";"0";"0";"0";"0";"0";"0";"0";"0";"0";"0";"0";"0";"0";"0";"0";"0";"0";"0";"0";"0";"Ja"
"main_coder";2432686;"Post-covid kan nog eens duizenden zorgmedewerkers baan kosten";"2022-06-14";"https://nos.nl/artikel/2432686-post-covid-kan-nog-eens-duizenden-zorgmedewerkers-baan-kosten";"1";"1";"Helder";"Persoon";"NL - Nationale regering - executive / uitvoerende macht";"";"VVD";"0";"1";"9";"0";"0";"0";"0";"0";"0";"0";"0";"0";"0";"0";"0";"0";"0";"0";"0";"0";"0";"0";"0";"0";"0";"0";"0";"0";"0";"0";"0";"0";"0";"0";"0";"0";"0";"0";"0";"0";"0";"0";"0";"0";"0";"0";"0";"0";"0";"0";"0";"0";"0";"0";"0";"0";"0";"0";"0";"0";"0";"0";"0";"0";"0";"0";"0";"0";"0";"0";"0";"0";"0";"0";"0";"0";"Nee"
"main_coder";2413877;"Kabinet hoopt op opening horeca en cultuur, maar ""gaat nog geen garanties geven""";"2022-01-20";"https://nos.nl/artikel/2413877-kabinet-hoopt-op-opening-horeca-en-cultuur-maar-gaat-nog-geen-garanties-geven";"1";"1";"Bergkamp";"Persoon";"NL - Nationaal parlement en nationale partijen – wetgevende macht";"";"D66";"1";"1";"11";"0";"0";"0";"0";"0";"0";"0";"0";"0";"0";"0";"0";"0";"0";"0";"0";"0";"0";"0";"0";"0";"0";"0";"0";"0";"0";"0";"0";"0";"0";"0";"0";"0";"0";"0";"0";"0";"0";"0";"0";"0";"0";"0";"0";"0";"0";"0";"0";"0";"0";"0";"0";"0";"0";"0";"0";"0";"0";"0";"0";"0";"0";"0";"0";"0";"0";"0";"0";"0";"0";"0";"0";"0";"Ja"
"main_coder";2408462;"Instroom van coronapatiënten in ziekenhuizen over piek heen";"2021-12-06";"https://nos.nl/artikel/2408462-instroom-van-coronapatienten-in-ziekenhuizen-over-piek-heen";"1";"1";"het RIVM";"Organisatie";"Openbare en semiopenbare instellingen";"";"";"0";"1";"29";"0";"0";"0";"0";"0";"0";"0";"0";"0";"0";"0";"0";"0";"0";"0";"0";"0";"0";"0";"0";"0";"0";"0";"0";"0";"0";"0";"0";"0";"0";"0";"0";"0";"0";"0";"0";"0";"0";"0";"0";"0";"0";"0";"0";"0";"0";"0";"0";"0";"0";"0";"0";"0";"0";"0";"0";"0";"0";"0";"0";"0";"0";"0";"0";"0";"0";"0";"0";"0";"0";"0";"0";"0";"Nee"
"main_coder";2378929;"Lange wachttijden en vaak jonge patiënten bij nazorgpoli's corona";"2021-05-01";"https://nos.nl/artikel/2378929-lange-wachttijden-en-vaak-jonge-patienten-bij-nazorgpoli-s-corona";"1";"1";"Andere artsen";"Persoon";"Wetenschappelijke/medische organisaties en onderzoekers";"";"";"0";"1";"7";"0";"0";"0";"0";"0";"0";"0";"0";"0";"0";"0";"0";"0";"0";"0";"0";"0";"0";"0";"0";"0";"0";"0";"0";"0";"0";"0";"0";"0";"0";"0";"0";"0";"0";"0";"0";"0";"0";"0";"0";"0";"0";"0";"0";"0";"0";"0";"0";"0";"0";"0";"0";"0";"0";"0";"0";"0";"0";"0";"0";"0";"0";"0";"0";"0";"0";"0";"0";"0";"0";"0";"0";"0";"Ja"
"main_coder";2379841;"Besmettingen India gaan hard door virusmutaties en niet naleven maatregelen";"2021-05-08";"https://nos.nl/artikel/2379841-besmettingen-india-gaan-hard-door-virusmutaties-en-niet-naleven-maatregelen";"1";"1";"deskundigen in India";"Persoon";"Wetenschappelijke/medische organisaties en onderzoekers";"";"";"0";"1";"16";"1";"1";"0";"0";"1";"0";"0";"0";"0";"0";"0";"0";"0";"0";"0";"0";"0";"0";"0";"0";"0";"0";"0";"0";"0";"0";"0";"0";"0";"0";"0";"0";"0";"0";"0";"0";"0";"0";"0";"0";"0";"0";"0";"0";"0";"0";"0";"0";"0";"0";"0";"0";"0";"0";"0";"0";"0";"0";"0";"0";"0";"0";"0";"0";"0";"0";"0";"0";"0";"0";"0";"0";"0";"Ja"
"main_coder";2381978;"Hoe houden we zicht op het virus als we richting het ""oude normaal"" gaan?";"2021-05-23";"https://nos.nl/artikel/2381978-hoe-houden-we-zicht-op-het-virus-als-we-richting-het-oude-normaal-gaan";"1";"1";"de deskundigen";"Persoon";"Wetenschappelijke/medische organisaties en onderzoekers";"";"";"0";"1";"5";"0";"0";"0";"0";"0";"0";"0";"0";"0";"0";"0";"0";"0";"0";"0";"0";"0";"0";"0";"0";"0";"0";"0";"0";"0";"0";"0";"0";"0";"0";"0";"0";"0";"0";"0";"0";"0";"0";"0";"0";"0";"0";"0";"0";"0";"0";"0";"0";"0";"0";"0";"0";"0";"0";"0";"0";"0";"0";"0";"0";"0";"0";"0";"0";"0";"0";"0";"0";"0";"0";"0";"0";"0";"Nee"
"main_coder";2376137;"Demonstratie tegen coronabeleid in Baarn en omgeving";"2021-04-10";"https://nos.nl/artikel/2376137-demonstratie-tegen-coronabeleid-in-baarn-en-omgeving";"1";"1";"Ton Heerts";"Persoon";"NL - Nationale regionale en lokale politieke organisaties en hun ambtenaren";"";"PvdA";"0";"1";"16";"0";"0";"0";"0";"0";"0";"0";"0";"0";"0";"0";"0";"0";"0";"0";"0";"0";"0";"0";"0";"0";"0";"0";"0";"0";"0";"0";"0";"0";"0";"0";"0";"0";"0";"0";"0";"0";"0";"0";"0";"0";"0";"0";"0";"0";"0";"0";"0";"0";"0";"0";"0";"0";"0";"0";"0";"0";"0";"0";"0";"0";"0";"0";"0";"0";"0";"0";"0";"0";"0";"0";"0";"0";"Nee"
"main_coder";2374653;"Oxfam Novib: coronavaccins snel ineffectief door vaccingebrek in arme landen";"2021-03-30";"https://nos.nl/artikel/2374653-oxfam-novib-coronavaccins-snel-ineffectief-door-vaccingebrek-in-arme-landen";"1";"1";"Marion Koopmans";"Persoon";"Wetenschappelijke/medische organisaties en onderzoekers";"";"";"1";"1";"169";"1";"0";"0";"0";"0";"0";"0";"0";"0";"0";"0";"0";"0";"0";"0";"0";"0";"0";"0";"0";"0";"0";"0";"0";"0";"0";"0";"0";"0";"0";"0";"0";"0";"0";"0";"0";"0";"0";"0";"0";"0";"0";"0";"0";"0";"0";"0";"0";"0";"0";"0";"0";"0";"0";"0";"0";"0";"0";"0";"0";"0";"0";"0";"0";"0";"1";"1";"1";"0";"0";"0";"0";"0";"Ja"
"main_coder";2369393;"Hof doet over een week uitspraak, avondklok blijft tot die tijd van kracht";"2021-02-19";"https://nos.nl/artikel/2369393-hof-doet-over-een-week-uitspraak-avondklok-blijft-tot-die-tijd-van-kracht.html";"1";"1";"Pierre Capel";"Persoon";"Wetenschappelijke/medische organisaties en onderzoekers";"";"";"1";"1";"23";"0";"0";"0";"0";"0";"0";"0";"0";"0";"0";"0";"0";"0";"0";"0";"0";"0";"0";"0";"0";"0";"0";"0";"0";"0";"0";"0";"0";"0";"0";"0";"0";"0";"0";"0";"0";"0";"0";"0";"0";"0";"0";"0";"0";"0";"0";"0";"0";"0";"0";"0";"0";"0";"0";"0";"0";"0";"0";"0";"0";"0";"0";"0";"0";"0";"0";"0";"0";"0";"0";"0";"0";"0";"Ja"
"main_coder";2367812;"19-jarige Brit ontwaakt na jaar in coma in totaal andere wereld";"2021-02-08";"https://nos.nl/artikel/2367812-19-jarige-brit-ontwaakt-na-jaar-in-coma-in-totaal-andere-wereld.html";"0";"0";"";"";"";"";"";"0";"0";"";"";"0";"0";"0";"0";"0";"0";"0";"0";"0";"0";"0";"0";"0";"0";"0";"0";"0";"0";"0";"0";"0";"0";"0";"0";"0";"0";"0";"0";"0";"0";"0";"0";"0";"0";"0";"0";"0";"0";"0";"0";"0";"0";"0";"0";"0";"0";"0";"0";"0";"0";"0";"0";"0";"0";"0";"0";"0";"0";"0";"0";"0";"0";"0";"0";"0";"0";"0";"0";"0";"0";"0";"0";""
"main_coder";2365361;"Rutte: avondklok misschien iets later, maar niet na 21.00 uur";"2021-01-21";"https://nos.nl/artikel/2365361-rutte-avondklok-misschien-iets-later-maar-niet-na-21-00-uur";"1";"1";"Grapperhaus";"Persoon";"NL - Nationale regering - executive / uitvoerende macht";"";"CDA";"0";"1";"39";"1";"0";"0";"0";"0";"0";"0";"0";"0";"0";"0";"0";"0";"0";"0";"0";"0";"1";"0";"0";"1";"0";"0";"0";"0";"0";"0";"0";"0";"0";"0";"0";"0";"0";"0";"0";"0";"0";"0";"0";"0";"0";"0";"0";"0";"0";"0";"0";"0";"0";"0";"0";"0";"0";"0";"0";"0";"0";"0";"0";"0";"0";"0";"0";"0";"0";"0";"0";"0";"0";"0";"0";"0";"Ja"
"main_coder";2365867;"""Op dit soort momenten schaam ik me om Urker te zijn""";"2021-01-24";"https://nos.nl/artikel/2365867-op-dit-soort-momenten-schaam-ik-me-om-urker-te-zijn";"1";"1";"Sommige dorpelingen";"Persoon";"Publiek en leden van het publiek, publieke opiniepeilingen en hun respondenten";"";"";"0";"1";"6";"0";"0";"0";"0";"0";"0";"0";"0";"0";"0";"0";"0";"0";"0";"0";"0";"0";"0";"0";"0";"0";"0";"0";"0";"0";"0";"0";"0";"0";"0";"0";"0";"0";"0";"0";"0";"0";"0";"0";"0";"0";"0";"0";"0";"0";"0";"0";"0";"0";"0";"0";"0";"0";"0";"0";"0";"0";"0";"0";"0";"0";"0";"0";"0";"0";"0";"0";"0";"0";"0";"0";"0";"0";"Ja"
"main_coder";2358916;"Bedrijven worstelen met thuiswerken, ""mentale gesteldheid is ook belangrijk""";"2020-12-01";"https://nos.nl/artikel/2358916-bedrijven-worstelen-met-thuiswerken-mentale-gesteldheid-is-ook-belangrijk";"1";"1";"John Aartsen";"Persoon";"Publiek en leden van het publiek, publieke opiniepeilingen en hun respondenten";"";"";"1";"1";"95";"1";"0";"0";"0";"0";"1";"0";"1";"0";"0";"0";"0";"0";"0";"0";"0";"0";"0";"0";"0";"0";"0";"0";"0";"0";"0";"0";"0";"0";"0";"0";"0";"0";"0";"0";"0";"0";"0";"0";"0";"0";"0";"0";"0";"0";"0";"0";"0";"0";"0";"0";"0";"0";"0";"0";"0";"0";"1";"1";"0";"0";"0";"0";"0";"0";"0";"0";"0";"0";"0";"0";"0";"0";"Nee"
"main_coder";2361815;"RIVM: Britse coronavariant verspreidt zich door Nederland";"2020-12-23";"https://nos.nl/artikel/2361815-rivm-britse-coronavariant-verspreidt-zich-door-nederland.html";"1";"1";"Frits Rosendaal";"Persoon";"Wetenschappelijke/medische organisaties en onderzoekers";"";"";"1";"1";"97";"1";"1";"1";"0";"0";"0";"0";"0";"0";"0";"0";"0";"0";"0";"0";"0";"0";"1";"0";"0";"1";"0";"0";"0";"0";"0";"0";"0";"0";"0";"0";"0";"0";"0";"0";"0";"0";"0";"0";"0";"0";"0";"0";"0";"0";"0";"0";"0";"0";"0";"0";"0";"0";"0";"0";"0";"0";"0";"0";"0";"0";"0";"0";"0";"0";"0";"0";"0";"0";"0";"0";"0";"0";"Nee"
"main_coder";2363133;"Kabinet wil geen leeftijdselectie op intensive care, artsen houden vast aan draaiboek";"2021-01-05";"https://nos.nl/artikel/2363133-kabinet-wil-geen-leeftijdselectie-op-intensive-care-artsen-houden-vast-aan-draaiboek.html";"1";"1";"De ChristenUnie";"Organisatie";"NL - Nationaal parlement en nationale partijen – wetgevende macht";"";"CU";"0";"1";"14";"0";"0";"0";"0";"0";"0";"0";"0";"0";"0";"0";"0";"0";"0";"0";"0";"0";"0";"0";"0";"0";"0";"0";"0";"0";"0";"0";"0";"0";"0";"0";"0";"0";"0";"0";"0";"0";"0";"0";"0";"0";"0";"0";"0";"0";"0";"0";"0";"0";"0";"0";"0";"0";"0";"0";"0";"0";"0";"0";"0";"0";"0";"0";"0";"0";"0";"0";"0";"0";"0";"0";"0";"0";"Ja"
"second_coder";2336349;"Israël sluit 90 scholen weer uit angst voor nieuwe corona-uitbraak";"2020-06-05";"https://nos.nl/artikel/2336349-israel-sluit-90-scholen-weer-uit-angst-voor-nieuwe-corona-uitbraak";"1";"1";"Gabi Barbash";"Persoon";"Wetenschappelijke/medische organisaties en onderzoekers";"";"";"1";"1";"37";"1";"0";"0";"0";"0";"0";"0";"0";"0";"0";"0";"0";"0";"0";"0";"0";"0";"0";"0";"0";"0";"0";"0";"0";"0";"0";"0";"0";"0";"1";"1";"0";"0";"0";"0";"0";"0";"0";"0";"0";"0";"0";"0";"0";"0";"0";"0";"0";"0";"0";"0";"0";"0";"0";"0";"0";"0";"0";"0";"0";"0";"0";"0";"0";"0";"0";"0";"0";"0";"0";"0";"0";"0";"Nee"
"second_coder";2363133;"Kabinet wil geen leeftijdselectie op intensive care, artsen houden vast aan draaiboek";"2021-01-05";"https://nos.nl/artikel/2363133-kabinet-wil-geen-leeftijdselectie-op-intensive-care-artsen-houden-vast-aan-draaiboek.html";"1";"1";"Dijkhoff";"Persoon";"NL - Nationaal parlement en nationale partijen – wetgevende macht";"";"VVD";"1";"0";"31";"0";"0";"0";"0";"0";"0";"0";"0";"0";"0";"0";"0";"0";"0";"0";"0";"0";"0";"0";"0";"0";"0";"0";"0";"0";"0";"0";"0";"0";"0";"0";"0";"0";"0";"0";"0";"0";"0";"0";"0";"0";"0";"0";"0";"0";"0";"0";"0";"0";"0";"0";"0";"0";"0";"0";"0";"0";"0";"0";"0";"0";"0";"0";"0";"0";"0";"0";"0";"0";"0";"0";"0";"0";"Ja"
"second_coder";2397937;"YouTube mocht filmpjes met toespraak Baudet over corona verwijderen";"2021-09-15";"https://nos.nl/artikel/2397937-youtube-mocht-filmpjes-met-toespraak-baudet-over-corona-verwijderen";"1";"1";"de rechter";"Persoon";"Nationale en internationale rechterlijke macht";"";"";"0";"1";"11";"0";"0";"0";"0";"0";"0";"0";"0";"0";"0";"0";"0";"0";"0";"0";"0";"0";"0";"0";"0";"0";"0";"0";"0";"0";"0";"0";"0";"0";"0";"0";"0";"0";"0";"0";"0";"0";"0";"0";"0";"0";"0";"0";"0";"0";"0";"0";"0";"0";"0";"0";"0";"0";"0";"0";"0";"0";"0";"0";"0";"0";"0";"0";"0";"0";"0";"0";"0";"0";"0";"0";"0";"0";"Nee"
"second_coder";2365361;"Rutte: avondklok misschien iets later, maar niet na 21.00 uur";"2021-01-21";"https://nos.nl/artikel/2365361-rutte-avondklok-misschien-iets-later-maar-niet-na-21-00-uur";"1";"1";"Wilders";"Persoon";"NL - Nationaal parlement en nationale partijen – wetgevende macht";"";"PVV";"1";"1";"33";"1";"1";"0";"0";"1";"0";"0";"0";"0";"0";"0";"0";"0";"0";"0";"0";"0";"1";"0";"1";"0";"0";"0";"0";"0";"0";"0";"0";"0";"0";"0";"0";"0";"0";"0";"0";"0";"0";"0";"0";"0";"0";"0";"0";"0";"0";"0";"0";"0";"0";"0";"0";"0";"0";"0";"0";"0";"0";"0";"0";"0";"0";"0";"0";"0";"0";"0";"0";"0";"0";"0";"0";"0";"Nee"
"second_coder";2365867;"""Op dit soort momenten schaam ik me om Urker te zijn""";"2021-01-24";"https://nos.nl/artikel/2365867-op-dit-soort-momenten-schaam-ik-me-om-urker-te-zijn";"1";"1";"deskundigen";"Persoon";"Wetenschappelijke/medische organisaties en onderzoekers";"";"";"0";"1";"19";"0";"0";"0";"0";"0";"0";"0";"0";"0";"0";"0";"0";"0";"0";"0";"0";"0";"0";"0";"0";"0";"0";"0";"0";"0";"0";"0";"0";"0";"0";"0";"0";"0";"0";"0";"0";"0";"0";"0";"0";"0";"0";"0";"0";"0";"0";"0";"0";"0";"0";"0";"0";"0";"0";"0";"0";"0";"0";"0";"0";"0";"0";"0";"0";"0";"0";"0";"0";"0";"0";"0";"0";"0";"Ja"
"second_coder";2366896;"Oproep uit IC-hoek: ""Versoepel aantal maatregelen, accepteer meer overlijdens""";"2021-02-01";"https://nos.nl/artikel/2366896-oproep-uit-ic-hoek-versoepel-aantal-maatregelen-accepteer-meer-overlijdens.html";"1";"1";"Twitteraars";"Persoon";"Publiek en leden van het publiek, publieke opiniepeilingen en hun respondenten";"";"";"1";"0";"29";"1";"1";"0";"1";"0";"0";"0";"0";"0";"0";"0";"0";"0";"0";"0";"0";"0";"0";"0";"0";"0";"0";"0";"0";"0";"0";"0";"0";"0";"0";"0";"0";"0";"0";"0";"0";"0";"0";"0";"0";"0";"0";"0";"0";"0";"0";"0";"0";"0";"0";"0";"0";"0";"0";"0";"0";"0";"0";"0";"0";"0";"0";"0";"0";"0";"0";"0";"0";"0";"0";"0";"0";"0";"Ja"
"second_coder";2408462;"Instroom van coronapatiënten in ziekenhuizen over piek heen";"2021-12-06";"https://nos.nl/artikel/2408462-instroom-van-coronapatienten-in-ziekenhuizen-over-piek-heen";"1";"1";"RIVM";"Organisatie";"Openbare en semiopenbare instellingen";"";"";"0";"1";"29";"0";"0";"0";"0";"0";"0";"0";"0";"0";"0";"0";"0";"0";"0";"0";"0";"0";"0";"0";"0";"0";"0";"0";"0";"0";"0";"0";"0";"0";"0";"0";"0";"0";"0";"0";"0";"0";"0";"0";"0";"0";"0";"0";"0";"0";"0";"0";"0";"0";"0";"0";"0";"0";"0";"0";"0";"0";"0";"0";"0";"0";"0";"0";"0";"0";"0";"0";"0";"0";"0";"0";"0";"0";"Nee"
"second_coder";2346916;"Evenementen in tijd van corona: ""Elke tribune heeft eigen parkeerplaatsen""";"2020-09-05";"https://nos.nl/artikel/2346916-evenementen-in-tijd-van-corona-elke-tribune-heeft-eigen-parkeerplaatsen.html";"1";"1";"Bezoekers van de DTM in Assen";"Persoon";"Publiek en leden van het publiek, publieke opiniepeilingen en hun respondenten";"";"";"1";"0";"19";"1";"1";"0";"1";"0";"0";"0";"0";"0";"0";"0";"0";"0";"0";"0";"0";"0";"0";"0";"0";"0";"0";"0";"0";"0";"0";"0";"0";"0";"0";"0";"0";"0";"0";"0";"0";"0";"0";"0";"0";"0";"0";"0";"0";"0";"0";"0";"0";"0";"0";"0";"0";"0";"0";"0";"0";"0";"0";"0";"0";"0";"0";"0";"0";"0";"0";"0";"0";"0";"0";"0";"0";"0";"Nee"
"second_coder";2355910;"Van commerciële tests op het coronavirus is alleen topje van ijsberg bekend";"2020-11-09";"https://nos.nl/artikel/2355910-van-commerciele-tests-op-het-coronavirus-is-alleen-topje-van-ijsberg-bekend.html";"1";"1";"Jaap van Dissel";"Persoon";"Openbare en semiopenbare instellingen";"";"";"0";"1";"11";"1";"0";"0";"0";"0";"0";"0";"0";"0";"0";"0";"0";"0";"0";"0";"0";"0";"0";"0";"0";"0";"0";"0";"0";"0";"0";"0";"0";"0";"0";"0";"0";"0";"0";"0";"0";"0";"0";"0";"0";"0";"0";"0";"0";"0";"0";"0";"0";"0";"0";"0";"0";"0";"0";"0";"0";"0";"1";"0";"0";"1";"0";"0";"0";"0";"0";"0";"0";"0";"0";"0";"0";"0";"Ja"
"second_coder";2363978;"Chinees vaccin is voor China ""kans om invloed in Afrika uit te breiden""";"2021-01-11";"https://nos.nl/artikel/2363978-chinees-vaccin-is-voor-china-kans-om-invloed-in-afrika-uit-te-breiden";"1";"1";"Frans-Paul van der Putten";"Persoon";"Openbare en semiopenbare instellingen";"";"";"1";"1";"113";"1";"0";"0";"0";"0";"0";"0";"0";"0";"0";"0";"0";"0";"0";"0";"0";"0";"0";"0";"0";"0";"0";"0";"0";"0";"0";"0";"0";"0";"0";"0";"0";"0";"0";"0";"0";"0";"0";"0";"0";"0";"0";"0";"0";"0";"0";"0";"0";"0";"0";"0";"0";"0";"0";"0";"0";"0";"0";"0";"0";"0";"0";"0";"0";"0";"1";"0";"0";"1";"0";"0";"0";"0";"Ja"
"second_coder";2381978;"Hoe houden we zicht op het virus als we richting het ""oude normaal"" gaan?";"2021-05-23";"https://nos.nl/artikel/2381978-hoe-houden-we-zicht-op-het-virus-als-we-richting-het-oude-normaal-gaan";"1";"1";"deskundigen";"Persoon";"Wetenschappelijke/medische organisaties en onderzoekers";"";"";"0";"1";"18";"0";"0";"0";"0";"0";"0";"0";"0";"0";"0";"0";"0";"0";"0";"0";"0";"0";"0";"0";"0";"0";"0";"0";"0";"0";"0";"0";"0";"0";"0";"0";"0";"0";"0";"0";"0";"0";"0";"0";"0";"0";"0";"0";"0";"0";"0";"0";"0";"0";"0";"0";"0";"0";"0";"0";"0";"0";"0";"0";"0";"0";"0";"0";"0";"0";"0";"0";"0";"0";"0";"0";"0";"0";"Nee"
"second_coder";2326923;"Dit was de dag dat Nederland ""een patiënt"" werd";"2020-03-12";"https://nos.nl/artikel/2326923-dit-was-de-dag-dat-nederland-een-patient-werd";"1";"1";"Ron Fresen";"Persoon";"Journalisten anders dan de schrijver van het huidige artikel of nieuwsorganisaties anders dan de nieuwsorganisatie van het huidige artikel.";"";"";"1";"1";"72";"1";"1";"0";"0";"1";"0";"0";"0";"0";"0";"0";"0";"0";"0";"0";"0";"0";"0";"0";"0";"0";"0";"0";"0";"0";"0";"0";"0";"0";"0";"0";"0";"0";"0";"0";"0";"0";"0";"0";"0";"0";"0";"0";"0";"0";"0";"0";"0";"0";"0";"0";"0";"0";"0";"0";"0";"0";"0";"0";"0";"0";"0";"0";"0";"0";"0";"0";"0";"0";"0";"0";"0";"0";"Ja"
"second_coder";2328119;"Aanscherping coronamaatregelen is een hard gelag: ""Het valt ons zwaar""";"2020-03-23";"https://nos.nl/artikel/2328119-aanscherping-coronamaatregelen-is-een-hard-gelag-het-valt-ons-zwaar";"1";"1";"Nederlandse basketbalbond (NBB)";"Organisatie";"Niet-governementele organisaties (NGO), maatschappelijke organisaties, en hun leden";"";"";"1";"1";"31";"1";"0";"0";"0";"0";"0";"0";"0";"0";"0";"0";"0";"0";"0";"0";"0";"0";"0";"0";"0";"0";"0";"0";"0";"0";"0";"0";"0";"0";"0";"0";"0";"0";"0";"0";"0";"0";"0";"0";"0";"0";"0";"0";"0";"0";"0";"0";"0";"0";"1";"0";"0";"1";"0";"0";"0";"0";"0";"0";"0";"0";"0";"0";"0";"0";"0";"0";"0";"0";"0";"0";"0";"0";"Ja"
"second_coder";2409659;"De Jonge waarschuwt in Kamer: volgende week mogelijk al nieuwe maatregelen";"2021-12-15";"https://nos.nl/artikel/2409659-de-jonge-waarschuwt-in-kamer-volgende-week-mogelijk-al-nieuwe-maatregelen";"1";"1";"Kabinet";"Organisatie";"NL - Nationale regering - executive / uitvoerende macht";"";"NvT";"1";"0";"5";"1";"0";"0";"0";"0";"0";"0";"0";"0";"0";"0";"0";"0";"0";"0";"0";"0";"0";"0";"0";"0";"0";"0";"0";"0";"0";"0";"0";"0";"0";"0";"0";"0";"0";"0";"0";"0";"0";"0";"0";"0";"0";"0";"0";"0";"0";"0";"0";"0";"0";"0";"0";"0";"0";"0";"0";"0";"0";"0";"0";"0";"0";"0";"0";"0";"1";"1";"0";"0";"0";"0";"0";"0";"Nee"
"second_coder";2413877;"Kabinet hoopt op opening horeca en cultuur, maar ""gaat nog geen garanties geven""";"2022-01-20";"https://nos.nl/artikel/2413877-kabinet-hoopt-op-opening-horeca-en-cultuur-maar-gaat-nog-geen-garanties-geven";"1";"1";"Gündoğan";"Persoon";"NL - Nationaal parlement en nationale partijen – wetgevende macht";"";"Volt";"1";"0";"11";"0";"0";"0";"0";"0";"0";"0";"0";"0";"0";"0";"0";"0";"0";"0";"0";"0";"0";"0";"0";"0";"0";"0";"0";"0";"0";"0";"0";"0";"0";"0";"0";"0";"0";"0";"0";"0";"0";"0";"0";"0";"0";"0";"0";"0";"0";"0";"0";"0";"0";"0";"0";"0";"0";"0";"0";"0";"0";"0";"0";"0";"0";"0";"0";"0";"0";"0";"0";"0";"0";"0";"0";"0";"Ja"
"second_coder";2376137;"Demonstratie tegen coronabeleid in Baarn en omgeving";"2021-04-10";"https://nos.nl/artikel/2376137-demonstratie-tegen-coronabeleid-in-baarn-en-omgeving";"1";"1";"Ton Heerts";"Persoon";"NL - Nationale regionale en lokale politieke organisaties en hun ambtenaren";"";"PvDA";"0";"1";"29";"0";"0";"0";"0";"0";"0";"0";"0";"0";"0";"0";"0";"0";"0";"0";"0";"0";"0";"0";"0";"0";"0";"0";"0";"0";"0";"0";"0";"0";"0";"0";"0";"0";"0";"0";"0";"0";"0";"0";"0";"0";"0";"0";"0";"0";"0";"0";"0";"0";"0";"0";"0";"0";"0";"0";"0";"0";"0";"0";"0";"0";"0";"0";"0";"0";"0";"0";"0";"0";"0";"0";"0";"0";"Nee"
"second_coder";2365392;"7,6 miljard euro voor verruiming steunpakket voor ondernemers";"2021-01-21";"https://nos.nl/artikel/2365392-7-6-miljard-euro-voor-verruiming-steunpakket-voor-ondernemers";"1";"0";"";"";"";"";"";"0";"0";"";"";"0";"0";"0";"0";"0";"0";"0";"0";"0";"0";"0";"0";"0";"0";"0";"0";"0";"0";"0";"0";"0";"0";"0";"0";"0";"0";"0";"0";"0";"0";"0";"0";"0";"0";"0";"0";"0";"0";"0";"0";"0";"0";"0";"0";"0";"0";"0";"0";"0";"0";"0";"0";"0";"0";"0";"0";"0";"0";"0";"0";"0";"0";"0";"0";"0";"0";"0";"0";"0";"0";"0";"0";""
"second_coder";2374653;"Oxfam Novib: coronavaccins snel ineffectief door vaccingebrek in arme landen";"2021-03-30";"https://nos.nl/artikel/2374653-oxfam-novib-coronavaccins-snel-ineffectief-door-vaccingebrek-in-arme-landen";"1";"1";"Marion Koopmans";"Persoon";"Wetenschappelijke/medische organisaties en onderzoekers";"";"";"1";"1";"185";"1";"0";"0";"0";"0";"0";"0";"0";"0";"0";"0";"0";"0";"0";"0";"0";"0";"0";"0";"0";"0";"0";"0";"0";"0";"0";"0";"0";"0";"0";"0";"0";"0";"0";"0";"0";"0";"0";"0";"0";"0";"0";"0";"0";"0";"0";"0";"0";"0";"0";"0";"0";"0";"0";"0";"0";"0";"0";"0";"0";"0";"0";"0";"0";"0";"1";"1";"0";"0";"0";"0";"0";"0";"Ja"
"second_coder";2379607;"Kamer wil geen eigen bijdrage van 7,50 euro voor toegangstest";"2021-05-06";"https://nos.nl/artikel/2379607-kamer-wil-geen-eigen-bijdrage-van-7-50-euro-voor-toegangstest";"1";"1";"Bikker";"Persoon";"NL - Nationaal parlement en nationale partijen – wetgevende macht";"";"CU";"1";"0";"17";"1";"0";"0";"0";"0";"0";"0";"0";"0";"0";"0";"0";"0";"0";"0";"0";"0";"1";"0";"0";"1";"0";"0";"0";"0";"0";"0";"0";"0";"0";"0";"0";"0";"0";"0";"0";"0";"0";"0";"0";"0";"0";"0";"0";"0";"0";"0";"0";"0";"0";"0";"0";"0";"0";"0";"0";"0";"1";"0";"0";"1";"0";"0";"0";"0";"0";"0";"0";"0";"0";"0";"0";"0";"Ja"
"second_coder";2370347;"Steun voor maatregelen sterk afgenomen, maar meeste mensen houden zich er nog aan";"2021-02-26";"https://nos.nl/artikel/2370347-steun-voor-maatregelen-sterk-afgenomen-maar-meeste-mensen-houden-zich-er-nog-aan.html";"1";"1";"Slechts 29 procent van de deelnemers";"Persoon";"Publiek en leden van het publiek, publieke opiniepeilingen en hun respondenten";"";"";"0";"1";"7";"0";"0";"0";"0";"0";"0";"0";"0";"0";"0";"0";"0";"0";"0";"0";"0";"0";"0";"0";"0";"0";"0";"0";"0";"0";"0";"0";"0";"0";"0";"0";"0";"0";"0";"0";"0";"0";"0";"0";"0";"0";"0";"0";"0";"0";"0";"0";"0";"0";"0";"0";"0";"0";"0";"0";"0";"0";"0";"0";"0";"0";"0";"0";"0";"0";"0";"0";"0";"0";"0";"0";"0";"0";"Ja"
"second_coder";2366327;"Koning spreekt na avondklokrellen met bewoners en ondernemers in Den Bosch";"2021-01-28";"https://nos.nl/artikel/2366327-koning-spreekt-na-avondklokrellen-met-bewoners-en-ondernemers-in-den-bosch";"0";"0";"";"";"";"";"";"0";"0";"";"";"0";"0";"0";"0";"0";"0";"0";"0";"0";"0";"0";"0";"0";"0";"0";"0";"0";"0";"0";"0";"0";"0";"0";"0";"0";"0";"0";"0";"0";"0";"0";"0";"0";"0";"0";"0";"0";"0";"0";"0";"0";"0";"0";"0";"0";"0";"0";"0";"0";"0";"0";"0";"0";"0";"0";"0";"0";"0";"0";"0";"0";"0";"0";"0";"0";"0";"0";"0";"0";"0";"0";"0";""
"second_coder";2366198;"Rellen creëren ook groep ""die staat voor iets anders"": veel initiatieven om te helpen";"2021-01-27";"https://nos.nl/artikel/2366198-rellen-creeren-ook-groep-die-staat-voor-iets-anders-veel-initiatieven-om-te-helpen";"0";"0";"";"";"";"";"";"0";"0";"";"";"0";"0";"0";"0";"0";"0";"0";"0";"0";"0";"0";"0";"0";"0";"0";"0";"0";"0";"0";"0";"0";"0";"0";"0";"0";"0";"0";"0";"0";"0";"0";"0";"0";"0";"0";"0";"0";"0";"0";"0";"0";"0";"0";"0";"0";"0";"0";"0";"0";"0";"0";"0";"0";"0";"0";"0";"0";"0";"0";"0";"0";"0";"0";"0";"0";"0";"0";"0";"0";"0";"0";"0";""
"second_coder";2339595;"Modezaken worstelen met impact corona, veel uitverkoop en onverkochte voorraden";"2020-07-05";"https://nos.nl/artikel/2339595-modezaken-worstelen-met-impact-corona-veel-uitverkoop-en-onverkochte-voorraden.html";"1";"1";"Frederiek Waninge";"Persoon";"Publiek en leden van het publiek, publieke opiniepeilingen en hun respondenten";"";"";"1";"1";"49";"0";"0";"0";"0";"0";"0";"0";"0";"0";"0";"0";"0";"0";"0";"0";"0";"0";"0";"0";"0";"0";"0";"0";"0";"0";"0";"0";"0";"0";"0";"0";"0";"0";"0";"0";"0";"0";"0";"0";"0";"0";"0";"0";"0";"0";"0";"0";"0";"0";"0";"0";"0";"0";"0";"0";"0";"0";"0";"0";"0";"0";"0";"0";"0";"0";"0";"0";"0";"0";"0";"0";"0";"0";"Ja"
"second_coder";2410526;"NHL geeft ijshockeyspelers opnieuw niet vrij voor Winterspelen";"2021-12-22";"https://nos.nl/artikel/2410526-nhl-geeft-ijshockeyspelers-opnieuw-niet-vrij-voor-winterspelen";"0";"0";"";"";"";"";"";"0";"0";"";"";"0";"0";"0";"0";"0";"0";"0";"0";"0";"0";"0";"0";"0";"0";"0";"0";"0";"0";"0";"0";"0";"0";"0";"0";"0";"0";"0";"0";"0";"0";"0";"0";"0";"0";"0";"0";"0";"0";"0";"0";"0";"0";"0";"0";"0";"0";"0";"0";"0";"0";"0";"0";"0";"0";"0";"0";"0";"0";"0";"0";"0";"0";"0";"0";"0";"0";"0";"0";"0";"0";"0";"0";""
"second_coder";2358194;"Het is rustig in de teststraat, waarom wordt die capaciteit niet gebruikt?";"2020-11-26";"https://nos.nl/artikel/2358194-het-is-rustig-in-de-teststraat-waarom-wordt-die-capaciteit-niet-gebruikt.html";"1";"1";"Bert Niesters";"Persoon";"Wetenschappelijke/medische organisaties en onderzoekers";"";"";"1";"1";"97";"1";"0";"0";"0";"0";"0";"0";"0";"0";"0";"0";"0";"0";"0";"0";"0";"0";"0";"0";"0";"0";"0";"0";"0";"0";"0";"0";"0";"0";"0";"0";"0";"0";"0";"0";"0";"0";"0";"0";"0";"0";"0";"0";"0";"0";"0";"0";"0";"0";"0";"0";"0";"0";"0";"0";"0";"0";"1";"1";"0";"0";"0";"0";"0";"0";"0";"0";"0";"0";"0";"0";"0";"0";"Ja"
"second_coder";2440742;"Agent vervolgd die vrouw in Eindhoven van dichtbij bespoot met waterkanon";"2022-08-15";"https://nos.nl/artikel/2440742-agent-vervolgd-die-vrouw-in-eindhoven-van-dichtbij-bespoot-met-waterkanon";"0";"0";"";"";"";"";"";"0";"0";"";"";"0";"0";"0";"0";"0";"0";"0";"0";"0";"0";"0";"0";"0";"0";"0";"0";"0";"0";"0";"0";"0";"0";"0";"0";"0";"0";"0";"0";"0";"0";"0";"0";"0";"0";"0";"0";"0";"0";"0";"0";"0";"0";"0";"0";"0";"0";"0";"0";"0";"0";"0";"0";"0";"0";"0";"0";"0";"0";"0";"0";"0";"0";"0";"0";"0";"0";"0";"0";"0";"0";"0";"0";""
"second_coder";2456638;"Kabinet draagt bij aan toekomstig fonds voor zorgwerkers met long covid";"2022-12-16";"https://nos.nl/artikel/2456638-kabinet-draagt-bij-aan-toekomstig-fonds-voor-zorgwerkers-met-long-covid";"1";"1";"kabinet";"Organisatie";"NL - Nationale regering - executive / uitvoerende macht";"";"NvT";"0";"1";"9";"0";"0";"0";"0";"0";"0";"0";"0";"0";"0";"0";"0";"0";"0";"0";"0";"0";"0";"0";"0";"0";"0";"0";"0";"0";"0";"0";"0";"0";"0";"0";"0";"0";"0";"0";"0";"0";"0";"0";"0";"0";"0";"0";"0";"0";"0";"0";"0";"0";"0";"0";"0";"0";"0";"0";"0";"0";"0";"0";"0";"0";"0";"0";"0";"0";"0";"0";"0";"0";"0";"0";"0";"0";"Ja"
"second_coder";2358916;"Bedrijven worstelen met thuiswerken, ""mentale gesteldheid is ook belangrijk""";"2020-12-01";"https://nos.nl/artikel/2358916-bedrijven-worstelen-met-thuiswerken-mentale-gesteldheid-is-ook-belangrijk";"1";"1";"John Aartsen";"Persoon";"Publiek en leden van het publiek, publieke opiniepeilingen en hun respondenten";"";"";"1";"1";"95";"1";"0";"0";"0";"0";"1";"0";"0";"1";"0";"0";"0";"0";"0";"0";"0";"0";"0";"0";"0";"0";"0";"0";"0";"0";"0";"0";"0";"0";"0";"0";"0";"0";"0";"0";"0";"0";"0";"0";"0";"0";"0";"0";"0";"0";"0";"0";"0";"0";"0";"0";"0";"0";"0";"0";"0";"0";"1";"1";"0";"0";"0";"0";"0";"0";"0";"0";"0";"0";"0";"0";"0";"0";"Nee"
"second_coder";2361815;"RIVM: Britse coronavariant verspreidt zich door Nederland";"2020-12-23";"https://nos.nl/artikel/2361815-rivm-britse-coronavariant-verspreidt-zich-door-nederland.html";"1";"1";"Frits Rosendaal";"Persoon";"Wetenschappelijke/medische organisaties en onderzoekers";"";"";"1";"1";"97";"1";"1";"0";"0";"1";"0";"0";"0";"0";"0";"0";"0";"0";"0";"0";"0";"0";"1";"0";"0";"1";"0";"0";"0";"0";"0";"0";"0";"0";"0";"0";"0";"0";"0";"0";"0";"0";"0";"0";"0";"0";"0";"0";"0";"0";"0";"0";"0";"0";"0";"0";"0";"0";"0";"0";"0";"0";"0";"0";"0";"0";"0";"0";"0";"0";"0";"0";"0";"0";"0";"0";"0";"0";"Nee"
"second_coder";2454001;"Protesten in China tegen coronabeleid na brand met tien doden";"2022-11-26";"https://nos.nl/artikel/2454001-protesten-in-china-tegen-coronabeleid-na-brand-met-tien-doden";"1";"0";"";"";"";"";"";"0";"0";"";"";"0";"0";"0";"0";"0";"0";"0";"0";"0";"0";"0";"0";"0";"0";"0";"0";"0";"0";"0";"0";"0";"0";"0";"0";"0";"0";"0";"0";"0";"0";"0";"0";"0";"0";"0";"0";"0";"0";"0";"0";"0";"0";"0";"0";"0";"0";"0";"0";"0";"0";"0";"0";"0";"0";"0";"0";"0";"0";"0";"0";"0";"0";"0";"0";"0";"0";"0";"0";"0";"0";"0";"0";""
"second_coder";2378929;"Lange wachttijden en vaak jonge patiënten bij nazorgpoli's corona";"2021-05-01";"https://nos.nl/artikel/2378929-lange-wachttijden-en-vaak-jonge-patienten-bij-nazorgpoli-s-corona";"1";"1";"Nederlands Huisartsen Genootschap";"Organisatie";"Niet-governementele organisaties (NGO), maatschappelijke organisaties, en hun leden";"";"";"1";"1";"25";"0";"0";"0";"0";"0";"0";"0";"0";"0";"0";"0";"0";"0";"0";"0";"0";"0";"0";"0";"0";"0";"0";"0";"0";"0";"0";"0";"0";"0";"0";"0";"0";"0";"0";"0";"0";"0";"0";"0";"0";"0";"0";"0";"0";"0";"0";"0";"0";"0";"0";"0";"0";"0";"0";"0";"0";"0";"0";"0";"0";"0";"0";"0";"0";"0";"0";"0";"0";"0";"0";"0";"0";"0";"Ja"
"second_coder";2369393;"Hof doet over een week uitspraak, avondklok blijft tot die tijd van kracht";"2021-02-19";"https://nos.nl/artikel/2369393-hof-doet-over-een-week-uitspraak-avondklok-blijft-tot-die-tijd-van-kracht.html";"1";"1";"Pierre Capel";"Persoon";"Wetenschappelijke/medische organisaties en onderzoekers";"";"";"1";"1";"37";"0";"0";"0";"0";"0";"0";"0";"0";"0";"0";"0";"0";"0";"0";"0";"0";"0";"0";"0";"0";"0";"0";"0";"0";"0";"0";"0";"0";"0";"0";"0";"0";"0";"0";"0";"0";"0";"0";"0";"0";"0";"0";"0";"0";"0";"0";"0";"0";"0";"0";"0";"0";"0";"0";"0";"0";"0";"0";"0";"0";"0";"0";"0";"0";"0";"0";"0";"0";"0";"0";"0";"0";"0";"Ja"
"second_coder";2413608;"Gemeente Amsterdam en Kapsalon Theater in conflict over ludieke protestactie";"2022-01-18";"https://nos.nl/artikel/2413608-gemeente-amsterdam-en-kapsalon-theater-in-conflict-over-ludieke-protestactie";"1";"1";"Hubert Bruls";"Persoon";"Niet-governementele organisaties (NGO), maatschappelijke organisaties, en hun leden";"";"";"1";"0";"30";"0";"0";"0";"0";"0";"0";"0";"0";"0";"0";"0";"0";"0";"0";"0";"0";"0";"0";"0";"0";"0";"0";"0";"0";"0";"0";"0";"0";"0";"0";"0";"0";"0";"0";"0";"0";"0";"0";"0";"0";"0";"0";"0";"0";"0";"0";"0";"0";"0";"0";"0";"0";"0";"0";"0";"0";"0";"0";"0";"0";"0";"0";"0";"0";"0";"0";"0";"0";"0";"0";"0";"0";"0";"Nee"
"second_coder";2415061;"Skispringster Kramer zes dagen voor olympisch debuut positief getest op corona";"2022-01-30";"https://nos.nl/artikel/2415061-skispringster-kramer-zes-dagen-voor-olympisch-debuut-positief-getest-op-corona";"1";"0";"";"";"";"";"";"0";"0";"";"";"0";"0";"0";"0";"0";"0";"0";"0";"0";"0";"0";"0";"0";"0";"0";"0";"0";"0";"0";"0";"0";"0";"0";"0";"0";"0";"0";"0";"0";"0";"0";"0";"0";"0";"0";"0";"0";"0";"0";"0";"0";"0";"0";"0";"0";"0";"0";"0";"0";"0";"0";"0";"0";"0";"0";"0";"0";"0";"0";"0";"0";"0";"0";"0";"0";"0";"0";"0";"0";"0";"0";"0";""
"second_coder";2387267;"De ethische discussie over tieners vaccineren: ""Hoe vertel ik dit mijn kinderen?""";"2021-06-29";"https://nos.nl/artikel/2387267-de-ethische-discussie-over-tieners-vaccineren-hoe-vertel-ik-dit-mijn-kinderen";"1";"1";"Amrish Baidjoe";"Persoon";"Wetenschappelijke/medische organisaties en onderzoekers";"";"";"1";"0";"44";"1";"0";"0";"0";"0";"0";"0";"0";"0";"0";"0";"0";"0";"0";"0";"0";"0";"0";"0";"0";"0";"0";"0";"0";"0";"0";"0";"0";"0";"0";"0";"0";"0";"0";"0";"0";"0";"0";"0";"0";"0";"0";"0";"0";"0";"0";"0";"0";"0";"0";"0";"0";"0";"0";"0";"0";"0";"0";"0";"0";"0";"0";"0";"0";"0";"1";"0";"1";"0";"0";"0";"0";"0";"Ja"
"main_coder";2379607;"Kamer wil geen eigen bijdrage van 7,50 euro voor toegangstest";"2021-05-06";"https://nos.nl/artikel/2379607-kamer-wil-geen-eigen-bijdrage-van-7-50-euro-voor-toegangstest";"1";"1";"PVV";"Organisatie";"NL - Nationaal parlement en nationale partijen – wetgevende macht";"";"PVV";"0";"1";"6";"1";"0";"0";"0";"0";"0";"0";"0";"0";"0";"0";"0";"0";"0";"0";"0";"0";"0";"0";"0";"0";"0";"0";"0";"0";"0";"0";"0";"0";"0";"0";"0";"0";"0";"0";"0";"0";"0";"0";"0";"0";"0";"0";"0";"0";"0";"0";"0";"0";"0";"0";"0";"0";"0";"0";"0";"0";"1";"0";"1";"0";"0";"0";"0";"0";"0";"0";"0";"0";"0";"0";"0";"0";"Ja"
"main_coder";2365392;"7,6 miljard euro voor verruiming steunpakket voor ondernemers";"2021-01-21";"https://nos.nl/artikel/2365392-7-6-miljard-euro-voor-verruiming-steunpakket-voor-ondernemers";"1";"0";"";"";"";"";"";"0";"0";"";"";"0";"0";"0";"0";"0";"0";"0";"0";"0";"0";"0";"0";"0";"0";"0";"0";"0";"0";"0";"0";"0";"0";"0";"0";"0";"0";"0";"0";"0";"0";"0";"0";"0";"0";"0";"0";"0";"0";"0";"0";"0";"0";"0";"0";"0";"0";"0";"0";"0";"0";"0";"0";"0";"0";"0";"0";"0";"0";"0";"0";"0";"0";"0";"0";"0";"0";"0";"0";"0";"0";"0";"0";""
"main_coder";2415061;"Skispringster Kramer zes dagen voor olympisch debuut positief getest op corona";"2022-01-30";"https://nos.nl/artikel/2415061-skispringster-kramer-zes-dagen-voor-olympisch-debuut-positief-getest-op-corona";"1";"0";"";"";"";"";"";"0";"0";"";"";"0";"0";"0";"0";"0";"0";"0";"0";"0";"0";"0";"0";"0";"0";"0";"0";"0";"0";"0";"0";"0";"0";"0";"0";"0";"0";"0";"0";"0";"0";"0";"0";"0";"0";"0";"0";"0";"0";"0";"0";"0";"0";"0";"0";"0";"0";"0";"0";"0";"0";"0";"0";"0";"0";"0";"0";"0";"0";"0";"0";"0";"0";"0";"0";"0";"0";"0";"0";"0";"0";"0";"0";""
"main_coder";2387267;"De ethische discussie over tieners vaccineren: ""Hoe vertel ik dit mijn kinderen?""";"2021-06-29";"https://nos.nl/artikel/2387267-de-ethische-discussie-over-tieners-vaccineren-hoe-vertel-ik-dit-mijn-kinderen";"1";"1";"het RIVM";"Organisatie";"Openbare en semiopenbare instellingen";"";"";"0";"1";"21";"1";"0";"0";"0";"0";"0";"0";"0";"0";"0";"0";"0";"0";"0";"0";"0";"0";"0";"0";"0";"0";"0";"0";"0";"0";"0";"0";"0";"0";"0";"0";"0";"0";"0";"0";"0";"0";"0";"0";"0";"0";"0";"0";"0";"0";"0";"0";"0";"0";"0";"0";"0";"0";"0";"0";"0";"0";"0";"0";"0";"0";"0";"0";"0";"0";"1";"1";"0";"0";"0";"0";"0";"0";"Ja"
"main_coder";2328119;"Aanscherping coronamaatregelen is een hard gelag: ""Het valt ons zwaar""";"2020-03-23";"https://nos.nl/artikel/2328119-aanscherping-coronamaatregelen-is-een-hard-gelag-het-valt-ons-zwaar";"1";"1";"woordvoerder van de KNVB";"Persoon";"Zakelijke organisaties en hun werknemers";"";"";"1";"0";"30";"1";"0";"0";"0";"0";"0";"0";"0";"0";"0";"0";"0";"0";"0";"0";"0";"0";"0";"0";"0";"0";"0";"0";"0";"0";"0";"0";"0";"0";"0";"0";"0";"0";"0";"0";"0";"0";"0";"0";"0";"0";"0";"0";"0";"0";"0";"0";"0";"0";"1";"0";"0";"1";"0";"0";"0";"0";"0";"0";"0";"0";"0";"0";"0";"0";"0";"0";"0";"0";"0";"0";"0";"0";"Nee"
"main_coder";2409659;"De Jonge waarschuwt in Kamer: volgende week mogelijk al nieuwe maatregelen";"2021-12-15";"https://nos.nl/artikel/2409659-de-jonge-waarschuwt-in-kamer-volgende-week-mogelijk-al-nieuwe-maatregelen";"1";"1";"het kabinet";"Organisatie";"NL - Nationale regering - executive / uitvoerende macht";"";"NvT";"1";"1";"7";"1";"0";"0";"0";"0";"0";"0";"0";"0";"0";"0";"0";"0";"0";"0";"0";"0";"0";"0";"0";"0";"0";"0";"0";"0";"0";"0";"0";"0";"0";"0";"0";"0";"0";"0";"0";"0";"0";"0";"0";"0";"0";"0";"0";"0";"0";"0";"0";"0";"0";"0";"0";"0";"0";"0";"0";"0";"0";"0";"0";"0";"0";"0";"0";"0";"1";"1";"0";"0";"0";"0";"0";"0";"Ja"
"main_coder";2339595;"Modezaken worstelen met impact corona, veel uitverkoop en onverkochte voorraden";"2020-07-05";"https://nos.nl/artikel/2339595-modezaken-worstelen-met-impact-corona-veel-uitverkoop-en-onverkochte-voorraden.html";"1";"1";"Petra Reuvers";"Persoon";"Zakelijke organisaties en hun werknemers";"";"";"1";"0";"56";"1";"0";"0";"0";"0";"0";"0";"0";"0";"0";"0";"0";"0";"0";"0";"0";"0";"0";"0";"0";"0";"0";"0";"0";"0";"0";"0";"0";"0";"0";"0";"0";"0";"0";"0";"0";"0";"1";"0";"0";"1";"0";"0";"0";"0";"0";"0";"0";"0";"0";"0";"0";"0";"0";"0";"0";"0";"0";"0";"0";"0";"0";"0";"0";"0";"0";"0";"0";"0";"0";"0";"0";"0";"Nee"
"main_coder";2370347;"Steun voor maatregelen sterk afgenomen, maar meeste mensen houden zich er nog aan";"2021-02-26";"https://nos.nl/artikel/2370347-steun-voor-maatregelen-sterk-afgenomen-maar-meeste-mensen-houden-zich-er-nog-aan.html";"1";"1";"Iets minder dan de helft van de Nederlanders";"Persoon";"Publiek en leden van het publiek, publieke opiniepeilingen en hun respondenten";"";"";"0";"1";"13";"1";"1";"1";"0";"0";"0";"0";"0";"0";"0";"0";"0";"0";"0";"0";"0";"0";"0";"0";"0";"0";"0";"0";"0";"0";"0";"0";"0";"0";"0";"0";"0";"0";"0";"0";"0";"0";"0";"0";"0";"0";"0";"0";"0";"0";"0";"0";"0";"0";"0";"0";"0";"0";"0";"0";"0";"0";"0";"0";"0";"0";"0";"0";"0";"0";"0";"0";"0";"0";"0";"0";"0";"0";"Ja"
"main_coder";2355910;"Van commerciële tests op het coronavirus is alleen topje van ijsberg bekend";"2020-11-09";"https://nos.nl/artikel/2355910-van-commerciele-tests-op-het-coronavirus-is-alleen-topje-van-ijsberg-bekend.html";"1";"1";"Jaap van Dissel";"Persoon";"Openbare en semiopenbare instellingen";"";"";"0";"1";"9";"1";"0";"0";"0";"0";"0";"0";"0";"0";"0";"0";"0";"0";"0";"0";"0";"0";"0";"0";"0";"0";"0";"0";"0";"0";"0";"0";"0";"0";"0";"0";"0";"0";"0";"0";"0";"0";"0";"0";"0";"0";"0";"0";"0";"0";"0";"0";"0";"0";"0";"0";"0";"0";"0";"0";"0";"0";"1";"0";"0";"1";"0";"0";"0";"0";"0";"0";"0";"0";"0";"0";"0";"0";"Ja"
"main_coder";2358194;"Het is rustig in de teststraat, waarom wordt die capaciteit niet gebruikt?";"2020-11-26";"https://nos.nl/artikel/2358194-het-is-rustig-in-de-teststraat-waarom-wordt-die-capaciteit-niet-gebruikt.html";"1";"1";"Bert Niesters";"Persoon";"Wetenschappelijke/medische organisaties en onderzoekers";"";"";"1";"1";"107";"1";"0";"0";"0";"0";"0";"0";"0";"0";"0";"0";"0";"0";"0";"0";"0";"0";"0";"0";"0";"0";"0";"0";"0";"0";"0";"0";"0";"0";"0";"0";"0";"0";"0";"0";"0";"0";"0";"0";"0";"0";"0";"0";"0";"0";"0";"0";"0";"0";"0";"0";"0";"0";"0";"0";"0";"0";"1";"1";"1";"0";"0";"0";"0";"0";"0";"0";"0";"0";"0";"0";"0";"0";"Ja"
"main_coder";2330078;"Google en Apple bouwen ""corona-tracking"" in op smartphones";"2020-04-10";"https://nos.nl/artikel/2330078-google-en-apple-bouwen-corona-tracking-in-op-smartphones";"0";"0";"";"";"";"";"";"0";"0";"";"";"0";"0";"0";"0";"0";"0";"0";"0";"0";"0";"0";"0";"0";"0";"0";"0";"0";"0";"0";"0";"0";"0";"0";"0";"0";"0";"0";"0";"0";"0";"0";"0";"0";"0";"0";"0";"0";"0";"0";"0";"0";"0";"0";"0";"0";"0";"0";"0";"0";"0";"0";"0";"0";"0";"0";"0";"0";"0";"0";"0";"0";"0";"0";"0";"0";"0";"0";"0";"0";"0";"0";"0";""
"main_coder";2326923;"Dit was de dag dat Nederland ""een patiënt"" werd";"2020-03-12";"https://nos.nl/artikel/2326923-dit-was-de-dag-dat-nederland-een-patient-werd";"1";"1";"Het ministerie van Buitenlandse Zaken";"Organisatie";"NL - Nationale regering - executive / uitvoerende macht";"";"NvT";"0";"1";"10";"1";"0";"0";"0";"0";"0";"0";"0";"0";"0";"0";"0";"0";"0";"0";"0";"0";"0";"0";"0";"0";"0";"0";"0";"0";"0";"0";"0";"0";"0";"0";"0";"0";"0";"0";"0";"0";"0";"0";"0";"0";"0";"0";"0";"0";"1";"1";"0";"0";"0";"0";"0";"0";"0";"0";"0";"0";"0";"0";"0";"0";"0";"0";"0";"0";"0";"0";"0";"0";"0";"0";"0";"0";"Ja"
"main_coder";2456638;"Kabinet draagt bij aan toekomstig fonds voor zorgwerkers met long covid";"2022-12-16";"https://nos.nl/artikel/2456638-kabinet-draagt-bij-aan-toekomstig-fonds-voor-zorgwerkers-met-long-covid";"1";"1";"Kitty Jong";"Persoon";"Niet-governementele organisaties (NGO), maatschappelijke organisaties, en hun leden";"";"";"1";"1";"34";"0";"0";"0";"0";"0";"0";"0";"0";"0";"0";"0";"0";"0";"0";"0";"0";"0";"0";"0";"0";"0";"0";"0";"0";"0";"0";"0";"0";"0";"0";"0";"0";"0";"0";"0";"0";"0";"0";"0";"0";"0";"0";"0";"0";"0";"0";"0";"0";"0";"0";"0";"0";"0";"0";"0";"0";"0";"0";"0";"0";"0";"0";"0";"0";"0";"0";"0";"0";"0";"0";"0";"0";"0";"Ja"
"main_coder";2413877;"Kabinet hoopt op opening horeca en cultuur, maar ""gaat nog geen garanties geven""";"2022-01-20";"https://nos.nl/artikel/2413877-kabinet-hoopt-op-opening-horeca-en-cultuur-maar-gaat-nog-geen-garanties-geven";"1";"1";"Gündoğan";"Persoon";"NL - Nationaal parlement en nationale partijen – wetgevende macht";"";"Volt";"1";"0";"11";"0";"0";"0";"0";"0";"0";"0";"0";"0";"0";"0";"0";"0";"0";"0";"0";"0";"0";"0";"0";"0";"0";"0";"0";"0";"0";"0";"0";"0";"0";"0";"0";"0";"0";"0";"0";"0";"0";"0";"0";"0";"0";"0";"0";"0";"0";"0";"0";"0";"0";"0";"0";"0";"0";"0";"0";"0";"0";"0";"0";"0";"0";"0";"0";"0";"0";"0";"0";"0";"0";"0";"0";"0";"Ja"
"main_coder";2378929;"Lange wachttijden en vaak jonge patiënten bij nazorgpoli's corona";"2021-05-01";"https://nos.nl/artikel/2378929-lange-wachttijden-en-vaak-jonge-patienten-bij-nazorgpoli-s-corona";"1";"1";"Jürgen Hölters";"Persoon";"Wetenschappelijke/medische organisaties en onderzoekers";"";"";"0";"1";"16";"0";"0";"0";"0";"0";"0";"0";"0";"0";"0";"0";"0";"0";"0";"0";"0";"0";"0";"0";"0";"0";"0";"0";"0";"0";"0";"0";"0";"0";"0";"0";"0";"0";"0";"0";"0";"0";"0";"0";"0";"0";"0";"0";"0";"0";"0";"0";"0";"0";"0";"0";"0";"0";"0";"0";"0";"0";"0";"0";"0";"0";"0";"0";"0";"0";"0";"0";"0";"0";"0";"0";"0";"0";"Ja"
"main_coder";2379841;"Besmettingen India gaan hard door virusmutaties en niet naleven maatregelen";"2021-05-08";"https://nos.nl/artikel/2379841-besmettingen-india-gaan-hard-door-virusmutaties-en-niet-naleven-maatregelen";"1";"1";"critici";"Persoon";"Publiek en leden van het publiek, publieke opiniepeilingen en hun respondenten";"";"";"0";"1";"12";"0";"0";"0";"0";"0";"0";"0";"0";"0";"0";"0";"0";"0";"0";"0";"0";"0";"0";"0";"0";"0";"0";"0";"0";"0";"0";"0";"0";"0";"0";"0";"0";"0";"0";"0";"0";"0";"0";"0";"0";"0";"0";"0";"0";"0";"0";"0";"0";"0";"0";"0";"0";"0";"0";"0";"0";"0";"0";"0";"0";"0";"0";"0";"0";"0";"0";"0";"0";"0";"0";"0";"0";"0";"Nee"
"main_coder";2374653;"Oxfam Novib: coronavaccins snel ineffectief door vaccingebrek in arme landen";"2021-03-30";"https://nos.nl/artikel/2374653-oxfam-novib-coronavaccins-snel-ineffectief-door-vaccingebrek-in-arme-landen";"1";"1";"Oxfam Novib";"Organisatie";"Niet-governementele organisaties (NGO), maatschappelijke organisaties, en hun leden";"";"";"0";"1";"18";"1";"0";"0";"0";"0";"0";"0";"0";"0";"0";"0";"0";"0";"0";"0";"0";"0";"0";"0";"0";"0";"0";"0";"0";"0";"0";"0";"0";"0";"0";"0";"0";"0";"0";"0";"0";"0";"0";"0";"0";"0";"0";"0";"0";"0";"0";"0";"0";"0";"0";"0";"0";"0";"0";"0";"0";"0";"0";"0";"0";"0";"0";"0";"0";"0";"1";"0";"1";"0";"0";"0";"0";"0";"Ja"
"main_coder";2369393;"Hof doet over een week uitspraak, avondklok blijft tot die tijd van kracht";"2021-02-19";"https://nos.nl/artikel/2369393-hof-doet-over-een-week-uitspraak-avondklok-blijft-tot-die-tijd-van-kracht.html";"1";"1";"Willem Engel";"Persoon";"Niet-governementele organisaties (NGO), maatschappelijke organisaties, en hun leden";"";"";"1";"1";"37";"0";"0";"0";"0";"0";"0";"0";"0";"0";"0";"0";"0";"0";"0";"0";"0";"0";"0";"0";"0";"0";"0";"0";"0";"0";"0";"0";"0";"0";"0";"0";"0";"0";"0";"0";"0";"0";"0";"0";"0";"0";"0";"0";"0";"0";"0";"0";"0";"0";"0";"0";"0";"0";"0";"0";"0";"0";"0";"0";"0";"0";"0";"0";"0";"0";"0";"0";"0";"0";"0";"0";"0";"0";"Nee"
"main_coder";2367812;"19-jarige Brit ontwaakt na jaar in coma in totaal andere wereld";"2021-02-08";"https://nos.nl/artikel/2367812-19-jarige-brit-ontwaakt-na-jaar-in-coma-in-totaal-andere-wereld.html";"0";"0";"";"";"";"";"";"0";"0";"";"";"0";"0";"0";"0";"0";"0";"0";"0";"0";"0";"0";"0";"0";"0";"0";"0";"0";"0";"0";"0";"0";"0";"0";"0";"0";"0";"0";"0";"0";"0";"0";"0";"0";"0";"0";"0";"0";"0";"0";"0";"0";"0";"0";"0";"0";"0";"0";"0";"0";"0";"0";"0";"0";"0";"0";"0";"0";"0";"0";"0";"0";"0";"0";"0";"0";"0";"0";"0";"0";"0";"0";"0";""
"main_coder";2365361;"Rutte: avondklok misschien iets later, maar niet na 21.00 uur";"2021-01-21";"https://nos.nl/artikel/2365361-rutte-avondklok-misschien-iets-later-maar-niet-na-21-00-uur";"1";"1";"Wilders";"Persoon";"NL - Nationaal parlement en nationale partijen – wetgevende macht";"";"PVV";"1";"1";"25";"1";"0";"0";"0";"0";"0";"0";"0";"0";"0";"0";"0";"0";"0";"0";"0";"0";"1";"0";"1";"0";"0";"0";"0";"0";"0";"0";"0";"0";"0";"0";"0";"0";"0";"0";"0";"0";"0";"0";"0";"0";"0";"0";"0";"0";"0";"0";"0";"0";"0";"0";"0";"0";"0";"0";"0";"0";"0";"0";"0";"0";"0";"0";"0";"0";"0";"0";"0";"0";"0";"0";"0";"0";"Ja"
"main_coder";2365867;"""Op dit soort momenten schaam ik me om Urker te zijn""";"2021-01-24";"https://nos.nl/artikel/2365867-op-dit-soort-momenten-schaam-ik-me-om-urker-te-zijn";"1";"1";"een inwoner";"Persoon";"Publiek en leden van het publiek, publieke opiniepeilingen en hun respondenten";"";"";"1";"0";"33";"0";"0";"0";"0";"0";"0";"0";"0";"0";"0";"0";"0";"0";"0";"0";"0";"0";"0";"0";"0";"0";"0";"0";"0";"0";"0";"0";"0";"0";"0";"0";"0";"0";"0";"0";"0";"0";"0";"0";"0";"0";"0";"0";"0";"0";"0";"0";"0";"0";"0";"0";"0";"0";"0";"0";"0";"0";"0";"0";"0";"0";"0";"0";"0";"0";"0";"0";"0";"0";"0";"0";"0";"0";"Ja"
"main_coder";2363133;"Kabinet wil geen leeftijdselectie op intensive care, artsen houden vast aan draaiboek";"2021-01-05";"https://nos.nl/artikel/2363133-kabinet-wil-geen-leeftijdselectie-op-intensive-care-artsen-houden-vast-aan-draaiboek.html";"1";"1";"Ouderenbond ANBO";"Organisatie";"Niet-governementele organisaties (NGO), maatschappelijke organisaties, en hun leden";"";"";"1";"1";"46";"0";"0";"0";"0";"0";"0";"0";"0";"0";"0";"0";"0";"0";"0";"0";"0";"0";"0";"0";"0";"0";"0";"0";"0";"0";"0";"0";"0";"0";"0";"0";"0";"0";"0";"0";"0";"0";"0";"0";"0";"0";"0";"0";"0";"0";"0";"0";"0";"0";"0";"0";"0";"0";"0";"0";"0";"0";"0";"0";"0";"0";"0";"0";"0";"0";"0";"0";"0";"0";"0";"0";"0";"0";"Ja"
"second_coder";2363133;"Kabinet wil geen leeftijdselectie op intensive care, artsen houden vast aan draaiboek";"2021-01-05";"https://nos.nl/artikel/2363133-kabinet-wil-geen-leeftijdselectie-op-intensive-care-artsen-houden-vast-aan-draaiboek.html";"1";"1";"ChristenUnie";"Organisatie";"NL - Nationaal parlement en nationale partijen – wetgevende macht";"";"ChristenUnie";"0";"1";"15";"0";"0";"0";"0";"0";"0";"0";"0";"0";"0";"0";"0";"0";"0";"0";"0";"0";"0";"0";"0";"0";"0";"0";"0";"0";"0";"0";"0";"0";"0";"0";"0";"0";"0";"0";"0";"0";"0";"0";"0";"0";"0";"0";"0";"0";"0";"0";"0";"0";"0";"0";"0";"0";"0";"0";"0";"0";"0";"0";"0";"0";"0";"0";"0";"0";"0";"0";"0";"0";"0";"0";"0";"0";"Ja"
"second_coder";2365867;"""Op dit soort momenten schaam ik me om Urker te zijn""";"2021-01-24";"https://nos.nl/artikel/2365867-op-dit-soort-momenten-schaam-ik-me-om-urker-te-zijn";"1";"1";"Cees van den Bos";"Persoon";"NL - Nationale regionale en lokale politieke organisaties en hun ambtenaren";"";"SGP";"1";"0";"54";"0";"0";"0";"0";"0";"0";"0";"0";"0";"0";"0";"0";"0";"0";"0";"0";"0";"0";"0";"0";"0";"0";"0";"0";"0";"0";"0";"0";"0";"0";"0";"0";"0";"0";"0";"0";"0";"0";"0";"0";"0";"0";"0";"0";"0";"0";"0";"0";"0";"0";"0";"0";"0";"0";"0";"0";"0";"0";"0";"0";"0";"0";"0";"0";"0";"0";"0";"0";"0";"0";"0";"0";"0";"Nee"
"second_coder";2366896;"Oproep uit IC-hoek: ""Versoepel aantal maatregelen, accepteer meer overlijdens""";"2021-02-01";"https://nos.nl/artikel/2366896-oproep-uit-ic-hoek-versoepel-aantal-maatregelen-accepteer-meer-overlijdens.html";"1";"1";"Nederlandse Vereniging voor Intensive Care";"Organisatie";"Wetenschappelijke/medische organisaties en onderzoekers";"";"";"1";"0";"55";"1";"1";"0";"0";"1";"0";"0";"0";"0";"0";"0";"0";"0";"0";"0";"0";"0";"0";"0";"0";"0";"0";"0";"0";"0";"0";"0";"0";"0";"0";"0";"0";"0";"0";"0";"0";"0";"0";"0";"0";"0";"0";"0";"0";"0";"0";"0";"0";"0";"0";"0";"0";"0";"0";"0";"0";"0";"0";"0";"0";"0";"0";"0";"0";"0";"0";"0";"0";"0";"0";"0";"0";"0";"Nee"
"second_coder";2355910;"Van commerciële tests op het coronavirus is alleen topje van ijsberg bekend";"2020-11-09";"https://nos.nl/artikel/2355910-van-commerciele-tests-op-het-coronavirus-is-alleen-topje-van-ijsberg-bekend.html";"1";"1";"een woordvoerder van het RIVM";"Persoon";"Openbare en semiopenbare instellingen";"";"";"1";"0";"11";"1";"0";"0";"0";"0";"0";"0";"0";"0";"0";"0";"0";"0";"0";"0";"0";"0";"0";"0";"0";"0";"0";"0";"0";"0";"0";"0";"0";"0";"0";"0";"0";"0";"0";"0";"0";"0";"0";"0";"0";"0";"0";"0";"0";"0";"0";"0";"0";"0";"0";"0";"0";"0";"0";"0";"0";"0";"1";"0";"0";"1";"0";"0";"0";"0";"0";"0";"0";"0";"0";"0";"0";"0";"Nee"
"second_coder";2363978;"Chinees vaccin is voor China ""kans om invloed in Afrika uit te breiden""";"2021-01-11";"https://nos.nl/artikel/2363978-chinees-vaccin-is-voor-china-kans-om-invloed-in-afrika-uit-te-breiden";"1";"1";"Ramaphosa";"Persoon";"Regeringen/regeringsleiders/regeringsleden en/of andere politici in een ander land dan NL, op nationaal of lokaal niveau OF staatsorganisaties en hun ambtenaren";"";"";"0";"1";"25";"0";"0";"0";"0";"0";"0";"0";"0";"0";"0";"0";"0";"0";"0";"0";"0";"0";"0";"0";"0";"0";"0";"0";"0";"0";"0";"0";"0";"0";"0";"0";"0";"0";"0";"0";"0";"0";"0";"0";"0";"0";"0";"0";"0";"0";"0";"0";"0";"0";"0";"0";"0";"0";"0";"0";"0";"0";"0";"0";"0";"0";"0";"0";"0";"0";"0";"0";"0";"0";"0";"0";"0";"0";"Nee"
"second_coder";2326923;"Dit was de dag dat Nederland ""een patiënt"" werd";"2020-03-12";"https://nos.nl/artikel/2326923-dit-was-de-dag-dat-nederland-een-patient-werd";"1";"1";"Ministerie van Buitenlandse zaken";"Organisatie";"NL - Nationale regering - executive / uitvoerende macht";"";"NvT";"0";"1";"10";"1";"0";"0";"0";"0";"0";"0";"0";"0";"0";"0";"0";"0";"0";"0";"0";"0";"0";"0";"0";"0";"0";"0";"0";"0";"0";"0";"0";"0";"0";"0";"0";"0";"0";"0";"0";"0";"0";"0";"0";"0";"0";"0";"0";"0";"1";"1";"0";"0";"0";"0";"0";"0";"0";"0";"0";"0";"0";"0";"0";"0";"0";"0";"0";"0";"0";"0";"0";"0";"0";"0";"0";"0";"Ja"
"second_coder";2328119;"Aanscherping coronamaatregelen is een hard gelag: ""Het valt ons zwaar""";"2020-03-23";"https://nos.nl/artikel/2328119-aanscherping-coronamaatregelen-is-een-hard-gelag-het-valt-ons-zwaar";"1";"1";"Voetbalbond KNVB";"Organisatie";"Niet-governementele organisaties (NGO), maatschappelijke organisaties, en hun leden";"";"";"1";"1";"44";"1";"0";"0";"0";"0";"0";"0";"0";"0";"0";"0";"0";"0";"0";"0";"0";"0";"0";"0";"0";"0";"0";"0";"0";"0";"0";"0";"0";"0";"0";"0";"0";"0";"0";"0";"0";"0";"0";"0";"0";"0";"0";"0";"0";"0";"0";"0";"0";"0";"1";"0";"0";"1";"0";"0";"0";"0";"0";"0";"0";"0";"0";"0";"0";"0";"0";"0";"0";"0";"0";"0";"0";"0";"Nee"
"second_coder";2413877;"Kabinet hoopt op opening horeca en cultuur, maar ""gaat nog geen garanties geven""";"2022-01-20";"https://nos.nl/artikel/2413877-kabinet-hoopt-op-opening-horeca-en-cultuur-maar-gaat-nog-geen-garanties-geven";"1";"1";"Van der Plas";"Persoon";"NL - Nationaal parlement en nationale partijen – wetgevende macht";"";"BBB";"0";"1";"21";"1";"1";"0";"1";"0";"0";"0";"0";"0";"0";"0";"0";"0";"0";"0";"0";"0";"0";"0";"0";"0";"0";"0";"0";"0";"0";"0";"0";"0";"0";"0";"0";"0";"0";"0";"0";"0";"0";"0";"0";"0";"0";"0";"0";"0";"0";"0";"0";"0";"0";"0";"0";"0";"0";"0";"0";"0";"0";"0";"0";"0";"0";"0";"0";"0";"0";"0";"0";"0";"0";"0";"0";"0";"Ja"
"second_coder";2365392;"7,6 miljard euro voor verruiming steunpakket voor ondernemers";"2021-01-21";"https://nos.nl/artikel/2365392-7-6-miljard-euro-voor-verruiming-steunpakket-voor-ondernemers";"1";"0";"";"";"";"";"";"0";"0";"";"";"0";"0";"0";"0";"0";"0";"0";"0";"0";"0";"0";"0";"0";"0";"0";"0";"0";"0";"0";"0";"0";"0";"0";"0";"0";"0";"0";"0";"0";"0";"0";"0";"0";"0";"0";"0";"0";"0";"0";"0";"0";"0";"0";"0";"0";"0";"0";"0";"0";"0";"0";"0";"0";"0";"0";"0";"0";"0";"0";"0";"0";"0";"0";"0";"0";"0";"0";"0";"0";"0";"0";"0";""
"second_coder";2374653;"Oxfam Novib: coronavaccins snel ineffectief door vaccingebrek in arme landen";"2021-03-30";"https://nos.nl/artikel/2374653-oxfam-novib-coronavaccins-snel-ineffectief-door-vaccingebrek-in-arme-landen";"1";"1";"People's Vaccine Alliance";"Organisatie";"Niet-governementele organisaties (NGO), maatschappelijke organisaties, en hun leden";"";"";"0";"1";"16";"0";"0";"0";"0";"0";"0";"0";"0";"0";"0";"0";"0";"0";"0";"0";"0";"0";"0";"0";"0";"0";"0";"0";"0";"0";"0";"0";"0";"0";"0";"0";"0";"0";"0";"0";"0";"0";"0";"0";"0";"0";"0";"0";"0";"0";"0";"0";"0";"0";"0";"0";"0";"0";"0";"0";"0";"0";"0";"0";"0";"0";"0";"0";"0";"0";"0";"0";"0";"0";"0";"0";"0";"0";"Ja"
"second_coder";2379607;"Kamer wil geen eigen bijdrage van 7,50 euro voor toegangstest";"2021-05-06";"https://nos.nl/artikel/2379607-kamer-wil-geen-eigen-bijdrage-van-7-50-euro-voor-toegangstest";"1";"1";"JA21";"Organisatie";"NL - Nationaal parlement en nationale partijen – wetgevende macht";"";"JA21";"0";"1";"17";"1";"0";"0";"0";"0";"0";"0";"0";"0";"0";"0";"0";"0";"0";"0";"0";"0";"0";"0";"0";"0";"0";"0";"0";"0";"0";"0";"0";"0";"0";"0";"0";"0";"0";"0";"0";"0";"0";"0";"0";"0";"0";"0";"0";"0";"0";"0";"0";"0";"0";"0";"0";"0";"0";"0";"0";"0";"1";"0";"0";"1";"0";"0";"0";"0";"0";"0";"0";"0";"0";"0";"0";"0";"Ja"
"second_coder";2370347;"Steun voor maatregelen sterk afgenomen, maar meeste mensen houden zich er nog aan";"2021-02-26";"https://nos.nl/artikel/2370347-steun-voor-maatregelen-sterk-afgenomen-maar-meeste-mensen-houden-zich-er-nog-aan.html";"1";"1";"Vier op de tien";"Persoon";"Publiek en leden van het publiek, publieke opiniepeilingen en hun respondenten";"";"";"0";"1";"16";"1";"0";"0";"0";"0";"0";"0";"0";"0";"0";"0";"0";"0";"0";"0";"0";"0";"0";"0";"0";"0";"0";"0";"0";"0";"0";"0";"0";"0";"0";"0";"0";"0";"0";"0";"0";"0";"0";"0";"0";"0";"0";"0";"0";"0";"0";"0";"0";"0";"0";"0";"0";"0";"0";"0";"0";"0";"0";"0";"0";"0";"0";"0";"0";"0";"1";"0";"1";"0";"0";"0";"0";"0";"Ja"
"second_coder";2366327;"Koning spreekt na avondklokrellen met bewoners en ondernemers in Den Bosch";"2021-01-28";"https://nos.nl/artikel/2366327-koning-spreekt-na-avondklokrellen-met-bewoners-en-ondernemers-in-den-bosch";"0";"0";"";"";"";"";"";"0";"0";"";"";"0";"0";"0";"0";"0";"0";"0";"0";"0";"0";"0";"0";"0";"0";"0";"0";"0";"0";"0";"0";"0";"0";"0";"0";"0";"0";"0";"0";"0";"0";"0";"0";"0";"0";"0";"0";"0";"0";"0";"0";"0";"0";"0";"0";"0";"0";"0";"0";"0";"0";"0";"0";"0";"0";"0";"0";"0";"0";"0";"0";"0";"0";"0";"0";"0";"0";"0";"0";"0";"0";"0";"0";""
"second_coder";2366198;"Rellen creëren ook groep ""die staat voor iets anders"": veel initiatieven om te helpen";"2021-01-27";"https://nos.nl/artikel/2366198-rellen-creeren-ook-groep-die-staat-voor-iets-anders-veel-initiatieven-om-te-helpen";"0";"0";"";"";"";"";"";"0";"0";"";"";"0";"0";"0";"0";"0";"0";"0";"0";"0";"0";"0";"0";"0";"0";"0";"0";"0";"0";"0";"0";"0";"0";"0";"0";"0";"0";"0";"0";"0";"0";"0";"0";"0";"0";"0";"0";"0";"0";"0";"0";"0";"0";"0";"0";"0";"0";"0";"0";"0";"0";"0";"0";"0";"0";"0";"0";"0";"0";"0";"0";"0";"0";"0";"0";"0";"0";"0";"0";"0";"0";"0";"0";""
"second_coder";2339595;"Modezaken worstelen met impact corona, veel uitverkoop en onverkochte voorraden";"2020-07-05";"https://nos.nl/artikel/2339595-modezaken-worstelen-met-impact-corona-veel-uitverkoop-en-onverkochte-voorraden.html";"1";"1";"Petra Reuvers";"Persoon";"Publiek en leden van het publiek, publieke opiniepeilingen en hun respondenten";"";"";"1";"0";"57";"0";"0";"0";"0";"0";"0";"0";"0";"0";"0";"0";"0";"0";"0";"0";"0";"0";"0";"0";"0";"0";"0";"0";"0";"0";"0";"0";"0";"0";"0";"0";"0";"0";"0";"0";"0";"0";"0";"0";"0";"0";"0";"0";"0";"0";"0";"0";"0";"0";"0";"0";"0";"0";"0";"0";"0";"0";"0";"0";"0";"0";"0";"0";"0";"0";"0";"0";"0";"0";"0";"0";"0";"0";"Nee"
"second_coder";2410526;"NHL geeft ijshockeyspelers opnieuw niet vrij voor Winterspelen";"2021-12-22";"https://nos.nl/artikel/2410526-nhl-geeft-ijshockeyspelers-opnieuw-niet-vrij-voor-winterspelen";"0";"0";"";"";"";"";"";"0";"0";"";"";"0";"0";"0";"0";"0";"0";"0";"0";"0";"0";"0";"0";"0";"0";"0";"0";"0";"0";"0";"0";"0";"0";"0";"0";"0";"0";"0";"0";"0";"0";"0";"0";"0";"0";"0";"0";"0";"0";"0";"0";"0";"0";"0";"0";"0";"0";"0";"0";"0";"0";"0";"0";"0";"0";"0";"0";"0";"0";"0";"0";"0";"0";"0";"0";"0";"0";"0";"0";"0";"0";"0";"0";""
"second_coder";2358194;"Het is rustig in de teststraat, waarom wordt die capaciteit niet gebruikt?";"2020-11-26";"https://nos.nl/artikel/2358194-het-is-rustig-in-de-teststraat-waarom-wordt-die-capaciteit-niet-gebruikt.html";"1";"1";"Alma Tostmann";"Persoon";"Wetenschappelijke/medische organisaties en onderzoekers";"";"";"1";"1";"81";"1";"0";"0";"0";"0";"0";"0";"0";"0";"0";"0";"0";"0";"0";"0";"0";"0";"0";"0";"0";"0";"0";"0";"0";"0";"0";"0";"0";"0";"0";"0";"0";"0";"0";"0";"0";"0";"0";"0";"0";"0";"0";"0";"0";"0";"0";"0";"0";"0";"0";"0";"0";"0";"0";"0";"0";"0";"1";"1";"0";"0";"0";"0";"0";"0";"0";"0";"0";"0";"0";"0";"0";"0";"Ja"
"second_coder";2440742;"Agent vervolgd die vrouw in Eindhoven van dichtbij bespoot met waterkanon";"2022-08-15";"https://nos.nl/artikel/2440742-agent-vervolgd-die-vrouw-in-eindhoven-van-dichtbij-bespoot-met-waterkanon";"0";"0";"";"";"";"";"";"0";"0";"";"";"0";"0";"0";"0";"0";"0";"0";"0";"0";"0";"0";"0";"0";"0";"0";"0";"0";"0";"0";"0";"0";"0";"0";"0";"0";"0";"0";"0";"0";"0";"0";"0";"0";"0";"0";"0";"0";"0";"0";"0";"0";"0";"0";"0";"0";"0";"0";"0";"0";"0";"0";"0";"0";"0";"0";"0";"0";"0";"0";"0";"0";"0";"0";"0";"0";"0";"0";"0";"0";"0";"0";"0";""
"second_coder";2456638;"Kabinet draagt bij aan toekomstig fonds voor zorgwerkers met long covid";"2022-12-16";"https://nos.nl/artikel/2456638-kabinet-draagt-bij-aan-toekomstig-fonds-voor-zorgwerkers-met-long-covid";"1";"1";"Kitty Jong";"Persoon";"Niet-governementele organisaties (NGO), maatschappelijke organisaties, en hun leden";"";"";"1";"1";"34";"0";"0";"0";"0";"0";"0";"0";"0";"0";"0";"0";"0";"0";"0";"0";"0";"0";"0";"0";"0";"0";"0";"0";"0";"0";"0";"0";"0";"0";"0";"0";"0";"0";"0";"0";"0";"0";"0";"0";"0";"0";"0";"0";"0";"0";"0";"0";"0";"0";"0";"0";"0";"0";"0";"0";"0";"0";"0";"0";"0";"0";"0";"0";"0";"0";"0";"0";"0";"0";"0";"0";"0";"0";"Ja"
"second_coder";2454001;"Protesten in China tegen coronabeleid na brand met tien doden";"2022-11-26";"https://nos.nl/artikel/2454001-protesten-in-china-tegen-coronabeleid-na-brand-met-tien-doden";"1";"0";"";"";"";"";"";"0";"0";"";"";"0";"0";"0";"0";"0";"0";"0";"0";"0";"0";"0";"0";"0";"0";"0";"0";"0";"0";"0";"0";"0";"0";"0";"0";"0";"0";"0";"0";"0";"0";"0";"0";"0";"0";"0";"0";"0";"0";"0";"0";"0";"0";"0";"0";"0";"0";"0";"0";"0";"0";"0";"0";"0";"0";"0";"0";"0";"0";"0";"0";"0";"0";"0";"0";"0";"0";"0";"0";"0";"0";"0";"0";""
"second_coder";2378929;"Lange wachttijden en vaak jonge patiënten bij nazorgpoli's corona";"2021-05-01";"https://nos.nl/artikel/2378929-lange-wachttijden-en-vaak-jonge-patienten-bij-nazorgpoli-s-corona";"1";"1";"Arno Maas";"Persoon";"Wetenschappelijke/medische organisaties en onderzoekers";"";"";"1";"0";"86";"0";"0";"0";"0";"0";"0";"0";"0";"0";"0";"0";"0";"0";"0";"0";"0";"0";"0";"0";"0";"0";"0";"0";"0";"0";"0";"0";"0";"0";"0";"0";"0";"0";"0";"0";"0";"0";"0";"0";"0";"0";"0";"0";"0";"0";"0";"0";"0";"0";"0";"0";"0";"0";"0";"0";"0";"0";"0";"0";"0";"0";"0";"0";"0";"0";"0";"0";"0";"0";"0";"0";"0";"0";"Ja"
"second_coder";2369393;"Hof doet over een week uitspraak, avondklok blijft tot die tijd van kracht";"2021-02-19";"https://nos.nl/artikel/2369393-hof-doet-over-een-week-uitspraak-avondklok-blijft-tot-die-tijd-van-kracht.html";"1";"1";"Willem Engel";"Persoon";"Publiek en leden van het publiek, publieke opiniepeilingen en hun respondenten";"";"";"1";"1";"37";"0";"0";"0";"0";"0";"0";"0";"0";"0";"0";"0";"0";"0";"0";"0";"0";"0";"0";"0";"0";"0";"0";"0";"0";"0";"0";"0";"0";"0";"0";"0";"0";"0";"0";"0";"0";"0";"0";"0";"0";"0";"0";"0";"0";"0";"0";"0";"0";"0";"0";"0";"0";"0";"0";"0";"0";"0";"0";"0";"0";"0";"0";"0";"0";"0";"0";"0";"0";"0";"0";"0";"0";"0";"Nee"
"second_coder";2415061;"Skispringster Kramer zes dagen voor olympisch debuut positief getest op corona";"2022-01-30";"https://nos.nl/artikel/2415061-skispringster-kramer-zes-dagen-voor-olympisch-debuut-positief-getest-op-corona";"1";"0";"";"";"";"";"";"0";"0";"";"";"0";"0";"0";"0";"0";"0";"0";"0";"0";"0";"0";"0";"0";"0";"0";"0";"0";"0";"0";"0";"0";"0";"0";"0";"0";"0";"0";"0";"0";"0";"0";"0";"0";"0";"0";"0";"0";"0";"0";"0";"0";"0";"0";"0";"0";"0";"0";"0";"0";"0";"0";"0";"0";"0";"0";"0";"0";"0";"0";"0";"0";"0";"0";"0";"0";"0";"0";"0";"0";"0";"0";"0";""
"second_coder";2387267;"De ethische discussie over tieners vaccineren: ""Hoe vertel ik dit mijn kinderen?""";"2021-06-29";"https://nos.nl/artikel/2387267-de-ethische-discussie-over-tieners-vaccineren-hoe-vertel-ik-dit-mijn-kinderen";"1";"1";"RIVM";"Organisatie";"Openbare en semiopenbare instellingen";"";"";"0";"1";"21";"1";"0";"0";"0";"0";"0";"0";"0";"0";"0";"0";"0";"0";"0";"0";"0";"0";"0";"0";"0";"0";"0";"0";"0";"0";"0";"0";"0";"0";"0";"0";"0";"0";"0";"0";"0";"0";"0";"0";"0";"0";"0";"0";"0";"0";"0";"0";"0";"0";"0";"0";"0";"0";"0";"0";"0";"0";"0";"0";"0";"0";"0";"0";"0";"0";"1";"1";"0";"0";"0";"0";"0";"0";"Ja"
"main_coder";2379607;"Kamer wil geen eigen bijdrage van 7,50 euro voor toegangstest";"2021-05-06";"https://nos.nl/artikel/2379607-kamer-wil-geen-eigen-bijdrage-van-7-50-euro-voor-toegangstest";"1";"1";"D66 en PvdA";"Organisatie";"NL - Nationaal parlement en nationale partijen – wetgevende macht";"";"D66, PvdA";"0";"1";"14";"1";"0";"0";"0";"0";"0";"0";"0";"0";"0";"0";"0";"0";"0";"0";"0";"0";"0";"0";"0";"0";"0";"0";"0";"0";"0";"0";"0";"0";"0";"0";"0";"0";"0";"0";"0";"0";"0";"0";"0";"0";"0";"0";"0";"0";"0";"0";"0";"0";"0";"0";"0";"0";"0";"0";"0";"0";"1";"0";"0";"1";"0";"0";"0";"0";"0";"0";"0";"0";"0";"0";"0";"0";"Ja"
"main_coder";2365392;"7,6 miljard euro voor verruiming steunpakket voor ondernemers";"2021-01-21";"https://nos.nl/artikel/2365392-7-6-miljard-euro-voor-verruiming-steunpakket-voor-ondernemers";"1";"0";"";"";"";"";"";"0";"0";"";"";"0";"0";"0";"0";"0";"0";"0";"0";"0";"0";"0";"0";"0";"0";"0";"0";"0";"0";"0";"0";"0";"0";"0";"0";"0";"0";"0";"0";"0";"0";"0";"0";"0";"0";"0";"0";"0";"0";"0";"0";"0";"0";"0";"0";"0";"0";"0";"0";"0";"0";"0";"0";"0";"0";"0";"0";"0";"0";"0";"0";"0";"0";"0";"0";"0";"0";"0";"0";"0";"0";"0";"0";""
"main_coder";2415061;"Skispringster Kramer zes dagen voor olympisch debuut positief getest op corona";"2022-01-30";"https://nos.nl/artikel/2415061-skispringster-kramer-zes-dagen-voor-olympisch-debuut-positief-getest-op-corona";"1";"0";"";"";"";"";"";"0";"0";"";"";"0";"0";"0";"0";"0";"0";"0";"0";"0";"0";"0";"0";"0";"0";"0";"0";"0";"0";"0";"0";"0";"0";"0";"0";"0";"0";"0";"0";"0";"0";"0";"0";"0";"0";"0";"0";"0";"0";"0";"0";"0";"0";"0";"0";"0";"0";"0";"0";"0";"0";"0";"0";"0";"0";"0";"0";"0";"0";"0";"0";"0";"0";"0";"0";"0";"0";"0";"0";"0";"0";"0";"0";""
"main_coder";2387267;"De ethische discussie over tieners vaccineren: ""Hoe vertel ik dit mijn kinderen?""";"2021-06-29";"https://nos.nl/artikel/2387267-de-ethische-discussie-over-tieners-vaccineren-hoe-vertel-ik-dit-mijn-kinderen";"1";"1";"de WHO";"Organisatie";"EU-instellingen en Internationale overheidsorganisaties (ook IGO’s) en hun leden";"";"";"0";"1";"20";"0";"0";"0";"0";"0";"0";"0";"0";"0";"0";"0";"0";"0";"0";"0";"0";"0";"0";"0";"0";"0";"0";"0";"0";"0";"0";"0";"0";"0";"0";"0";"0";"0";"0";"0";"0";"0";"0";"0";"0";"0";"0";"0";"0";"0";"0";"0";"0";"0";"0";"0";"0";"0";"0";"0";"0";"0";"0";"0";"0";"0";"0";"0";"0";"0";"0";"0";"0";"0";"0";"0";"0";"0";"Ja"
"main_coder";2409659;"De Jonge waarschuwt in Kamer: volgende week mogelijk al nieuwe maatregelen";"2021-12-15";"https://nos.nl/artikel/2409659-de-jonge-waarschuwt-in-kamer-volgende-week-mogelijk-al-nieuwe-maatregelen";"1";"1";"RIVM";"Organisatie";"Openbare en semiopenbare instellingen";"";"";"1";"1";"7";"1";"0";"0";"0";"0";"0";"0";"0";"0";"0";"0";"0";"0";"0";"0";"0";"0";"0";"0";"0";"0";"0";"0";"0";"0";"0";"0";"0";"0";"0";"0";"0";"0";"0";"0";"0";"0";"0";"0";"0";"0";"0";"0";"0";"0";"0";"0";"0";"0";"0";"0";"0";"0";"0";"0";"0";"0";"0";"0";"0";"0";"0";"0";"0";"0";"1";"1";"0";"0";"0";"0";"0";"0";"Nee"
"main_coder";2370347;"Steun voor maatregelen sterk afgenomen, maar meeste mensen houden zich er nog aan";"2021-02-26";"https://nos.nl/artikel/2370347-steun-voor-maatregelen-sterk-afgenomen-maar-meeste-mensen-houden-zich-er-nog-aan.html";"1";"1";"69 procent";"Persoon";"Publiek en leden van het publiek, publieke opiniepeilingen en hun respondenten";"";"";"0";"1";"4";"0";"0";"0";"0";"0";"0";"0";"0";"0";"0";"0";"0";"0";"0";"0";"0";"0";"0";"0";"0";"0";"0";"0";"0";"0";"0";"0";"0";"0";"0";"0";"0";"0";"0";"0";"0";"0";"0";"0";"0";"0";"0";"0";"0";"0";"0";"0";"0";"0";"0";"0";"0";"0";"0";"0";"0";"0";"0";"0";"0";"0";"0";"0";"0";"0";"0";"0";"0";"0";"0";"0";"0";"0";"Ja"
"main_coder";2355910;"Van commerciële tests op het coronavirus is alleen topje van ijsberg bekend";"2020-11-09";"https://nos.nl/artikel/2355910-van-commerciele-tests-op-het-coronavirus-is-alleen-topje-van-ijsberg-bekend.html";"1";"1";"een woordvoerder";"Persoon";"NL - Nationale regering - executive / uitvoerende macht";"";"NvT";"0";"1";"14";"0";"0";"0";"0";"0";"0";"0";"0";"0";"0";"0";"0";"0";"0";"0";"0";"0";"0";"0";"0";"0";"0";"0";"0";"0";"0";"0";"0";"0";"0";"0";"0";"0";"0";"0";"0";"0";"0";"0";"0";"0";"0";"0";"0";"0";"0";"0";"0";"0";"0";"0";"0";"0";"0";"0";"0";"0";"0";"0";"0";"0";"0";"0";"0";"0";"0";"0";"0";"0";"0";"0";"0";"0";"Nee"
"main_coder";2358194;"Het is rustig in de teststraat, waarom wordt die capaciteit niet gebruikt?";"2020-11-26";"https://nos.nl/artikel/2358194-het-is-rustig-in-de-teststraat-waarom-wordt-die-capaciteit-niet-gebruikt.html";"1";"1";"Alma Tostmann";"Persoon";"Wetenschappelijke/medische organisaties en onderzoekers";"";"";"1";"1";"74";"1";"0";"0";"0";"0";"0";"0";"0";"0";"0";"0";"0";"0";"0";"0";"0";"0";"0";"0";"0";"0";"0";"0";"0";"0";"0";"0";"0";"0";"0";"0";"0";"0";"0";"0";"0";"0";"0";"0";"0";"0";"0";"0";"0";"0";"0";"0";"0";"0";"0";"0";"0";"0";"0";"0";"0";"0";"1";"1";"0";"1";"0";"0";"0";"0";"0";"0";"0";"0";"0";"0";"0";"0";"Ja"
"main_coder";2330078;"Google en Apple bouwen ""corona-tracking"" in op smartphones";"2020-04-10";"https://nos.nl/artikel/2330078-google-en-apple-bouwen-corona-tracking-in-op-smartphones";"0";"0";"";"";"";"";"";"0";"0";"";"";"0";"0";"0";"0";"0";"0";"0";"0";"0";"0";"0";"0";"0";"0";"0";"0";"0";"0";"0";"0";"0";"0";"0";"0";"0";"0";"0";"0";"0";"0";"0";"0";"0";"0";"0";"0";"0";"0";"0";"0";"0";"0";"0";"0";"0";"0";"0";"0";"0";"0";"0";"0";"0";"0";"0";"0";"0";"0";"0";"0";"0";"0";"0";"0";"0";"0";"0";"0";"0";"0";"0";"0";""
"main_coder";2326923;"Dit was de dag dat Nederland ""een patiënt"" werd";"2020-03-12";"https://nos.nl/artikel/2326923-dit-was-de-dag-dat-nederland-een-patient-werd";"1";"1";"Mustafa Marghadi";"Persoon";"Journalisten anders dan de schrijver van het huidige artikel of nieuwsorganisaties anders dan de nieuwsorganisatie van het huidige artikel.";"";"";"1";"0";"1";"0";"0";"0";"0";"0";"0";"0";"0";"0";"0";"0";"0";"0";"0";"0";"0";"0";"0";"0";"0";"0";"0";"0";"0";"0";"0";"0";"0";"0";"0";"0";"0";"0";"0";"0";"0";"0";"0";"0";"0";"0";"0";"0";"0";"0";"0";"0";"0";"0";"0";"0";"0";"0";"0";"0";"0";"0";"0";"0";"0";"0";"0";"0";"0";"0";"0";"0";"0";"0";"0";"0";"0";"0";"Nee"
"main_coder";2456638;"Kabinet draagt bij aan toekomstig fonds voor zorgwerkers met long covid";"2022-12-16";"https://nos.nl/artikel/2456638-kabinet-draagt-bij-aan-toekomstig-fonds-voor-zorgwerkers-met-long-covid";"1";"1";"Gaby Perin-Gopie";"Persoon";"Niet-governementele organisaties (NGO), maatschappelijke organisaties, en hun leden";"";"";"1";"1";"56";"0";"0";"0";"0";"0";"0";"0";"0";"0";"0";"0";"0";"0";"0";"0";"0";"0";"0";"0";"0";"0";"0";"0";"0";"0";"0";"0";"0";"0";"0";"0";"0";"0";"0";"0";"0";"0";"0";"0";"0";"0";"0";"0";"0";"0";"0";"0";"0";"0";"0";"0";"0";"0";"0";"0";"0";"0";"0";"0";"0";"0";"0";"0";"0";"0";"0";"0";"0";"0";"0";"0";"0";"0";"Nee"
"main_coder";2413877;"Kabinet hoopt op opening horeca en cultuur, maar ""gaat nog geen garanties geven""";"2022-01-20";"https://nos.nl/artikel/2413877-kabinet-hoopt-op-opening-horeca-en-cultuur-maar-gaat-nog-geen-garanties-geven";"1";"1";"Van der Plas";"Persoon";"NL - Nationaal parlement en nationale partijen – wetgevende macht";"";"BBB";"0";"1";"21";"1";"1";"0";"0";"1";"0";"0";"0";"0";"0";"0";"0";"0";"0";"0";"0";"0";"0";"0";"0";"0";"0";"0";"0";"0";"0";"0";"0";"0";"0";"0";"0";"0";"0";"0";"0";"0";"0";"0";"0";"0";"0";"0";"0";"0";"0";"0";"0";"0";"0";"0";"0";"0";"0";"0";"0";"0";"0";"0";"0";"0";"0";"0";"0";"0";"0";"0";"0";"0";"0";"0";"0";"0";"Nee"
"main_coder";2378929;"Lange wachttijden en vaak jonge patiënten bij nazorgpoli's corona";"2021-05-01";"https://nos.nl/artikel/2378929-lange-wachttijden-en-vaak-jonge-patienten-bij-nazorgpoli-s-corona";"1";"1";"het RIVM";"Organisatie";"Openbare en semiopenbare instellingen";"";"";"0";"1";"40";"0";"0";"0";"0";"0";"0";"0";"0";"0";"0";"0";"0";"0";"0";"0";"0";"0";"0";"0";"0";"0";"0";"0";"0";"0";"0";"0";"0";"0";"0";"0";"0";"0";"0";"0";"0";"0";"0";"0";"0";"0";"0";"0";"0";"0";"0";"0";"0";"0";"0";"0";"0";"0";"0";"0";"0";"0";"0";"0";"0";"0";"0";"0";"0";"0";"0";"0";"0";"0";"0";"0";"0";"0";"Ja"
"main_coder";2374653;"Oxfam Novib: coronavaccins snel ineffectief door vaccingebrek in arme landen";"2021-03-30";"https://nos.nl/artikel/2374653-oxfam-novib-coronavaccins-snel-ineffectief-door-vaccingebrek-in-arme-landen";"1";"1";"People's Vaccine Alliance";"Organisatie";"Niet-governementele organisaties (NGO), maatschappelijke organisaties, en hun leden";"";"";"0";"1";"15";"1";"0";"0";"0";"0";"0";"0";"0";"0";"0";"0";"0";"0";"0";"0";"0";"0";"0";"0";"0";"0";"0";"0";"0";"0";"0";"0";"0";"0";"0";"0";"0";"0";"0";"0";"0";"0";"0";"0";"0";"0";"0";"0";"0";"0";"0";"0";"0";"0";"0";"0";"0";"0";"0";"0";"0";"0";"0";"0";"0";"0";"0";"0";"0";"0";"1";"1";"0";"0";"0";"0";"0";"0";"Ja"
"main_coder";2367812;"19-jarige Brit ontwaakt na jaar in coma in totaal andere wereld";"2021-02-08";"https://nos.nl/artikel/2367812-19-jarige-brit-ontwaakt-na-jaar-in-coma-in-totaal-andere-wereld.html";"0";"0";"";"";"";"";"";"0";"0";"";"";"0";"0";"0";"0";"0";"0";"0";"0";"0";"0";"0";"0";"0";"0";"0";"0";"0";"0";"0";"0";"0";"0";"0";"0";"0";"0";"0";"0";"0";"0";"0";"0";"0";"0";"0";"0";"0";"0";"0";"0";"0";"0";"0";"0";"0";"0";"0";"0";"0";"0";"0";"0";"0";"0";"0";"0";"0";"0";"0";"0";"0";"0";"0";"0";"0";"0";"0";"0";"0";"0";"0";"0";""
"main_coder";2365361;"Rutte: avondklok misschien iets later, maar niet na 21.00 uur";"2021-01-21";"https://nos.nl/artikel/2365361-rutte-avondklok-misschien-iets-later-maar-niet-na-21-00-uur";"1";"1";"De Kamer";"Organisatie";"NL - Nationaal parlement en nationale partijen – wetgevende macht";"";"NvT";"0";"1";"14";"0";"0";"0";"0";"0";"0";"0";"0";"0";"0";"0";"0";"0";"0";"0";"0";"0";"0";"0";"0";"0";"0";"0";"0";"0";"0";"0";"0";"0";"0";"0";"0";"0";"0";"0";"0";"0";"0";"0";"0";"0";"0";"0";"0";"0";"0";"0";"0";"0";"0";"0";"0";"0";"0";"0";"0";"0";"0";"0";"0";"0";"0";"0";"0";"0";"0";"0";"0";"0";"0";"0";"0";"0";"Nee"
"main_coder";2365867;"""Op dit soort momenten schaam ik me om Urker te zijn""";"2021-01-24";"https://nos.nl/artikel/2365867-op-dit-soort-momenten-schaam-ik-me-om-urker-te-zijn";"1";"1";"deskundigen";"Persoon";"Wetenschappelijke/medische organisaties en onderzoekers";"";"";"0";"1";"19";"0";"0";"0";"0";"0";"0";"0";"0";"0";"0";"0";"0";"0";"0";"0";"0";"0";"0";"0";"0";"0";"0";"0";"0";"0";"0";"0";"0";"0";"0";"0";"0";"0";"0";"0";"0";"0";"0";"0";"0";"0";"0";"0";"0";"0";"0";"0";"0";"0";"0";"0";"0";"0";"0";"0";"0";"0";"0";"0";"0";"0";"0";"0";"0";"0";"0";"0";"0";"0";"0";"0";"0";"0";"Ja"
"main_coder";2363133;"Kabinet wil geen leeftijdselectie op intensive care, artsen houden vast aan draaiboek";"2021-01-05";"https://nos.nl/artikel/2363133-kabinet-wil-geen-leeftijdselectie-op-intensive-care-artsen-houden-vast-aan-draaiboek.html";"1";"1";"het kabinet";"Persoon";"NL - Nationale regering - executive / uitvoerende macht";"";"NvT";"0";"1";"19";"0";"0";"0";"0";"0";"0";"0";"0";"0";"0";"0";"0";"0";"0";"0";"0";"0";"0";"0";"0";"0";"0";"0";"0";"0";"0";"0";"0";"0";"0";"0";"0";"0";"0";"0";"0";"0";"0";"0";"0";"0";"0";"0";"0";"0";"0";"0";"0";"0";"0";"0";"0";"0";"0";"0";"0";"0";"0";"0";"0";"0";"0";"0";"0";"0";"0";"0";"0";"0";"0";"0";"0";"0";"Ja"
"second_coder";2363133;"Kabinet wil geen leeftijdselectie op intensive care, artsen houden vast aan draaiboek";"2021-01-05";"https://nos.nl/artikel/2363133-kabinet-wil-geen-leeftijdselectie-op-intensive-care-artsen-houden-vast-aan-draaiboek.html";"1";"1";"ANBO";"Organisatie";"Niet-governementele organisaties (NGO), maatschappelijke organisaties, en hun leden";"";"";"1";"1";"48";"0";"0";"0";"0";"0";"0";"0";"0";"0";"0";"0";"0";"0";"0";"0";"0";"0";"0";"0";"0";"0";"0";"0";"0";"0";"0";"0";"0";"0";"0";"0";"0";"0";"0";"0";"0";"0";"0";"0";"0";"0";"0";"0";"0";"0";"0";"0";"0";"0";"0";"0";"0";"0";"0";"0";"0";"0";"0";"0";"0";"0";"0";"0";"0";"0";"0";"0";"0";"0";"0";"0";"0";"0";"Ja"
"second_coder";2326923;"Dit was de dag dat Nederland ""een patiënt"" werd";"2020-03-12";"https://nos.nl/artikel/2326923-dit-was-de-dag-dat-nederland-een-patient-werd";"1";"1";"Mustafa Marghadi";"Persoon";"Journalisten anders dan de schrijver van het huidige artikel of nieuwsorganisaties anders dan de nieuwsorganisatie van het huidige artikel.";"";"";"1";"0";"1";"0";"0";"0";"0";"0";"0";"0";"0";"0";"0";"0";"0";"0";"0";"0";"0";"0";"0";"0";"0";"0";"0";"0";"0";"0";"0";"0";"0";"0";"0";"0";"0";"0";"0";"0";"0";"0";"0";"0";"0";"0";"0";"0";"0";"0";"0";"0";"0";"0";"0";"0";"0";"0";"0";"0";"0";"0";"0";"0";"0";"0";"0";"0";"0";"0";"0";"0";"0";"0";"0";"0";"0";"0";"Nee"
"second_coder";2413877;"Kabinet hoopt op opening horeca en cultuur, maar ""gaat nog geen garanties geven""";"2022-01-20";"https://nos.nl/artikel/2413877-kabinet-hoopt-op-opening-horeca-en-cultuur-maar-gaat-nog-geen-garanties-geven";"1";"1";"Het Kabinet";"Organisatie";"NL - Nationale regering - executive / uitvoerende macht";"";"NvT";"1";"1";"40";"1";"0";"0";"0";"0";"0";"0";"0";"0";"0";"0";"0";"0";"0";"0";"0";"0";"0";"0";"0";"0";"0";"0";"0";"0";"0";"0";"0";"0";"0";"0";"0";"0";"0";"0";"0";"0";"0";"0";"0";"0";"0";"0";"0";"0";"0";"0";"0";"0";"0";"0";"0";"0";"0";"0";"0";"0";"0";"0";"0";"0";"0";"0";"0";"0";"1";"1";"0";"0";"0";"0";"0";"0";"Nee"
"second_coder";2365392;"7,6 miljard euro voor verruiming steunpakket voor ondernemers";"2021-01-21";"https://nos.nl/artikel/2365392-7-6-miljard-euro-voor-verruiming-steunpakket-voor-ondernemers";"1";"0";"";"";"";"";"";"0";"0";"";"";"0";"0";"0";"0";"0";"0";"0";"0";"0";"0";"0";"0";"0";"0";"0";"0";"0";"0";"0";"0";"0";"0";"0";"0";"0";"0";"0";"0";"0";"0";"0";"0";"0";"0";"0";"0";"0";"0";"0";"0";"0";"0";"0";"0";"0";"0";"0";"0";"0";"0";"0";"0";"0";"0";"0";"0";"0";"0";"0";"0";"0";"0";"0";"0";"0";"0";"0";"0";"0";"0";"0";"0";""
"second_coder";2374653;"Oxfam Novib: coronavaccins snel ineffectief door vaccingebrek in arme landen";"2021-03-30";"https://nos.nl/artikel/2374653-oxfam-novib-coronavaccins-snel-ineffectief-door-vaccingebrek-in-arme-landen";"1";"1";"Europese Unie";"Organisatie";"EU-instellingen en Internationale overheidsorganisaties (ook IGO’s) en hun leden";"";"";"0";"1";"19";"1";"0";"0";"0";"0";"0";"0";"0";"0";"0";"0";"0";"0";"0";"0";"0";"0";"0";"0";"0";"0";"0";"0";"0";"0";"0";"0";"0";"0";"0";"0";"0";"0";"0";"0";"0";"0";"0";"0";"0";"0";"0";"0";"0";"0";"0";"0";"0";"0";"0";"0";"0";"0";"0";"0";"0";"0";"0";"0";"0";"0";"0";"0";"0";"0";"1";"1";"0";"0";"0";"0";"0";"0";"Nee"
"second_coder";2379607;"Kamer wil geen eigen bijdrage van 7,50 euro voor toegangstest";"2021-05-06";"https://nos.nl/artikel/2379607-kamer-wil-geen-eigen-bijdrage-van-7-50-euro-voor-toegangstest";"1";"1";"GroenLinks";"Organisatie";"NL - Nationaal parlement en nationale partijen – wetgevende macht";"";"GroenLinks";"0";"1";"34";"1";"0";"0";"0";"0";"0";"0";"0";"0";"0";"0";"0";"0";"0";"0";"0";"0";"0";"0";"0";"0";"0";"0";"0";"0";"0";"0";"0";"0";"0";"0";"0";"0";"0";"0";"0";"0";"0";"0";"0";"0";"0";"0";"0";"0";"0";"0";"0";"0";"0";"0";"0";"0";"0";"0";"0";"0";"1";"1";"0";"0";"0";"0";"0";"0";"0";"0";"0";"0";"0";"0";"0";"0";"Ja"
"second_coder";2370347;"Steun voor maatregelen sterk afgenomen, maar meeste mensen houden zich er nog aan";"2021-02-26";"https://nos.nl/artikel/2370347-steun-voor-maatregelen-sterk-afgenomen-maar-meeste-mensen-houden-zich-er-nog-aan.html";"1";"1";"Iets meer dan de helft van de deelnemers (54 procent)";"Persoon";"Publiek en leden van het publiek, publieke opiniepeilingen en hun respondenten";"";"";"0";"1";"13";"1";"1";"1";"0";"0";"0";"0";"0";"0";"0";"0";"0";"0";"0";"0";"0";"0";"0";"0";"0";"0";"0";"0";"0";"0";"0";"0";"0";"0";"0";"0";"0";"0";"0";"0";"0";"0";"0";"0";"0";"0";"0";"0";"0";"0";"0";"0";"0";"0";"0";"0";"0";"0";"0";"0";"0";"0";"0";"0";"0";"0";"0";"0";"0";"0";"0";"0";"0";"0";"0";"0";"0";"0";"Ja"
"second_coder";2366327;"Koning spreekt na avondklokrellen met bewoners en ondernemers in Den Bosch";"2021-01-28";"https://nos.nl/artikel/2366327-koning-spreekt-na-avondklokrellen-met-bewoners-en-ondernemers-in-den-bosch";"0";"0";"";"";"";"";"";"0";"0";"";"";"0";"0";"0";"0";"0";"0";"0";"0";"0";"0";"0";"0";"0";"0";"0";"0";"0";"0";"0";"0";"0";"0";"0";"0";"0";"0";"0";"0";"0";"0";"0";"0";"0";"0";"0";"0";"0";"0";"0";"0";"0";"0";"0";"0";"0";"0";"0";"0";"0";"0";"0";"0";"0";"0";"0";"0";"0";"0";"0";"0";"0";"0";"0";"0";"0";"0";"0";"0";"0";"0";"0";"0";""
"second_coder";2366198;"Rellen creëren ook groep ""die staat voor iets anders"": veel initiatieven om te helpen";"2021-01-27";"https://nos.nl/artikel/2366198-rellen-creeren-ook-groep-die-staat-voor-iets-anders-veel-initiatieven-om-te-helpen";"0";"0";"";"";"";"";"";"0";"0";"";"";"0";"0";"0";"0";"0";"0";"0";"0";"0";"0";"0";"0";"0";"0";"0";"0";"0";"0";"0";"0";"0";"0";"0";"0";"0";"0";"0";"0";"0";"0";"0";"0";"0";"0";"0";"0";"0";"0";"0";"0";"0";"0";"0";"0";"0";"0";"0";"0";"0";"0";"0";"0";"0";"0";"0";"0";"0";"0";"0";"0";"0";"0";"0";"0";"0";"0";"0";"0";"0";"0";"0";"0";""
"second_coder";2410526;"NHL geeft ijshockeyspelers opnieuw niet vrij voor Winterspelen";"2021-12-22";"https://nos.nl/artikel/2410526-nhl-geeft-ijshockeyspelers-opnieuw-niet-vrij-voor-winterspelen";"0";"0";"";"";"";"";"";"0";"0";"";"";"0";"0";"0";"0";"0";"0";"0";"0";"0";"0";"0";"0";"0";"0";"0";"0";"0";"0";"0";"0";"0";"0";"0";"0";"0";"0";"0";"0";"0";"0";"0";"0";"0";"0";"0";"0";"0";"0";"0";"0";"0";"0";"0";"0";"0";"0";"0";"0";"0";"0";"0";"0";"0";"0";"0";"0";"0";"0";"0";"0";"0";"0";"0";"0";"0";"0";"0";"0";"0";"0";"0";"0";""
"second_coder";2358194;"Het is rustig in de teststraat, waarom wordt die capaciteit niet gebruikt?";"2020-11-26";"https://nos.nl/artikel/2358194-het-is-rustig-in-de-teststraat-waarom-wordt-die-capaciteit-niet-gebruikt.html";"1";"1";"Outbreak Management Team";"Organisatie";"NL - Nationale staatsorganisaties en hun ambtenaren";"";"";"1";"0";"12";"1";"0";"0";"0";"0";"0";"0";"0";"0";"0";"0";"0";"0";"0";"0";"0";"0";"0";"0";"0";"0";"0";"0";"0";"0";"0";"0";"0";"0";"0";"0";"0";"0";"0";"0";"0";"0";"0";"0";"0";"0";"0";"0";"0";"0";"0";"0";"0";"0";"0";"0";"0";"0";"0";"0";"0";"0";"1";"1";"0";"0";"0";"0";"0";"0";"0";"0";"0";"0";"0";"0";"0";"0";"Ja"
"second_coder";2440742;"Agent vervolgd die vrouw in Eindhoven van dichtbij bespoot met waterkanon";"2022-08-15";"https://nos.nl/artikel/2440742-agent-vervolgd-die-vrouw-in-eindhoven-van-dichtbij-bespoot-met-waterkanon";"0";"0";"";"";"";"";"";"0";"0";"";"";"0";"0";"0";"0";"0";"0";"0";"0";"0";"0";"0";"0";"0";"0";"0";"0";"0";"0";"0";"0";"0";"0";"0";"0";"0";"0";"0";"0";"0";"0";"0";"0";"0";"0";"0";"0";"0";"0";"0";"0";"0";"0";"0";"0";"0";"0";"0";"0";"0";"0";"0";"0";"0";"0";"0";"0";"0";"0";"0";"0";"0";"0";"0";"0";"0";"0";"0";"0";"0";"0";"0";"0";""
"second_coder";2456638;"Kabinet draagt bij aan toekomstig fonds voor zorgwerkers met long covid";"2022-12-16";"https://nos.nl/artikel/2456638-kabinet-draagt-bij-aan-toekomstig-fonds-voor-zorgwerkers-met-long-covid";"1";"1";"Gaby Perin-Gopie";"Persoon";"Niet-governementele organisaties (NGO), maatschappelijke organisaties, en hun leden";"";"";"1";"1";"52";"0";"0";"0";"0";"0";"0";"0";"0";"0";"0";"0";"0";"0";"0";"0";"0";"0";"0";"0";"0";"0";"0";"0";"0";"0";"0";"0";"0";"0";"0";"0";"0";"0";"0";"0";"0";"0";"0";"0";"0";"0";"0";"0";"0";"0";"0";"0";"0";"0";"0";"0";"0";"0";"0";"0";"0";"0";"0";"0";"0";"0";"0";"0";"0";"0";"0";"0";"0";"0";"0";"0";"0";"0";"Nee"
"second_coder";2454001;"Protesten in China tegen coronabeleid na brand met tien doden";"2022-11-26";"https://nos.nl/artikel/2454001-protesten-in-china-tegen-coronabeleid-na-brand-met-tien-doden";"1";"0";"";"";"";"";"";"0";"0";"";"";"0";"0";"0";"0";"0";"0";"0";"0";"0";"0";"0";"0";"0";"0";"0";"0";"0";"0";"0";"0";"0";"0";"0";"0";"0";"0";"0";"0";"0";"0";"0";"0";"0";"0";"0";"0";"0";"0";"0";"0";"0";"0";"0";"0";"0";"0";"0";"0";"0";"0";"0";"0";"0";"0";"0";"0";"0";"0";"0";"0";"0";"0";"0";"0";"0";"0";"0";"0";"0";"0";"0";"0";""
"second_coder";2378929;"Lange wachttijden en vaak jonge patiënten bij nazorgpoli's corona";"2021-05-01";"https://nos.nl/artikel/2378929-lange-wachttijden-en-vaak-jonge-patienten-bij-nazorgpoli-s-corona";"1";"1";"Veerle de Visser";"Persoon";"Wetenschappelijke/medische organisaties en onderzoekers";"";"";"1";"0";"33";"0";"0";"0";"0";"0";"0";"0";"0";"0";"0";"0";"0";"0";"0";"0";"0";"0";"0";"0";"0";"0";"0";"0";"0";"0";"0";"0";"0";"0";"0";"0";"0";"0";"0";"0";"0";"0";"0";"0";"0";"0";"0";"0";"0";"0";"0";"0";"0";"0";"0";"0";"0";"0";"0";"0";"0";"0";"0";"0";"0";"0";"0";"0";"0";"0";"0";"0";"0";"0";"0";"0";"0";"0";"Ja"
"second_coder";2415061;"Skispringster Kramer zes dagen voor olympisch debuut positief getest op corona";"2022-01-30";"https://nos.nl/artikel/2415061-skispringster-kramer-zes-dagen-voor-olympisch-debuut-positief-getest-op-corona";"1";"0";"";"";"";"";"";"0";"0";"";"";"0";"0";"0";"0";"0";"0";"0";"0";"0";"0";"0";"0";"0";"0";"0";"0";"0";"0";"0";"0";"0";"0";"0";"0";"0";"0";"0";"0";"0";"0";"0";"0";"0";"0";"0";"0";"0";"0";"0";"0";"0";"0";"0";"0";"0";"0";"0";"0";"0";"0";"0";"0";"0";"0";"0";"0";"0";"0";"0";"0";"0";"0";"0";"0";"0";"0";"0";"0";"0";"0";"0";"0";""
"second_coder";2387267;"De ethische discussie over tieners vaccineren: ""Hoe vertel ik dit mijn kinderen?""";"2021-06-29";"https://nos.nl/artikel/2387267-de-ethische-discussie-over-tieners-vaccineren-hoe-vertel-ik-dit-mijn-kinderen";"1";"1";"WHO";"Organisatie";"Wetenschappelijke/medische organisaties en onderzoekers";"";"";"0";"1";"35";"1";"0";"0";"0";"0";"0";"0";"0";"0";"0";"0";"0";"0";"0";"0";"0";"0";"0";"0";"0";"0";"0";"0";"0";"0";"0";"0";"0";"0";"0";"0";"0";"0";"0";"0";"0";"0";"0";"0";"0";"0";"0";"0";"0";"0";"0";"0";"0";"0";"0";"0";"0";"0";"0";"0";"0";"0";"0";"0";"0";"0";"0";"0";"0";"0";"1";"0";"0";"1";"0";"0";"0";"0";"Ja"
"main_coder";2379607;"Kamer wil geen eigen bijdrage van 7,50 euro voor toegangstest";"2021-05-06";"https://nos.nl/artikel/2379607-kamer-wil-geen-eigen-bijdrage-van-7-50-euro-voor-toegangstest";"1";"1";"Het ministerie van Volksgezondheid";"Organisatie";"NL - Nationale regering - executive / uitvoerende macht";"";"NvT";"0";"1";"18";"1";"0";"0";"0";"0";"0";"0";"0";"0";"0";"0";"0";"0";"0";"0";"0";"0";"0";"0";"0";"0";"0";"0";"0";"0";"0";"0";"0";"0";"0";"0";"0";"0";"0";"0";"0";"0";"0";"0";"0";"0";"0";"0";"0";"0";"0";"0";"0";"0";"0";"0";"0";"0";"0";"0";"0";"0";"1";"0";"0";"1";"0";"0";"0";"0";"0";"0";"0";"0";"0";"0";"0";"0";"Ja"
"main_coder";2365392;"7,6 miljard euro voor verruiming steunpakket voor ondernemers";"2021-01-21";"https://nos.nl/artikel/2365392-7-6-miljard-euro-voor-verruiming-steunpakket-voor-ondernemers";"1";"0";"";"";"";"";"";"0";"0";"";"";"0";"0";"0";"0";"0";"0";"0";"0";"0";"0";"0";"0";"0";"0";"0";"0";"0";"0";"0";"0";"0";"0";"0";"0";"0";"0";"0";"0";"0";"0";"0";"0";"0";"0";"0";"0";"0";"0";"0";"0";"0";"0";"0";"0";"0";"0";"0";"0";"0";"0";"0";"0";"0";"0";"0";"0";"0";"0";"0";"0";"0";"0";"0";"0";"0";"0";"0";"0";"0";"0";"0";"0";""
"main_coder";2415061;"Skispringster Kramer zes dagen voor olympisch debuut positief getest op corona";"2022-01-30";"https://nos.nl/artikel/2415061-skispringster-kramer-zes-dagen-voor-olympisch-debuut-positief-getest-op-corona";"1";"0";"";"";"";"";"";"0";"0";"";"";"0";"0";"0";"0";"0";"0";"0";"0";"0";"0";"0";"0";"0";"0";"0";"0";"0";"0";"0";"0";"0";"0";"0";"0";"0";"0";"0";"0";"0";"0";"0";"0";"0";"0";"0";"0";"0";"0";"0";"0";"0";"0";"0";"0";"0";"0";"0";"0";"0";"0";"0";"0";"0";"0";"0";"0";"0";"0";"0";"0";"0";"0";"0";"0";"0";"0";"0";"0";"0";"0";"0";"0";""
"main_coder";2387267;"De ethische discussie over tieners vaccineren: ""Hoe vertel ik dit mijn kinderen?""";"2021-06-29";"https://nos.nl/artikel/2387267-de-ethische-discussie-over-tieners-vaccineren-hoe-vertel-ik-dit-mijn-kinderen";"1";"1";"Marjolein van Egmond";"Persoon";"Wetenschappelijke/medische organisaties en onderzoekers";"";"";"1";"1";"48";"1";"0";"0";"0";"0";"0";"0";"0";"0";"0";"0";"0";"0";"0";"0";"0";"0";"0";"0";"0";"0";"0";"0";"0";"0";"0";"0";"0";"0";"0";"0";"0";"0";"0";"0";"0";"0";"0";"0";"0";"0";"0";"0";"0";"0";"0";"0";"0";"0";"0";"0";"0";"0";"0";"0";"0";"0";"0";"0";"0";"0";"0";"0";"0";"0";"1";"1";"0";"0";"0";"0";"0";"0";"Nee"
"main_coder";2370347;"Steun voor maatregelen sterk afgenomen, maar meeste mensen houden zich er nog aan";"2021-02-26";"https://nos.nl/artikel/2370347-steun-voor-maatregelen-sterk-afgenomen-maar-meeste-mensen-houden-zich-er-nog-aan.html";"1";"1";"29 procent van de deelnemers";"Persoon";"Publiek en leden van het publiek, publieke opiniepeilingen en hun respondenten";"";"";"0";"1";"6";"0";"0";"0";"0";"0";"0";"0";"0";"0";"0";"0";"0";"0";"0";"0";"0";"0";"0";"0";"0";"0";"0";"0";"0";"0";"0";"0";"0";"0";"0";"0";"0";"0";"0";"0";"0";"0";"0";"0";"0";"0";"0";"0";"0";"0";"0";"0";"0";"0";"0";"0";"0";"0";"0";"0";"0";"0";"0";"0";"0";"0";"0";"0";"0";"0";"0";"0";"0";"0";"0";"0";"0";"0";"Ja"
"main_coder";2358194;"Het is rustig in de teststraat, waarom wordt die capaciteit niet gebruikt?";"2020-11-26";"https://nos.nl/artikel/2358194-het-is-rustig-in-de-teststraat-waarom-wordt-die-capaciteit-niet-gebruikt.html";"1";"1";"Het Outbreak Management Team";"Organisatie";"Openbare en semiopenbare instellingen";"";"";"1";"1";"26";"1";"0";"0";"0";"0";"0";"0";"0";"0";"0";"0";"0";"0";"0";"0";"0";"0";"0";"0";"0";"0";"0";"0";"0";"0";"0";"0";"0";"0";"0";"0";"0";"0";"0";"0";"0";"0";"0";"0";"0";"0";"0";"0";"0";"0";"0";"0";"0";"0";"0";"0";"0";"0";"0";"0";"0";"0";"1";"1";"0";"0";"0";"0";"0";"0";"0";"0";"0";"0";"0";"0";"0";"0";"Nee"
"main_coder";2330078;"Google en Apple bouwen ""corona-tracking"" in op smartphones";"2020-04-10";"https://nos.nl/artikel/2330078-google-en-apple-bouwen-corona-tracking-in-op-smartphones";"0";"0";"";"";"";"";"";"0";"0";"";"";"0";"0";"0";"0";"0";"0";"0";"0";"0";"0";"0";"0";"0";"0";"0";"0";"0";"0";"0";"0";"0";"0";"0";"0";"0";"0";"0";"0";"0";"0";"0";"0";"0";"0";"0";"0";"0";"0";"0";"0";"0";"0";"0";"0";"0";"0";"0";"0";"0";"0";"0";"0";"0";"0";"0";"0";"0";"0";"0";"0";"0";"0";"0";"0";"0";"0";"0";"0";"0";"0";"0";"0";""
"main_coder";2378929;"Lange wachttijden en vaak jonge patiënten bij nazorgpoli's corona";"2021-05-01";"https://nos.nl/artikel/2378929-lange-wachttijden-en-vaak-jonge-patienten-bij-nazorgpoli-s-corona";"1";"1";"Het Nederlands Huisartsen Genootschap";"Organisatie";"Niet-governementele organisaties (NGO), maatschappelijke organisaties, en hun leden";"";"";"0";"1";"24";"0";"0";"0";"0";"0";"0";"0";"0";"0";"0";"0";"0";"0";"0";"0";"0";"0";"0";"0";"0";"0";"0";"0";"0";"0";"0";"0";"0";"0";"0";"0";"0";"0";"0";"0";"0";"0";"0";"0";"0";"0";"0";"0";"0";"0";"0";"0";"0";"0";"0";"0";"0";"0";"0";"0";"0";"0";"0";"0";"0";"0";"0";"0";"0";"0";"0";"0";"0";"0";"0";"0";"0";"0";"Ja"
"main_coder";2374653;"Oxfam Novib: coronavaccins snel ineffectief door vaccingebrek in arme landen";"2021-03-30";"https://nos.nl/artikel/2374653-oxfam-novib-coronavaccins-snel-ineffectief-door-vaccingebrek-in-arme-landen";"1";"1";"de Europese Unie";"Organisatie";"EU-instellingen en Internationale overheidsorganisaties (ook IGO’s) en hun leden";"";"";"0";"1";"18";"1";"0";"0";"0";"0";"0";"0";"0";"0";"0";"0";"0";"0";"0";"0";"0";"0";"0";"0";"0";"0";"0";"0";"0";"0";"0";"0";"0";"0";"0";"0";"0";"0";"0";"0";"0";"0";"0";"0";"0";"0";"0";"0";"0";"0";"0";"0";"0";"0";"0";"0";"0";"0";"0";"0";"0";"0";"0";"0";"0";"0";"0";"0";"0";"0";"1";"0";"0";"1";"0";"0";"0";"0";"Nee"
"main_coder";2367812;"19-jarige Brit ontwaakt na jaar in coma in totaal andere wereld";"2021-02-08";"https://nos.nl/artikel/2367812-19-jarige-brit-ontwaakt-na-jaar-in-coma-in-totaal-andere-wereld.html";"0";"0";"";"";"";"";"";"0";"0";"";"";"0";"0";"0";"0";"0";"0";"0";"0";"0";"0";"0";"0";"0";"0";"0";"0";"0";"0";"0";"0";"0";"0";"0";"0";"0";"0";"0";"0";"0";"0";"0";"0";"0";"0";"0";"0";"0";"0";"0";"0";"0";"0";"0";"0";"0";"0";"0";"0";"0";"0";"0";"0";"0";"0";"0";"0";"0";"0";"0";"0";"0";"0";"0";"0";"0";"0";"0";"0";"0";"0";"0";"0";""
"main_coder";2365867;"""Op dit soort momenten schaam ik me om Urker te zijn""";"2021-01-24";"https://nos.nl/artikel/2365867-op-dit-soort-momenten-schaam-ik-me-om-urker-te-zijn";"1";"1";"Cees van den Bos";"Persoon";"NL - Nationale regionale en lokale politieke organisaties en hun ambtenaren";"";"SGP";"1";"1";"63";"0";"0";"0";"0";"0";"0";"0";"0";"0";"0";"0";"0";"0";"0";"0";"0";"0";"0";"0";"0";"0";"0";"0";"0";"0";"0";"0";"0";"0";"0";"0";"0";"0";"0";"0";"0";"0";"0";"0";"0";"0";"0";"0";"0";"0";"0";"0";"0";"0";"0";"0";"0";"0";"0";"0";"0";"0";"0";"0";"0";"0";"0";"0";"0";"0";"0";"0";"0";"0";"0";"0";"0";"0";"Nee"
"main_coder";2363133;"Kabinet wil geen leeftijdselectie op intensive care, artsen houden vast aan draaiboek";"2021-01-05";"https://nos.nl/artikel/2363133-kabinet-wil-geen-leeftijdselectie-op-intensive-care-artsen-houden-vast-aan-draaiboek.html";"1";"1";"een meerderheid van de Tweede Kamer";"Organisatie";"NL - Nationaal parlement en nationale partijen – wetgevende macht";"";"NvT";"0";"1";"12";"0";"0";"0";"0";"0";"0";"0";"0";"0";"0";"0";"0";"0";"0";"0";"0";"0";"0";"0";"0";"0";"0";"0";"0";"0";"0";"0";"0";"0";"0";"0";"0";"0";"0";"0";"0";"0";"0";"0";"0";"0";"0";"0";"0";"0";"0";"0";"0";"0";"0";"0";"0";"0";"0";"0";"0";"0";"0";"0";"0";"0";"0";"0";"0";"0";"0";"0";"0";"0";"0";"0";"0";"0";"Ja"
"second_coder";2363133;"Kabinet wil geen leeftijdselectie op intensive care, artsen houden vast aan draaiboek";"2021-01-05";"https://nos.nl/artikel/2363133-kabinet-wil-geen-leeftijdselectie-op-intensive-care-artsen-houden-vast-aan-draaiboek.html";"1";"1";"de meerderheid van de Tweede kamer";"Organisatie";"NL - Nationaal parlement en nationale partijen – wetgevende macht";"";"NvT";"0";"1";"14";"0";"0";"0";"0";"0";"0";"0";"0";"0";"0";"0";"0";"0";"0";"0";"0";"0";"0";"0";"0";"0";"0";"0";"0";"0";"0";"0";"0";"0";"0";"0";"0";"0";"0";"0";"0";"0";"0";"0";"0";"0";"0";"0";"0";"0";"0";"0";"0";"0";"0";"0";"0";"0";"0";"0";"0";"0";"0";"0";"0";"0";"0";"0";"0";"0";"0";"0";"0";"0";"0";"0";"0";"0";"Ja"
"second_coder";2365392;"7,6 miljard euro voor verruiming steunpakket voor ondernemers";"2021-01-21";"https://nos.nl/artikel/2365392-7-6-miljard-euro-voor-verruiming-steunpakket-voor-ondernemers";"1";"0";"";"";"";"";"";"0";"0";"";"";"0";"0";"0";"0";"0";"0";"0";"0";"0";"0";"0";"0";"0";"0";"0";"0";"0";"0";"0";"0";"0";"0";"0";"0";"0";"0";"0";"0";"0";"0";"0";"0";"0";"0";"0";"0";"0";"0";"0";"0";"0";"0";"0";"0";"0";"0";"0";"0";"0";"0";"0";"0";"0";"0";"0";"0";"0";"0";"0";"0";"0";"0";"0";"0";"0";"0";"0";"0";"0";"0";"0";"0";""
"second_coder";2379607;"Kamer wil geen eigen bijdrage van 7,50 euro voor toegangstest";"2021-05-06";"https://nos.nl/artikel/2379607-kamer-wil-geen-eigen-bijdrage-van-7-50-euro-voor-toegangstest";"1";"1";"VVD";"Organisatie";"NL - Nationaal parlement en nationale partijen – wetgevende macht";"";"VVD";"0";"1";"34";"1";"0";"0";"0";"0";"0";"0";"0";"0";"0";"0";"0";"0";"0";"0";"0";"0";"0";"0";"0";"0";"0";"0";"0";"0";"0";"0";"0";"0";"0";"0";"0";"0";"0";"0";"0";"0";"0";"0";"0";"0";"0";"0";"0";"0";"0";"0";"0";"0";"0";"0";"0";"0";"0";"0";"0";"0";"1";"1";"0";"0";"0";"0";"0";"0";"0";"0";"0";"0";"0";"0";"0";"0";"Ja"
"second_coder";2370347;"Steun voor maatregelen sterk afgenomen, maar meeste mensen houden zich er nog aan";"2021-02-26";"https://nos.nl/artikel/2370347-steun-voor-maatregelen-sterk-afgenomen-maar-meeste-mensen-houden-zich-er-nog-aan.html";"1";"1";"Personen boven de 70 jaar";"Persoon";"Publiek en leden van het publiek, publieke opiniepeilingen en hun respondenten";"";"";"0";"1";"8";"0";"0";"0";"0";"0";"0";"0";"0";"0";"0";"0";"0";"0";"0";"0";"0";"0";"0";"0";"0";"0";"0";"0";"0";"0";"0";"0";"0";"0";"0";"0";"0";"0";"0";"0";"0";"0";"0";"0";"0";"0";"0";"0";"0";"0";"0";"0";"0";"0";"0";"0";"0";"0";"0";"0";"0";"0";"0";"0";"0";"0";"0";"0";"0";"0";"0";"0";"0";"0";"0";"0";"0";"0";"Nee"
"second_coder";2366327;"Koning spreekt na avondklokrellen met bewoners en ondernemers in Den Bosch";"2021-01-28";"https://nos.nl/artikel/2366327-koning-spreekt-na-avondklokrellen-met-bewoners-en-ondernemers-in-den-bosch";"0";"0";"";"";"";"";"";"0";"0";"";"";"0";"0";"0";"0";"0";"0";"0";"0";"0";"0";"0";"0";"0";"0";"0";"0";"0";"0";"0";"0";"0";"0";"0";"0";"0";"0";"0";"0";"0";"0";"0";"0";"0";"0";"0";"0";"0";"0";"0";"0";"0";"0";"0";"0";"0";"0";"0";"0";"0";"0";"0";"0";"0";"0";"0";"0";"0";"0";"0";"0";"0";"0";"0";"0";"0";"0";"0";"0";"0";"0";"0";"0";""
"second_coder";2366198;"Rellen creëren ook groep ""die staat voor iets anders"": veel initiatieven om te helpen";"2021-01-27";"https://nos.nl/artikel/2366198-rellen-creeren-ook-groep-die-staat-voor-iets-anders-veel-initiatieven-om-te-helpen";"0";"0";"";"";"";"";"";"0";"0";"";"";"0";"0";"0";"0";"0";"0";"0";"0";"0";"0";"0";"0";"0";"0";"0";"0";"0";"0";"0";"0";"0";"0";"0";"0";"0";"0";"0";"0";"0";"0";"0";"0";"0";"0";"0";"0";"0";"0";"0";"0";"0";"0";"0";"0";"0";"0";"0";"0";"0";"0";"0";"0";"0";"0";"0";"0";"0";"0";"0";"0";"0";"0";"0";"0";"0";"0";"0";"0";"0";"0";"0";"0";""
"second_coder";2410526;"NHL geeft ijshockeyspelers opnieuw niet vrij voor Winterspelen";"2021-12-22";"https://nos.nl/artikel/2410526-nhl-geeft-ijshockeyspelers-opnieuw-niet-vrij-voor-winterspelen";"0";"0";"";"";"";"";"";"0";"0";"";"";"0";"0";"0";"0";"0";"0";"0";"0";"0";"0";"0";"0";"0";"0";"0";"0";"0";"0";"0";"0";"0";"0";"0";"0";"0";"0";"0";"0";"0";"0";"0";"0";"0";"0";"0";"0";"0";"0";"0";"0";"0";"0";"0";"0";"0";"0";"0";"0";"0";"0";"0";"0";"0";"0";"0";"0";"0";"0";"0";"0";"0";"0";"0";"0";"0";"0";"0";"0";"0";"0";"0";"0";""
"second_coder";2358194;"Het is rustig in de teststraat, waarom wordt die capaciteit niet gebruikt?";"2020-11-26";"https://nos.nl/artikel/2358194-het-is-rustig-in-de-teststraat-waarom-wordt-die-capaciteit-niet-gebruikt.html";"1";"1";"het OMT";"Organisatie";"NL - Nationale regering - executive / uitvoerende macht";"";"NvT";"0";"1";"14";"0";"0";"0";"0";"0";"0";"0";"0";"0";"0";"0";"0";"0";"0";"0";"0";"0";"0";"0";"0";"0";"0";"0";"0";"0";"0";"0";"0";"0";"0";"0";"0";"0";"0";"0";"0";"0";"0";"0";"0";"0";"0";"0";"0";"0";"0";"0";"0";"0";"0";"0";"0";"0";"0";"0";"0";"0";"0";"0";"0";"0";"0";"0";"0";"0";"0";"0";"0";"0";"0";"0";"0";"0";"Ja"
"second_coder";2440742;"Agent vervolgd die vrouw in Eindhoven van dichtbij bespoot met waterkanon";"2022-08-15";"https://nos.nl/artikel/2440742-agent-vervolgd-die-vrouw-in-eindhoven-van-dichtbij-bespoot-met-waterkanon";"0";"0";"";"";"";"";"";"0";"0";"";"";"0";"0";"0";"0";"0";"0";"0";"0";"0";"0";"0";"0";"0";"0";"0";"0";"0";"0";"0";"0";"0";"0";"0";"0";"0";"0";"0";"0";"0";"0";"0";"0";"0";"0";"0";"0";"0";"0";"0";"0";"0";"0";"0";"0";"0";"0";"0";"0";"0";"0";"0";"0";"0";"0";"0";"0";"0";"0";"0";"0";"0";"0";"0";"0";"0";"0";"0";"0";"0";"0";"0";"0";""
"second_coder";2454001;"Protesten in China tegen coronabeleid na brand met tien doden";"2022-11-26";"https://nos.nl/artikel/2454001-protesten-in-china-tegen-coronabeleid-na-brand-met-tien-doden";"1";"0";"";"";"";"";"";"0";"0";"";"";"0";"0";"0";"0";"0";"0";"0";"0";"0";"0";"0";"0";"0";"0";"0";"0";"0";"0";"0";"0";"0";"0";"0";"0";"0";"0";"0";"0";"0";"0";"0";"0";"0";"0";"0";"0";"0";"0";"0";"0";"0";"0";"0";"0";"0";"0";"0";"0";"0";"0";"0";"0";"0";"0";"0";"0";"0";"0";"0";"0";"0";"0";"0";"0";"0";"0";"0";"0";"0";"0";"0";"0";""
"second_coder";2378929;"Lange wachttijden en vaak jonge patiënten bij nazorgpoli's corona";"2021-05-01";"https://nos.nl/artikel/2378929-lange-wachttijden-en-vaak-jonge-patienten-bij-nazorgpoli-s-corona";"1";"1";"Rune Poortvliet";"Persoon";"Publiek en leden van het publiek, publieke opiniepeilingen en hun respondenten";"";"";"1";"0";"13";"0";"0";"0";"0";"0";"0";"0";"0";"0";"0";"0";"0";"0";"0";"0";"0";"0";"0";"0";"0";"0";"0";"0";"0";"0";"0";"0";"0";"0";"0";"0";"0";"0";"0";"0";"0";"0";"0";"0";"0";"0";"0";"0";"0";"0";"0";"0";"0";"0";"0";"0";"0";"0";"0";"0";"0";"0";"0";"0";"0";"0";"0";"0";"0";"0";"0";"0";"0";"0";"0";"0";"0";"0";"Ja"
"second_coder";2415061;"Skispringster Kramer zes dagen voor olympisch debuut positief getest op corona";"2022-01-30";"https://nos.nl/artikel/2415061-skispringster-kramer-zes-dagen-voor-olympisch-debuut-positief-getest-op-corona";"1";"0";"";"";"";"";"";"0";"0";"";"";"0";"0";"0";"0";"0";"0";"0";"0";"0";"0";"0";"0";"0";"0";"0";"0";"0";"0";"0";"0";"0";"0";"0";"0";"0";"0";"0";"0";"0";"0";"0";"0";"0";"0";"0";"0";"0";"0";"0";"0";"0";"0";"0";"0";"0";"0";"0";"0";"0";"0";"0";"0";"0";"0";"0";"0";"0";"0";"0";"0";"0";"0";"0";"0";"0";"0";"0";"0";"0";"0";"0";"0";""
"second_coder";2387267;"De ethische discussie over tieners vaccineren: ""Hoe vertel ik dit mijn kinderen?""";"2021-06-29";"https://nos.nl/artikel/2387267-de-ethische-discussie-over-tieners-vaccineren-hoe-vertel-ik-dit-mijn-kinderen";"1";"1";"Marjolein van Egmond";"Persoon";"Wetenschappelijke/medische organisaties en onderzoekers";"";"";"1";"1";"50";"1";"0";"0";"0";"0";"0";"0";"0";"0";"0";"0";"0";"0";"0";"0";"0";"0";"0";"0";"0";"0";"0";"0";"0";"0";"0";"0";"0";"0";"0";"0";"0";"0";"0";"0";"0";"0";"0";"0";"0";"0";"0";"0";"0";"0";"0";"0";"0";"0";"0";"0";"0";"0";"0";"0";"0";"0";"0";"0";"0";"0";"0";"0";"0";"0";"1";"1";"0";"0";"0";"0";"0";"0";"Nee"
"main_coder";2379607;"Kamer wil geen eigen bijdrage van 7,50 euro voor toegangstest";"2021-05-06";"https://nos.nl/artikel/2379607-kamer-wil-geen-eigen-bijdrage-van-7-50-euro-voor-toegangstest";"1";"1";"verschillende Kamerleden";"Persoon";"NL - Nationaal parlement en nationale partijen – wetgevende macht";"";"NvT";"0";"1";"10";"1";"0";"0";"0";"0";"0";"0";"0";"0";"0";"0";"0";"0";"0";"0";"0";"0";"0";"0";"0";"0";"0";"0";"0";"0";"0";"0";"0";"0";"0";"0";"0";"0";"0";"0";"0";"0";"0";"0";"0";"0";"0";"0";"0";"0";"0";"0";"0";"0";"0";"0";"0";"0";"0";"0";"0";"0";"1";"0";"1";"0";"0";"0";"0";"0";"0";"0";"0";"0";"0";"0";"0";"0";"Nee"
"main_coder";2365392;"7,6 miljard euro voor verruiming steunpakket voor ondernemers";"2021-01-21";"https://nos.nl/artikel/2365392-7-6-miljard-euro-voor-verruiming-steunpakket-voor-ondernemers";"1";"0";"";"";"";"";"";"0";"0";"";"";"0";"0";"0";"0";"0";"0";"0";"0";"0";"0";"0";"0";"0";"0";"0";"0";"0";"0";"0";"0";"0";"0";"0";"0";"0";"0";"0";"0";"0";"0";"0";"0";"0";"0";"0";"0";"0";"0";"0";"0";"0";"0";"0";"0";"0";"0";"0";"0";"0";"0";"0";"0";"0";"0";"0";"0";"0";"0";"0";"0";"0";"0";"0";"0";"0";"0";"0";"0";"0";"0";"0";"0";""
"main_coder";2415061;"Skispringster Kramer zes dagen voor olympisch debuut positief getest op corona";"2022-01-30";"https://nos.nl/artikel/2415061-skispringster-kramer-zes-dagen-voor-olympisch-debuut-positief-getest-op-corona";"1";"0";"";"";"";"";"";"0";"0";"";"";"0";"0";"0";"0";"0";"0";"0";"0";"0";"0";"0";"0";"0";"0";"0";"0";"0";"0";"0";"0";"0";"0";"0";"0";"0";"0";"0";"0";"0";"0";"0";"0";"0";"0";"0";"0";"0";"0";"0";"0";"0";"0";"0";"0";"0";"0";"0";"0";"0";"0";"0";"0";"0";"0";"0";"0";"0";"0";"0";"0";"0";"0";"0";"0";"0";"0";"0";"0";"0";"0";"0";"0";""
"main_coder";2370347;"Steun voor maatregelen sterk afgenomen, maar meeste mensen houden zich er nog aan";"2021-02-26";"https://nos.nl/artikel/2370347-steun-voor-maatregelen-sterk-afgenomen-maar-meeste-mensen-houden-zich-er-nog-aan.html";"1";"1";"Vier op de tien";"Persoon";"Publiek en leden van het publiek, publieke opiniepeilingen en hun respondenten";"";"";"0";"1";"15";"1";"0";"0";"0";"0";"0";"0";"0";"0";"0";"0";"0";"0";"0";"0";"0";"0";"0";"0";"0";"0";"0";"0";"0";"0";"0";"0";"0";"0";"0";"0";"0";"0";"0";"0";"0";"0";"0";"0";"0";"0";"0";"0";"0";"0";"0";"0";"0";"0";"0";"0";"0";"0";"0";"0";"0";"0";"0";"0";"0";"0";"0";"0";"0";"0";"1";"1";"0";"0";"0";"0";"0";"0";"Ja"
"main_coder";2330078;"Google en Apple bouwen ""corona-tracking"" in op smartphones";"2020-04-10";"https://nos.nl/artikel/2330078-google-en-apple-bouwen-corona-tracking-in-op-smartphones";"0";"0";"";"";"";"";"";"0";"0";"";"";"0";"0";"0";"0";"0";"0";"0";"0";"0";"0";"0";"0";"0";"0";"0";"0";"0";"0";"0";"0";"0";"0";"0";"0";"0";"0";"0";"0";"0";"0";"0";"0";"0";"0";"0";"0";"0";"0";"0";"0";"0";"0";"0";"0";"0";"0";"0";"0";"0";"0";"0";"0";"0";"0";"0";"0";"0";"0";"0";"0";"0";"0";"0";"0";"0";"0";"0";"0";"0";"0";"0";"0";""
"main_coder";2378929;"Lange wachttijden en vaak jonge patiënten bij nazorgpoli's corona";"2021-05-01";"https://nos.nl/artikel/2378929-lange-wachttijden-en-vaak-jonge-patienten-bij-nazorgpoli-s-corona";"1";"1";"Arno Maas";"Persoon";"Wetenschappelijke/medische organisaties en onderzoekers";"";"";"1";"0";"76";"0";"0";"0";"0";"0";"0";"0";"0";"0";"0";"0";"0";"0";"0";"0";"0";"0";"0";"0";"0";"0";"0";"0";"0";"0";"0";"0";"0";"0";"0";"0";"0";"0";"0";"0";"0";"0";"0";"0";"0";"0";"0";"0";"0";"0";"0";"0";"0";"0";"0";"0";"0";"0";"0";"0";"0";"0";"0";"0";"0";"0";"0";"0";"0";"0";"0";"0";"0";"0";"0";"0";"0";"0";"Ja"
"main_coder";2367812;"19-jarige Brit ontwaakt na jaar in coma in totaal andere wereld";"2021-02-08";"https://nos.nl/artikel/2367812-19-jarige-brit-ontwaakt-na-jaar-in-coma-in-totaal-andere-wereld.html";"0";"0";"";"";"";"";"";"0";"0";"";"";"0";"0";"0";"0";"0";"0";"0";"0";"0";"0";"0";"0";"0";"0";"0";"0";"0";"0";"0";"0";"0";"0";"0";"0";"0";"0";"0";"0";"0";"0";"0";"0";"0";"0";"0";"0";"0";"0";"0";"0";"0";"0";"0";"0";"0";"0";"0";"0";"0";"0";"0";"0";"0";"0";"0";"0";"0";"0";"0";"0";"0";"0";"0";"0";"0";"0";"0";"0";"0";"0";"0";"0";""
"main_coder";2363133;"Kabinet wil geen leeftijdselectie op intensive care, artsen houden vast aan draaiboek";"2021-01-05";"https://nos.nl/artikel/2363133-kabinet-wil-geen-leeftijdselectie-op-intensive-care-artsen-houden-vast-aan-draaiboek.html";"1";"1";"Van Rijn";"Persoon";"NL - Nationale regering - executive / uitvoerende macht";"";"NvT";"0";"1";"23";"0";"0";"0";"0";"0";"0";"0";"0";"0";"0";"0";"0";"0";"0";"0";"0";"0";"0";"0";"0";"0";"0";"0";"0";"0";"0";"0";"0";"0";"0";"0";"0";"0";"0";"0";"0";"0";"0";"0";"0";"0";"0";"0";"0";"0";"0";"0";"0";"0";"0";"0";"0";"0";"0";"0";"0";"0";"0";"0";"0";"0";"0";"0";"0";"0";"0";"0";"0";"0";"0";"0";"0";"0";"Nee"
"second_coder";2363133;"Kabinet wil geen leeftijdselectie op intensive care, artsen houden vast aan draaiboek";"2021-01-05";"https://nos.nl/artikel/2363133-kabinet-wil-geen-leeftijdselectie-op-intensive-care-artsen-houden-vast-aan-draaiboek.html";"1";"1";"Van Rijn";"Persoon";"NL - Nationaal parlement en nationale partijen – wetgevende macht";"";"PvDA";"0";"1";"33";"0";"0";"0";"0";"0";"0";"0";"0";"0";"0";"0";"0";"0";"0";"0";"0";"0";"0";"0";"0";"0";"0";"0";"0";"0";"0";"0";"0";"0";"0";"0";"0";"0";"0";"0";"0";"0";"0";"0";"0";"0";"0";"0";"0";"0";"0";"0";"0";"0";"0";"0";"0";"0";"0";"0";"0";"0";"0";"0";"0";"0";"0";"0";"0";"0";"0";"0";"0";"0";"0";"0";"0";"0";"Nee"
"second_coder";2365392;"7,6 miljard euro voor verruiming steunpakket voor ondernemers";"2021-01-21";"https://nos.nl/artikel/2365392-7-6-miljard-euro-voor-verruiming-steunpakket-voor-ondernemers";"1";"0";"";"";"";"";"";"0";"0";"";"";"0";"0";"0";"0";"0";"0";"0";"0";"0";"0";"0";"0";"0";"0";"0";"0";"0";"0";"0";"0";"0";"0";"0";"0";"0";"0";"0";"0";"0";"0";"0";"0";"0";"0";"0";"0";"0";"0";"0";"0";"0";"0";"0";"0";"0";"0";"0";"0";"0";"0";"0";"0";"0";"0";"0";"0";"0";"0";"0";"0";"0";"0";"0";"0";"0";"0";"0";"0";"0";"0";"0";"0";""
"second_coder";2379607;"Kamer wil geen eigen bijdrage van 7,50 euro voor toegangstest";"2021-05-06";"https://nos.nl/artikel/2379607-kamer-wil-geen-eigen-bijdrage-van-7-50-euro-voor-toegangstest";"1";"1";"PVV";"Organisatie";"NL - Nationaal parlement en nationale partijen – wetgevende macht";"";"PVV";"0";"1";"6";"1";"0";"0";"0";"0";"0";"0";"0";"0";"0";"0";"0";"0";"0";"0";"0";"0";"0";"0";"0";"0";"0";"0";"0";"0";"0";"0";"0";"0";"0";"0";"0";"0";"0";"0";"0";"0";"0";"0";"0";"0";"0";"0";"0";"0";"0";"0";"0";"0";"0";"0";"0";"0";"0";"0";"0";"0";"1";"0";"1";"0";"0";"0";"0";"0";"0";"0";"0";"0";"0";"0";"0";"0";"Ja"
"second_coder";2366327;"Koning spreekt na avondklokrellen met bewoners en ondernemers in Den Bosch";"2021-01-28";"https://nos.nl/artikel/2366327-koning-spreekt-na-avondklokrellen-met-bewoners-en-ondernemers-in-den-bosch";"0";"0";"";"";"";"";"";"0";"0";"";"";"0";"0";"0";"0";"0";"0";"0";"0";"0";"0";"0";"0";"0";"0";"0";"0";"0";"0";"0";"0";"0";"0";"0";"0";"0";"0";"0";"0";"0";"0";"0";"0";"0";"0";"0";"0";"0";"0";"0";"0";"0";"0";"0";"0";"0";"0";"0";"0";"0";"0";"0";"0";"0";"0";"0";"0";"0";"0";"0";"0";"0";"0";"0";"0";"0";"0";"0";"0";"0";"0";"0";"0";""
"second_coder";2366198;"Rellen creëren ook groep ""die staat voor iets anders"": veel initiatieven om te helpen";"2021-01-27";"https://nos.nl/artikel/2366198-rellen-creeren-ook-groep-die-staat-voor-iets-anders-veel-initiatieven-om-te-helpen";"0";"0";"";"";"";"";"";"0";"0";"";"";"0";"0";"0";"0";"0";"0";"0";"0";"0";"0";"0";"0";"0";"0";"0";"0";"0";"0";"0";"0";"0";"0";"0";"0";"0";"0";"0";"0";"0";"0";"0";"0";"0";"0";"0";"0";"0";"0";"0";"0";"0";"0";"0";"0";"0";"0";"0";"0";"0";"0";"0";"0";"0";"0";"0";"0";"0";"0";"0";"0";"0";"0";"0";"0";"0";"0";"0";"0";"0";"0";"0";"0";""
"second_coder";2410526;"NHL geeft ijshockeyspelers opnieuw niet vrij voor Winterspelen";"2021-12-22";"https://nos.nl/artikel/2410526-nhl-geeft-ijshockeyspelers-opnieuw-niet-vrij-voor-winterspelen";"0";"0";"";"";"";"";"";"0";"0";"";"";"0";"0";"0";"0";"0";"0";"0";"0";"0";"0";"0";"0";"0";"0";"0";"0";"0";"0";"0";"0";"0";"0";"0";"0";"0";"0";"0";"0";"0";"0";"0";"0";"0";"0";"0";"0";"0";"0";"0";"0";"0";"0";"0";"0";"0";"0";"0";"0";"0";"0";"0";"0";"0";"0";"0";"0";"0";"0";"0";"0";"0";"0";"0";"0";"0";"0";"0";"0";"0";"0";"0";"0";""
"second_coder";2358194;"Het is rustig in de teststraat, waarom wordt die capaciteit niet gebruikt?";"2020-11-26";"https://nos.nl/artikel/2358194-het-is-rustig-in-de-teststraat-waarom-wordt-die-capaciteit-niet-gebruikt.html";"1";"1";"ministerie van Volksgezondheid";"Organisatie";"NL - Nationale regering - executive / uitvoerende macht";"";"NvT";"0";"1";"20";"1";"0";"0";"0";"0";"0";"0";"0";"0";"0";"0";"0";"0";"0";"0";"0";"0";"0";"0";"0";"0";"0";"0";"0";"0";"0";"0";"0";"0";"0";"0";"0";"0";"0";"0";"0";"0";"0";"0";"0";"0";"0";"0";"0";"0";"0";"0";"0";"0";"0";"0";"0";"0";"0";"0";"0";"0";"1";"0";"1";"0";"0";"0";"0";"0";"0";"0";"0";"0";"0";"0";"0";"0";"Ja"
"second_coder";2440742;"Agent vervolgd die vrouw in Eindhoven van dichtbij bespoot met waterkanon";"2022-08-15";"https://nos.nl/artikel/2440742-agent-vervolgd-die-vrouw-in-eindhoven-van-dichtbij-bespoot-met-waterkanon";"0";"0";"";"";"";"";"";"0";"0";"";"";"0";"0";"0";"0";"0";"0";"0";"0";"0";"0";"0";"0";"0";"0";"0";"0";"0";"0";"0";"0";"0";"0";"0";"0";"0";"0";"0";"0";"0";"0";"0";"0";"0";"0";"0";"0";"0";"0";"0";"0";"0";"0";"0";"0";"0";"0";"0";"0";"0";"0";"0";"0";"0";"0";"0";"0";"0";"0";"0";"0";"0";"0";"0";"0";"0";"0";"0";"0";"0";"0";"0";"0";""
"second_coder";2454001;"Protesten in China tegen coronabeleid na brand met tien doden";"2022-11-26";"https://nos.nl/artikel/2454001-protesten-in-china-tegen-coronabeleid-na-brand-met-tien-doden";"1";"0";"";"";"";"";"";"0";"0";"";"";"0";"0";"0";"0";"0";"0";"0";"0";"0";"0";"0";"0";"0";"0";"0";"0";"0";"0";"0";"0";"0";"0";"0";"0";"0";"0";"0";"0";"0";"0";"0";"0";"0";"0";"0";"0";"0";"0";"0";"0";"0";"0";"0";"0";"0";"0";"0";"0";"0";"0";"0";"0";"0";"0";"0";"0";"0";"0";"0";"0";"0";"0";"0";"0";"0";"0";"0";"0";"0";"0";"0";"0";""
"second_coder";2378929;"Lange wachttijden en vaak jonge patiënten bij nazorgpoli's corona";"2021-05-01";"https://nos.nl/artikel/2378929-lange-wachttijden-en-vaak-jonge-patienten-bij-nazorgpoli-s-corona";"1";"1";"Simone van der Sar";"Persoon";"Wetenschappelijke/medische organisaties en onderzoekers";"";"";"1";"0";"20";"0";"0";"0";"0";"0";"0";"0";"0";"0";"0";"0";"0";"0";"0";"0";"0";"0";"0";"0";"0";"0";"0";"0";"0";"0";"0";"0";"0";"0";"0";"0";"0";"0";"0";"0";"0";"0";"0";"0";"0";"0";"0";"0";"0";"0";"0";"0";"0";"0";"0";"0";"0";"0";"0";"0";"0";"0";"0";"0";"0";"0";"0";"0";"0";"0";"0";"0";"0";"0";"0";"0";"0";"0";"Nee"
"second_coder";2415061;"Skispringster Kramer zes dagen voor olympisch debuut positief getest op corona";"2022-01-30";"https://nos.nl/artikel/2415061-skispringster-kramer-zes-dagen-voor-olympisch-debuut-positief-getest-op-corona";"1";"0";"";"";"";"";"";"0";"0";"";"";"0";"0";"0";"0";"0";"0";"0";"0";"0";"0";"0";"0";"0";"0";"0";"0";"0";"0";"0";"0";"0";"0";"0";"0";"0";"0";"0";"0";"0";"0";"0";"0";"0";"0";"0";"0";"0";"0";"0";"0";"0";"0";"0";"0";"0";"0";"0";"0";"0";"0";"0";"0";"0";"0";"0";"0";"0";"0";"0";"0";"0";"0";"0";"0";"0";"0";"0";"0";"0";"0";"0";"0";""
"main_coder";2365392;"7,6 miljard euro voor verruiming steunpakket voor ondernemers";"2021-01-21";"https://nos.nl/artikel/2365392-7-6-miljard-euro-voor-verruiming-steunpakket-voor-ondernemers";"1";"0";"";"";"";"";"";"0";"0";"";"";"0";"0";"0";"0";"0";"0";"0";"0";"0";"0";"0";"0";"0";"0";"0";"0";"0";"0";"0";"0";"0";"0";"0";"0";"0";"0";"0";"0";"0";"0";"0";"0";"0";"0";"0";"0";"0";"0";"0";"0";"0";"0";"0";"0";"0";"0";"0";"0";"0";"0";"0";"0";"0";"0";"0";"0";"0";"0";"0";"0";"0";"0";"0";"0";"0";"0";"0";"0";"0";"0";"0";"0";""
"main_coder";2415061;"Skispringster Kramer zes dagen voor olympisch debuut positief getest op corona";"2022-01-30";"https://nos.nl/artikel/2415061-skispringster-kramer-zes-dagen-voor-olympisch-debuut-positief-getest-op-corona";"1";"0";"";"";"";"";"";"0";"0";"";"";"0";"0";"0";"0";"0";"0";"0";"0";"0";"0";"0";"0";"0";"0";"0";"0";"0";"0";"0";"0";"0";"0";"0";"0";"0";"0";"0";"0";"0";"0";"0";"0";"0";"0";"0";"0";"0";"0";"0";"0";"0";"0";"0";"0";"0";"0";"0";"0";"0";"0";"0";"0";"0";"0";"0";"0";"0";"0";"0";"0";"0";"0";"0";"0";"0";"0";"0";"0";"0";"0";"0";"0";""
"main_coder";2370347;"Steun voor maatregelen sterk afgenomen, maar meeste mensen houden zich er nog aan";"2021-02-26";"https://nos.nl/artikel/2370347-steun-voor-maatregelen-sterk-afgenomen-maar-meeste-mensen-houden-zich-er-nog-aan.html";"1";"1";"Iets meer dan de helft van de deelnemers";"Persoon";"Publiek en leden van het publiek, publieke opiniepeilingen en hun respondenten";"";"";"0";"1";"12";"1";"1";"1";"0";"0";"0";"0";"0";"0";"0";"0";"0";"0";"0";"0";"0";"0";"0";"0";"0";"0";"0";"0";"0";"0";"0";"0";"0";"0";"0";"0";"0";"0";"0";"0";"0";"0";"0";"0";"0";"0";"0";"0";"0";"0";"0";"0";"0";"0";"0";"0";"0";"0";"0";"0";"0";"0";"0";"0";"0";"0";"0";"0";"0";"0";"0";"0";"0";"0";"0";"0";"0";"0";"Ja"
"main_coder";2330078;"Google en Apple bouwen ""corona-tracking"" in op smartphones";"2020-04-10";"https://nos.nl/artikel/2330078-google-en-apple-bouwen-corona-tracking-in-op-smartphones";"0";"0";"";"";"";"";"";"0";"0";"";"";"0";"0";"0";"0";"0";"0";"0";"0";"0";"0";"0";"0";"0";"0";"0";"0";"0";"0";"0";"0";"0";"0";"0";"0";"0";"0";"0";"0";"0";"0";"0";"0";"0";"0";"0";"0";"0";"0";"0";"0";"0";"0";"0";"0";"0";"0";"0";"0";"0";"0";"0";"0";"0";"0";"0";"0";"0";"0";"0";"0";"0";"0";"0";"0";"0";"0";"0";"0";"0";"0";"0";"0";""
"main_coder";2378929;"Lange wachttijden en vaak jonge patiënten bij nazorgpoli's corona";"2021-05-01";"https://nos.nl/artikel/2378929-lange-wachttijden-en-vaak-jonge-patienten-bij-nazorgpoli-s-corona";"1";"1";"Veerle de Visser";"Persoon";"Wetenschappelijke/medische organisaties en onderzoekers";"";"";"1";"0";"33";"0";"0";"0";"0";"0";"0";"0";"0";"0";"0";"0";"0";"0";"0";"0";"0";"0";"0";"0";"0";"0";"0";"0";"0";"0";"0";"0";"0";"0";"0";"0";"0";"0";"0";"0";"0";"0";"0";"0";"0";"0";"0";"0";"0";"0";"0";"0";"0";"0";"0";"0";"0";"0";"0";"0";"0";"0";"0";"0";"0";"0";"0";"0";"0";"0";"0";"0";"0";"0";"0";"0";"0";"0";"Ja"
"main_coder";2367812;"19-jarige Brit ontwaakt na jaar in coma in totaal andere wereld";"2021-02-08";"https://nos.nl/artikel/2367812-19-jarige-brit-ontwaakt-na-jaar-in-coma-in-totaal-andere-wereld.html";"0";"0";"";"";"";"";"";"0";"0";"";"";"0";"0";"0";"0";"0";"0";"0";"0";"0";"0";"0";"0";"0";"0";"0";"0";"0";"0";"0";"0";"0";"0";"0";"0";"0";"0";"0";"0";"0";"0";"0";"0";"0";"0";"0";"0";"0";"0";"0";"0";"0";"0";"0";"0";"0";"0";"0";"0";"0";"0";"0";"0";"0";"0";"0";"0";"0";"0";"0";"0";"0";"0";"0";"0";"0";"0";"0";"0";"0";"0";"0";"0";""
"second_coder";2365392;"7,6 miljard euro voor verruiming steunpakket voor ondernemers";"2021-01-21";"https://nos.nl/artikel/2365392-7-6-miljard-euro-voor-verruiming-steunpakket-voor-ondernemers";"1";"0";"";"";"";"";"";"0";"0";"";"";"0";"0";"0";"0";"0";"0";"0";"0";"0";"0";"0";"0";"0";"0";"0";"0";"0";"0";"0";"0";"0";"0";"0";"0";"0";"0";"0";"0";"0";"0";"0";"0";"0";"0";"0";"0";"0";"0";"0";"0";"0";"0";"0";"0";"0";"0";"0";"0";"0";"0";"0";"0";"0";"0";"0";"0";"0";"0";"0";"0";"0";"0";"0";"0";"0";"0";"0";"0";"0";"0";"0";"0";""
"second_coder";2379607;"Kamer wil geen eigen bijdrage van 7,50 euro voor toegangstest";"2021-05-06";"https://nos.nl/artikel/2379607-kamer-wil-geen-eigen-bijdrage-van-7-50-euro-voor-toegangstest";"1";"1";"Ministerie van volksgezondheid";"Organisatie";"NL - Nationale regering - executive / uitvoerende macht";"";"NvT";"0";"1";"19";"0";"0";"0";"0";"0";"0";"0";"0";"0";"0";"0";"0";"0";"0";"0";"0";"0";"0";"0";"0";"0";"0";"0";"0";"0";"0";"0";"0";"0";"0";"0";"0";"0";"0";"0";"0";"0";"0";"0";"0";"0";"0";"0";"0";"0";"0";"0";"0";"0";"0";"0";"0";"0";"0";"0";"0";"0";"0";"0";"0";"0";"0";"0";"0";"0";"0";"0";"0";"0";"0";"0";"0";"0";"Ja"
"second_coder";2366327;"Koning spreekt na avondklokrellen met bewoners en ondernemers in Den Bosch";"2021-01-28";"https://nos.nl/artikel/2366327-koning-spreekt-na-avondklokrellen-met-bewoners-en-ondernemers-in-den-bosch";"0";"0";"";"";"";"";"";"0";"0";"";"";"0";"0";"0";"0";"0";"0";"0";"0";"0";"0";"0";"0";"0";"0";"0";"0";"0";"0";"0";"0";"0";"0";"0";"0";"0";"0";"0";"0";"0";"0";"0";"0";"0";"0";"0";"0";"0";"0";"0";"0";"0";"0";"0";"0";"0";"0";"0";"0";"0";"0";"0";"0";"0";"0";"0";"0";"0";"0";"0";"0";"0";"0";"0";"0";"0";"0";"0";"0";"0";"0";"0";"0";""
"second_coder";2366198;"Rellen creëren ook groep ""die staat voor iets anders"": veel initiatieven om te helpen";"2021-01-27";"https://nos.nl/artikel/2366198-rellen-creeren-ook-groep-die-staat-voor-iets-anders-veel-initiatieven-om-te-helpen";"0";"0";"";"";"";"";"";"0";"0";"";"";"0";"0";"0";"0";"0";"0";"0";"0";"0";"0";"0";"0";"0";"0";"0";"0";"0";"0";"0";"0";"0";"0";"0";"0";"0";"0";"0";"0";"0";"0";"0";"0";"0";"0";"0";"0";"0";"0";"0";"0";"0";"0";"0";"0";"0";"0";"0";"0";"0";"0";"0";"0";"0";"0";"0";"0";"0";"0";"0";"0";"0";"0";"0";"0";"0";"0";"0";"0";"0";"0";"0";"0";""
"second_coder";2410526;"NHL geeft ijshockeyspelers opnieuw niet vrij voor Winterspelen";"2021-12-22";"https://nos.nl/artikel/2410526-nhl-geeft-ijshockeyspelers-opnieuw-niet-vrij-voor-winterspelen";"0";"0";"";"";"";"";"";"0";"0";"";"";"0";"0";"0";"0";"0";"0";"0";"0";"0";"0";"0";"0";"0";"0";"0";"0";"0";"0";"0";"0";"0";"0";"0";"0";"0";"0";"0";"0";"0";"0";"0";"0";"0";"0";"0";"0";"0";"0";"0";"0";"0";"0";"0";"0";"0";"0";"0";"0";"0";"0";"0";"0";"0";"0";"0";"0";"0";"0";"0";"0";"0";"0";"0";"0";"0";"0";"0";"0";"0";"0";"0";"0";""
"second_coder";2358194;"Het is rustig in de teststraat, waarom wordt die capaciteit niet gebruikt?";"2020-11-26";"https://nos.nl/artikel/2358194-het-is-rustig-in-de-teststraat-waarom-wordt-die-capaciteit-niet-gebruikt.html";"1";"1";"een woordvoerder";"Persoon";"NL - Nationale regering - executive / uitvoerende macht";"";"NvT";"0";"1";"23";"1";"0";"0";"0";"0";"0";"0";"0";"0";"0";"0";"0";"0";"0";"0";"0";"0";"0";"0";"0";"0";"0";"0";"0";"0";"0";"0";"0";"0";"0";"0";"0";"0";"0";"0";"0";"0";"0";"0";"0";"0";"0";"0";"0";"0";"0";"0";"0";"0";"0";"0";"0";"0";"0";"0";"0";"0";"1";"0";"1";"0";"0";"0";"0";"0";"0";"0";"0";"0";"0";"0";"0";"0";"Nee"
"second_coder";2440742;"Agent vervolgd die vrouw in Eindhoven van dichtbij bespoot met waterkanon";"2022-08-15";"https://nos.nl/artikel/2440742-agent-vervolgd-die-vrouw-in-eindhoven-van-dichtbij-bespoot-met-waterkanon";"0";"0";"";"";"";"";"";"0";"0";"";"";"0";"0";"0";"0";"0";"0";"0";"0";"0";"0";"0";"0";"0";"0";"0";"0";"0";"0";"0";"0";"0";"0";"0";"0";"0";"0";"0";"0";"0";"0";"0";"0";"0";"0";"0";"0";"0";"0";"0";"0";"0";"0";"0";"0";"0";"0";"0";"0";"0";"0";"0";"0";"0";"0";"0";"0";"0";"0";"0";"0";"0";"0";"0";"0";"0";"0";"0";"0";"0";"0";"0";"0";""
"second_coder";2454001;"Protesten in China tegen coronabeleid na brand met tien doden";"2022-11-26";"https://nos.nl/artikel/2454001-protesten-in-china-tegen-coronabeleid-na-brand-met-tien-doden";"1";"0";"";"";"";"";"";"0";"0";"";"";"0";"0";"0";"0";"0";"0";"0";"0";"0";"0";"0";"0";"0";"0";"0";"0";"0";"0";"0";"0";"0";"0";"0";"0";"0";"0";"0";"0";"0";"0";"0";"0";"0";"0";"0";"0";"0";"0";"0";"0";"0";"0";"0";"0";"0";"0";"0";"0";"0";"0";"0";"0";"0";"0";"0";"0";"0";"0";"0";"0";"0";"0";"0";"0";"0";"0";"0";"0";"0";"0";"0";"0";""
"second_coder";2415061;"Skispringster Kramer zes dagen voor olympisch debuut positief getest op corona";"2022-01-30";"https://nos.nl/artikel/2415061-skispringster-kramer-zes-dagen-voor-olympisch-debuut-positief-getest-op-corona";"1";"0";"";"";"";"";"";"0";"0";"";"";"0";"0";"0";"0";"0";"0";"0";"0";"0";"0";"0";"0";"0";"0";"0";"0";"0";"0";"0";"0";"0";"0";"0";"0";"0";"0";"0";"0";"0";"0";"0";"0";"0";"0";"0";"0";"0";"0";"0";"0";"0";"0";"0";"0";"0";"0";"0";"0";"0";"0";"0";"0";"0";"0";"0";"0";"0";"0";"0";"0";"0";"0";"0";"0";"0";"0";"0";"0";"0";"0";"0";"0";""
"main_coder";2365392;"7,6 miljard euro voor verruiming steunpakket voor ondernemers";"2021-01-21";"https://nos.nl/artikel/2365392-7-6-miljard-euro-voor-verruiming-steunpakket-voor-ondernemers";"1";"0";"";"";"";"";"";"0";"0";"";"";"0";"0";"0";"0";"0";"0";"0";"0";"0";"0";"0";"0";"0";"0";"0";"0";"0";"0";"0";"0";"0";"0";"0";"0";"0";"0";"0";"0";"0";"0";"0";"0";"0";"0";"0";"0";"0";"0";"0";"0";"0";"0";"0";"0";"0";"0";"0";"0";"0";"0";"0";"0";"0";"0";"0";"0";"0";"0";"0";"0";"0";"0";"0";"0";"0";"0";"0";"0";"0";"0";"0";"0";""
"main_coder";2415061;"Skispringster Kramer zes dagen voor olympisch debuut positief getest op corona";"2022-01-30";"https://nos.nl/artikel/2415061-skispringster-kramer-zes-dagen-voor-olympisch-debuut-positief-getest-op-corona";"1";"0";"";"";"";"";"";"0";"0";"";"";"0";"0";"0";"0";"0";"0";"0";"0";"0";"0";"0";"0";"0";"0";"0";"0";"0";"0";"0";"0";"0";"0";"0";"0";"0";"0";"0";"0";"0";"0";"0";"0";"0";"0";"0";"0";"0";"0";"0";"0";"0";"0";"0";"0";"0";"0";"0";"0";"0";"0";"0";"0";"0";"0";"0";"0";"0";"0";"0";"0";"0";"0";"0";"0";"0";"0";"0";"0";"0";"0";"0";"0";""
"main_coder";2370347;"Steun voor maatregelen sterk afgenomen, maar meeste mensen houden zich er nog aan";"2021-02-26";"https://nos.nl/artikel/2370347-steun-voor-maatregelen-sterk-afgenomen-maar-meeste-mensen-houden-zich-er-nog-aan.html";"1";"1";" 25 procent";"Persoon";"Publiek en leden van het publiek, publieke opiniepeilingen en hun respondenten";"";"";"0";"1";"5";"1";"1";"0";"1";"0";"0";"0";"0";"0";"0";"0";"0";"0";"0";"0";"0";"0";"0";"0";"0";"0";"0";"0";"0";"0";"0";"0";"0";"0";"0";"0";"0";"0";"0";"0";"0";"0";"0";"0";"0";"0";"0";"0";"0";"0";"0";"0";"0";"0";"0";"0";"0";"0";"0";"0";"0";"0";"0";"0";"0";"0";"0";"0";"0";"0";"0";"0";"0";"0";"0";"0";"0";"0";"Ja"
"main_coder";2330078;"Google en Apple bouwen ""corona-tracking"" in op smartphones";"2020-04-10";"https://nos.nl/artikel/2330078-google-en-apple-bouwen-corona-tracking-in-op-smartphones";"0";"0";"";"";"";"";"";"0";"0";"";"";"0";"0";"0";"0";"0";"0";"0";"0";"0";"0";"0";"0";"0";"0";"0";"0";"0";"0";"0";"0";"0";"0";"0";"0";"0";"0";"0";"0";"0";"0";"0";"0";"0";"0";"0";"0";"0";"0";"0";"0";"0";"0";"0";"0";"0";"0";"0";"0";"0";"0";"0";"0";"0";"0";"0";"0";"0";"0";"0";"0";"0";"0";"0";"0";"0";"0";"0";"0";"0";"0";"0";"0";""
"main_coder";2378929;"Lange wachttijden en vaak jonge patiënten bij nazorgpoli's corona";"2021-05-01";"https://nos.nl/artikel/2378929-lange-wachttijden-en-vaak-jonge-patienten-bij-nazorgpoli-s-corona";"1";"1";"Rune Poortvliet";"Persoon";"Publiek en leden van het publiek, publieke opiniepeilingen en hun respondenten";"";"";"1";"0";"13";"0";"0";"0";"0";"0";"0";"0";"0";"0";"0";"0";"0";"0";"0";"0";"0";"0";"0";"0";"0";"0";"0";"0";"0";"0";"0";"0";"0";"0";"0";"0";"0";"0";"0";"0";"0";"0";"0";"0";"0";"0";"0";"0";"0";"0";"0";"0";"0";"0";"0";"0";"0";"0";"0";"0";"0";"0";"0";"0";"0";"0";"0";"0";"0";"0";"0";"0";"0";"0";"0";"0";"0";"0";"Ja"
"main_coder";2367812;"19-jarige Brit ontwaakt na jaar in coma in totaal andere wereld";"2021-02-08";"https://nos.nl/artikel/2367812-19-jarige-brit-ontwaakt-na-jaar-in-coma-in-totaal-andere-wereld.html";"0";"0";"";"";"";"";"";"0";"0";"";"";"0";"0";"0";"0";"0";"0";"0";"0";"0";"0";"0";"0";"0";"0";"0";"0";"0";"0";"0";"0";"0";"0";"0";"0";"0";"0";"0";"0";"0";"0";"0";"0";"0";"0";"0";"0";"0";"0";"0";"0";"0";"0";"0";"0";"0";"0";"0";"0";"0";"0";"0";"0";"0";"0";"0";"0";"0";"0";"0";"0";"0";"0";"0";"0";"0";"0";"0";"0";"0";"0";"0";"0";""
"second_coder";2365392;"7,6 miljard euro voor verruiming steunpakket voor ondernemers";"2021-01-21";"https://nos.nl/artikel/2365392-7-6-miljard-euro-voor-verruiming-steunpakket-voor-ondernemers";"1";"0";"";"";"";"";"";"0";"0";"";"";"0";"0";"0";"0";"0";"0";"0";"0";"0";"0";"0";"0";"0";"0";"0";"0";"0";"0";"0";"0";"0";"0";"0";"0";"0";"0";"0";"0";"0";"0";"0";"0";"0";"0";"0";"0";"0";"0";"0";"0";"0";"0";"0";"0";"0";"0";"0";"0";"0";"0";"0";"0";"0";"0";"0";"0";"0";"0";"0";"0";"0";"0";"0";"0";"0";"0";"0";"0";"0";"0";"0";"0";""
"second_coder";2379607;"Kamer wil geen eigen bijdrage van 7,50 euro voor toegangstest";"2021-05-06";"https://nos.nl/artikel/2379607-kamer-wil-geen-eigen-bijdrage-van-7-50-euro-voor-toegangstest";"1";"1";"verschillende kamerleden";"Persoon";"NL - Nationaal parlement en nationale partijen – wetgevende macht";"";"NvT";"0";"1";"26";"1";"0";"0";"0";"0";"0";"0";"0";"0";"0";"0";"0";"0";"0";"0";"0";"0";"0";"0";"0";"0";"0";"0";"0";"0";"0";"0";"0";"0";"0";"0";"0";"0";"0";"0";"0";"0";"0";"0";"0";"0";"0";"0";"0";"0";"0";"0";"0";"0";"0";"0";"0";"0";"0";"0";"0";"0";"1";"0";"1";"0";"0";"0";"0";"0";"0";"0";"0";"0";"0";"0";"0";"0";"Nee"
"second_coder";2366327;"Koning spreekt na avondklokrellen met bewoners en ondernemers in Den Bosch";"2021-01-28";"https://nos.nl/artikel/2366327-koning-spreekt-na-avondklokrellen-met-bewoners-en-ondernemers-in-den-bosch";"0";"0";"";"";"";"";"";"0";"0";"";"";"0";"0";"0";"0";"0";"0";"0";"0";"0";"0";"0";"0";"0";"0";"0";"0";"0";"0";"0";"0";"0";"0";"0";"0";"0";"0";"0";"0";"0";"0";"0";"0";"0";"0";"0";"0";"0";"0";"0";"0";"0";"0";"0";"0";"0";"0";"0";"0";"0";"0";"0";"0";"0";"0";"0";"0";"0";"0";"0";"0";"0";"0";"0";"0";"0";"0";"0";"0";"0";"0";"0";"0";""
"second_coder";2366198;"Rellen creëren ook groep ""die staat voor iets anders"": veel initiatieven om te helpen";"2021-01-27";"https://nos.nl/artikel/2366198-rellen-creeren-ook-groep-die-staat-voor-iets-anders-veel-initiatieven-om-te-helpen";"0";"0";"";"";"";"";"";"0";"0";"";"";"0";"0";"0";"0";"0";"0";"0";"0";"0";"0";"0";"0";"0";"0";"0";"0";"0";"0";"0";"0";"0";"0";"0";"0";"0";"0";"0";"0";"0";"0";"0";"0";"0";"0";"0";"0";"0";"0";"0";"0";"0";"0";"0";"0";"0";"0";"0";"0";"0";"0";"0";"0";"0";"0";"0";"0";"0";"0";"0";"0";"0";"0";"0";"0";"0";"0";"0";"0";"0";"0";"0";"0";""
"second_coder";2410526;"NHL geeft ijshockeyspelers opnieuw niet vrij voor Winterspelen";"2021-12-22";"https://nos.nl/artikel/2410526-nhl-geeft-ijshockeyspelers-opnieuw-niet-vrij-voor-winterspelen";"0";"0";"";"";"";"";"";"0";"0";"";"";"0";"0";"0";"0";"0";"0";"0";"0";"0";"0";"0";"0";"0";"0";"0";"0";"0";"0";"0";"0";"0";"0";"0";"0";"0";"0";"0";"0";"0";"0";"0";"0";"0";"0";"0";"0";"0";"0";"0";"0";"0";"0";"0";"0";"0";"0";"0";"0";"0";"0";"0";"0";"0";"0";"0";"0";"0";"0";"0";"0";"0";"0";"0";"0";"0";"0";"0";"0";"0";"0";"0";"0";""
"second_coder";2440742;"Agent vervolgd die vrouw in Eindhoven van dichtbij bespoot met waterkanon";"2022-08-15";"https://nos.nl/artikel/2440742-agent-vervolgd-die-vrouw-in-eindhoven-van-dichtbij-bespoot-met-waterkanon";"0";"0";"";"";"";"";"";"0";"0";"";"";"0";"0";"0";"0";"0";"0";"0";"0";"0";"0";"0";"0";"0";"0";"0";"0";"0";"0";"0";"0";"0";"0";"0";"0";"0";"0";"0";"0";"0";"0";"0";"0";"0";"0";"0";"0";"0";"0";"0";"0";"0";"0";"0";"0";"0";"0";"0";"0";"0";"0";"0";"0";"0";"0";"0";"0";"0";"0";"0";"0";"0";"0";"0";"0";"0";"0";"0";"0";"0";"0";"0";"0";""
"second_coder";2454001;"Protesten in China tegen coronabeleid na brand met tien doden";"2022-11-26";"https://nos.nl/artikel/2454001-protesten-in-china-tegen-coronabeleid-na-brand-met-tien-doden";"1";"0";"";"";"";"";"";"0";"0";"";"";"0";"0";"0";"0";"0";"0";"0";"0";"0";"0";"0";"0";"0";"0";"0";"0";"0";"0";"0";"0";"0";"0";"0";"0";"0";"0";"0";"0";"0";"0";"0";"0";"0";"0";"0";"0";"0";"0";"0";"0";"0";"0";"0";"0";"0";"0";"0";"0";"0";"0";"0";"0";"0";"0";"0";"0";"0";"0";"0";"0";"0";"0";"0";"0";"0";"0";"0";"0";"0";"0";"0";"0";""
"second_coder";2415061;"Skispringster Kramer zes dagen voor olympisch debuut positief getest op corona";"2022-01-30";"https://nos.nl/artikel/2415061-skispringster-kramer-zes-dagen-voor-olympisch-debuut-positief-getest-op-corona";"1";"0";"";"";"";"";"";"0";"0";"";"";"0";"0";"0";"0";"0";"0";"0";"0";"0";"0";"0";"0";"0";"0";"0";"0";"0";"0";"0";"0";"0";"0";"0";"0";"0";"0";"0";"0";"0";"0";"0";"0";"0";"0";"0";"0";"0";"0";"0";"0";"0";"0";"0";"0";"0";"0";"0";"0";"0";"0";"0";"0";"0";"0";"0";"0";"0";"0";"0";"0";"0";"0";"0";"0";"0";"0";"0";"0";"0";"0";"0";"0";""
"main_coder";2365392;"7,6 miljard euro voor verruiming steunpakket voor ondernemers";"2021-01-21";"https://nos.nl/artikel/2365392-7-6-miljard-euro-voor-verruiming-steunpakket-voor-ondernemers";"1";"0";"";"";"";"";"";"0";"0";"";"";"0";"0";"0";"0";"0";"0";"0";"0";"0";"0";"0";"0";"0";"0";"0";"0";"0";"0";"0";"0";"0";"0";"0";"0";"0";"0";"0";"0";"0";"0";"0";"0";"0";"0";"0";"0";"0";"0";"0";"0";"0";"0";"0";"0";"0";"0";"0";"0";"0";"0";"0";"0";"0";"0";"0";"0";"0";"0";"0";"0";"0";"0";"0";"0";"0";"0";"0";"0";"0";"0";"0";"0";""
"main_coder";2415061;"Skispringster Kramer zes dagen voor olympisch debuut positief getest op corona";"2022-01-30";"https://nos.nl/artikel/2415061-skispringster-kramer-zes-dagen-voor-olympisch-debuut-positief-getest-op-corona";"1";"0";"";"";"";"";"";"0";"0";"";"";"0";"0";"0";"0";"0";"0";"0";"0";"0";"0";"0";"0";"0";"0";"0";"0";"0";"0";"0";"0";"0";"0";"0";"0";"0";"0";"0";"0";"0";"0";"0";"0";"0";"0";"0";"0";"0";"0";"0";"0";"0";"0";"0";"0";"0";"0";"0";"0";"0";"0";"0";"0";"0";"0";"0";"0";"0";"0";"0";"0";"0";"0";"0";"0";"0";"0";"0";"0";"0";"0";"0";"0";""
"main_coder";2370347;"Steun voor maatregelen sterk afgenomen, maar meeste mensen houden zich er nog aan";"2021-02-26";"https://nos.nl/artikel/2370347-steun-voor-maatregelen-sterk-afgenomen-maar-meeste-mensen-houden-zich-er-nog-aan.html";"1";"1";" 22 procent";"Persoon";"Publiek en leden van het publiek, publieke opiniepeilingen en hun respondenten";"";"";"0";"1";"5";"1";"1";"0";"1";"0";"0";"0";"0";"0";"0";"0";"0";"0";"0";"0";"0";"0";"0";"0";"0";"0";"0";"0";"0";"0";"0";"0";"0";"0";"0";"0";"0";"0";"0";"0";"0";"0";"0";"0";"0";"0";"0";"0";"0";"0";"0";"0";"0";"0";"0";"0";"0";"0";"0";"0";"0";"0";"0";"0";"0";"0";"0";"0";"0";"0";"0";"0";"0";"0";"0";"0";"0";"0";"Ja"
"main_coder";2330078;"Google en Apple bouwen ""corona-tracking"" in op smartphones";"2020-04-10";"https://nos.nl/artikel/2330078-google-en-apple-bouwen-corona-tracking-in-op-smartphones";"0";"0";"";"";"";"";"";"0";"0";"";"";"0";"0";"0";"0";"0";"0";"0";"0";"0";"0";"0";"0";"0";"0";"0";"0";"0";"0";"0";"0";"0";"0";"0";"0";"0";"0";"0";"0";"0";"0";"0";"0";"0";"0";"0";"0";"0";"0";"0";"0";"0";"0";"0";"0";"0";"0";"0";"0";"0";"0";"0";"0";"0";"0";"0";"0";"0";"0";"0";"0";"0";"0";"0";"0";"0";"0";"0";"0";"0";"0";"0";"0";""
"main_coder";2378929;"Lange wachttijden en vaak jonge patiënten bij nazorgpoli's corona";"2021-05-01";"https://nos.nl/artikel/2378929-lange-wachttijden-en-vaak-jonge-patienten-bij-nazorgpoli-s-corona";"1";"1";"C-support";"Organisatie";"Niet-governementele organisaties (NGO), maatschappelijke organisaties, en hun leden";"";"";"0";"1";"14";"0";"0";"0";"0";"0";"0";"0";"0";"0";"0";"0";"0";"0";"0";"0";"0";"0";"0";"0";"0";"0";"0";"0";"0";"0";"0";"0";"0";"0";"0";"0";"0";"0";"0";"0";"0";"0";"0";"0";"0";"0";"0";"0";"0";"0";"0";"0";"0";"0";"0";"0";"0";"0";"0";"0";"0";"0";"0";"0";"0";"0";"0";"0";"0";"0";"0";"0";"0";"0";"0";"0";"0";"0";"Ja"
"main_coder";2367812;"19-jarige Brit ontwaakt na jaar in coma in totaal andere wereld";"2021-02-08";"https://nos.nl/artikel/2367812-19-jarige-brit-ontwaakt-na-jaar-in-coma-in-totaal-andere-wereld.html";"0";"0";"";"";"";"";"";"0";"0";"";"";"0";"0";"0";"0";"0";"0";"0";"0";"0";"0";"0";"0";"0";"0";"0";"0";"0";"0";"0";"0";"0";"0";"0";"0";"0";"0";"0";"0";"0";"0";"0";"0";"0";"0";"0";"0";"0";"0";"0";"0";"0";"0";"0";"0";"0";"0";"0";"0";"0";"0";"0";"0";"0";"0";"0";"0";"0";"0";"0";"0";"0";"0";"0";"0";"0";"0";"0";"0";"0";"0";"0";"0";""
"second_coder";2365392;"7,6 miljard euro voor verruiming steunpakket voor ondernemers";"2021-01-21";"https://nos.nl/artikel/2365392-7-6-miljard-euro-voor-verruiming-steunpakket-voor-ondernemers";"1";"0";"";"";"";"";"";"0";"0";"";"";"0";"0";"0";"0";"0";"0";"0";"0";"0";"0";"0";"0";"0";"0";"0";"0";"0";"0";"0";"0";"0";"0";"0";"0";"0";"0";"0";"0";"0";"0";"0";"0";"0";"0";"0";"0";"0";"0";"0";"0";"0";"0";"0";"0";"0";"0";"0";"0";"0";"0";"0";"0";"0";"0";"0";"0";"0";"0";"0";"0";"0";"0";"0";"0";"0";"0";"0";"0";"0";"0";"0";"0";""
"second_coder";2366327;"Koning spreekt na avondklokrellen met bewoners en ondernemers in Den Bosch";"2021-01-28";"https://nos.nl/artikel/2366327-koning-spreekt-na-avondklokrellen-met-bewoners-en-ondernemers-in-den-bosch";"0";"0";"";"";"";"";"";"0";"0";"";"";"0";"0";"0";"0";"0";"0";"0";"0";"0";"0";"0";"0";"0";"0";"0";"0";"0";"0";"0";"0";"0";"0";"0";"0";"0";"0";"0";"0";"0";"0";"0";"0";"0";"0";"0";"0";"0";"0";"0";"0";"0";"0";"0";"0";"0";"0";"0";"0";"0";"0";"0";"0";"0";"0";"0";"0";"0";"0";"0";"0";"0";"0";"0";"0";"0";"0";"0";"0";"0";"0";"0";"0";""
"second_coder";2366198;"Rellen creëren ook groep ""die staat voor iets anders"": veel initiatieven om te helpen";"2021-01-27";"https://nos.nl/artikel/2366198-rellen-creeren-ook-groep-die-staat-voor-iets-anders-veel-initiatieven-om-te-helpen";"0";"0";"";"";"";"";"";"0";"0";"";"";"0";"0";"0";"0";"0";"0";"0";"0";"0";"0";"0";"0";"0";"0";"0";"0";"0";"0";"0";"0";"0";"0";"0";"0";"0";"0";"0";"0";"0";"0";"0";"0";"0";"0";"0";"0";"0";"0";"0";"0";"0";"0";"0";"0";"0";"0";"0";"0";"0";"0";"0";"0";"0";"0";"0";"0";"0";"0";"0";"0";"0";"0";"0";"0";"0";"0";"0";"0";"0";"0";"0";"0";""
"second_coder";2410526;"NHL geeft ijshockeyspelers opnieuw niet vrij voor Winterspelen";"2021-12-22";"https://nos.nl/artikel/2410526-nhl-geeft-ijshockeyspelers-opnieuw-niet-vrij-voor-winterspelen";"0";"0";"";"";"";"";"";"0";"0";"";"";"0";"0";"0";"0";"0";"0";"0";"0";"0";"0";"0";"0";"0";"0";"0";"0";"0";"0";"0";"0";"0";"0";"0";"0";"0";"0";"0";"0";"0";"0";"0";"0";"0";"0";"0";"0";"0";"0";"0";"0";"0";"0";"0";"0";"0";"0";"0";"0";"0";"0";"0";"0";"0";"0";"0";"0";"0";"0";"0";"0";"0";"0";"0";"0";"0";"0";"0";"0";"0";"0";"0";"0";""
"second_coder";2440742;"Agent vervolgd die vrouw in Eindhoven van dichtbij bespoot met waterkanon";"2022-08-15";"https://nos.nl/artikel/2440742-agent-vervolgd-die-vrouw-in-eindhoven-van-dichtbij-bespoot-met-waterkanon";"0";"0";"";"";"";"";"";"0";"0";"";"";"0";"0";"0";"0";"0";"0";"0";"0";"0";"0";"0";"0";"0";"0";"0";"0";"0";"0";"0";"0";"0";"0";"0";"0";"0";"0";"0";"0";"0";"0";"0";"0";"0";"0";"0";"0";"0";"0";"0";"0";"0";"0";"0";"0";"0";"0";"0";"0";"0";"0";"0";"0";"0";"0";"0";"0";"0";"0";"0";"0";"0";"0";"0";"0";"0";"0";"0";"0";"0";"0";"0";"0";""
"second_coder";2454001;"Protesten in China tegen coronabeleid na brand met tien doden";"2022-11-26";"https://nos.nl/artikel/2454001-protesten-in-china-tegen-coronabeleid-na-brand-met-tien-doden";"1";"0";"";"";"";"";"";"0";"0";"";"";"0";"0";"0";"0";"0";"0";"0";"0";"0";"0";"0";"0";"0";"0";"0";"0";"0";"0";"0";"0";"0";"0";"0";"0";"0";"0";"0";"0";"0";"0";"0";"0";"0";"0";"0";"0";"0";"0";"0";"0";"0";"0";"0";"0";"0";"0";"0";"0";"0";"0";"0";"0";"0";"0";"0";"0";"0";"0";"0";"0";"0";"0";"0";"0";"0";"0";"0";"0";"0";"0";"0";"0";""
"second_coder";2415061;"Skispringster Kramer zes dagen voor olympisch debuut positief getest op corona";"2022-01-30";"https://nos.nl/artikel/2415061-skispringster-kramer-zes-dagen-voor-olympisch-debuut-positief-getest-op-corona";"1";"0";"";"";"";"";"";"0";"0";"";"";"0";"0";"0";"0";"0";"0";"0";"0";"0";"0";"0";"0";"0";"0";"0";"0";"0";"0";"0";"0";"0";"0";"0";"0";"0";"0";"0";"0";"0";"0";"0";"0";"0";"0";"0";"0";"0";"0";"0";"0";"0";"0";"0";"0";"0";"0";"0";"0";"0";"0";"0";"0";"0";"0";"0";"0";"0";"0";"0";"0";"0";"0";"0";"0";"0";"0";"0";"0";"0";"0";"0";"0";""
"main_coder";2365392;"7,6 miljard euro voor verruiming steunpakket voor ondernemers";"2021-01-21";"https://nos.nl/artikel/2365392-7-6-miljard-euro-voor-verruiming-steunpakket-voor-ondernemers";"1";"0";"";"";"";"";"";"0";"0";"";"";"0";"0";"0";"0";"0";"0";"0";"0";"0";"0";"0";"0";"0";"0";"0";"0";"0";"0";"0";"0";"0";"0";"0";"0";"0";"0";"0";"0";"0";"0";"0";"0";"0";"0";"0";"0";"0";"0";"0";"0";"0";"0";"0";"0";"0";"0";"0";"0";"0";"0";"0";"0";"0";"0";"0";"0";"0";"0";"0";"0";"0";"0";"0";"0";"0";"0";"0";"0";"0";"0";"0";"0";""
"main_coder";2415061;"Skispringster Kramer zes dagen voor olympisch debuut positief getest op corona";"2022-01-30";"https://nos.nl/artikel/2415061-skispringster-kramer-zes-dagen-voor-olympisch-debuut-positief-getest-op-corona";"1";"0";"";"";"";"";"";"0";"0";"";"";"0";"0";"0";"0";"0";"0";"0";"0";"0";"0";"0";"0";"0";"0";"0";"0";"0";"0";"0";"0";"0";"0";"0";"0";"0";"0";"0";"0";"0";"0";"0";"0";"0";"0";"0";"0";"0";"0";"0";"0";"0";"0";"0";"0";"0";"0";"0";"0";"0";"0";"0";"0";"0";"0";"0";"0";"0";"0";"0";"0";"0";"0";"0";"0";"0";"0";"0";"0";"0";"0";"0";"0";""
"main_coder";2370347;"Steun voor maatregelen sterk afgenomen, maar meeste mensen houden zich er nog aan";"2021-02-26";"https://nos.nl/artikel/2370347-steun-voor-maatregelen-sterk-afgenomen-maar-meeste-mensen-houden-zich-er-nog-aan.html";"1";"1";"88 procent";"Persoon";"Publiek en leden van het publiek, publieke opiniepeilingen en hun respondenten";"";"";"0";"1";"8";"0";"0";"0";"0";"0";"0";"0";"0";"0";"0";"0";"0";"0";"0";"0";"0";"0";"0";"0";"0";"0";"0";"0";"0";"0";"0";"0";"0";"0";"0";"0";"0";"0";"0";"0";"0";"0";"0";"0";"0";"0";"0";"0";"0";"0";"0";"0";"0";"0";"0";"0";"0";"0";"0";"0";"0";"0";"0";"0";"0";"0";"0";"0";"0";"0";"0";"0";"0";"0";"0";"0";"0";"0";"Ja"
"main_coder";2330078;"Google en Apple bouwen ""corona-tracking"" in op smartphones";"2020-04-10";"https://nos.nl/artikel/2330078-google-en-apple-bouwen-corona-tracking-in-op-smartphones";"0";"0";"";"";"";"";"";"0";"0";"";"";"0";"0";"0";"0";"0";"0";"0";"0";"0";"0";"0";"0";"0";"0";"0";"0";"0";"0";"0";"0";"0";"0";"0";"0";"0";"0";"0";"0";"0";"0";"0";"0";"0";"0";"0";"0";"0";"0";"0";"0";"0";"0";"0";"0";"0";"0";"0";"0";"0";"0";"0";"0";"0";"0";"0";"0";"0";"0";"0";"0";"0";"0";"0";"0";"0";"0";"0";"0";"0";"0";"0";"0";""
"main_coder";2378929;"Lange wachttijden en vaak jonge patiënten bij nazorgpoli's corona";"2021-05-01";"https://nos.nl/artikel/2378929-lange-wachttijden-en-vaak-jonge-patienten-bij-nazorgpoli-s-corona";"1";"1";"Simone van der Sar";"Persoon";"Wetenschappelijke/medische organisaties en onderzoekers";"";"";"1";"0";"20";"0";"0";"0";"0";"0";"0";"0";"0";"0";"0";"0";"0";"0";"0";"0";"0";"0";"0";"0";"0";"0";"0";"0";"0";"0";"0";"0";"0";"0";"0";"0";"0";"0";"0";"0";"0";"0";"0";"0";"0";"0";"0";"0";"0";"0";"0";"0";"0";"0";"0";"0";"0";"0";"0";"0";"0";"0";"0";"0";"0";"0";"0";"0";"0";"0";"0";"0";"0";"0";"0";"0";"0";"0";"Nee"
"main_coder";2367812;"19-jarige Brit ontwaakt na jaar in coma in totaal andere wereld";"2021-02-08";"https://nos.nl/artikel/2367812-19-jarige-brit-ontwaakt-na-jaar-in-coma-in-totaal-andere-wereld.html";"0";"0";"";"";"";"";"";"0";"0";"";"";"0";"0";"0";"0";"0";"0";"0";"0";"0";"0";"0";"0";"0";"0";"0";"0";"0";"0";"0";"0";"0";"0";"0";"0";"0";"0";"0";"0";"0";"0";"0";"0";"0";"0";"0";"0";"0";"0";"0";"0";"0";"0";"0";"0";"0";"0";"0";"0";"0";"0";"0";"0";"0";"0";"0";"0";"0";"0";"0";"0";"0";"0";"0";"0";"0";"0";"0";"0";"0";"0";"0";"0";""
"second_coder";2365392;"7,6 miljard euro voor verruiming steunpakket voor ondernemers";"2021-01-21";"https://nos.nl/artikel/2365392-7-6-miljard-euro-voor-verruiming-steunpakket-voor-ondernemers";"1";"0";"";"";"";"";"";"0";"0";"";"";"0";"0";"0";"0";"0";"0";"0";"0";"0";"0";"0";"0";"0";"0";"0";"0";"0";"0";"0";"0";"0";"0";"0";"0";"0";"0";"0";"0";"0";"0";"0";"0";"0";"0";"0";"0";"0";"0";"0";"0";"0";"0";"0";"0";"0";"0";"0";"0";"0";"0";"0";"0";"0";"0";"0";"0";"0";"0";"0";"0";"0";"0";"0";"0";"0";"0";"0";"0";"0";"0";"0";"0";""
"second_coder";2366327;"Koning spreekt na avondklokrellen met bewoners en ondernemers in Den Bosch";"2021-01-28";"https://nos.nl/artikel/2366327-koning-spreekt-na-avondklokrellen-met-bewoners-en-ondernemers-in-den-bosch";"0";"0";"";"";"";"";"";"0";"0";"";"";"0";"0";"0";"0";"0";"0";"0";"0";"0";"0";"0";"0";"0";"0";"0";"0";"0";"0";"0";"0";"0";"0";"0";"0";"0";"0";"0";"0";"0";"0";"0";"0";"0";"0";"0";"0";"0";"0";"0";"0";"0";"0";"0";"0";"0";"0";"0";"0";"0";"0";"0";"0";"0";"0";"0";"0";"0";"0";"0";"0";"0";"0";"0";"0";"0";"0";"0";"0";"0";"0";"0";"0";""
"second_coder";2366198;"Rellen creëren ook groep ""die staat voor iets anders"": veel initiatieven om te helpen";"2021-01-27";"https://nos.nl/artikel/2366198-rellen-creeren-ook-groep-die-staat-voor-iets-anders-veel-initiatieven-om-te-helpen";"0";"0";"";"";"";"";"";"0";"0";"";"";"0";"0";"0";"0";"0";"0";"0";"0";"0";"0";"0";"0";"0";"0";"0";"0";"0";"0";"0";"0";"0";"0";"0";"0";"0";"0";"0";"0";"0";"0";"0";"0";"0";"0";"0";"0";"0";"0";"0";"0";"0";"0";"0";"0";"0";"0";"0";"0";"0";"0";"0";"0";"0";"0";"0";"0";"0";"0";"0";"0";"0";"0";"0";"0";"0";"0";"0";"0";"0";"0";"0";"0";""
"second_coder";2410526;"NHL geeft ijshockeyspelers opnieuw niet vrij voor Winterspelen";"2021-12-22";"https://nos.nl/artikel/2410526-nhl-geeft-ijshockeyspelers-opnieuw-niet-vrij-voor-winterspelen";"0";"0";"";"";"";"";"";"0";"0";"";"";"0";"0";"0";"0";"0";"0";"0";"0";"0";"0";"0";"0";"0";"0";"0";"0";"0";"0";"0";"0";"0";"0";"0";"0";"0";"0";"0";"0";"0";"0";"0";"0";"0";"0";"0";"0";"0";"0";"0";"0";"0";"0";"0";"0";"0";"0";"0";"0";"0";"0";"0";"0";"0";"0";"0";"0";"0";"0";"0";"0";"0";"0";"0";"0";"0";"0";"0";"0";"0";"0";"0";"0";""
"second_coder";2440742;"Agent vervolgd die vrouw in Eindhoven van dichtbij bespoot met waterkanon";"2022-08-15";"https://nos.nl/artikel/2440742-agent-vervolgd-die-vrouw-in-eindhoven-van-dichtbij-bespoot-met-waterkanon";"0";"0";"";"";"";"";"";"0";"0";"";"";"0";"0";"0";"0";"0";"0";"0";"0";"0";"0";"0";"0";"0";"0";"0";"0";"0";"0";"0";"0";"0";"0";"0";"0";"0";"0";"0";"0";"0";"0";"0";"0";"0";"0";"0";"0";"0";"0";"0";"0";"0";"0";"0";"0";"0";"0";"0";"0";"0";"0";"0";"0";"0";"0";"0";"0";"0";"0";"0";"0";"0";"0";"0";"0";"0";"0";"0";"0";"0";"0";"0";"0";""
"second_coder";2454001;"Protesten in China tegen coronabeleid na brand met tien doden";"2022-11-26";"https://nos.nl/artikel/2454001-protesten-in-china-tegen-coronabeleid-na-brand-met-tien-doden";"1";"0";"";"";"";"";"";"0";"0";"";"";"0";"0";"0";"0";"0";"0";"0";"0";"0";"0";"0";"0";"0";"0";"0";"0";"0";"0";"0";"0";"0";"0";"0";"0";"0";"0";"0";"0";"0";"0";"0";"0";"0";"0";"0";"0";"0";"0";"0";"0";"0";"0";"0";"0";"0";"0";"0";"0";"0";"0";"0";"0";"0";"0";"0";"0";"0";"0";"0";"0";"0";"0";"0";"0";"0";"0";"0";"0";"0";"0";"0";"0";""
"second_coder";2415061;"Skispringster Kramer zes dagen voor olympisch debuut positief getest op corona";"2022-01-30";"https://nos.nl/artikel/2415061-skispringster-kramer-zes-dagen-voor-olympisch-debuut-positief-getest-op-corona";"1";"0";"";"";"";"";"";"0";"0";"";"";"0";"0";"0";"0";"0";"0";"0";"0";"0";"0";"0";"0";"0";"0";"0";"0";"0";"0";"0";"0";"0";"0";"0";"0";"0";"0";"0";"0";"0";"0";"0";"0";"0";"0";"0";"0";"0";"0";"0";"0";"0";"0";"0";"0";"0";"0";"0";"0";"0";"0";"0";"0";"0";"0";"0";"0";"0";"0";"0";"0";"0";"0";"0";"0";"0";"0";"0";"0";"0";"0";"0";"0";""
"main_coder";2365392;"7,6 miljard euro voor verruiming steunpakket voor ondernemers";"2021-01-21";"https://nos.nl/artikel/2365392-7-6-miljard-euro-voor-verruiming-steunpakket-voor-ondernemers";"1";"0";"";"";"";"";"";"0";"0";"";"";"0";"0";"0";"0";"0";"0";"0";"0";"0";"0";"0";"0";"0";"0";"0";"0";"0";"0";"0";"0";"0";"0";"0";"0";"0";"0";"0";"0";"0";"0";"0";"0";"0";"0";"0";"0";"0";"0";"0";"0";"0";"0";"0";"0";"0";"0";"0";"0";"0";"0";"0";"0";"0";"0";"0";"0";"0";"0";"0";"0";"0";"0";"0";"0";"0";"0";"0";"0";"0";"0";"0";"0";""
"main_coder";2415061;"Skispringster Kramer zes dagen voor olympisch debuut positief getest op corona";"2022-01-30";"https://nos.nl/artikel/2415061-skispringster-kramer-zes-dagen-voor-olympisch-debuut-positief-getest-op-corona";"1";"0";"";"";"";"";"";"0";"0";"";"";"0";"0";"0";"0";"0";"0";"0";"0";"0";"0";"0";"0";"0";"0";"0";"0";"0";"0";"0";"0";"0";"0";"0";"0";"0";"0";"0";"0";"0";"0";"0";"0";"0";"0";"0";"0";"0";"0";"0";"0";"0";"0";"0";"0";"0";"0";"0";"0";"0";"0";"0";"0";"0";"0";"0";"0";"0";"0";"0";"0";"0";"0";"0";"0";"0";"0";"0";"0";"0";"0";"0";"0";""
"main_coder";2370347;"Steun voor maatregelen sterk afgenomen, maar meeste mensen houden zich er nog aan";"2021-02-26";"https://nos.nl/artikel/2370347-steun-voor-maatregelen-sterk-afgenomen-maar-meeste-mensen-houden-zich-er-nog-aan.html";"1";"1";"de meerderheid";"Persoon";"Publiek en leden van het publiek, publieke opiniepeilingen en hun respondenten";"";"";"0";"1";"4";"0";"0";"0";"0";"0";"0";"0";"0";"0";"0";"0";"0";"0";"0";"0";"0";"0";"0";"0";"0";"0";"0";"0";"0";"0";"0";"0";"0";"0";"0";"0";"0";"0";"0";"0";"0";"0";"0";"0";"0";"0";"0";"0";"0";"0";"0";"0";"0";"0";"0";"0";"0";"0";"0";"0";"0";"0";"0";"0";"0";"0";"0";"0";"0";"0";"0";"0";"0";"0";"0";"0";"0";"0";"Ja"
"main_coder";2330078;"Google en Apple bouwen ""corona-tracking"" in op smartphones";"2020-04-10";"https://nos.nl/artikel/2330078-google-en-apple-bouwen-corona-tracking-in-op-smartphones";"0";"0";"";"";"";"";"";"0";"0";"";"";"0";"0";"0";"0";"0";"0";"0";"0";"0";"0";"0";"0";"0";"0";"0";"0";"0";"0";"0";"0";"0";"0";"0";"0";"0";"0";"0";"0";"0";"0";"0";"0";"0";"0";"0";"0";"0";"0";"0";"0";"0";"0";"0";"0";"0";"0";"0";"0";"0";"0";"0";"0";"0";"0";"0";"0";"0";"0";"0";"0";"0";"0";"0";"0";"0";"0";"0";"0";"0";"0";"0";"0";""
"main_coder";2367812;"19-jarige Brit ontwaakt na jaar in coma in totaal andere wereld";"2021-02-08";"https://nos.nl/artikel/2367812-19-jarige-brit-ontwaakt-na-jaar-in-coma-in-totaal-andere-wereld.html";"0";"0";"";"";"";"";"";"0";"0";"";"";"0";"0";"0";"0";"0";"0";"0";"0";"0";"0";"0";"0";"0";"0";"0";"0";"0";"0";"0";"0";"0";"0";"0";"0";"0";"0";"0";"0";"0";"0";"0";"0";"0";"0";"0";"0";"0";"0";"0";"0";"0";"0";"0";"0";"0";"0";"0";"0";"0";"0";"0";"0";"0";"0";"0";"0";"0";"0";"0";"0";"0";"0";"0";"0";"0";"0";"0";"0";"0";"0";"0";"0";""
"second_coder";2365392;"7,6 miljard euro voor verruiming steunpakket voor ondernemers";"2021-01-21";"https://nos.nl/artikel/2365392-7-6-miljard-euro-voor-verruiming-steunpakket-voor-ondernemers";"1";"0";"";"";"";"";"";"0";"0";"";"";"0";"0";"0";"0";"0";"0";"0";"0";"0";"0";"0";"0";"0";"0";"0";"0";"0";"0";"0";"0";"0";"0";"0";"0";"0";"0";"0";"0";"0";"0";"0";"0";"0";"0";"0";"0";"0";"0";"0";"0";"0";"0";"0";"0";"0";"0";"0";"0";"0";"0";"0";"0";"0";"0";"0";"0";"0";"0";"0";"0";"0";"0";"0";"0";"0";"0";"0";"0";"0";"0";"0";"0";""
"second_coder";2366327;"Koning spreekt na avondklokrellen met bewoners en ondernemers in Den Bosch";"2021-01-28";"https://nos.nl/artikel/2366327-koning-spreekt-na-avondklokrellen-met-bewoners-en-ondernemers-in-den-bosch";"0";"0";"";"";"";"";"";"0";"0";"";"";"0";"0";"0";"0";"0";"0";"0";"0";"0";"0";"0";"0";"0";"0";"0";"0";"0";"0";"0";"0";"0";"0";"0";"0";"0";"0";"0";"0";"0";"0";"0";"0";"0";"0";"0";"0";"0";"0";"0";"0";"0";"0";"0";"0";"0";"0";"0";"0";"0";"0";"0";"0";"0";"0";"0";"0";"0";"0";"0";"0";"0";"0";"0";"0";"0";"0";"0";"0";"0";"0";"0";"0";""
"second_coder";2366198;"Rellen creëren ook groep ""die staat voor iets anders"": veel initiatieven om te helpen";"2021-01-27";"https://nos.nl/artikel/2366198-rellen-creeren-ook-groep-die-staat-voor-iets-anders-veel-initiatieven-om-te-helpen";"0";"0";"";"";"";"";"";"0";"0";"";"";"0";"0";"0";"0";"0";"0";"0";"0";"0";"0";"0";"0";"0";"0";"0";"0";"0";"0";"0";"0";"0";"0";"0";"0";"0";"0";"0";"0";"0";"0";"0";"0";"0";"0";"0";"0";"0";"0";"0";"0";"0";"0";"0";"0";"0";"0";"0";"0";"0";"0";"0";"0";"0";"0";"0";"0";"0";"0";"0";"0";"0";"0";"0";"0";"0";"0";"0";"0";"0";"0";"0";"0";""
"second_coder";2410526;"NHL geeft ijshockeyspelers opnieuw niet vrij voor Winterspelen";"2021-12-22";"https://nos.nl/artikel/2410526-nhl-geeft-ijshockeyspelers-opnieuw-niet-vrij-voor-winterspelen";"0";"0";"";"";"";"";"";"0";"0";"";"";"0";"0";"0";"0";"0";"0";"0";"0";"0";"0";"0";"0";"0";"0";"0";"0";"0";"0";"0";"0";"0";"0";"0";"0";"0";"0";"0";"0";"0";"0";"0";"0";"0";"0";"0";"0";"0";"0";"0";"0";"0";"0";"0";"0";"0";"0";"0";"0";"0";"0";"0";"0";"0";"0";"0";"0";"0";"0";"0";"0";"0";"0";"0";"0";"0";"0";"0";"0";"0";"0";"0";"0";""
"second_coder";2440742;"Agent vervolgd die vrouw in Eindhoven van dichtbij bespoot met waterkanon";"2022-08-15";"https://nos.nl/artikel/2440742-agent-vervolgd-die-vrouw-in-eindhoven-van-dichtbij-bespoot-met-waterkanon";"0";"0";"";"";"";"";"";"0";"0";"";"";"0";"0";"0";"0";"0";"0";"0";"0";"0";"0";"0";"0";"0";"0";"0";"0";"0";"0";"0";"0";"0";"0";"0";"0";"0";"0";"0";"0";"0";"0";"0";"0";"0";"0";"0";"0";"0";"0";"0";"0";"0";"0";"0";"0";"0";"0";"0";"0";"0";"0";"0";"0";"0";"0";"0";"0";"0";"0";"0";"0";"0";"0";"0";"0";"0";"0";"0";"0";"0";"0";"0";"0";""
"second_coder";2454001;"Protesten in China tegen coronabeleid na brand met tien doden";"2022-11-26";"https://nos.nl/artikel/2454001-protesten-in-china-tegen-coronabeleid-na-brand-met-tien-doden";"1";"0";"";"";"";"";"";"0";"0";"";"";"0";"0";"0";"0";"0";"0";"0";"0";"0";"0";"0";"0";"0";"0";"0";"0";"0";"0";"0";"0";"0";"0";"0";"0";"0";"0";"0";"0";"0";"0";"0";"0";"0";"0";"0";"0";"0";"0";"0";"0";"0";"0";"0";"0";"0";"0";"0";"0";"0";"0";"0";"0";"0";"0";"0";"0";"0";"0";"0";"0";"0";"0";"0";"0";"0";"0";"0";"0";"0";"0";"0";"0";""
"second_coder";2415061;"Skispringster Kramer zes dagen voor olympisch debuut positief getest op corona";"2022-01-30";"https://nos.nl/artikel/2415061-skispringster-kramer-zes-dagen-voor-olympisch-debuut-positief-getest-op-corona";"1";"0";"";"";"";"";"";"0";"0";"";"";"0";"0";"0";"0";"0";"0";"0";"0";"0";"0";"0";"0";"0";"0";"0";"0";"0";"0";"0";"0";"0";"0";"0";"0";"0";"0";"0";"0";"0";"0";"0";"0";"0";"0";"0";"0";"0";"0";"0";"0";"0";"0";"0";"0";"0";"0";"0";"0";"0";"0";"0";"0";"0";"0";"0";"0";"0";"0";"0";"0";"0";"0";"0";"0";"0";"0";"0";"0";"0";"0";"0";"0";""
"main_coder";2365392;"7,6 miljard euro voor verruiming steunpakket voor ondernemers";"2021-01-21";"https://nos.nl/artikel/2365392-7-6-miljard-euro-voor-verruiming-steunpakket-voor-ondernemers";"1";"0";"";"";"";"";"";"0";"0";"";"";"0";"0";"0";"0";"0";"0";"0";"0";"0";"0";"0";"0";"0";"0";"0";"0";"0";"0";"0";"0";"0";"0";"0";"0";"0";"0";"0";"0";"0";"0";"0";"0";"0";"0";"0";"0";"0";"0";"0";"0";"0";"0";"0";"0";"0";"0";"0";"0";"0";"0";"0";"0";"0";"0";"0";"0";"0";"0";"0";"0";"0";"0";"0";"0";"0";"0";"0";"0";"0";"0";"0";"0";""
"main_coder";2415061;"Skispringster Kramer zes dagen voor olympisch debuut positief getest op corona";"2022-01-30";"https://nos.nl/artikel/2415061-skispringster-kramer-zes-dagen-voor-olympisch-debuut-positief-getest-op-corona";"1";"0";"";"";"";"";"";"0";"0";"";"";"0";"0";"0";"0";"0";"0";"0";"0";"0";"0";"0";"0";"0";"0";"0";"0";"0";"0";"0";"0";"0";"0";"0";"0";"0";"0";"0";"0";"0";"0";"0";"0";"0";"0";"0";"0";"0";"0";"0";"0";"0";"0";"0";"0";"0";"0";"0";"0";"0";"0";"0";"0";"0";"0";"0";"0";"0";"0";"0";"0";"0";"0";"0";"0";"0";"0";"0";"0";"0";"0";"0";"0";""
"main_coder";2370347;"Steun voor maatregelen sterk afgenomen, maar meeste mensen houden zich er nog aan";"2021-02-26";"https://nos.nl/artikel/2370347-steun-voor-maatregelen-sterk-afgenomen-maar-meeste-mensen-houden-zich-er-nog-aan.html";"1";"1";"41 procent van de deelnemers";"Persoon";"Publiek en leden van het publiek, publieke opiniepeilingen en hun respondenten";"";"";"0";"1";"5";"0";"0";"0";"0";"0";"0";"0";"0";"0";"0";"0";"0";"0";"0";"0";"0";"0";"0";"0";"0";"0";"0";"0";"0";"0";"0";"0";"0";"0";"0";"0";"0";"0";"0";"0";"0";"0";"0";"0";"0";"0";"0";"0";"0";"0";"0";"0";"0";"0";"0";"0";"0";"0";"0";"0";"0";"0";"0";"0";"0";"0";"0";"0";"0";"0";"0";"0";"0";"0";"0";"0";"0";"0";"Ja"
"main_coder";2330078;"Google en Apple bouwen ""corona-tracking"" in op smartphones";"2020-04-10";"https://nos.nl/artikel/2330078-google-en-apple-bouwen-corona-tracking-in-op-smartphones";"0";"0";"";"";"";"";"";"0";"0";"";"";"0";"0";"0";"0";"0";"0";"0";"0";"0";"0";"0";"0";"0";"0";"0";"0";"0";"0";"0";"0";"0";"0";"0";"0";"0";"0";"0";"0";"0";"0";"0";"0";"0";"0";"0";"0";"0";"0";"0";"0";"0";"0";"0";"0";"0";"0";"0";"0";"0";"0";"0";"0";"0";"0";"0";"0";"0";"0";"0";"0";"0";"0";"0";"0";"0";"0";"0";"0";"0";"0";"0";"0";""
"main_coder";2367812;"19-jarige Brit ontwaakt na jaar in coma in totaal andere wereld";"2021-02-08";"https://nos.nl/artikel/2367812-19-jarige-brit-ontwaakt-na-jaar-in-coma-in-totaal-andere-wereld.html";"0";"0";"";"";"";"";"";"0";"0";"";"";"0";"0";"0";"0";"0";"0";"0";"0";"0";"0";"0";"0";"0";"0";"0";"0";"0";"0";"0";"0";"0";"0";"0";"0";"0";"0";"0";"0";"0";"0";"0";"0";"0";"0";"0";"0";"0";"0";"0";"0";"0";"0";"0";"0";"0";"0";"0";"0";"0";"0";"0";"0";"0";"0";"0";"0";"0";"0";"0";"0";"0";"0";"0";"0";"0";"0";"0";"0";"0";"0";"0";"0";""
"second_coder";2365392;"7,6 miljard euro voor verruiming steunpakket voor ondernemers";"2021-01-21";"https://nos.nl/artikel/2365392-7-6-miljard-euro-voor-verruiming-steunpakket-voor-ondernemers";"1";"0";"";"";"";"";"";"0";"0";"";"";"0";"0";"0";"0";"0";"0";"0";"0";"0";"0";"0";"0";"0";"0";"0";"0";"0";"0";"0";"0";"0";"0";"0";"0";"0";"0";"0";"0";"0";"0";"0";"0";"0";"0";"0";"0";"0";"0";"0";"0";"0";"0";"0";"0";"0";"0";"0";"0";"0";"0";"0";"0";"0";"0";"0";"0";"0";"0";"0";"0";"0";"0";"0";"0";"0";"0";"0";"0";"0";"0";"0";"0";""
"second_coder";2366327;"Koning spreekt na avondklokrellen met bewoners en ondernemers in Den Bosch";"2021-01-28";"https://nos.nl/artikel/2366327-koning-spreekt-na-avondklokrellen-met-bewoners-en-ondernemers-in-den-bosch";"0";"0";"";"";"";"";"";"0";"0";"";"";"0";"0";"0";"0";"0";"0";"0";"0";"0";"0";"0";"0";"0";"0";"0";"0";"0";"0";"0";"0";"0";"0";"0";"0";"0";"0";"0";"0";"0";"0";"0";"0";"0";"0";"0";"0";"0";"0";"0";"0";"0";"0";"0";"0";"0";"0";"0";"0";"0";"0";"0";"0";"0";"0";"0";"0";"0";"0";"0";"0";"0";"0";"0";"0";"0";"0";"0";"0";"0";"0";"0";"0";""
"second_coder";2366198;"Rellen creëren ook groep ""die staat voor iets anders"": veel initiatieven om te helpen";"2021-01-27";"https://nos.nl/artikel/2366198-rellen-creeren-ook-groep-die-staat-voor-iets-anders-veel-initiatieven-om-te-helpen";"0";"0";"";"";"";"";"";"0";"0";"";"";"0";"0";"0";"0";"0";"0";"0";"0";"0";"0";"0";"0";"0";"0";"0";"0";"0";"0";"0";"0";"0";"0";"0";"0";"0";"0";"0";"0";"0";"0";"0";"0";"0";"0";"0";"0";"0";"0";"0";"0";"0";"0";"0";"0";"0";"0";"0";"0";"0";"0";"0";"0";"0";"0";"0";"0";"0";"0";"0";"0";"0";"0";"0";"0";"0";"0";"0";"0";"0";"0";"0";"0";""
"second_coder";2410526;"NHL geeft ijshockeyspelers opnieuw niet vrij voor Winterspelen";"2021-12-22";"https://nos.nl/artikel/2410526-nhl-geeft-ijshockeyspelers-opnieuw-niet-vrij-voor-winterspelen";"0";"0";"";"";"";"";"";"0";"0";"";"";"0";"0";"0";"0";"0";"0";"0";"0";"0";"0";"0";"0";"0";"0";"0";"0";"0";"0";"0";"0";"0";"0";"0";"0";"0";"0";"0";"0";"0";"0";"0";"0";"0";"0";"0";"0";"0";"0";"0";"0";"0";"0";"0";"0";"0";"0";"0";"0";"0";"0";"0";"0";"0";"0";"0";"0";"0";"0";"0";"0";"0";"0";"0";"0";"0";"0";"0";"0";"0";"0";"0";"0";""
"second_coder";2440742;"Agent vervolgd die vrouw in Eindhoven van dichtbij bespoot met waterkanon";"2022-08-15";"https://nos.nl/artikel/2440742-agent-vervolgd-die-vrouw-in-eindhoven-van-dichtbij-bespoot-met-waterkanon";"0";"0";"";"";"";"";"";"0";"0";"";"";"0";"0";"0";"0";"0";"0";"0";"0";"0";"0";"0";"0";"0";"0";"0";"0";"0";"0";"0";"0";"0";"0";"0";"0";"0";"0";"0";"0";"0";"0";"0";"0";"0";"0";"0";"0";"0";"0";"0";"0";"0";"0";"0";"0";"0";"0";"0";"0";"0";"0";"0";"0";"0";"0";"0";"0";"0";"0";"0";"0";"0";"0";"0";"0";"0";"0";"0";"0";"0";"0";"0";"0";""
"second_coder";2454001;"Protesten in China tegen coronabeleid na brand met tien doden";"2022-11-26";"https://nos.nl/artikel/2454001-protesten-in-china-tegen-coronabeleid-na-brand-met-tien-doden";"1";"0";"";"";"";"";"";"0";"0";"";"";"0";"0";"0";"0";"0";"0";"0";"0";"0";"0";"0";"0";"0";"0";"0";"0";"0";"0";"0";"0";"0";"0";"0";"0";"0";"0";"0";"0";"0";"0";"0";"0";"0";"0";"0";"0";"0";"0";"0";"0";"0";"0";"0";"0";"0";"0";"0";"0";"0";"0";"0";"0";"0";"0";"0";"0";"0";"0";"0";"0";"0";"0";"0";"0";"0";"0";"0";"0";"0";"0";"0";"0";""
"second_coder";2415061;"Skispringster Kramer zes dagen voor olympisch debuut positief getest op corona";"2022-01-30";"https://nos.nl/artikel/2415061-skispringster-kramer-zes-dagen-voor-olympisch-debuut-positief-getest-op-corona";"1";"0";"";"";"";"";"";"0";"0";"";"";"0";"0";"0";"0";"0";"0";"0";"0";"0";"0";"0";"0";"0";"0";"0";"0";"0";"0";"0";"0";"0";"0";"0";"0";"0";"0";"0";"0";"0";"0";"0";"0";"0";"0";"0";"0";"0";"0";"0";"0";"0";"0";"0";"0";"0";"0";"0";"0";"0";"0";"0";"0";"0";"0";"0";"0";"0";"0";"0";"0";"0";"0";"0";"0";"0";"0";"0";"0";"0";"0";"0";"0";""
"main_coder";2365392;"7,6 miljard euro voor verruiming steunpakket voor ondernemers";"2021-01-21";"https://nos.nl/artikel/2365392-7-6-miljard-euro-voor-verruiming-steunpakket-voor-ondernemers";"1";"0";"";"";"";"";"";"0";"0";"";"";"0";"0";"0";"0";"0";"0";"0";"0";"0";"0";"0";"0";"0";"0";"0";"0";"0";"0";"0";"0";"0";"0";"0";"0";"0";"0";"0";"0";"0";"0";"0";"0";"0";"0";"0";"0";"0";"0";"0";"0";"0";"0";"0";"0";"0";"0";"0";"0";"0";"0";"0";"0";"0";"0";"0";"0";"0";"0";"0";"0";"0";"0";"0";"0";"0";"0";"0";"0";"0";"0";"0";"0";""
"main_coder";2415061;"Skispringster Kramer zes dagen voor olympisch debuut positief getest op corona";"2022-01-30";"https://nos.nl/artikel/2415061-skispringster-kramer-zes-dagen-voor-olympisch-debuut-positief-getest-op-corona";"1";"0";"";"";"";"";"";"0";"0";"";"";"0";"0";"0";"0";"0";"0";"0";"0";"0";"0";"0";"0";"0";"0";"0";"0";"0";"0";"0";"0";"0";"0";"0";"0";"0";"0";"0";"0";"0";"0";"0";"0";"0";"0";"0";"0";"0";"0";"0";"0";"0";"0";"0";"0";"0";"0";"0";"0";"0";"0";"0";"0";"0";"0";"0";"0";"0";"0";"0";"0";"0";"0";"0";"0";"0";"0";"0";"0";"0";"0";"0";"0";""
"main_coder";2370347;"Steun voor maatregelen sterk afgenomen, maar meeste mensen houden zich er nog aan";"2021-02-26";"https://nos.nl/artikel/2370347-steun-voor-maatregelen-sterk-afgenomen-maar-meeste-mensen-houden-zich-er-nog-aan.html";"1";"1";"67 procent";"Persoon";"Publiek en leden van het publiek, publieke opiniepeilingen en hun respondenten";"";"";"0";"1";"7";"0";"0";"0";"0";"0";"0";"0";"0";"0";"0";"0";"0";"0";"0";"0";"0";"0";"0";"0";"0";"0";"0";"0";"0";"0";"0";"0";"0";"0";"0";"0";"0";"0";"0";"0";"0";"0";"0";"0";"0";"0";"0";"0";"0";"0";"0";"0";"0";"0";"0";"0";"0";"0";"0";"0";"0";"0";"0";"0";"0";"0";"0";"0";"0";"0";"0";"0";"0";"0";"0";"0";"0";"0";"Ja"
"main_coder";2330078;"Google en Apple bouwen ""corona-tracking"" in op smartphones";"2020-04-10";"https://nos.nl/artikel/2330078-google-en-apple-bouwen-corona-tracking-in-op-smartphones";"0";"0";"";"";"";"";"";"0";"0";"";"";"0";"0";"0";"0";"0";"0";"0";"0";"0";"0";"0";"0";"0";"0";"0";"0";"0";"0";"0";"0";"0";"0";"0";"0";"0";"0";"0";"0";"0";"0";"0";"0";"0";"0";"0";"0";"0";"0";"0";"0";"0";"0";"0";"0";"0";"0";"0";"0";"0";"0";"0";"0";"0";"0";"0";"0";"0";"0";"0";"0";"0";"0";"0";"0";"0";"0";"0";"0";"0";"0";"0";"0";""
"main_coder";2367812;"19-jarige Brit ontwaakt na jaar in coma in totaal andere wereld";"2021-02-08";"https://nos.nl/artikel/2367812-19-jarige-brit-ontwaakt-na-jaar-in-coma-in-totaal-andere-wereld.html";"0";"0";"";"";"";"";"";"0";"0";"";"";"0";"0";"0";"0";"0";"0";"0";"0";"0";"0";"0";"0";"0";"0";"0";"0";"0";"0";"0";"0";"0";"0";"0";"0";"0";"0";"0";"0";"0";"0";"0";"0";"0";"0";"0";"0";"0";"0";"0";"0";"0";"0";"0";"0";"0";"0";"0";"0";"0";"0";"0";"0";"0";"0";"0";"0";"0";"0";"0";"0";"0";"0";"0";"0";"0";"0";"0";"0";"0";"0";"0";"0";""
"second_coder";2365392;"7,6 miljard euro voor verruiming steunpakket voor ondernemers";"2021-01-21";"https://nos.nl/artikel/2365392-7-6-miljard-euro-voor-verruiming-steunpakket-voor-ondernemers";"1";"0";"";"";"";"";"";"0";"0";"";"";"0";"0";"0";"0";"0";"0";"0";"0";"0";"0";"0";"0";"0";"0";"0";"0";"0";"0";"0";"0";"0";"0";"0";"0";"0";"0";"0";"0";"0";"0";"0";"0";"0";"0";"0";"0";"0";"0";"0";"0";"0";"0";"0";"0";"0";"0";"0";"0";"0";"0";"0";"0";"0";"0";"0";"0";"0";"0";"0";"0";"0";"0";"0";"0";"0";"0";"0";"0";"0";"0";"0";"0";""
"second_coder";2366327;"Koning spreekt na avondklokrellen met bewoners en ondernemers in Den Bosch";"2021-01-28";"https://nos.nl/artikel/2366327-koning-spreekt-na-avondklokrellen-met-bewoners-en-ondernemers-in-den-bosch";"0";"0";"";"";"";"";"";"0";"0";"";"";"0";"0";"0";"0";"0";"0";"0";"0";"0";"0";"0";"0";"0";"0";"0";"0";"0";"0";"0";"0";"0";"0";"0";"0";"0";"0";"0";"0";"0";"0";"0";"0";"0";"0";"0";"0";"0";"0";"0";"0";"0";"0";"0";"0";"0";"0";"0";"0";"0";"0";"0";"0";"0";"0";"0";"0";"0";"0";"0";"0";"0";"0";"0";"0";"0";"0";"0";"0";"0";"0";"0";"0";""
"second_coder";2366198;"Rellen creëren ook groep ""die staat voor iets anders"": veel initiatieven om te helpen";"2021-01-27";"https://nos.nl/artikel/2366198-rellen-creeren-ook-groep-die-staat-voor-iets-anders-veel-initiatieven-om-te-helpen";"0";"0";"";"";"";"";"";"0";"0";"";"";"0";"0";"0";"0";"0";"0";"0";"0";"0";"0";"0";"0";"0";"0";"0";"0";"0";"0";"0";"0";"0";"0";"0";"0";"0";"0";"0";"0";"0";"0";"0";"0";"0";"0";"0";"0";"0";"0";"0";"0";"0";"0";"0";"0";"0";"0";"0";"0";"0";"0";"0";"0";"0";"0";"0";"0";"0";"0";"0";"0";"0";"0";"0";"0";"0";"0";"0";"0";"0";"0";"0";"0";""
"second_coder";2410526;"NHL geeft ijshockeyspelers opnieuw niet vrij voor Winterspelen";"2021-12-22";"https://nos.nl/artikel/2410526-nhl-geeft-ijshockeyspelers-opnieuw-niet-vrij-voor-winterspelen";"0";"0";"";"";"";"";"";"0";"0";"";"";"0";"0";"0";"0";"0";"0";"0";"0";"0";"0";"0";"0";"0";"0";"0";"0";"0";"0";"0";"0";"0";"0";"0";"0";"0";"0";"0";"0";"0";"0";"0";"0";"0";"0";"0";"0";"0";"0";"0";"0";"0";"0";"0";"0";"0";"0";"0";"0";"0";"0";"0";"0";"0";"0";"0";"0";"0";"0";"0";"0";"0";"0";"0";"0";"0";"0";"0";"0";"0";"0";"0";"0";""
"second_coder";2440742;"Agent vervolgd die vrouw in Eindhoven van dichtbij bespoot met waterkanon";"2022-08-15";"https://nos.nl/artikel/2440742-agent-vervolgd-die-vrouw-in-eindhoven-van-dichtbij-bespoot-met-waterkanon";"0";"0";"";"";"";"";"";"0";"0";"";"";"0";"0";"0";"0";"0";"0";"0";"0";"0";"0";"0";"0";"0";"0";"0";"0";"0";"0";"0";"0";"0";"0";"0";"0";"0";"0";"0";"0";"0";"0";"0";"0";"0";"0";"0";"0";"0";"0";"0";"0";"0";"0";"0";"0";"0";"0";"0";"0";"0";"0";"0";"0";"0";"0";"0";"0";"0";"0";"0";"0";"0";"0";"0";"0";"0";"0";"0";"0";"0";"0";"0";"0";""
"second_coder";2454001;"Protesten in China tegen coronabeleid na brand met tien doden";"2022-11-26";"https://nos.nl/artikel/2454001-protesten-in-china-tegen-coronabeleid-na-brand-met-tien-doden";"1";"0";"";"";"";"";"";"0";"0";"";"";"0";"0";"0";"0";"0";"0";"0";"0";"0";"0";"0";"0";"0";"0";"0";"0";"0";"0";"0";"0";"0";"0";"0";"0";"0";"0";"0";"0";"0";"0";"0";"0";"0";"0";"0";"0";"0";"0";"0";"0";"0";"0";"0";"0";"0";"0";"0";"0";"0";"0";"0";"0";"0";"0";"0";"0";"0";"0";"0";"0";"0";"0";"0";"0";"0";"0";"0";"0";"0";"0";"0";"0";""
"second_coder";2415061;"Skispringster Kramer zes dagen voor olympisch debuut positief getest op corona";"2022-01-30";"https://nos.nl/artikel/2415061-skispringster-kramer-zes-dagen-voor-olympisch-debuut-positief-getest-op-corona";"1";"0";"";"";"";"";"";"0";"0";"";"";"0";"0";"0";"0";"0";"0";"0";"0";"0";"0";"0";"0";"0";"0";"0";"0";"0";"0";"0";"0";"0";"0";"0";"0";"0";"0";"0";"0";"0";"0";"0";"0";"0";"0";"0";"0";"0";"0";"0";"0";"0";"0";"0";"0";"0";"0";"0";"0";"0";"0";"0";"0";"0";"0";"0";"0";"0";"0";"0";"0";"0";"0";"0";"0";"0";"0";"0";"0";"0";"0";"0";"0";""
"main_coder";2365392;"7,6 miljard euro voor verruiming steunpakket voor ondernemers";"2021-01-21";"https://nos.nl/artikel/2365392-7-6-miljard-euro-voor-verruiming-steunpakket-voor-ondernemers";"1";"0";"";"";"";"";"";"0";"0";"";"";"0";"0";"0";"0";"0";"0";"0";"0";"0";"0";"0";"0";"0";"0";"0";"0";"0";"0";"0";"0";"0";"0";"0";"0";"0";"0";"0";"0";"0";"0";"0";"0";"0";"0";"0";"0";"0";"0";"0";"0";"0";"0";"0";"0";"0";"0";"0";"0";"0";"0";"0";"0";"0";"0";"0";"0";"0";"0";"0";"0";"0";"0";"0";"0";"0";"0";"0";"0";"0";"0";"0";"0";""
"main_coder";2415061;"Skispringster Kramer zes dagen voor olympisch debuut positief getest op corona";"2022-01-30";"https://nos.nl/artikel/2415061-skispringster-kramer-zes-dagen-voor-olympisch-debuut-positief-getest-op-corona";"1";"0";"";"";"";"";"";"0";"0";"";"";"0";"0";"0";"0";"0";"0";"0";"0";"0";"0";"0";"0";"0";"0";"0";"0";"0";"0";"0";"0";"0";"0";"0";"0";"0";"0";"0";"0";"0";"0";"0";"0";"0";"0";"0";"0";"0";"0";"0";"0";"0";"0";"0";"0";"0";"0";"0";"0";"0";"0";"0";"0";"0";"0";"0";"0";"0";"0";"0";"0";"0";"0";"0";"0";"0";"0";"0";"0";"0";"0";"0";"0";""
"main_coder";2370347;"Steun voor maatregelen sterk afgenomen, maar meeste mensen houden zich er nog aan";"2021-02-26";"https://nos.nl/artikel/2370347-steun-voor-maatregelen-sterk-afgenomen-maar-meeste-mensen-houden-zich-er-nog-aan.html";"1";"1";"Personen boven de 70 jaar";"Persoon";"Publiek en leden van het publiek, publieke opiniepeilingen en hun respondenten";"";"";"0";"1";"7";"0";"0";"0";"0";"0";"0";"0";"0";"0";"0";"0";"0";"0";"0";"0";"0";"0";"0";"0";"0";"0";"0";"0";"0";"0";"0";"0";"0";"0";"0";"0";"0";"0";"0";"0";"0";"0";"0";"0";"0";"0";"0";"0";"0";"0";"0";"0";"0";"0";"0";"0";"0";"0";"0";"0";"0";"0";"0";"0";"0";"0";"0";"0";"0";"0";"0";"0";"0";"0";"0";"0";"0";"0";"Ja"
"main_coder";2330078;"Google en Apple bouwen ""corona-tracking"" in op smartphones";"2020-04-10";"https://nos.nl/artikel/2330078-google-en-apple-bouwen-corona-tracking-in-op-smartphones";"0";"0";"";"";"";"";"";"0";"0";"";"";"0";"0";"0";"0";"0";"0";"0";"0";"0";"0";"0";"0";"0";"0";"0";"0";"0";"0";"0";"0";"0";"0";"0";"0";"0";"0";"0";"0";"0";"0";"0";"0";"0";"0";"0";"0";"0";"0";"0";"0";"0";"0";"0";"0";"0";"0";"0";"0";"0";"0";"0";"0";"0";"0";"0";"0";"0";"0";"0";"0";"0";"0";"0";"0";"0";"0";"0";"0";"0";"0";"0";"0";""
"main_coder";2367812;"19-jarige Brit ontwaakt na jaar in coma in totaal andere wereld";"2021-02-08";"https://nos.nl/artikel/2367812-19-jarige-brit-ontwaakt-na-jaar-in-coma-in-totaal-andere-wereld.html";"0";"0";"";"";"";"";"";"0";"0";"";"";"0";"0";"0";"0";"0";"0";"0";"0";"0";"0";"0";"0";"0";"0";"0";"0";"0";"0";"0";"0";"0";"0";"0";"0";"0";"0";"0";"0";"0";"0";"0";"0";"0";"0";"0";"0";"0";"0";"0";"0";"0";"0";"0";"0";"0";"0";"0";"0";"0";"0";"0";"0";"0";"0";"0";"0";"0";"0";"0";"0";"0";"0";"0";"0";"0";"0";"0";"0";"0";"0";"0";"0";""
"second_coder";2365392;"7,6 miljard euro voor verruiming steunpakket voor ondernemers";"2021-01-21";"https://nos.nl/artikel/2365392-7-6-miljard-euro-voor-verruiming-steunpakket-voor-ondernemers";"1";"0";"";"";"";"";"";"0";"0";"";"";"0";"0";"0";"0";"0";"0";"0";"0";"0";"0";"0";"0";"0";"0";"0";"0";"0";"0";"0";"0";"0";"0";"0";"0";"0";"0";"0";"0";"0";"0";"0";"0";"0";"0";"0";"0";"0";"0";"0";"0";"0";"0";"0";"0";"0";"0";"0";"0";"0";"0";"0";"0";"0";"0";"0";"0";"0";"0";"0";"0";"0";"0";"0";"0";"0";"0";"0";"0";"0";"0";"0";"0";""
"second_coder";2366327;"Koning spreekt na avondklokrellen met bewoners en ondernemers in Den Bosch";"2021-01-28";"https://nos.nl/artikel/2366327-koning-spreekt-na-avondklokrellen-met-bewoners-en-ondernemers-in-den-bosch";"0";"0";"";"";"";"";"";"0";"0";"";"";"0";"0";"0";"0";"0";"0";"0";"0";"0";"0";"0";"0";"0";"0";"0";"0";"0";"0";"0";"0";"0";"0";"0";"0";"0";"0";"0";"0";"0";"0";"0";"0";"0";"0";"0";"0";"0";"0";"0";"0";"0";"0";"0";"0";"0";"0";"0";"0";"0";"0";"0";"0";"0";"0";"0";"0";"0";"0";"0";"0";"0";"0";"0";"0";"0";"0";"0";"0";"0";"0";"0";"0";""
"second_coder";2366198;"Rellen creëren ook groep ""die staat voor iets anders"": veel initiatieven om te helpen";"2021-01-27";"https://nos.nl/artikel/2366198-rellen-creeren-ook-groep-die-staat-voor-iets-anders-veel-initiatieven-om-te-helpen";"0";"0";"";"";"";"";"";"0";"0";"";"";"0";"0";"0";"0";"0";"0";"0";"0";"0";"0";"0";"0";"0";"0";"0";"0";"0";"0";"0";"0";"0";"0";"0";"0";"0";"0";"0";"0";"0";"0";"0";"0";"0";"0";"0";"0";"0";"0";"0";"0";"0";"0";"0";"0";"0";"0";"0";"0";"0";"0";"0";"0";"0";"0";"0";"0";"0";"0";"0";"0";"0";"0";"0";"0";"0";"0";"0";"0";"0";"0";"0";"0";""
"second_coder";2410526;"NHL geeft ijshockeyspelers opnieuw niet vrij voor Winterspelen";"2021-12-22";"https://nos.nl/artikel/2410526-nhl-geeft-ijshockeyspelers-opnieuw-niet-vrij-voor-winterspelen";"0";"0";"";"";"";"";"";"0";"0";"";"";"0";"0";"0";"0";"0";"0";"0";"0";"0";"0";"0";"0";"0";"0";"0";"0";"0";"0";"0";"0";"0";"0";"0";"0";"0";"0";"0";"0";"0";"0";"0";"0";"0";"0";"0";"0";"0";"0";"0";"0";"0";"0";"0";"0";"0";"0";"0";"0";"0";"0";"0";"0";"0";"0";"0";"0";"0";"0";"0";"0";"0";"0";"0";"0";"0";"0";"0";"0";"0";"0";"0";"0";""
"second_coder";2440742;"Agent vervolgd die vrouw in Eindhoven van dichtbij bespoot met waterkanon";"2022-08-15";"https://nos.nl/artikel/2440742-agent-vervolgd-die-vrouw-in-eindhoven-van-dichtbij-bespoot-met-waterkanon";"0";"0";"";"";"";"";"";"0";"0";"";"";"0";"0";"0";"0";"0";"0";"0";"0";"0";"0";"0";"0";"0";"0";"0";"0";"0";"0";"0";"0";"0";"0";"0";"0";"0";"0";"0";"0";"0";"0";"0";"0";"0";"0";"0";"0";"0";"0";"0";"0";"0";"0";"0";"0";"0";"0";"0";"0";"0";"0";"0";"0";"0";"0";"0";"0";"0";"0";"0";"0";"0";"0";"0";"0";"0";"0";"0";"0";"0";"0";"0";"0";""
"second_coder";2454001;"Protesten in China tegen coronabeleid na brand met tien doden";"2022-11-26";"https://nos.nl/artikel/2454001-protesten-in-china-tegen-coronabeleid-na-brand-met-tien-doden";"1";"0";"";"";"";"";"";"0";"0";"";"";"0";"0";"0";"0";"0";"0";"0";"0";"0";"0";"0";"0";"0";"0";"0";"0";"0";"0";"0";"0";"0";"0";"0";"0";"0";"0";"0";"0";"0";"0";"0";"0";"0";"0";"0";"0";"0";"0";"0";"0";"0";"0";"0";"0";"0";"0";"0";"0";"0";"0";"0";"0";"0";"0";"0";"0";"0";"0";"0";"0";"0";"0";"0";"0";"0";"0";"0";"0";"0";"0";"0";"0";""
"second_coder";2415061;"Skispringster Kramer zes dagen voor olympisch debuut positief getest op corona";"2022-01-30";"https://nos.nl/artikel/2415061-skispringster-kramer-zes-dagen-voor-olympisch-debuut-positief-getest-op-corona";"1";"0";"";"";"";"";"";"0";"0";"";"";"0";"0";"0";"0";"0";"0";"0";"0";"0";"0";"0";"0";"0";"0";"0";"0";"0";"0";"0";"0";"0";"0";"0";"0";"0";"0";"0";"0";"0";"0";"0";"0";"0";"0";"0";"0";"0";"0";"0";"0";"0";"0";"0";"0";"0";"0";"0";"0";"0";"0";"0";"0";"0";"0";"0";"0";"0";"0";"0";"0";"0";"0";"0";"0";"0";"0";"0";"0";"0";"0";"0";"0";""
"main_coder";2365392;"7,6 miljard euro voor verruiming steunpakket voor ondernemers";"2021-01-21";"https://nos.nl/artikel/2365392-7-6-miljard-euro-voor-verruiming-steunpakket-voor-ondernemers";"1";"0";"";"";"";"";"";"0";"0";"";"";"0";"0";"0";"0";"0";"0";"0";"0";"0";"0";"0";"0";"0";"0";"0";"0";"0";"0";"0";"0";"0";"0";"0";"0";"0";"0";"0";"0";"0";"0";"0";"0";"0";"0";"0";"0";"0";"0";"0";"0";"0";"0";"0";"0";"0";"0";"0";"0";"0";"0";"0";"0";"0";"0";"0";"0";"0";"0";"0";"0";"0";"0";"0";"0";"0";"0";"0";"0";"0";"0";"0";"0";""
"main_coder";2415061;"Skispringster Kramer zes dagen voor olympisch debuut positief getest op corona";"2022-01-30";"https://nos.nl/artikel/2415061-skispringster-kramer-zes-dagen-voor-olympisch-debuut-positief-getest-op-corona";"1";"0";"";"";"";"";"";"0";"0";"";"";"0";"0";"0";"0";"0";"0";"0";"0";"0";"0";"0";"0";"0";"0";"0";"0";"0";"0";"0";"0";"0";"0";"0";"0";"0";"0";"0";"0";"0";"0";"0";"0";"0";"0";"0";"0";"0";"0";"0";"0";"0";"0";"0";"0";"0";"0";"0";"0";"0";"0";"0";"0";"0";"0";"0";"0";"0";"0";"0";"0";"0";"0";"0";"0";"0";"0";"0";"0";"0";"0";"0";"0";""
"main_coder";2370347;"Steun voor maatregelen sterk afgenomen, maar meeste mensen houden zich er nog aan";"2021-02-26";"https://nos.nl/artikel/2370347-steun-voor-maatregelen-sterk-afgenomen-maar-meeste-mensen-houden-zich-er-nog-aan.html";"1";"1";"80 procent";"Persoon";"Publiek en leden van het publiek, publieke opiniepeilingen en hun respondenten";"";"";"0";"1";"16";"0";"0";"0";"0";"0";"0";"0";"0";"0";"0";"0";"0";"0";"0";"0";"0";"0";"0";"0";"0";"0";"0";"0";"0";"0";"0";"0";"0";"0";"0";"0";"0";"0";"0";"0";"0";"0";"0";"0";"0";"0";"0";"0";"0";"0";"0";"0";"0";"0";"0";"0";"0";"0";"0";"0";"0";"0";"0";"0";"0";"0";"0";"0";"0";"0";"0";"0";"0";"0";"0";"0";"0";"0";"Nee"
"main_coder";2330078;"Google en Apple bouwen ""corona-tracking"" in op smartphones";"2020-04-10";"https://nos.nl/artikel/2330078-google-en-apple-bouwen-corona-tracking-in-op-smartphones";"0";"0";"";"";"";"";"";"0";"0";"";"";"0";"0";"0";"0";"0";"0";"0";"0";"0";"0";"0";"0";"0";"0";"0";"0";"0";"0";"0";"0";"0";"0";"0";"0";"0";"0";"0";"0";"0";"0";"0";"0";"0";"0";"0";"0";"0";"0";"0";"0";"0";"0";"0";"0";"0";"0";"0";"0";"0";"0";"0";"0";"0";"0";"0";"0";"0";"0";"0";"0";"0";"0";"0";"0";"0";"0";"0";"0";"0";"0";"0";"0";""
"main_coder";2367812;"19-jarige Brit ontwaakt na jaar in coma in totaal andere wereld";"2021-02-08";"https://nos.nl/artikel/2367812-19-jarige-brit-ontwaakt-na-jaar-in-coma-in-totaal-andere-wereld.html";"0";"0";"";"";"";"";"";"0";"0";"";"";"0";"0";"0";"0";"0";"0";"0";"0";"0";"0";"0";"0";"0";"0";"0";"0";"0";"0";"0";"0";"0";"0";"0";"0";"0";"0";"0";"0";"0";"0";"0";"0";"0";"0";"0";"0";"0";"0";"0";"0";"0";"0";"0";"0";"0";"0";"0";"0";"0";"0";"0";"0";"0";"0";"0";"0";"0";"0";"0";"0";"0";"0";"0";"0";"0";"0";"0";"0";"0";"0";"0";"0";""
"second_coder";2365392;"7,6 miljard euro voor verruiming steunpakket voor ondernemers";"2021-01-21";"https://nos.nl/artikel/2365392-7-6-miljard-euro-voor-verruiming-steunpakket-voor-ondernemers";"1";"0";"";"";"";"";"";"0";"0";"";"";"0";"0";"0";"0";"0";"0";"0";"0";"0";"0";"0";"0";"0";"0";"0";"0";"0";"0";"0";"0";"0";"0";"0";"0";"0";"0";"0";"0";"0";"0";"0";"0";"0";"0";"0";"0";"0";"0";"0";"0";"0";"0";"0";"0";"0";"0";"0";"0";"0";"0";"0";"0";"0";"0";"0";"0";"0";"0";"0";"0";"0";"0";"0";"0";"0";"0";"0";"0";"0";"0";"0";"0";""
"second_coder";2366327;"Koning spreekt na avondklokrellen met bewoners en ondernemers in Den Bosch";"2021-01-28";"https://nos.nl/artikel/2366327-koning-spreekt-na-avondklokrellen-met-bewoners-en-ondernemers-in-den-bosch";"0";"0";"";"";"";"";"";"0";"0";"";"";"0";"0";"0";"0";"0";"0";"0";"0";"0";"0";"0";"0";"0";"0";"0";"0";"0";"0";"0";"0";"0";"0";"0";"0";"0";"0";"0";"0";"0";"0";"0";"0";"0";"0";"0";"0";"0";"0";"0";"0";"0";"0";"0";"0";"0";"0";"0";"0";"0";"0";"0";"0";"0";"0";"0";"0";"0";"0";"0";"0";"0";"0";"0";"0";"0";"0";"0";"0";"0";"0";"0";"0";""
"second_coder";2366198;"Rellen creëren ook groep ""die staat voor iets anders"": veel initiatieven om te helpen";"2021-01-27";"https://nos.nl/artikel/2366198-rellen-creeren-ook-groep-die-staat-voor-iets-anders-veel-initiatieven-om-te-helpen";"0";"0";"";"";"";"";"";"0";"0";"";"";"0";"0";"0";"0";"0";"0";"0";"0";"0";"0";"0";"0";"0";"0";"0";"0";"0";"0";"0";"0";"0";"0";"0";"0";"0";"0";"0";"0";"0";"0";"0";"0";"0";"0";"0";"0";"0";"0";"0";"0";"0";"0";"0";"0";"0";"0";"0";"0";"0";"0";"0";"0";"0";"0";"0";"0";"0";"0";"0";"0";"0";"0";"0";"0";"0";"0";"0";"0";"0";"0";"0";"0";""
"second_coder";2410526;"NHL geeft ijshockeyspelers opnieuw niet vrij voor Winterspelen";"2021-12-22";"https://nos.nl/artikel/2410526-nhl-geeft-ijshockeyspelers-opnieuw-niet-vrij-voor-winterspelen";"0";"0";"";"";"";"";"";"0";"0";"";"";"0";"0";"0";"0";"0";"0";"0";"0";"0";"0";"0";"0";"0";"0";"0";"0";"0";"0";"0";"0";"0";"0";"0";"0";"0";"0";"0";"0";"0";"0";"0";"0";"0";"0";"0";"0";"0";"0";"0";"0";"0";"0";"0";"0";"0";"0";"0";"0";"0";"0";"0";"0";"0";"0";"0";"0";"0";"0";"0";"0";"0";"0";"0";"0";"0";"0";"0";"0";"0";"0";"0";"0";""
"second_coder";2440742;"Agent vervolgd die vrouw in Eindhoven van dichtbij bespoot met waterkanon";"2022-08-15";"https://nos.nl/artikel/2440742-agent-vervolgd-die-vrouw-in-eindhoven-van-dichtbij-bespoot-met-waterkanon";"0";"0";"";"";"";"";"";"0";"0";"";"";"0";"0";"0";"0";"0";"0";"0";"0";"0";"0";"0";"0";"0";"0";"0";"0";"0";"0";"0";"0";"0";"0";"0";"0";"0";"0";"0";"0";"0";"0";"0";"0";"0";"0";"0";"0";"0";"0";"0";"0";"0";"0";"0";"0";"0";"0";"0";"0";"0";"0";"0";"0";"0";"0";"0";"0";"0";"0";"0";"0";"0";"0";"0";"0";"0";"0";"0";"0";"0";"0";"0";"0";""
"second_coder";2454001;"Protesten in China tegen coronabeleid na brand met tien doden";"2022-11-26";"https://nos.nl/artikel/2454001-protesten-in-china-tegen-coronabeleid-na-brand-met-tien-doden";"1";"0";"";"";"";"";"";"0";"0";"";"";"0";"0";"0";"0";"0";"0";"0";"0";"0";"0";"0";"0";"0";"0";"0";"0";"0";"0";"0";"0";"0";"0";"0";"0";"0";"0";"0";"0";"0";"0";"0";"0";"0";"0";"0";"0";"0";"0";"0";"0";"0";"0";"0";"0";"0";"0";"0";"0";"0";"0";"0";"0";"0";"0";"0";"0";"0";"0";"0";"0";"0";"0";"0";"0";"0";"0";"0";"0";"0";"0";"0";"0";""
"second_coder";2415061;"Skispringster Kramer zes dagen voor olympisch debuut positief getest op corona";"2022-01-30";"https://nos.nl/artikel/2415061-skispringster-kramer-zes-dagen-voor-olympisch-debuut-positief-getest-op-corona";"1";"0";"";"";"";"";"";"0";"0";"";"";"0";"0";"0";"0";"0";"0";"0";"0";"0";"0";"0";"0";"0";"0";"0";"0";"0";"0";"0";"0";"0";"0";"0";"0";"0";"0";"0";"0";"0";"0";"0";"0";"0";"0";"0";"0";"0";"0";"0";"0";"0";"0";"0";"0";"0";"0";"0";"0";"0";"0";"0";"0";"0";"0";"0";"0";"0";"0";"0";"0";"0";"0";"0";"0";"0";"0";"0";"0";"0";"0";"0";"0";""
"main_coder";2365392;"7,6 miljard euro voor verruiming steunpakket voor ondernemers";"2021-01-21";"https://nos.nl/artikel/2365392-7-6-miljard-euro-voor-verruiming-steunpakket-voor-ondernemers";"1";"0";"";"";"";"";"";"0";"0";"";"";"0";"0";"0";"0";"0";"0";"0";"0";"0";"0";"0";"0";"0";"0";"0";"0";"0";"0";"0";"0";"0";"0";"0";"0";"0";"0";"0";"0";"0";"0";"0";"0";"0";"0";"0";"0";"0";"0";"0";"0";"0";"0";"0";"0";"0";"0";"0";"0";"0";"0";"0";"0";"0";"0";"0";"0";"0";"0";"0";"0";"0";"0";"0";"0";"0";"0";"0";"0";"0";"0";"0";"0";""
"main_coder";2415061;"Skispringster Kramer zes dagen voor olympisch debuut positief getest op corona";"2022-01-30";"https://nos.nl/artikel/2415061-skispringster-kramer-zes-dagen-voor-olympisch-debuut-positief-getest-op-corona";"1";"0";"";"";"";"";"";"0";"0";"";"";"0";"0";"0";"0";"0";"0";"0";"0";"0";"0";"0";"0";"0";"0";"0";"0";"0";"0";"0";"0";"0";"0";"0";"0";"0";"0";"0";"0";"0";"0";"0";"0";"0";"0";"0";"0";"0";"0";"0";"0";"0";"0";"0";"0";"0";"0";"0";"0";"0";"0";"0";"0";"0";"0";"0";"0";"0";"0";"0";"0";"0";"0";"0";"0";"0";"0";"0";"0";"0";"0";"0";"0";""
"main_coder";2330078;"Google en Apple bouwen ""corona-tracking"" in op smartphones";"2020-04-10";"https://nos.nl/artikel/2330078-google-en-apple-bouwen-corona-tracking-in-op-smartphones";"0";"0";"";"";"";"";"";"0";"0";"";"";"0";"0";"0";"0";"0";"0";"0";"0";"0";"0";"0";"0";"0";"0";"0";"0";"0";"0";"0";"0";"0";"0";"0";"0";"0";"0";"0";"0";"0";"0";"0";"0";"0";"0";"0";"0";"0";"0";"0";"0";"0";"0";"0";"0";"0";"0";"0";"0";"0";"0";"0";"0";"0";"0";"0";"0";"0";"0";"0";"0";"0";"0";"0";"0";"0";"0";"0";"0";"0";"0";"0";"0";""
"main_coder";2367812;"19-jarige Brit ontwaakt na jaar in coma in totaal andere wereld";"2021-02-08";"https://nos.nl/artikel/2367812-19-jarige-brit-ontwaakt-na-jaar-in-coma-in-totaal-andere-wereld.html";"0";"0";"";"";"";"";"";"0";"0";"";"";"0";"0";"0";"0";"0";"0";"0";"0";"0";"0";"0";"0";"0";"0";"0";"0";"0";"0";"0";"0";"0";"0";"0";"0";"0";"0";"0";"0";"0";"0";"0";"0";"0";"0";"0";"0";"0";"0";"0";"0";"0";"0";"0";"0";"0";"0";"0";"0";"0";"0";"0";"0";"0";"0";"0";"0";"0";"0";"0";"0";"0";"0";"0";"0";"0";"0";"0";"0";"0";"0";"0";"0";""
"second_coder";2365392;"7,6 miljard euro voor verruiming steunpakket voor ondernemers";"2021-01-21";"https://nos.nl/artikel/2365392-7-6-miljard-euro-voor-verruiming-steunpakket-voor-ondernemers";"1";"0";"";"";"";"";"";"0";"0";"";"";"0";"0";"0";"0";"0";"0";"0";"0";"0";"0";"0";"0";"0";"0";"0";"0";"0";"0";"0";"0";"0";"0";"0";"0";"0";"0";"0";"0";"0";"0";"0";"0";"0";"0";"0";"0";"0";"0";"0";"0";"0";"0";"0";"0";"0";"0";"0";"0";"0";"0";"0";"0";"0";"0";"0";"0";"0";"0";"0";"0";"0";"0";"0";"0";"0";"0";"0";"0";"0";"0";"0";"0";""
"second_coder";2366327;"Koning spreekt na avondklokrellen met bewoners en ondernemers in Den Bosch";"2021-01-28";"https://nos.nl/artikel/2366327-koning-spreekt-na-avondklokrellen-met-bewoners-en-ondernemers-in-den-bosch";"0";"0";"";"";"";"";"";"0";"0";"";"";"0";"0";"0";"0";"0";"0";"0";"0";"0";"0";"0";"0";"0";"0";"0";"0";"0";"0";"0";"0";"0";"0";"0";"0";"0";"0";"0";"0";"0";"0";"0";"0";"0";"0";"0";"0";"0";"0";"0";"0";"0";"0";"0";"0";"0";"0";"0";"0";"0";"0";"0";"0";"0";"0";"0";"0";"0";"0";"0";"0";"0";"0";"0";"0";"0";"0";"0";"0";"0";"0";"0";"0";""
"second_coder";2366198;"Rellen creëren ook groep ""die staat voor iets anders"": veel initiatieven om te helpen";"2021-01-27";"https://nos.nl/artikel/2366198-rellen-creeren-ook-groep-die-staat-voor-iets-anders-veel-initiatieven-om-te-helpen";"0";"0";"";"";"";"";"";"0";"0";"";"";"0";"0";"0";"0";"0";"0";"0";"0";"0";"0";"0";"0";"0";"0";"0";"0";"0";"0";"0";"0";"0";"0";"0";"0";"0";"0";"0";"0";"0";"0";"0";"0";"0";"0";"0";"0";"0";"0";"0";"0";"0";"0";"0";"0";"0";"0";"0";"0";"0";"0";"0";"0";"0";"0";"0";"0";"0";"0";"0";"0";"0";"0";"0";"0";"0";"0";"0";"0";"0";"0";"0";"0";""
"second_coder";2410526;"NHL geeft ijshockeyspelers opnieuw niet vrij voor Winterspelen";"2021-12-22";"https://nos.nl/artikel/2410526-nhl-geeft-ijshockeyspelers-opnieuw-niet-vrij-voor-winterspelen";"0";"0";"";"";"";"";"";"0";"0";"";"";"0";"0";"0";"0";"0";"0";"0";"0";"0";"0";"0";"0";"0";"0";"0";"0";"0";"0";"0";"0";"0";"0";"0";"0";"0";"0";"0";"0";"0";"0";"0";"0";"0";"0";"0";"0";"0";"0";"0";"0";"0";"0";"0";"0";"0";"0";"0";"0";"0";"0";"0";"0";"0";"0";"0";"0";"0";"0";"0";"0";"0";"0";"0";"0";"0";"0";"0";"0";"0";"0";"0";"0";""
"second_coder";2440742;"Agent vervolgd die vrouw in Eindhoven van dichtbij bespoot met waterkanon";"2022-08-15";"https://nos.nl/artikel/2440742-agent-vervolgd-die-vrouw-in-eindhoven-van-dichtbij-bespoot-met-waterkanon";"0";"0";"";"";"";"";"";"0";"0";"";"";"0";"0";"0";"0";"0";"0";"0";"0";"0";"0";"0";"0";"0";"0";"0";"0";"0";"0";"0";"0";"0";"0";"0";"0";"0";"0";"0";"0";"0";"0";"0";"0";"0";"0";"0";"0";"0";"0";"0";"0";"0";"0";"0";"0";"0";"0";"0";"0";"0";"0";"0";"0";"0";"0";"0";"0";"0";"0";"0";"0";"0";"0";"0";"0";"0";"0";"0";"0";"0";"0";"0";"0";""
"second_coder";2454001;"Protesten in China tegen coronabeleid na brand met tien doden";"2022-11-26";"https://nos.nl/artikel/2454001-protesten-in-china-tegen-coronabeleid-na-brand-met-tien-doden";"1";"0";"";"";"";"";"";"0";"0";"";"";"0";"0";"0";"0";"0";"0";"0";"0";"0";"0";"0";"0";"0";"0";"0";"0";"0";"0";"0";"0";"0";"0";"0";"0";"0";"0";"0";"0";"0";"0";"0";"0";"0";"0";"0";"0";"0";"0";"0";"0";"0";"0";"0";"0";"0";"0";"0";"0";"0";"0";"0";"0";"0";"0";"0";"0";"0";"0";"0";"0";"0";"0";"0";"0";"0";"0";"0";"0";"0";"0";"0";"0";""
"second_coder";2415061;"Skispringster Kramer zes dagen voor olympisch debuut positief getest op corona";"2022-01-30";"https://nos.nl/artikel/2415061-skispringster-kramer-zes-dagen-voor-olympisch-debuut-positief-getest-op-corona";"1";"0";"";"";"";"";"";"0";"0";"";"";"0";"0";"0";"0";"0";"0";"0";"0";"0";"0";"0";"0";"0";"0";"0";"0";"0";"0";"0";"0";"0";"0";"0";"0";"0";"0";"0";"0";"0";"0";"0";"0";"0";"0";"0";"0";"0";"0";"0";"0";"0";"0";"0";"0";"0";"0";"0";"0";"0";"0";"0";"0";"0";"0";"0";"0";"0";"0";"0";"0";"0";"0";"0";"0";"0";"0";"0";"0";"0";"0";"0";"0";""
"main_coder";2365392;"7,6 miljard euro voor verruiming steunpakket voor ondernemers";"2021-01-21";"https://nos.nl/artikel/2365392-7-6-miljard-euro-voor-verruiming-steunpakket-voor-ondernemers";"1";"0";"";"";"";"";"";"0";"0";"";"";"0";"0";"0";"0";"0";"0";"0";"0";"0";"0";"0";"0";"0";"0";"0";"0";"0";"0";"0";"0";"0";"0";"0";"0";"0";"0";"0";"0";"0";"0";"0";"0";"0";"0";"0";"0";"0";"0";"0";"0";"0";"0";"0";"0";"0";"0";"0";"0";"0";"0";"0";"0";"0";"0";"0";"0";"0";"0";"0";"0";"0";"0";"0";"0";"0";"0";"0";"0";"0";"0";"0";"0";""
"main_coder";2415061;"Skispringster Kramer zes dagen voor olympisch debuut positief getest op corona";"2022-01-30";"https://nos.nl/artikel/2415061-skispringster-kramer-zes-dagen-voor-olympisch-debuut-positief-getest-op-corona";"1";"0";"";"";"";"";"";"0";"0";"";"";"0";"0";"0";"0";"0";"0";"0";"0";"0";"0";"0";"0";"0";"0";"0";"0";"0";"0";"0";"0";"0";"0";"0";"0";"0";"0";"0";"0";"0";"0";"0";"0";"0";"0";"0";"0";"0";"0";"0";"0";"0";"0";"0";"0";"0";"0";"0";"0";"0";"0";"0";"0";"0";"0";"0";"0";"0";"0";"0";"0";"0";"0";"0";"0";"0";"0";"0";"0";"0";"0";"0";"0";""
"main_coder";2330078;"Google en Apple bouwen ""corona-tracking"" in op smartphones";"2020-04-10";"https://nos.nl/artikel/2330078-google-en-apple-bouwen-corona-tracking-in-op-smartphones";"0";"0";"";"";"";"";"";"0";"0";"";"";"0";"0";"0";"0";"0";"0";"0";"0";"0";"0";"0";"0";"0";"0";"0";"0";"0";"0";"0";"0";"0";"0";"0";"0";"0";"0";"0";"0";"0";"0";"0";"0";"0";"0";"0";"0";"0";"0";"0";"0";"0";"0";"0";"0";"0";"0";"0";"0";"0";"0";"0";"0";"0";"0";"0";"0";"0";"0";"0";"0";"0";"0";"0";"0";"0";"0";"0";"0";"0";"0";"0";"0";""
"main_coder";2367812;"19-jarige Brit ontwaakt na jaar in coma in totaal andere wereld";"2021-02-08";"https://nos.nl/artikel/2367812-19-jarige-brit-ontwaakt-na-jaar-in-coma-in-totaal-andere-wereld.html";"0";"0";"";"";"";"";"";"0";"0";"";"";"0";"0";"0";"0";"0";"0";"0";"0";"0";"0";"0";"0";"0";"0";"0";"0";"0";"0";"0";"0";"0";"0";"0";"0";"0";"0";"0";"0";"0";"0";"0";"0";"0";"0";"0";"0";"0";"0";"0";"0";"0";"0";"0";"0";"0";"0";"0";"0";"0";"0";"0";"0";"0";"0";"0";"0";"0";"0";"0";"0";"0";"0";"0";"0";"0";"0";"0";"0";"0";"0";"0";"0";""
"second_coder";2365392;"7,6 miljard euro voor verruiming steunpakket voor ondernemers";"2021-01-21";"https://nos.nl/artikel/2365392-7-6-miljard-euro-voor-verruiming-steunpakket-voor-ondernemers";"1";"0";"";"";"";"";"";"0";"0";"";"";"0";"0";"0";"0";"0";"0";"0";"0";"0";"0";"0";"0";"0";"0";"0";"0";"0";"0";"0";"0";"0";"0";"0";"0";"0";"0";"0";"0";"0";"0";"0";"0";"0";"0";"0";"0";"0";"0";"0";"0";"0";"0";"0";"0";"0";"0";"0";"0";"0";"0";"0";"0";"0";"0";"0";"0";"0";"0";"0";"0";"0";"0";"0";"0";"0";"0";"0";"0";"0";"0";"0";"0";""
"second_coder";2366327;"Koning spreekt na avondklokrellen met bewoners en ondernemers in Den Bosch";"2021-01-28";"https://nos.nl/artikel/2366327-koning-spreekt-na-avondklokrellen-met-bewoners-en-ondernemers-in-den-bosch";"0";"0";"";"";"";"";"";"0";"0";"";"";"0";"0";"0";"0";"0";"0";"0";"0";"0";"0";"0";"0";"0";"0";"0";"0";"0";"0";"0";"0";"0";"0";"0";"0";"0";"0";"0";"0";"0";"0";"0";"0";"0";"0";"0";"0";"0";"0";"0";"0";"0";"0";"0";"0";"0";"0";"0";"0";"0";"0";"0";"0";"0";"0";"0";"0";"0";"0";"0";"0";"0";"0";"0";"0";"0";"0";"0";"0";"0";"0";"0";"0";""
"second_coder";2366198;"Rellen creëren ook groep ""die staat voor iets anders"": veel initiatieven om te helpen";"2021-01-27";"https://nos.nl/artikel/2366198-rellen-creeren-ook-groep-die-staat-voor-iets-anders-veel-initiatieven-om-te-helpen";"0";"0";"";"";"";"";"";"0";"0";"";"";"0";"0";"0";"0";"0";"0";"0";"0";"0";"0";"0";"0";"0";"0";"0";"0";"0";"0";"0";"0";"0";"0";"0";"0";"0";"0";"0";"0";"0";"0";"0";"0";"0";"0";"0";"0";"0";"0";"0";"0";"0";"0";"0";"0";"0";"0";"0";"0";"0";"0";"0";"0";"0";"0";"0";"0";"0";"0";"0";"0";"0";"0";"0";"0";"0";"0";"0";"0";"0";"0";"0";"0";""
"second_coder";2410526;"NHL geeft ijshockeyspelers opnieuw niet vrij voor Winterspelen";"2021-12-22";"https://nos.nl/artikel/2410526-nhl-geeft-ijshockeyspelers-opnieuw-niet-vrij-voor-winterspelen";"0";"0";"";"";"";"";"";"0";"0";"";"";"0";"0";"0";"0";"0";"0";"0";"0";"0";"0";"0";"0";"0";"0";"0";"0";"0";"0";"0";"0";"0";"0";"0";"0";"0";"0";"0";"0";"0";"0";"0";"0";"0";"0";"0";"0";"0";"0";"0";"0";"0";"0";"0";"0";"0";"0";"0";"0";"0";"0";"0";"0";"0";"0";"0";"0";"0";"0";"0";"0";"0";"0";"0";"0";"0";"0";"0";"0";"0";"0";"0";"0";""
"second_coder";2440742;"Agent vervolgd die vrouw in Eindhoven van dichtbij bespoot met waterkanon";"2022-08-15";"https://nos.nl/artikel/2440742-agent-vervolgd-die-vrouw-in-eindhoven-van-dichtbij-bespoot-met-waterkanon";"0";"0";"";"";"";"";"";"0";"0";"";"";"0";"0";"0";"0";"0";"0";"0";"0";"0";"0";"0";"0";"0";"0";"0";"0";"0";"0";"0";"0";"0";"0";"0";"0";"0";"0";"0";"0";"0";"0";"0";"0";"0";"0";"0";"0";"0";"0";"0";"0";"0";"0";"0";"0";"0";"0";"0";"0";"0";"0";"0";"0";"0";"0";"0";"0";"0";"0";"0";"0";"0";"0";"0";"0";"0";"0";"0";"0";"0";"0";"0";"0";""
"second_coder";2454001;"Protesten in China tegen coronabeleid na brand met tien doden";"2022-11-26";"https://nos.nl/artikel/2454001-protesten-in-china-tegen-coronabeleid-na-brand-met-tien-doden";"1";"0";"";"";"";"";"";"0";"0";"";"";"0";"0";"0";"0";"0";"0";"0";"0";"0";"0";"0";"0";"0";"0";"0";"0";"0";"0";"0";"0";"0";"0";"0";"0";"0";"0";"0";"0";"0";"0";"0";"0";"0";"0";"0";"0";"0";"0";"0";"0";"0";"0";"0";"0";"0";"0";"0";"0";"0";"0";"0";"0";"0";"0";"0";"0";"0";"0";"0";"0";"0";"0";"0";"0";"0";"0";"0";"0";"0";"0";"0";"0";""
"second_coder";2415061;"Skispringster Kramer zes dagen voor olympisch debuut positief getest op corona";"2022-01-30";"https://nos.nl/artikel/2415061-skispringster-kramer-zes-dagen-voor-olympisch-debuut-positief-getest-op-corona";"1";"0";"";"";"";"";"";"0";"0";"";"";"0";"0";"0";"0";"0";"0";"0";"0";"0";"0";"0";"0";"0";"0";"0";"0";"0";"0";"0";"0";"0";"0";"0";"0";"0";"0";"0";"0";"0";"0";"0";"0";"0";"0";"0";"0";"0";"0";"0";"0";"0";"0";"0";"0";"0";"0";"0";"0";"0";"0";"0";"0";"0";"0";"0";"0";"0";"0";"0";"0";"0";"0";"0";"0";"0";"0";"0";"0";"0";"0";"0";"0";""
"main_coder";2365392;"7,6 miljard euro voor verruiming steunpakket voor ondernemers";"2021-01-21";"https://nos.nl/artikel/2365392-7-6-miljard-euro-voor-verruiming-steunpakket-voor-ondernemers";"1";"0";"";"";"";"";"";"0";"0";"";"";"0";"0";"0";"0";"0";"0";"0";"0";"0";"0";"0";"0";"0";"0";"0";"0";"0";"0";"0";"0";"0";"0";"0";"0";"0";"0";"0";"0";"0";"0";"0";"0";"0";"0";"0";"0";"0";"0";"0";"0";"0";"0";"0";"0";"0";"0";"0";"0";"0";"0";"0";"0";"0";"0";"0";"0";"0";"0";"0";"0";"0";"0";"0";"0";"0";"0";"0";"0";"0";"0";"0";"0";""
"main_coder";2415061;"Skispringster Kramer zes dagen voor olympisch debuut positief getest op corona";"2022-01-30";"https://nos.nl/artikel/2415061-skispringster-kramer-zes-dagen-voor-olympisch-debuut-positief-getest-op-corona";"1";"0";"";"";"";"";"";"0";"0";"";"";"0";"0";"0";"0";"0";"0";"0";"0";"0";"0";"0";"0";"0";"0";"0";"0";"0";"0";"0";"0";"0";"0";"0";"0";"0";"0";"0";"0";"0";"0";"0";"0";"0";"0";"0";"0";"0";"0";"0";"0";"0";"0";"0";"0";"0";"0";"0";"0";"0";"0";"0";"0";"0";"0";"0";"0";"0";"0";"0";"0";"0";"0";"0";"0";"0";"0";"0";"0";"0";"0";"0";"0";""
"main_coder";2330078;"Google en Apple bouwen ""corona-tracking"" in op smartphones";"2020-04-10";"https://nos.nl/artikel/2330078-google-en-apple-bouwen-corona-tracking-in-op-smartphones";"0";"0";"";"";"";"";"";"0";"0";"";"";"0";"0";"0";"0";"0";"0";"0";"0";"0";"0";"0";"0";"0";"0";"0";"0";"0";"0";"0";"0";"0";"0";"0";"0";"0";"0";"0";"0";"0";"0";"0";"0";"0";"0";"0";"0";"0";"0";"0";"0";"0";"0";"0";"0";"0";"0";"0";"0";"0";"0";"0";"0";"0";"0";"0";"0";"0";"0";"0";"0";"0";"0";"0";"0";"0";"0";"0";"0";"0";"0";"0";"0";""
"main_coder";2367812;"19-jarige Brit ontwaakt na jaar in coma in totaal andere wereld";"2021-02-08";"https://nos.nl/artikel/2367812-19-jarige-brit-ontwaakt-na-jaar-in-coma-in-totaal-andere-wereld.html";"0";"0";"";"";"";"";"";"0";"0";"";"";"0";"0";"0";"0";"0";"0";"0";"0";"0";"0";"0";"0";"0";"0";"0";"0";"0";"0";"0";"0";"0";"0";"0";"0";"0";"0";"0";"0";"0";"0";"0";"0";"0";"0";"0";"0";"0";"0";"0";"0";"0";"0";"0";"0";"0";"0";"0";"0";"0";"0";"0";"0";"0";"0";"0";"0";"0";"0";"0";"0";"0";"0";"0";"0";"0";"0";"0";"0";"0";"0";"0";"0";""
"second_coder";2365392;"7,6 miljard euro voor verruiming steunpakket voor ondernemers";"2021-01-21";"https://nos.nl/artikel/2365392-7-6-miljard-euro-voor-verruiming-steunpakket-voor-ondernemers";"1";"0";"";"";"";"";"";"0";"0";"";"";"0";"0";"0";"0";"0";"0";"0";"0";"0";"0";"0";"0";"0";"0";"0";"0";"0";"0";"0";"0";"0";"0";"0";"0";"0";"0";"0";"0";"0";"0";"0";"0";"0";"0";"0";"0";"0";"0";"0";"0";"0";"0";"0";"0";"0";"0";"0";"0";"0";"0";"0";"0";"0";"0";"0";"0";"0";"0";"0";"0";"0";"0";"0";"0";"0";"0";"0";"0";"0";"0";"0";"0";""
"second_coder";2366327;"Koning spreekt na avondklokrellen met bewoners en ondernemers in Den Bosch";"2021-01-28";"https://nos.nl/artikel/2366327-koning-spreekt-na-avondklokrellen-met-bewoners-en-ondernemers-in-den-bosch";"0";"0";"";"";"";"";"";"0";"0";"";"";"0";"0";"0";"0";"0";"0";"0";"0";"0";"0";"0";"0";"0";"0";"0";"0";"0";"0";"0";"0";"0";"0";"0";"0";"0";"0";"0";"0";"0";"0";"0";"0";"0";"0";"0";"0";"0";"0";"0";"0";"0";"0";"0";"0";"0";"0";"0";"0";"0";"0";"0";"0";"0";"0";"0";"0";"0";"0";"0";"0";"0";"0";"0";"0";"0";"0";"0";"0";"0";"0";"0";"0";""
"second_coder";2366198;"Rellen creëren ook groep ""die staat voor iets anders"": veel initiatieven om te helpen";"2021-01-27";"https://nos.nl/artikel/2366198-rellen-creeren-ook-groep-die-staat-voor-iets-anders-veel-initiatieven-om-te-helpen";"0";"0";"";"";"";"";"";"0";"0";"";"";"0";"0";"0";"0";"0";"0";"0";"0";"0";"0";"0";"0";"0";"0";"0";"0";"0";"0";"0";"0";"0";"0";"0";"0";"0";"0";"0";"0";"0";"0";"0";"0";"0";"0";"0";"0";"0";"0";"0";"0";"0";"0";"0";"0";"0";"0";"0";"0";"0";"0";"0";"0";"0";"0";"0";"0";"0";"0";"0";"0";"0";"0";"0";"0";"0";"0";"0";"0";"0";"0";"0";"0";""
"second_coder";2410526;"NHL geeft ijshockeyspelers opnieuw niet vrij voor Winterspelen";"2021-12-22";"https://nos.nl/artikel/2410526-nhl-geeft-ijshockeyspelers-opnieuw-niet-vrij-voor-winterspelen";"0";"0";"";"";"";"";"";"0";"0";"";"";"0";"0";"0";"0";"0";"0";"0";"0";"0";"0";"0";"0";"0";"0";"0";"0";"0";"0";"0";"0";"0";"0";"0";"0";"0";"0";"0";"0";"0";"0";"0";"0";"0";"0";"0";"0";"0";"0";"0";"0";"0";"0";"0";"0";"0";"0";"0";"0";"0";"0";"0";"0";"0";"0";"0";"0";"0";"0";"0";"0";"0";"0";"0";"0";"0";"0";"0";"0";"0";"0";"0";"0";""
"second_coder";2440742;"Agent vervolgd die vrouw in Eindhoven van dichtbij bespoot met waterkanon";"2022-08-15";"https://nos.nl/artikel/2440742-agent-vervolgd-die-vrouw-in-eindhoven-van-dichtbij-bespoot-met-waterkanon";"0";"0";"";"";"";"";"";"0";"0";"";"";"0";"0";"0";"0";"0";"0";"0";"0";"0";"0";"0";"0";"0";"0";"0";"0";"0";"0";"0";"0";"0";"0";"0";"0";"0";"0";"0";"0";"0";"0";"0";"0";"0";"0";"0";"0";"0";"0";"0";"0";"0";"0";"0";"0";"0";"0";"0";"0";"0";"0";"0";"0";"0";"0";"0";"0";"0";"0";"0";"0";"0";"0";"0";"0";"0";"0";"0";"0";"0";"0";"0";"0";""
"second_coder";2454001;"Protesten in China tegen coronabeleid na brand met tien doden";"2022-11-26";"https://nos.nl/artikel/2454001-protesten-in-china-tegen-coronabeleid-na-brand-met-tien-doden";"1";"0";"";"";"";"";"";"0";"0";"";"";"0";"0";"0";"0";"0";"0";"0";"0";"0";"0";"0";"0";"0";"0";"0";"0";"0";"0";"0";"0";"0";"0";"0";"0";"0";"0";"0";"0";"0";"0";"0";"0";"0";"0";"0";"0";"0";"0";"0";"0";"0";"0";"0";"0";"0";"0";"0";"0";"0";"0";"0";"0";"0";"0";"0";"0";"0";"0";"0";"0";"0";"0";"0";"0";"0";"0";"0";"0";"0";"0";"0";"0";""
"second_coder";2415061;"Skispringster Kramer zes dagen voor olympisch debuut positief getest op corona";"2022-01-30";"https://nos.nl/artikel/2415061-skispringster-kramer-zes-dagen-voor-olympisch-debuut-positief-getest-op-corona";"1";"0";"";"";"";"";"";"0";"0";"";"";"0";"0";"0";"0";"0";"0";"0";"0";"0";"0";"0";"0";"0";"0";"0";"0";"0";"0";"0";"0";"0";"0";"0";"0";"0";"0";"0";"0";"0";"0";"0";"0";"0";"0";"0";"0";"0";"0";"0";"0";"0";"0";"0";"0";"0";"0";"0";"0";"0";"0";"0";"0";"0";"0";"0";"0";"0";"0";"0";"0";"0";"0";"0";"0";"0";"0";"0";"0";"0";"0";"0";"0";""
"main_coder";2365392;"7,6 miljard euro voor verruiming steunpakket voor ondernemers";"2021-01-21";"https://nos.nl/artikel/2365392-7-6-miljard-euro-voor-verruiming-steunpakket-voor-ondernemers";"1";"0";"";"";"";"";"";"0";"0";"";"";"0";"0";"0";"0";"0";"0";"0";"0";"0";"0";"0";"0";"0";"0";"0";"0";"0";"0";"0";"0";"0";"0";"0";"0";"0";"0";"0";"0";"0";"0";"0";"0";"0";"0";"0";"0";"0";"0";"0";"0";"0";"0";"0";"0";"0";"0";"0";"0";"0";"0";"0";"0";"0";"0";"0";"0";"0";"0";"0";"0";"0";"0";"0";"0";"0";"0";"0";"0";"0";"0";"0";"0";""
"main_coder";2415061;"Skispringster Kramer zes dagen voor olympisch debuut positief getest op corona";"2022-01-30";"https://nos.nl/artikel/2415061-skispringster-kramer-zes-dagen-voor-olympisch-debuut-positief-getest-op-corona";"1";"0";"";"";"";"";"";"0";"0";"";"";"0";"0";"0";"0";"0";"0";"0";"0";"0";"0";"0";"0";"0";"0";"0";"0";"0";"0";"0";"0";"0";"0";"0";"0";"0";"0";"0";"0";"0";"0";"0";"0";"0";"0";"0";"0";"0";"0";"0";"0";"0";"0";"0";"0";"0";"0";"0";"0";"0";"0";"0";"0";"0";"0";"0";"0";"0";"0";"0";"0";"0";"0";"0";"0";"0";"0";"0";"0";"0";"0";"0";"0";""
"main_coder";2330078;"Google en Apple bouwen ""corona-tracking"" in op smartphones";"2020-04-10";"https://nos.nl/artikel/2330078-google-en-apple-bouwen-corona-tracking-in-op-smartphones";"0";"0";"";"";"";"";"";"0";"0";"";"";"0";"0";"0";"0";"0";"0";"0";"0";"0";"0";"0";"0";"0";"0";"0";"0";"0";"0";"0";"0";"0";"0";"0";"0";"0";"0";"0";"0";"0";"0";"0";"0";"0";"0";"0";"0";"0";"0";"0";"0";"0";"0";"0";"0";"0";"0";"0";"0";"0";"0";"0";"0";"0";"0";"0";"0";"0";"0";"0";"0";"0";"0";"0";"0";"0";"0";"0";"0";"0";"0";"0";"0";""
"main_coder";2367812;"19-jarige Brit ontwaakt na jaar in coma in totaal andere wereld";"2021-02-08";"https://nos.nl/artikel/2367812-19-jarige-brit-ontwaakt-na-jaar-in-coma-in-totaal-andere-wereld.html";"0";"0";"";"";"";"";"";"0";"0";"";"";"0";"0";"0";"0";"0";"0";"0";"0";"0";"0";"0";"0";"0";"0";"0";"0";"0";"0";"0";"0";"0";"0";"0";"0";"0";"0";"0";"0";"0";"0";"0";"0";"0";"0";"0";"0";"0";"0";"0";"0";"0";"0";"0";"0";"0";"0";"0";"0";"0";"0";"0";"0";"0";"0";"0";"0";"0";"0";"0";"0";"0";"0";"0";"0";"0";"0";"0";"0";"0";"0";"0";"0";""
"second_coder";2365392;"7,6 miljard euro voor verruiming steunpakket voor ondernemers";"2021-01-21";"https://nos.nl/artikel/2365392-7-6-miljard-euro-voor-verruiming-steunpakket-voor-ondernemers";"1";"0";"";"";"";"";"";"0";"0";"";"";"0";"0";"0";"0";"0";"0";"0";"0";"0";"0";"0";"0";"0";"0";"0";"0";"0";"0";"0";"0";"0";"0";"0";"0";"0";"0";"0";"0";"0";"0";"0";"0";"0";"0";"0";"0";"0";"0";"0";"0";"0";"0";"0";"0";"0";"0";"0";"0";"0";"0";"0";"0";"0";"0";"0";"0";"0";"0";"0";"0";"0";"0";"0";"0";"0";"0";"0";"0";"0";"0";"0";"0";""
"second_coder";2366327;"Koning spreekt na avondklokrellen met bewoners en ondernemers in Den Bosch";"2021-01-28";"https://nos.nl/artikel/2366327-koning-spreekt-na-avondklokrellen-met-bewoners-en-ondernemers-in-den-bosch";"0";"0";"";"";"";"";"";"0";"0";"";"";"0";"0";"0";"0";"0";"0";"0";"0";"0";"0";"0";"0";"0";"0";"0";"0";"0";"0";"0";"0";"0";"0";"0";"0";"0";"0";"0";"0";"0";"0";"0";"0";"0";"0";"0";"0";"0";"0";"0";"0";"0";"0";"0";"0";"0";"0";"0";"0";"0";"0";"0";"0";"0";"0";"0";"0";"0";"0";"0";"0";"0";"0";"0";"0";"0";"0";"0";"0";"0";"0";"0";"0";""
"second_coder";2366198;"Rellen creëren ook groep ""die staat voor iets anders"": veel initiatieven om te helpen";"2021-01-27";"https://nos.nl/artikel/2366198-rellen-creeren-ook-groep-die-staat-voor-iets-anders-veel-initiatieven-om-te-helpen";"0";"0";"";"";"";"";"";"0";"0";"";"";"0";"0";"0";"0";"0";"0";"0";"0";"0";"0";"0";"0";"0";"0";"0";"0";"0";"0";"0";"0";"0";"0";"0";"0";"0";"0";"0";"0";"0";"0";"0";"0";"0";"0";"0";"0";"0";"0";"0";"0";"0";"0";"0";"0";"0";"0";"0";"0";"0";"0";"0";"0";"0";"0";"0";"0";"0";"0";"0";"0";"0";"0";"0";"0";"0";"0";"0";"0";"0";"0";"0";"0";""
"second_coder";2410526;"NHL geeft ijshockeyspelers opnieuw niet vrij voor Winterspelen";"2021-12-22";"https://nos.nl/artikel/2410526-nhl-geeft-ijshockeyspelers-opnieuw-niet-vrij-voor-winterspelen";"0";"0";"";"";"";"";"";"0";"0";"";"";"0";"0";"0";"0";"0";"0";"0";"0";"0";"0";"0";"0";"0";"0";"0";"0";"0";"0";"0";"0";"0";"0";"0";"0";"0";"0";"0";"0";"0";"0";"0";"0";"0";"0";"0";"0";"0";"0";"0";"0";"0";"0";"0";"0";"0";"0";"0";"0";"0";"0";"0";"0";"0";"0";"0";"0";"0";"0";"0";"0";"0";"0";"0";"0";"0";"0";"0";"0";"0";"0";"0";"0";""
"second_coder";2440742;"Agent vervolgd die vrouw in Eindhoven van dichtbij bespoot met waterkanon";"2022-08-15";"https://nos.nl/artikel/2440742-agent-vervolgd-die-vrouw-in-eindhoven-van-dichtbij-bespoot-met-waterkanon";"0";"0";"";"";"";"";"";"0";"0";"";"";"0";"0";"0";"0";"0";"0";"0";"0";"0";"0";"0";"0";"0";"0";"0";"0";"0";"0";"0";"0";"0";"0";"0";"0";"0";"0";"0";"0";"0";"0";"0";"0";"0";"0";"0";"0";"0";"0";"0";"0";"0";"0";"0";"0";"0";"0";"0";"0";"0";"0";"0";"0";"0";"0";"0";"0";"0";"0";"0";"0";"0";"0";"0";"0";"0";"0";"0";"0";"0";"0";"0";"0";""
"second_coder";2454001;"Protesten in China tegen coronabeleid na brand met tien doden";"2022-11-26";"https://nos.nl/artikel/2454001-protesten-in-china-tegen-coronabeleid-na-brand-met-tien-doden";"1";"0";"";"";"";"";"";"0";"0";"";"";"0";"0";"0";"0";"0";"0";"0";"0";"0";"0";"0";"0";"0";"0";"0";"0";"0";"0";"0";"0";"0";"0";"0";"0";"0";"0";"0";"0";"0";"0";"0";"0";"0";"0";"0";"0";"0";"0";"0";"0";"0";"0";"0";"0";"0";"0";"0";"0";"0";"0";"0";"0";"0";"0";"0";"0";"0";"0";"0";"0";"0";"0";"0";"0";"0";"0";"0";"0";"0";"0";"0";"0";""
"second_coder";2415061;"Skispringster Kramer zes dagen voor olympisch debuut positief getest op corona";"2022-01-30";"https://nos.nl/artikel/2415061-skispringster-kramer-zes-dagen-voor-olympisch-debuut-positief-getest-op-corona";"1";"0";"";"";"";"";"";"0";"0";"";"";"0";"0";"0";"0";"0";"0";"0";"0";"0";"0";"0";"0";"0";"0";"0";"0";"0";"0";"0";"0";"0";"0";"0";"0";"0";"0";"0";"0";"0";"0";"0";"0";"0";"0";"0";"0";"0";"0";"0";"0";"0";"0";"0";"0";"0";"0";"0";"0";"0";"0";"0";"0";"0";"0";"0";"0";"0";"0";"0";"0";"0";"0";"0";"0";"0";"0";"0";"0";"0";"0";"0";"0";""
"main_coder";2365392;"7,6 miljard euro voor verruiming steunpakket voor ondernemers";"2021-01-21";"https://nos.nl/artikel/2365392-7-6-miljard-euro-voor-verruiming-steunpakket-voor-ondernemers";"1";"0";"";"";"";"";"";"0";"0";"";"";"0";"0";"0";"0";"0";"0";"0";"0";"0";"0";"0";"0";"0";"0";"0";"0";"0";"0";"0";"0";"0";"0";"0";"0";"0";"0";"0";"0";"0";"0";"0";"0";"0";"0";"0";"0";"0";"0";"0";"0";"0";"0";"0";"0";"0";"0";"0";"0";"0";"0";"0";"0";"0";"0";"0";"0";"0";"0";"0";"0";"0";"0";"0";"0";"0";"0";"0";"0";"0";"0";"0";"0";""
"main_coder";2415061;"Skispringster Kramer zes dagen voor olympisch debuut positief getest op corona";"2022-01-30";"https://nos.nl/artikel/2415061-skispringster-kramer-zes-dagen-voor-olympisch-debuut-positief-getest-op-corona";"1";"0";"";"";"";"";"";"0";"0";"";"";"0";"0";"0";"0";"0";"0";"0";"0";"0";"0";"0";"0";"0";"0";"0";"0";"0";"0";"0";"0";"0";"0";"0";"0";"0";"0";"0";"0";"0";"0";"0";"0";"0";"0";"0";"0";"0";"0";"0";"0";"0";"0";"0";"0";"0";"0";"0";"0";"0";"0";"0";"0";"0";"0";"0";"0";"0";"0";"0";"0";"0";"0";"0";"0";"0";"0";"0";"0";"0";"0";"0";"0";""
"main_coder";2330078;"Google en Apple bouwen ""corona-tracking"" in op smartphones";"2020-04-10";"https://nos.nl/artikel/2330078-google-en-apple-bouwen-corona-tracking-in-op-smartphones";"0";"0";"";"";"";"";"";"0";"0";"";"";"0";"0";"0";"0";"0";"0";"0";"0";"0";"0";"0";"0";"0";"0";"0";"0";"0";"0";"0";"0";"0";"0";"0";"0";"0";"0";"0";"0";"0";"0";"0";"0";"0";"0";"0";"0";"0";"0";"0";"0";"0";"0";"0";"0";"0";"0";"0";"0";"0";"0";"0";"0";"0";"0";"0";"0";"0";"0";"0";"0";"0";"0";"0";"0";"0";"0";"0";"0";"0";"0";"0";"0";""
"main_coder";2367812;"19-jarige Brit ontwaakt na jaar in coma in totaal andere wereld";"2021-02-08";"https://nos.nl/artikel/2367812-19-jarige-brit-ontwaakt-na-jaar-in-coma-in-totaal-andere-wereld.html";"0";"0";"";"";"";"";"";"0";"0";"";"";"0";"0";"0";"0";"0";"0";"0";"0";"0";"0";"0";"0";"0";"0";"0";"0";"0";"0";"0";"0";"0";"0";"0";"0";"0";"0";"0";"0";"0";"0";"0";"0";"0";"0";"0";"0";"0";"0";"0";"0";"0";"0";"0";"0";"0";"0";"0";"0";"0";"0";"0";"0";"0";"0";"0";"0";"0";"0";"0";"0";"0";"0";"0";"0";"0";"0";"0";"0";"0";"0";"0";"0";""
"second_coder";2365392;"7,6 miljard euro voor verruiming steunpakket voor ondernemers";"2021-01-21";"https://nos.nl/artikel/2365392-7-6-miljard-euro-voor-verruiming-steunpakket-voor-ondernemers";"1";"0";"";"";"";"";"";"0";"0";"";"";"0";"0";"0";"0";"0";"0";"0";"0";"0";"0";"0";"0";"0";"0";"0";"0";"0";"0";"0";"0";"0";"0";"0";"0";"0";"0";"0";"0";"0";"0";"0";"0";"0";"0";"0";"0";"0";"0";"0";"0";"0";"0";"0";"0";"0";"0";"0";"0";"0";"0";"0";"0";"0";"0";"0";"0";"0";"0";"0";"0";"0";"0";"0";"0";"0";"0";"0";"0";"0";"0";"0";"0";""
"second_coder";2366327;"Koning spreekt na avondklokrellen met bewoners en ondernemers in Den Bosch";"2021-01-28";"https://nos.nl/artikel/2366327-koning-spreekt-na-avondklokrellen-met-bewoners-en-ondernemers-in-den-bosch";"0";"0";"";"";"";"";"";"0";"0";"";"";"0";"0";"0";"0";"0";"0";"0";"0";"0";"0";"0";"0";"0";"0";"0";"0";"0";"0";"0";"0";"0";"0";"0";"0";"0";"0";"0";"0";"0";"0";"0";"0";"0";"0";"0";"0";"0";"0";"0";"0";"0";"0";"0";"0";"0";"0";"0";"0";"0";"0";"0";"0";"0";"0";"0";"0";"0";"0";"0";"0";"0";"0";"0";"0";"0";"0";"0";"0";"0";"0";"0";"0";""
"second_coder";2366198;"Rellen creëren ook groep ""die staat voor iets anders"": veel initiatieven om te helpen";"2021-01-27";"https://nos.nl/artikel/2366198-rellen-creeren-ook-groep-die-staat-voor-iets-anders-veel-initiatieven-om-te-helpen";"0";"0";"";"";"";"";"";"0";"0";"";"";"0";"0";"0";"0";"0";"0";"0";"0";"0";"0";"0";"0";"0";"0";"0";"0";"0";"0";"0";"0";"0";"0";"0";"0";"0";"0";"0";"0";"0";"0";"0";"0";"0";"0";"0";"0";"0";"0";"0";"0";"0";"0";"0";"0";"0";"0";"0";"0";"0";"0";"0";"0";"0";"0";"0";"0";"0";"0";"0";"0";"0";"0";"0";"0";"0";"0";"0";"0";"0";"0";"0";"0";""
"second_coder";2410526;"NHL geeft ijshockeyspelers opnieuw niet vrij voor Winterspelen";"2021-12-22";"https://nos.nl/artikel/2410526-nhl-geeft-ijshockeyspelers-opnieuw-niet-vrij-voor-winterspelen";"0";"0";"";"";"";"";"";"0";"0";"";"";"0";"0";"0";"0";"0";"0";"0";"0";"0";"0";"0";"0";"0";"0";"0";"0";"0";"0";"0";"0";"0";"0";"0";"0";"0";"0";"0";"0";"0";"0";"0";"0";"0";"0";"0";"0";"0";"0";"0";"0";"0";"0";"0";"0";"0";"0";"0";"0";"0";"0";"0";"0";"0";"0";"0";"0";"0";"0";"0";"0";"0";"0";"0";"0";"0";"0";"0";"0";"0";"0";"0";"0";""
"second_coder";2440742;"Agent vervolgd die vrouw in Eindhoven van dichtbij bespoot met waterkanon";"2022-08-15";"https://nos.nl/artikel/2440742-agent-vervolgd-die-vrouw-in-eindhoven-van-dichtbij-bespoot-met-waterkanon";"0";"0";"";"";"";"";"";"0";"0";"";"";"0";"0";"0";"0";"0";"0";"0";"0";"0";"0";"0";"0";"0";"0";"0";"0";"0";"0";"0";"0";"0";"0";"0";"0";"0";"0";"0";"0";"0";"0";"0";"0";"0";"0";"0";"0";"0";"0";"0";"0";"0";"0";"0";"0";"0";"0";"0";"0";"0";"0";"0";"0";"0";"0";"0";"0";"0";"0";"0";"0";"0";"0";"0";"0";"0";"0";"0";"0";"0";"0";"0";"0";""
"second_coder";2454001;"Protesten in China tegen coronabeleid na brand met tien doden";"2022-11-26";"https://nos.nl/artikel/2454001-protesten-in-china-tegen-coronabeleid-na-brand-met-tien-doden";"1";"0";"";"";"";"";"";"0";"0";"";"";"0";"0";"0";"0";"0";"0";"0";"0";"0";"0";"0";"0";"0";"0";"0";"0";"0";"0";"0";"0";"0";"0";"0";"0";"0";"0";"0";"0";"0";"0";"0";"0";"0";"0";"0";"0";"0";"0";"0";"0";"0";"0";"0";"0";"0";"0";"0";"0";"0";"0";"0";"0";"0";"0";"0";"0";"0";"0";"0";"0";"0";"0";"0";"0";"0";"0";"0";"0";"0";"0";"0";"0";""
"second_coder";2415061;"Skispringster Kramer zes dagen voor olympisch debuut positief getest op corona";"2022-01-30";"https://nos.nl/artikel/2415061-skispringster-kramer-zes-dagen-voor-olympisch-debuut-positief-getest-op-corona";"1";"0";"";"";"";"";"";"0";"0";"";"";"0";"0";"0";"0";"0";"0";"0";"0";"0";"0";"0";"0";"0";"0";"0";"0";"0";"0";"0";"0";"0";"0";"0";"0";"0";"0";"0";"0";"0";"0";"0";"0";"0";"0";"0";"0";"0";"0";"0";"0";"0";"0";"0";"0";"0";"0";"0";"0";"0";"0";"0";"0";"0";"0";"0";"0";"0";"0";"0";"0";"0";"0";"0";"0";"0";"0";"0";"0";"0";"0";"0";"0";""
"main_coder";2365392;"7,6 miljard euro voor verruiming steunpakket voor ondernemers";"2021-01-21";"https://nos.nl/artikel/2365392-7-6-miljard-euro-voor-verruiming-steunpakket-voor-ondernemers";"1";"0";"";"";"";"";"";"0";"0";"";"";"0";"0";"0";"0";"0";"0";"0";"0";"0";"0";"0";"0";"0";"0";"0";"0";"0";"0";"0";"0";"0";"0";"0";"0";"0";"0";"0";"0";"0";"0";"0";"0";"0";"0";"0";"0";"0";"0";"0";"0";"0";"0";"0";"0";"0";"0";"0";"0";"0";"0";"0";"0";"0";"0";"0";"0";"0";"0";"0";"0";"0";"0";"0";"0";"0";"0";"0";"0";"0";"0";"0";"0";""
"main_coder";2415061;"Skispringster Kramer zes dagen voor olympisch debuut positief getest op corona";"2022-01-30";"https://nos.nl/artikel/2415061-skispringster-kramer-zes-dagen-voor-olympisch-debuut-positief-getest-op-corona";"1";"0";"";"";"";"";"";"0";"0";"";"";"0";"0";"0";"0";"0";"0";"0";"0";"0";"0";"0";"0";"0";"0";"0";"0";"0";"0";"0";"0";"0";"0";"0";"0";"0";"0";"0";"0";"0";"0";"0";"0";"0";"0";"0";"0";"0";"0";"0";"0";"0";"0";"0";"0";"0";"0";"0";"0";"0";"0";"0";"0";"0";"0";"0";"0";"0";"0";"0";"0";"0";"0";"0";"0";"0";"0";"0";"0";"0";"0";"0";"0";""
"main_coder";2330078;"Google en Apple bouwen ""corona-tracking"" in op smartphones";"2020-04-10";"https://nos.nl/artikel/2330078-google-en-apple-bouwen-corona-tracking-in-op-smartphones";"0";"0";"";"";"";"";"";"0";"0";"";"";"0";"0";"0";"0";"0";"0";"0";"0";"0";"0";"0";"0";"0";"0";"0";"0";"0";"0";"0";"0";"0";"0";"0";"0";"0";"0";"0";"0";"0";"0";"0";"0";"0";"0";"0";"0";"0";"0";"0";"0";"0";"0";"0";"0";"0";"0";"0";"0";"0";"0";"0";"0";"0";"0";"0";"0";"0";"0";"0";"0";"0";"0";"0";"0";"0";"0";"0";"0";"0";"0";"0";"0";""
"main_coder";2367812;"19-jarige Brit ontwaakt na jaar in coma in totaal andere wereld";"2021-02-08";"https://nos.nl/artikel/2367812-19-jarige-brit-ontwaakt-na-jaar-in-coma-in-totaal-andere-wereld.html";"0";"0";"";"";"";"";"";"0";"0";"";"";"0";"0";"0";"0";"0";"0";"0";"0";"0";"0";"0";"0";"0";"0";"0";"0";"0";"0";"0";"0";"0";"0";"0";"0";"0";"0";"0";"0";"0";"0";"0";"0";"0";"0";"0";"0";"0";"0";"0";"0";"0";"0";"0";"0";"0";"0";"0";"0";"0";"0";"0";"0";"0";"0";"0";"0";"0";"0";"0";"0";"0";"0";"0";"0";"0";"0";"0";"0";"0";"0";"0";"0";""
"second_coder";2365392;"7,6 miljard euro voor verruiming steunpakket voor ondernemers";"2021-01-21";"https://nos.nl/artikel/2365392-7-6-miljard-euro-voor-verruiming-steunpakket-voor-ondernemers";"1";"0";"";"";"";"";"";"0";"0";"";"";"0";"0";"0";"0";"0";"0";"0";"0";"0";"0";"0";"0";"0";"0";"0";"0";"0";"0";"0";"0";"0";"0";"0";"0";"0";"0";"0";"0";"0";"0";"0";"0";"0";"0";"0";"0";"0";"0";"0";"0";"0";"0";"0";"0";"0";"0";"0";"0";"0";"0";"0";"0";"0";"0";"0";"0";"0";"0";"0";"0";"0";"0";"0";"0";"0";"0";"0";"0";"0";"0";"0";"0";""
"second_coder";2366327;"Koning spreekt na avondklokrellen met bewoners en ondernemers in Den Bosch";"2021-01-28";"https://nos.nl/artikel/2366327-koning-spreekt-na-avondklokrellen-met-bewoners-en-ondernemers-in-den-bosch";"0";"0";"";"";"";"";"";"0";"0";"";"";"0";"0";"0";"0";"0";"0";"0";"0";"0";"0";"0";"0";"0";"0";"0";"0";"0";"0";"0";"0";"0";"0";"0";"0";"0";"0";"0";"0";"0";"0";"0";"0";"0";"0";"0";"0";"0";"0";"0";"0";"0";"0";"0";"0";"0";"0";"0";"0";"0";"0";"0";"0";"0";"0";"0";"0";"0";"0";"0";"0";"0";"0";"0";"0";"0";"0";"0";"0";"0";"0";"0";"0";""
"second_coder";2366198;"Rellen creëren ook groep ""die staat voor iets anders"": veel initiatieven om te helpen";"2021-01-27";"https://nos.nl/artikel/2366198-rellen-creeren-ook-groep-die-staat-voor-iets-anders-veel-initiatieven-om-te-helpen";"0";"0";"";"";"";"";"";"0";"0";"";"";"0";"0";"0";"0";"0";"0";"0";"0";"0";"0";"0";"0";"0";"0";"0";"0";"0";"0";"0";"0";"0";"0";"0";"0";"0";"0";"0";"0";"0";"0";"0";"0";"0";"0";"0";"0";"0";"0";"0";"0";"0";"0";"0";"0";"0";"0";"0";"0";"0";"0";"0";"0";"0";"0";"0";"0";"0";"0";"0";"0";"0";"0";"0";"0";"0";"0";"0";"0";"0";"0";"0";"0";""
"second_coder";2410526;"NHL geeft ijshockeyspelers opnieuw niet vrij voor Winterspelen";"2021-12-22";"https://nos.nl/artikel/2410526-nhl-geeft-ijshockeyspelers-opnieuw-niet-vrij-voor-winterspelen";"0";"0";"";"";"";"";"";"0";"0";"";"";"0";"0";"0";"0";"0";"0";"0";"0";"0";"0";"0";"0";"0";"0";"0";"0";"0";"0";"0";"0";"0";"0";"0";"0";"0";"0";"0";"0";"0";"0";"0";"0";"0";"0";"0";"0";"0";"0";"0";"0";"0";"0";"0";"0";"0";"0";"0";"0";"0";"0";"0";"0";"0";"0";"0";"0";"0";"0";"0";"0";"0";"0";"0";"0";"0";"0";"0";"0";"0";"0";"0";"0";""
"second_coder";2440742;"Agent vervolgd die vrouw in Eindhoven van dichtbij bespoot met waterkanon";"2022-08-15";"https://nos.nl/artikel/2440742-agent-vervolgd-die-vrouw-in-eindhoven-van-dichtbij-bespoot-met-waterkanon";"0";"0";"";"";"";"";"";"0";"0";"";"";"0";"0";"0";"0";"0";"0";"0";"0";"0";"0";"0";"0";"0";"0";"0";"0";"0";"0";"0";"0";"0";"0";"0";"0";"0";"0";"0";"0";"0";"0";"0";"0";"0";"0";"0";"0";"0";"0";"0";"0";"0";"0";"0";"0";"0";"0";"0";"0";"0";"0";"0";"0";"0";"0";"0";"0";"0";"0";"0";"0";"0";"0";"0";"0";"0";"0";"0";"0";"0";"0";"0";"0";""
"second_coder";2454001;"Protesten in China tegen coronabeleid na brand met tien doden";"2022-11-26";"https://nos.nl/artikel/2454001-protesten-in-china-tegen-coronabeleid-na-brand-met-tien-doden";"1";"0";"";"";"";"";"";"0";"0";"";"";"0";"0";"0";"0";"0";"0";"0";"0";"0";"0";"0";"0";"0";"0";"0";"0";"0";"0";"0";"0";"0";"0";"0";"0";"0";"0";"0";"0";"0";"0";"0";"0";"0";"0";"0";"0";"0";"0";"0";"0";"0";"0";"0";"0";"0";"0";"0";"0";"0";"0";"0";"0";"0";"0";"0";"0";"0";"0";"0";"0";"0";"0";"0";"0";"0";"0";"0";"0";"0";"0";"0";"0";""
"second_coder";2415061;"Skispringster Kramer zes dagen voor olympisch debuut positief getest op corona";"2022-01-30";"https://nos.nl/artikel/2415061-skispringster-kramer-zes-dagen-voor-olympisch-debuut-positief-getest-op-corona";"1";"0";"";"";"";"";"";"0";"0";"";"";"0";"0";"0";"0";"0";"0";"0";"0";"0";"0";"0";"0";"0";"0";"0";"0";"0";"0";"0";"0";"0";"0";"0";"0";"0";"0";"0";"0";"0";"0";"0";"0";"0";"0";"0";"0";"0";"0";"0";"0";"0";"0";"0";"0";"0";"0";"0";"0";"0";"0";"0";"0";"0";"0";"0";"0";"0";"0";"0";"0";"0";"0";"0";"0";"0";"0";"0";"0";"0";"0";"0";"0";""
"main_coder";2365392;"7,6 miljard euro voor verruiming steunpakket voor ondernemers";"2021-01-21";"https://nos.nl/artikel/2365392-7-6-miljard-euro-voor-verruiming-steunpakket-voor-ondernemers";"1";"0";"";"";"";"";"";"0";"0";"";"";"0";"0";"0";"0";"0";"0";"0";"0";"0";"0";"0";"0";"0";"0";"0";"0";"0";"0";"0";"0";"0";"0";"0";"0";"0";"0";"0";"0";"0";"0";"0";"0";"0";"0";"0";"0";"0";"0";"0";"0";"0";"0";"0";"0";"0";"0";"0";"0";"0";"0";"0";"0";"0";"0";"0";"0";"0";"0";"0";"0";"0";"0";"0";"0";"0";"0";"0";"0";"0";"0";"0";"0";""
"main_coder";2415061;"Skispringster Kramer zes dagen voor olympisch debuut positief getest op corona";"2022-01-30";"https://nos.nl/artikel/2415061-skispringster-kramer-zes-dagen-voor-olympisch-debuut-positief-getest-op-corona";"1";"0";"";"";"";"";"";"0";"0";"";"";"0";"0";"0";"0";"0";"0";"0";"0";"0";"0";"0";"0";"0";"0";"0";"0";"0";"0";"0";"0";"0";"0";"0";"0";"0";"0";"0";"0";"0";"0";"0";"0";"0";"0";"0";"0";"0";"0";"0";"0";"0";"0";"0";"0";"0";"0";"0";"0";"0";"0";"0";"0";"0";"0";"0";"0";"0";"0";"0";"0";"0";"0";"0";"0";"0";"0";"0";"0";"0";"0";"0";"0";""
"main_coder";2330078;"Google en Apple bouwen ""corona-tracking"" in op smartphones";"2020-04-10";"https://nos.nl/artikel/2330078-google-en-apple-bouwen-corona-tracking-in-op-smartphones";"0";"0";"";"";"";"";"";"0";"0";"";"";"0";"0";"0";"0";"0";"0";"0";"0";"0";"0";"0";"0";"0";"0";"0";"0";"0";"0";"0";"0";"0";"0";"0";"0";"0";"0";"0";"0";"0";"0";"0";"0";"0";"0";"0";"0";"0";"0";"0";"0";"0";"0";"0";"0";"0";"0";"0";"0";"0";"0";"0";"0";"0";"0";"0";"0";"0";"0";"0";"0";"0";"0";"0";"0";"0";"0";"0";"0";"0";"0";"0";"0";""
"main_coder";2367812;"19-jarige Brit ontwaakt na jaar in coma in totaal andere wereld";"2021-02-08";"https://nos.nl/artikel/2367812-19-jarige-brit-ontwaakt-na-jaar-in-coma-in-totaal-andere-wereld.html";"0";"0";"";"";"";"";"";"0";"0";"";"";"0";"0";"0";"0";"0";"0";"0";"0";"0";"0";"0";"0";"0";"0";"0";"0";"0";"0";"0";"0";"0";"0";"0";"0";"0";"0";"0";"0";"0";"0";"0";"0";"0";"0";"0";"0";"0";"0";"0";"0";"0";"0";"0";"0";"0";"0";"0";"0";"0";"0";"0";"0";"0";"0";"0";"0";"0";"0";"0";"0";"0";"0";"0";"0";"0";"0";"0";"0";"0";"0";"0";"0";""
"second_coder";2365392;"7,6 miljard euro voor verruiming steunpakket voor ondernemers";"2021-01-21";"https://nos.nl/artikel/2365392-7-6-miljard-euro-voor-verruiming-steunpakket-voor-ondernemers";"1";"0";"";"";"";"";"";"0";"0";"";"";"0";"0";"0";"0";"0";"0";"0";"0";"0";"0";"0";"0";"0";"0";"0";"0";"0";"0";"0";"0";"0";"0";"0";"0";"0";"0";"0";"0";"0";"0";"0";"0";"0";"0";"0";"0";"0";"0";"0";"0";"0";"0";"0";"0";"0";"0";"0";"0";"0";"0";"0";"0";"0";"0";"0";"0";"0";"0";"0";"0";"0";"0";"0";"0";"0";"0";"0";"0";"0";"0";"0";"0";""
"second_coder";2366327;"Koning spreekt na avondklokrellen met bewoners en ondernemers in Den Bosch";"2021-01-28";"https://nos.nl/artikel/2366327-koning-spreekt-na-avondklokrellen-met-bewoners-en-ondernemers-in-den-bosch";"0";"0";"";"";"";"";"";"0";"0";"";"";"0";"0";"0";"0";"0";"0";"0";"0";"0";"0";"0";"0";"0";"0";"0";"0";"0";"0";"0";"0";"0";"0";"0";"0";"0";"0";"0";"0";"0";"0";"0";"0";"0";"0";"0";"0";"0";"0";"0";"0";"0";"0";"0";"0";"0";"0";"0";"0";"0";"0";"0";"0";"0";"0";"0";"0";"0";"0";"0";"0";"0";"0";"0";"0";"0";"0";"0";"0";"0";"0";"0";"0";""
"second_coder";2366198;"Rellen creëren ook groep ""die staat voor iets anders"": veel initiatieven om te helpen";"2021-01-27";"https://nos.nl/artikel/2366198-rellen-creeren-ook-groep-die-staat-voor-iets-anders-veel-initiatieven-om-te-helpen";"0";"0";"";"";"";"";"";"0";"0";"";"";"0";"0";"0";"0";"0";"0";"0";"0";"0";"0";"0";"0";"0";"0";"0";"0";"0";"0";"0";"0";"0";"0";"0";"0";"0";"0";"0";"0";"0";"0";"0";"0";"0";"0";"0";"0";"0";"0";"0";"0";"0";"0";"0";"0";"0";"0";"0";"0";"0";"0";"0";"0";"0";"0";"0";"0";"0";"0";"0";"0";"0";"0";"0";"0";"0";"0";"0";"0";"0";"0";"0";"0";""
"second_coder";2410526;"NHL geeft ijshockeyspelers opnieuw niet vrij voor Winterspelen";"2021-12-22";"https://nos.nl/artikel/2410526-nhl-geeft-ijshockeyspelers-opnieuw-niet-vrij-voor-winterspelen";"0";"0";"";"";"";"";"";"0";"0";"";"";"0";"0";"0";"0";"0";"0";"0";"0";"0";"0";"0";"0";"0";"0";"0";"0";"0";"0";"0";"0";"0";"0";"0";"0";"0";"0";"0";"0";"0";"0";"0";"0";"0";"0";"0";"0";"0";"0";"0";"0";"0";"0";"0";"0";"0";"0";"0";"0";"0";"0";"0";"0";"0";"0";"0";"0";"0";"0";"0";"0";"0";"0";"0";"0";"0";"0";"0";"0";"0";"0";"0";"0";""
"second_coder";2440742;"Agent vervolgd die vrouw in Eindhoven van dichtbij bespoot met waterkanon";"2022-08-15";"https://nos.nl/artikel/2440742-agent-vervolgd-die-vrouw-in-eindhoven-van-dichtbij-bespoot-met-waterkanon";"0";"0";"";"";"";"";"";"0";"0";"";"";"0";"0";"0";"0";"0";"0";"0";"0";"0";"0";"0";"0";"0";"0";"0";"0";"0";"0";"0";"0";"0";"0";"0";"0";"0";"0";"0";"0";"0";"0";"0";"0";"0";"0";"0";"0";"0";"0";"0";"0";"0";"0";"0";"0";"0";"0";"0";"0";"0";"0";"0";"0";"0";"0";"0";"0";"0";"0";"0";"0";"0";"0";"0";"0";"0";"0";"0";"0";"0";"0";"0";"0";""
"second_coder";2454001;"Protesten in China tegen coronabeleid na brand met tien doden";"2022-11-26";"https://nos.nl/artikel/2454001-protesten-in-china-tegen-coronabeleid-na-brand-met-tien-doden";"1";"0";"";"";"";"";"";"0";"0";"";"";"0";"0";"0";"0";"0";"0";"0";"0";"0";"0";"0";"0";"0";"0";"0";"0";"0";"0";"0";"0";"0";"0";"0";"0";"0";"0";"0";"0";"0";"0";"0";"0";"0";"0";"0";"0";"0";"0";"0";"0";"0";"0";"0";"0";"0";"0";"0";"0";"0";"0";"0";"0";"0";"0";"0";"0";"0";"0";"0";"0";"0";"0";"0";"0";"0";"0";"0";"0";"0";"0";"0";"0";""
"second_coder";2415061;"Skispringster Kramer zes dagen voor olympisch debuut positief getest op corona";"2022-01-30";"https://nos.nl/artikel/2415061-skispringster-kramer-zes-dagen-voor-olympisch-debuut-positief-getest-op-corona";"1";"0";"";"";"";"";"";"0";"0";"";"";"0";"0";"0";"0";"0";"0";"0";"0";"0";"0";"0";"0";"0";"0";"0";"0";"0";"0";"0";"0";"0";"0";"0";"0";"0";"0";"0";"0";"0";"0";"0";"0";"0";"0";"0";"0";"0";"0";"0";"0";"0";"0";"0";"0";"0";"0";"0";"0";"0";"0";"0";"0";"0";"0";"0";"0";"0";"0";"0";"0";"0";"0";"0";"0";"0";"0";"0";"0";"0";"0";"0";"0";""
